-0.10469233773336868 -0.4988107379952662 0.8603646680800765 0.1163 -0.9935076106888097 0.09118658071003065 -0.06802672270384585 -1.1498 -0.04452125249063793 -0.8619007223335129 -0.5051188007960442 1.4015 0.0 0.0 0.0 1.0 
-0.10163562623998079 -0.4990119153565856 0.8606144943068056 0.1153 -0.9938522888909213 0.08911314065674447 -0.06569989367242413 -1.1479 -0.04390703070219493 -0.8620011348568185 -0.505001204117845 1.4036 0.0 0.0 0.0 1.0 
-0.09748070236254158 -0.5009404137548513 0.859974542956955 0.1145 -0.9941456721196776 0.08947428012031577 -0.060570090000473364 -1.1461 -0.04660359720686541 -0.8608443849291632 -0.5067297599937374 1.4053 0.0 0.0 0.0 1.0 
-0.09280452034654064 -0.5011414838230682 0.8603746475779386 0.1145 -0.9943732172143519 0.09097851023563384 -0.05426615484889358 -1.1437 -0.051080582318802414 -0.8605696507935416 -0.5067648865529794 1.4067 0.0 0.0 0.0 1.0 
-0.086925727153336 -0.5059985619694939 0.8581429794874905 0.1133 -0.9947197382981673 0.0912600582562051 -0.04694937706827629 -1.1416 -0.05455786101827054 -0.8576928687192624 -0.5112596040655204 1.4082 0.0 0.0 0.0 1.0 
-0.08394758103994465 -0.5088272158245342 0.8567658186889778 0.1123 -0.9950760643757264 0.08827111817867522 -0.04507588936450829 -1.1398 -0.052691837546786746 -0.8563311708280499 -0.5137319302167268 1.4094 0.0 0.0 0.0 1.0 
-0.08064604598415287 -0.5087618375320861 0.8571216996075277 0.1116 -0.9954036647379809 0.08566885915733731 -0.042806434059351695 -1.1376 -0.051650358114143036 -0.8566342505653479 -0.5133322523132803 1.4112 0.0 0.0 0.0 1.0 
-0.0807091756337161 -0.5116814162088515 0.8553760326751212 0.1103 -0.9956834681439949 0.08084831666057683 -0.045584876416387976 -1.1366 -0.04583077823114323 -0.8553628925781472 -0.5159979280647091 1.4122 0.0 0.0 0.0 1.0 
-0.08011601678375602 -0.5128062634504135 0.854757954055258 0.1098 -0.9958008611864345 0.0792820686553296 -0.04577115303428125 -1.1354 -0.044295244835771186 -0.8548357092188869 -0.5170046823087604 1.4134 0.0 0.0 0.0 1.0 
-0.07605506928022535 -0.5112826092726415 0.8560407232673803 0.1086 -0.9958467846788199 0.08204186849226877 -0.03947547668050866 -1.1339 -0.05004805572283727 -0.8554877119337582 -0.5153988424984159 1.4152 0.0 0.0 0.0 1.0 
-0.07395789548232806 -0.5080917990811107 0.8581217590775478 0.1081 -0.9956399577541 0.08666716607494179 -0.03449459157538237 -1.1328 -0.056844561914390856 -0.8569314593542815 -0.5122862185826418 1.4178 0.0 0.0 0.0 1.0 
-0.07260055394809733 -0.5051968885431163 0.8599449188016542 0.1073 -0.9956708029367306 0.08688923234134943 -0.033013837742033314 -1.1321 -0.058041465744377296 -0.8586188706926288 -0.5093179980569696 1.4206 0.0 0.0 0.0 1.0 
-0.07160207444952138 -0.4991305590681503 0.8635634475467573 0.1063 -0.9956294839751714 0.08781112397564263 -0.0317983827492615 -1.1311 -0.0599589323942597 -0.8620660598297849 -0.5032365595976613 1.4241 0.0 0.0 0.0 1.0 
-0.07146922526709781 -0.49611997633622884 0.8653075285237386 0.105 -0.9957293969076414 0.0863144836316348 -0.03275329066443655 -1.1307 -0.05843901071771873 -0.8639529958253193 -0.500170074105589 1.4275 0.0 0.0 0.0 1.0 
-0.07179828082053968 -0.4939117436087302 0.8665426685377924 0.104 -0.9960069196964272 0.08171927786614182 -0.035946843281028595 -1.1302 -0.053058673070945306 -0.8656634156243521 -0.497806818014308 1.4308 0.0 0.0 0.0 1.0 
-0.06836635968445268 -0.4900275993813812 0.8690218597411785 0.1028 -0.9964793574997923 0.07590982795518332 -0.035589157009056405 -1.1294 -0.04852763068909138 -0.8683954455571119 -0.4934920659902935 1.4347 0.0 0.0 0.0 1.0 
-0.06649455227943996 -0.48844873478395157 0.8700553476676722 0.1014 -0.9966541035924169 0.0740513970928775 -0.03459751986760057 -1.129 -0.047529699236928236 -0.8694447791990876 -0.49173845041230724 1.4379 0.0 0.0 0.0 1.0 
-0.06613179538088246 -0.4877146907799754 0.8704946674374828 0.1001 -0.9967924723211659 0.07169721281119032 -0.035556670245742106 -1.1286 -0.045070530988203905 -0.8700539581385167 -0.4908917978169339 1.4405 0.0 0.0 0.0 1.0 
-0.06440915726932678 -0.48026805139274276 0.8747537134938458 0.0989 -0.9970464118060175 0.0677158825305883 -0.036235506866183986 -1.1292 -0.04183196343229456 -0.8745039497135056 -0.48321106027374605 1.4442 0.0 0.0 0.0 1.0 
-0.06445294050929948 -0.4789112999749221 0.8754940235181705 0.0976 -0.9968512053792846 0.07150594366209409 -0.03427206376716602 -1.1293 -0.0461897477106335 -0.8749462079335641 -0.4820120749826756 1.446 0.0 0.0 0.0 1.0 
-0.06442336967872861 -0.47804713015783773 0.8759683617500653 0.0965 -0.9967186588780605 0.07393050547586047 -0.032957478732515866 -1.1299 -0.04900555563972658 -0.8752172425792005 -0.4812413467362324 1.4477 0.0 0.0 0.0 1.0 
-0.0612918698098196 -0.47457470992476175 0.8780786703906683 0.0954 -0.9965547179916747 0.07834420036062428 -0.027219116781919905 -1.1307 -0.055874866834289216 -0.876721752307813 -0.4777415287439097 1.4492 0.0 0.0 0.0 1.0 
-0.06288207580616018 -0.4672923858311712 0.8818637483684881 0.0959 -0.9962836882014401 0.0815050782760674 -0.027852016784208233 -1.1322 -0.058861338466297375 -0.8803378603464831 -0.47068099013507236 1.4497 0.0 0.0 0.0 1.0 
-0.06628357334470386 -0.47185651589772676 0.879180252456523 0.0937 -0.9960852003612355 0.08293914816240039 -0.030583840887181524 -1.1337 -0.05848727661615227 -0.8777656441824055 -0.4755067952901114 1.4503 0.0 0.0 0.0 1.0 
-0.0695570588474688 -0.47347975680548576 0.8780539479211444 0.0924 -0.996283287231648 0.07779980619393465 -0.036970281836735897 -1.1358 -0.05080774692299622 -0.8773620176709295 -0.4771314942455638 1.4505 0.0 0.0 0.0 1.0 
-0.07500277281812817 -0.47651004785187573 0.8759639024330828 0.0914 -0.9963580605175468 0.07154188778418291 -0.04639367989271498 -1.1378 -0.04056105658516035 -0.8762533495447984 -0.48014046705127544 1.4503 0.0 0.0 0.0 1.0 
-0.07710134249034017 -0.4816976863677119 0.8729391284243023 0.0894 -0.9965707224983285 0.06361015758956146 -0.05292015599552541 -1.1393 -0.03003627881990134 -0.8740257929829214 -0.484950239875421 1.4503 0.0 0.0 0.0 1.0 
-0.08240056697579576 -0.48270383147131035 0.8718985936707228 0.0883 -0.9963538085514356 0.05931802375893527 -0.061322591615028565 -1.1406 -0.022118651566417458 -0.8737725007919688 -0.48583163967843035 1.4501 0.0 0.0 0.0 1.0 
-0.08555345610439105 -0.4882688157618698 0.8684895910159749 0.0867 -0.9960867817920429 0.061317152383119494 -0.06365005862366979 -1.1408 -0.022174969848126835 -0.870536484231492 -0.49160400764650836 1.45 0.0 0.0 0.0 1.0 
-0.081898385560133 -0.4894031602973539 0.868203433034912 0.0847 -0.9964562237039964 0.05696847440463444 -0.06188365830799075 -1.1402 -0.019174167106172868 -0.870194885996793 -0.4923344510602662 1.4507 0.0 0.0 0.0 1.0 
-0.07949713864815848 -0.48712719891151607 0.8697052932041838 0.0826 -0.9966915342795921 0.053649095892650725 -0.06105538473626576 -1.1391 -0.016917164128415152 -0.8716816314403562 -0.48978050488696556 1.4519 0.0 0.0 0.0 1.0 
-0.08059927145901162 -0.4886253813441113 0.8687629102042737 0.0809 -0.9966072748107406 0.05407781969660437 -0.06204457438947436 -1.1384 -0.01666425019573403 -0.8708161838891051 -0.4913262425743515 1.4527 0.0 0.0 0.0 1.0 
-0.07842362420965195 -0.48741735782263623 0.8696401867778556 0.0797 -0.9967592204921822 0.05400915193973092 -0.0596160034769907 -1.1377 -0.01791065408188125 -0.8714971777349318 -0.49007333907325334 1.4533 0.0 0.0 0.0 1.0 
-0.07550179774042644 -0.4848166062752955 0.8713508689487082 0.0789 -0.9969686475229704 0.053167714336031166 -0.05680413724810368 -1.1366 -0.018788145043695748 -0.8729983118150844 -0.4873612142690776 1.4538 0.0 0.0 0.0 1.0 
-0.07643373362507207 -0.4865562707246887 0.8702993047122436 0.0782 -0.9969829670929553 0.04913243879069966 -0.06009132037994297 -1.1356 -0.013522118571375252 -0.8722665870460482 -0.48884369018366197 1.4541 0.0 0.0 0.0 1.0 
-0.07491717379068895 -0.48558346556347 0.8709742332828142 0.0779 -0.9971422408761955 0.0450060383031632 -0.06067790352882474 -1.1346 -0.00973491302554197 -0.8730310157649753 -0.487567510177576 1.4546 0.0 0.0 0.0 1.0 
-0.07145820837582463 -0.484981599121446 0.871600007439951 0.0774 -0.9974278169764083 0.03965913824968746 -0.059706805935080765 -1.1329 -0.005610202972660294 -0.8736246340774152 -0.4865681086504831 1.4553 0.0 0.0 0.0 1.0 
-0.0688371586977048 -0.4873041076175355 0.8705148776910736 0.077 -0.9975883214470074 0.04139653516207896 -0.05571236657258005 -1.1311 -0.008887434667539218 -0.8722505566496662 -0.4889785066128961 1.4557 0.0 0.0 0.0 1.0 
-0.06511063125956436 -0.4873073540898774 0.8707997177002895 0.0772 -0.9977856226367181 0.04367052669890063 -0.05016708440100481 -1.1295 -0.013581493159368407 -0.8721378490512629 -0.48907168727682304 1.4564 0.0 0.0 0.0 1.0 
-0.06073905997730973 -0.4865810688444295 0.871521445539515 0.0767 -0.9979866528198134 0.045576615284306385 -0.0441068354422785 -1.1271 -0.01825944650252781 -0.8724457780180035 -0.4883696929908555 1.4572 0.0 0.0 0.0 1.0 
-0.05747301284018497 -0.48261170694251454 0.8739466763579484 0.0768 -0.9981792247585995 0.04382937329726383 -0.04143936892244732 -1.1244 -0.01830541054971263 -0.8747370612695005 -0.4842519856295945 1.4584 0.0 0.0 0.0 1.0 
-0.05819212690471194 -0.4822423417061668 0.8741029688955747 0.0763 -0.9982027627252987 0.04066280334654142 -0.044020232979631924 -1.1225 -0.014315056894280032 -0.8750936294418745 -0.4837418928068567 1.4594 0.0 0.0 0.0 1.0 
-0.056494426209088094 -0.4800594445428521 0.8754149356233957 0.076 -0.9983173919898849 0.0386380228329358 -0.04323757673685852 -1.1192 -0.013067695199234564 -0.8763846375289617 -0.48143452560593325 1.4605 0.0 0.0 0.0 1.0 
-0.05070429788427397 -0.48307248680193 0.8741110036322972 0.076 -0.998620408011843 0.03648651574201314 -0.03776261208216186 -1.1162 -0.013651185967630153 -0.8748198138268286 -0.4842560670323813 1.4612 0.0 0.0 0.0 1.0 
-0.049414008437785734 -0.48153840151234667 0.875030870106332 0.076 -0.9986695031667243 0.0367570698568033 -0.03616823551501819 -1.1133 -0.014747176503933868 -0.875653861799556 -0.48271403035408633 1.4614 0.0 0.0 0.0 1.0 
-0.045233069100249934 -0.48508975981213714 0.8732937045376975 0.076 -0.9988619580062505 0.035197498787705395 -0.03218578765556457 -1.1098 -0.015124758103574054 -0.8737557215861266 -0.48612979818955326 1.4614 0.0 0.0 0.0 1.0 
-0.04316329751285489 -0.48336779498603705 0.8743526202386274 0.0764 -0.9989858807925822 0.03210434805635218 -0.031567717892576896 -1.1068 -0.012811702653648227 -0.8748284892515865 -0.48426333194750704 1.4612 0.0 0.0 0.0 1.0 
-0.04058724653991801 -0.49127889187131646 0.8700561624515967 0.0766 -0.9990886966734263 0.03146503233396132 -0.02883969347300841 -1.1038 -0.013208012632573762 -0.8704338011255732 -0.4921082668076036 1.4604 0.0 0.0 0.0 1.0 
-0.03858231289891309 -0.49735698565003095 0.8666876219010433 0.0776 -0.9991356090811195 0.032632159591891724 -0.025752219835774026 -1.1002 -0.015473842362874468 -0.8669320451947111 -0.4981860989801348 1.4595 0.0 0.0 0.0 1.0 
-0.03558232885544141 -0.4973786770615554 0.8668035241493425 0.0784 -0.9991867847649512 0.03416558942105222 -0.0214121846291071 -1.0971 -0.018964889250984496 -0.8668605217126967 -0.49818989238210043 1.4586 0.0 0.0 0.0 1.0 
-0.03420531006024727 -0.5008707087287652 0.8648459573249023 0.0788 -0.9991619012236241 0.03660536655616477 -0.018317813255992688 -1.0945 -0.022483147174605145 -0.8647476974683617 -0.5017030275135798 1.458 0.0 0.0 0.0 1.0 
-0.03246562381260812 -0.5018613564043775 0.864338569206776 0.0795 -0.9990626533254814 0.04106909828522108 -0.01368005468877409 -1.091 -0.02863211484866618 -0.8639725158325335 -0.5027242722261334 1.4571 0.0 0.0 0.0 1.0 
-0.03131055455186832 -0.503765155677147 0.8632730258146806 0.08 -0.9989765967948256 0.043977880235977 -0.010569063637712817 -1.0883 -0.032640591751413484 -0.8627204726767121 -0.504626572620376 1.4563 0.0 0.0 0.0 1.0 
-0.026806900196884448 -0.5103201104276301 0.8595666204518215 0.0795 -0.9990691531183372 0.042748606792167326 -0.005777880644099953 -1.0857 -0.03379670678103236 -0.8589213826133684 -0.5109910381800222 1.4556 0.0 0.0 0.0 1.0 
-0.025711095269765033 -0.5116531116103044 0.8588073316871034 0.0801 -0.9990704035756336 0.042887361490182754 -0.004359234294114944 -1.0826 -0.034601564693661824 -0.8581210681505866 -0.5122801617443784 1.4544 0.0 0.0 0.0 1.0 
-0.026185421811792148 -0.5128583366582855 0.8580738023064421 0.0804 -0.9991422978602869 0.04097120063928708 -0.0060024448886248916 -1.0799 -0.03207791001615001 -0.8574950071214829 -0.5134913051364394 1.4539 0.0 0.0 0.0 1.0 
-0.029303232823969613 -0.5119801580061143 0.8584973141216568 0.081 -0.9991114838561601 0.04102958193161445 -0.009634118187927088 -1.0774 -0.03029130853572093 -0.8580168362069309 -0.5127275547624124 1.4533 0.0 0.0 0.0 1.0 
-0.027715620255160084 -0.5130884551510881 0.8578881521413741 0.0813 -0.9991047076612098 0.04166043546905748 -0.007361470351556765 -1.0742 -0.03196290855163392 -0.8573241191680065 -0.5137837357971946 1.4531 0.0 0.0 0.0 1.0 
-0.024125912790550735 -0.5124095194519616 0.8584022511078546 0.0818 -0.9989650108713959 0.04547572109585997 -0.0009305082070823478 -1.0713 -0.038559660096201986 -0.8575362634698438 -0.5129763244511816 1.4526 0.0 0.0 0.0 1.0 
-0.01979082368168833 -0.5170408996250195 0.8557318688777173 0.0811 -0.9990590816470084 0.04326363525906089 0.003034673426775547 -1.0692 -0.03859112173332818 -0.8548666363703297 -0.517410629330556 1.453 0.0 0.0 0.0 1.0 
-0.023752462672387037 -0.5167017691238387 0.8558359085135959 0.0813 -0.9989550468532797 0.045703359235146485 -0.00013160921264482317 -1.0665 -0.03904657326012817 -0.8549447261308292 -0.5172474073185125 1.453 0.0 0.0 0.0 1.0 
-0.02570226080062582 -0.5187749182421157 0.8545244162647565 0.0812 -0.9989602951133871 0.04552501396756575 -0.0024087113209431688 -1.0644 -0.037652656967487874 -0.8536978723800002 -0.5194056412065136 1.4534 0.0 0.0 0.0 1.0 
-0.017680028072362297 -0.5168520673916693 0.8558921410086191 0.0811 -0.9992261300170774 0.03921600588647606 0.0030407192252779325 -1.0601 -0.035136273257925066 -0.85517603177081 -0.5171454311760622 1.4548 0.0 0.0 0.0 1.0 
-0.021015881362278138 -0.5187201833094549 0.8546857341490917 0.0806 -0.9991655261524103 0.04084363996032361 0.00022005310353567786 -1.0581 -0.03502262239101417 -0.853967896646119 -0.5191456899740761 1.4552 0.0 0.0 0.0 1.0 
-0.020156794567762037 -0.5204194447726762 0.8536728326093392 0.0802 -0.9991787962584069 0.040503388444128985 0.0010993780720331414 -1.056 -0.03514878006921879 -0.8529496333471536 -0.5208084928575974 1.4554 0.0 0.0 0.0 1.0 
-0.01910161178552161 -0.5223995082556381 0.8524868809556323 0.0799 -0.999232826878012 0.039130948975282895 0.0015895035925622136 -1.0535 -0.034188976535897975 -0.8518025138531591 -0.5227462015900894 1.4556 0.0 0.0 0.0 1.0 
-0.015106065246366138 -0.5235730385411932 0.8518468642341269 0.0795 -0.9995323250076906 0.030561569279241807 0.0010591260126463498 -1.0515 -0.02658830678123547 -0.8514324775317962 -0.5237898415839835 1.4556 0.0 0.0 0.0 1.0 
-0.01718067945506821 -0.5219836832094612 0.8527824216742199 0.0798 -0.9995708307953931 0.029206918051963945 -0.002260566502750083 -1.0486 -0.023727167476748856 -0.8524552717890779 -0.5222614585842417 1.4559 0.0 0.0 0.0 1.0 
-0.01641967486607579 -0.5242839051434608 0.8513852130996964 0.0797 -0.9996309530372568 0.027037887478186112 -0.002628758365318562 -1.0447 -0.02164144189093331 -0.8511141753303373 -0.5245343730821097 1.4561 0.0 0.0 0.0 1.0 
-0.014100152348294315 -0.5240664924413763 0.851560624503005 0.0797 -0.999706455579221 0.024169923999055376 -0.0016785252785906368 -1.0411 -0.01970249671960056 -0.8513343210948756 -0.5242534552570363 1.4562 0.0 0.0 0.0 1.0 
-0.012080021672010194 -0.528789731448059 0.8486668916550791 0.0787 -0.9997674213038827 0.021551315803697832 -0.0008025500073446934 -1.038 -0.017865507991343788 -0.8484792046374616 -0.5289270865837675 1.4565 0.0 0.0 0.0 1.0 
-0.009944100682569512 -0.5281854016194114 0.8490708429676268 0.0785 -0.9998244852829932 0.018734876080230112 -5.519833853001588e-05 -1.0346 -0.015878082069729793 -0.8489223674367403 -0.5282789988021361 1.457 0.0 0.0 0.0 1.0 
-0.004672015335073984 -0.5271062463195257 0.8497865481187898 0.0787 -0.9998361427984761 0.017324411407881338 0.005249030694899015 -1.0303 -0.017488848634897414 -0.8496227809212215 -0.5271008160808668 1.4582 0.0 0.0 0.0 1.0 
-0.004248409446585749 -0.5273769396831264 0.849620806305751 0.0786 -0.9998189910762602 0.017997087256401728 0.006171704265020228 -1.0288 -0.018545514293854648 -0.8494407974313135 -0.5273579387463802 1.459 0.0 0.0 0.0 1.0 
-0.005950695783553381 -0.5273549180642796 0.8496242579005784 0.0786 -0.9997794734856467 0.020249038156587032 0.00556604442095221 -1.0278 -0.020139354916544117 -0.8494037713874067 -0.5273591181883512 1.4595 0.0 0.0 0.0 1.0 
-0.007192298534489716 -0.5278657717610733 0.8492973553737687 0.0787 -0.9996923957858224 0.023955328187996006 0.006423087996305643 -1.027 -0.023735725179434897 -0.848989911161783 -0.527875691896979 1.4598 0.0 0.0 0.0 1.0 
-0.009113253120049625 -0.5286325818261803 0.848801827312687 0.0785 -0.9996096647265704 0.027234457937526657 0.0062291641560077715 -1.0261 -0.026409596793652623 -0.8484137420696554 -0.5286744323915815 1.46 0.0 0.0 0.0 1.0 
-0.00627488562321013 -0.5289405693901991 0.848635669686107 0.0782 -0.9995954319005466 0.02686129776318122 0.009351107209166432 -1.0251 -0.027741635387540486 -0.8482336616379059 -0.528895128480472 1.4601 0.0 0.0 0.0 1.0 
-0.0059028479910093745 -0.5296415262459252 0.8482010434215945 0.078 -0.9995531130222864 0.027981744611961887 0.01051647354996088 -1.0239 -0.029304106078348824 -0.8477599162760396 -0.5295700083299573 1.46 0.0 0.0 0.0 1.0 
-0.011205998389485342 -0.5309843033338723 0.8473075564475614 0.078 -0.999433493793423 0.03284035919501625 0.007362220576324019 -1.0223 -0.03173510806609908 -0.8467450504260328 -0.5310515064426881 1.4595 0.0 0.0 0.0 1.0 
-0.01093232646087719 -0.532380451328656 0.84643460425555 0.0779 -0.9994004571948877 0.033627195572031046 0.008242443606717276 -1.0205 -0.0328513378236312 -0.8458370213942263 -0.5324288899394365 1.4592 0.0 0.0 0.0 1.0 
-0.00580107496669105 -0.5317119434261703 0.8469054001169176 0.0781 -0.9993462863348264 0.03330457353241641 0.014064329725071989 -1.0186 -0.03568399526429883 -0.8462701782526602 -0.5315575583906118 1.4588 0.0 0.0 0.0 1.0 
-0.005331776553411924 -0.5353158142655894 0.8446351586075216 0.078 -0.9994266681112802 0.03109390944324328 0.013397905191486759 -1.0165 -0.033435119661355595 -0.8440794676999933 -0.5351746864160585 1.4586 0.0 0.0 0.0 1.0 
-0.005834912419813348 -0.5374954675920494 0.8432464504016943 0.0779 -0.9993825855113965 0.032351205193261776 0.013705739640727133 -1.014 -0.03464681188232238 -0.8426458460353006 -0.5373523765517775 1.4583 0.0 0.0 0.0 1.0 
-0.005243109179502964 -0.5368749286148257 0.8436455540278498 0.0781 -0.9994871767077828 0.02946456004463384 0.012538871483567082 -1.0119 -0.03158945081569248 -0.8431471702651927 -0.5367540925516646 1.4583 0.0 0.0 0.0 1.0 
-0.002623303472859856 -0.5370802228964989 0.8435270905266388 0.0782 -0.9995753588625592 0.025888530031496076 0.013374825890233866 -1.0094 -0.02902103088580804 -0.8431338079962487 -0.5369200700104901 1.4584 0.0 0.0 0.0 1.0 
-0.0014887705780748939 -0.5359715486823158 0.8442347319112413 0.0787 -0.9995952135292383 0.024783338434040958 0.013971228489287169 -1.0071 -0.028411136049125874 -0.8438721971597023 -0.5357914913557831 1.4586 0.0 0.0 0.0 1.0 
0.0006529035207151063 -0.5364270205820005 0.8439464587913801 0.0786 -0.9995505313445887 0.02494453040005272 0.016628460297662073 -1.0051 -0.02997180351167933 -0.8435779880915805 -0.5361696270786125 1.459 0.0 0.0 0.0 1.0 
-0.0009312687986633011 -0.5315852742549962 0.847004267364495 0.0797 -0.9994226707447547 0.029261252252984635 0.017265697727249896 -1.0021 -0.033962596188250926 -0.8464991880160473 -0.5313056246157443 1.4593 0.0 0.0 0.0 1.0 
0.002296285086593075 -0.5353242970806319 0.8446434893077248 0.0788 -0.9994649064844358 0.02633110299534669 0.01940550749418435 -1.0004 -0.03262863437012781 -0.8442360866310893 -0.5349773848014182 1.4599 0.0 0.0 0.0 1.0 
0.0029622124325314747 -0.5351692058556677 0.8447396915034352 0.0789 -0.9994904717395231 0.025262286945126777 0.01950932495521085 -0.9984 -0.031780846423758 -0.8443670635228001 -0.5348216897606843 1.4602 0.0 0.0 0.0 1.0 
0.00014927515447110684 -0.5347619253292816 0.8450027579452319 0.0793 -0.9995707351774857 0.024676382075473124 0.015793085335236712 -0.9961 -0.02929715163064589 -0.8446423855015714 -0.5345286872755716 1.4602 0.0 0.0 0.0 1.0 
0.005168424690332213 -0.535832506343053 0.8443084818550278 0.079 -0.9996217811236311 0.02003760110580502 0.018835849997903664 -0.9939 -0.027010777283137388 -0.8440865001219047 -0.5355262815422919 1.4604 0.0 0.0 0.0 1.0 
0.009277526589167598 -0.5322752658816765 0.8465205070351086 0.0793 -0.999591745870694 0.01794130200407719 0.022236260242577632 -0.992 -0.027023491402193622 -0.8463812090382138 -0.531891511400066 1.4605 0.0 0.0 0.0 1.0 
0.005557998454138846 -0.535511703517601 0.8445095168491951 0.0788 -0.9996166597609822 0.019930782351196497 0.019217113289096033 -0.9903 -0.027122724447970037 -0.8442925910551071 -0.5351956450756802 1.461 0.0 0.0 0.0 1.0 
0.0048235301152694116 -0.5341704665161692 0.8453630263142131 0.0785 -0.9996180734514529 0.020428080523003864 0.01861184449083708 -0.9886 -0.027211041627113797 -0.845129934523706 -0.5338679171719571 1.4616 0.0 0.0 0.0 1.0 
0.008669736179815105 -0.5326405510362482 0.8462971576617602 0.0781 -0.9996183693550591 0.017582611883734403 0.021306510912826204 -0.9869 -0.026228826174741926 -0.8461589065601967 -0.5322848424728506 1.4622 0.0 0.0 0.0 1.0 
0.006240070273330997 -0.5342848050192174 0.8452814966912271 0.0776 -0.9996354147931511 0.0188732972052265 0.01930896537694582 -0.9853 -0.02626973571067648 -0.8450938088627677 -0.533972241982213 1.4625 0.0 0.0 0.0 1.0 
0.006319949927604568 -0.5341732599687536 0.8453513982760463 0.0773 -0.9997042976639514 0.016475730158268226 0.01788484129024631 -0.9839 -0.02348138550294554 -0.8452144571942117 -0.5339111778983052 1.4632 0.0 0.0 0.0 1.0 
0.008319307597014186 -0.5316165156786185 0.8469443130329363 0.077 -0.999688848790422 0.015496374173963684 0.019546559583266787 -0.9823 -0.023515839878429756 -0.846843399127127 -0.5313221834533415 1.4639 0.0 0.0 0.0 1.0 
0.0013085633659961349 -0.5280707178457182 0.8491993903765034 0.0774 -0.99967028647494 0.021085974484279596 0.01465264546625411 -0.9804 -0.02564382968724832 -0.8489385717670956 -0.52786901345411 1.464 0.0 0.0 0.0 1.0 
0.010272558731674986 -0.5290943497301973 0.848500821225698 0.076 -0.999309829413355 0.024860911131774466 0.027600723460614984 -0.9767 -0.035697890343206806 -0.8481987409689298 -0.5284737992027293 1.4653 0.0 0.0 0.0 1.0 
0.00986495232439076 -0.532602282188254 0.8463081541161592 0.0754 -0.9990260091634501 0.031152346283283214 0.03125002937593013 -0.9748 -0.04300832164346319 -0.845792137779082 -0.5317762160349996 1.4657 0.0 0.0 0.0 1.0 
0.010068379791089002 -0.5319197391199602 0.8467349165251994 0.0751 -0.9988921466249634 0.03357693920990336 0.032970722835077515 -0.9729 -0.04596854510810017 -0.8461288201496556 -0.5309923846655397 1.4657 0.0 0.0 0.0 1.0 
0.011655418175476454 -0.5301669293959013 0.8478131741144836 0.075 -0.9989215368240254 0.031935341808667764 0.033703074232041996 -0.9713 -0.044943458882041376 -0.8472916622500688 -0.5292229441220716 1.4662 0.0 0.0 0.0 1.0 
0.011273363237034095 -0.5366830046452499 0.8437086367972493 0.0739 -0.9990179891247136 0.030110946466985866 0.032502127746901754 -0.9695 -0.042848205172906606 -0.8432465140324086 -0.5358165244611737 1.4661 0.0 0.0 0.0 1.0 
0.007599756656107043 -0.5407878820533318 0.8411246699051452 0.0735 -0.9992218803423727 0.02844854748263917 0.027318747979750868 -0.9678 -0.03870242297093396 -0.8406777901017723 -0.5401508823336116 1.4661 0.0 0.0 0.0 1.0 
0.009678390317906016 -0.5397514773097272 0.841768775557054 0.0729 -0.9991724589705739 0.028037962014826834 0.02946642022289503 -0.9657 -0.03950602480067278 -0.8413573648741792 -0.5390334484764618 1.4661 0.0 0.0 0.0 1.0 
0.010659312727806028 -0.5432638134300675 0.8394943764371452 0.0726 -0.999245769005518 0.02556313477617074 0.029230450988415202 -0.9638 -0.03733995416094732 -0.8391727802770035 -0.5425815815759157 1.4661 0.0 0.0 0.0 1.0 
0.00803515227119557 -0.5456748586913395 0.8379584625267328 0.0727 -0.9993131240800431 0.02593424595057904 0.026470642764382046 -0.9617 -0.036176185113460435 -0.8375955846822272 -0.5450916621555268 1.4659 0.0 0.0 0.0 1.0 
0.010150259769579437 -0.5449505481816369 0.8384067463129954 0.0726 -0.9992826903728659 0.02506353107383079 0.028388802920837675 -0.9594 -0.03648392725265609 -0.8380935028066049 -0.5443052485559718 1.4659 0.0 0.0 0.0 1.0 
0.009251218493400729 -0.5464781458317536 0.8374222656967487 0.0722 -0.9993377650536097 0.024420049903279853 0.026975776177488697 -0.957 -0.035191565666278735 -0.8371172542069659 -0.5458903336888702 1.4655 0.0 0.0 0.0 1.0 
0.009851444325091857 -0.5518556355860169 0.833881470304181 0.0715 -0.9995197132244416 0.019068850101852303 0.024427890443571132 -0.9554 -0.02938182976670517 -0.833721618064295 -0.5514027309071056 1.4658 0.0 0.0 0.0 1.0 
0.013620035786775994 -0.5533975133287455 0.8328059118826714 0.0706 -0.9995374135780298 0.015115399568083873 0.02639097485201175 -0.9535 -0.0271928939781938 -0.8327801131976302 -0.552935646870079 1.4655 0.0 0.0 0.0 1.0 
0.010952326154351585 -0.5519129932087643 0.8338297754812738 0.0713 -0.9995438164043622 0.017429213245491612 0.02466539303246662 -0.9518 -0.02814614786452274 -0.8337195394453617 -0.5514703291269647 1.4655 0.0 0.0 0.0 1.0 
0.011430251108255338 -0.5549304446340199 0.831818219912194 0.0708 -0.9994461748854061 0.019659141433661084 0.026848867108714647 -0.9499 -0.03125208579490879 -0.8316644273842546 -0.5543984012937693 1.465 0.0 0.0 0.0 1.0 
0.013666360461782004 -0.5539048962735036 0.8324677750375491 0.0712 -0.9993424638268604 0.020396341293293777 0.02997714553301295 -0.9483 -0.033583784542373984 -0.8323300758389585 -0.553261940015509 1.4651 0.0 0.0 0.0 1.0 
0.015586016619214493 -0.5517199899518481 0.833883762147626 0.0712 -0.9991917434257724 0.022311273770076967 0.03343750786949551 -0.9458 -0.03705315041547036 -0.8337309276680874 -0.5509263147590604 1.465 0.0 0.0 0.0 1.0 
0.01422335131105347 -0.5543010859891202 0.8321946901709747 0.071 -0.9991790097369446 0.02369587896687543 0.03286049027458532 -0.944 -0.03793419010050536 -0.8319788527308067 -0.5535089753835519 1.4648 0.0 0.0 0.0 1.0 
0.0160645251366425 -0.5508317668395689 0.834461680170236 0.0714 -0.9991638122250653 0.022538430488146327 0.03411298126821388 -0.9417 -0.037597970317674034 -0.8343119223596951 -0.5500090988669747 1.4648 0.0 0.0 0.0 1.0 
0.01633535888927312 -0.5536024059049769 0.8326208814497627 0.0715 -0.9992964788921563 0.01907701702969916 0.03228954466985001 -0.9398 -0.03375949234950543 -0.8325625763853847 -0.5529013050073529 1.4647 0.0 0.0 0.0 1.0 
0.017616440026777133 -0.5544624804885916 0.8320222465602833 0.0718 -0.9992322531206002 0.019361464746410914 0.03405933068047434 -0.938 -0.03499379036788358 -0.8319834682331804 -0.5536957135669166 1.4644 0.0 0.0 0.0 1.0 
0.016930368493479175 -0.5543012052925381 0.832143939732733 0.072 -0.9992367869948503 0.019921779467122036 0.03360009254557694 -0.936 -0.03520235984821174 -0.8320776986039842 -0.5535408723364647 1.4642 0.0 0.0 0.0 1.0 
0.020195279526902574 -0.5532301579968862 0.8327836111305087 0.0724 -0.9990758066826025 0.020444465813872367 0.037809473933027415 -0.9336 -0.03794315730585873 -0.8327775309771064 -0.5523059846799935 1.4638 0.0 0.0 0.0 1.0 
0.01697483425556877 -0.555347586061194 0.8314450755509953 0.0727 -0.9989637082270786 0.025702086051088688 0.037562114128820434 -0.9318 -0.04222990228736112 -0.8312210665211914 -0.5543357952759075 1.4633 0.0 0.0 0.0 1.0 
0.01983776046445007 -0.5552694651194996 0.8314338725152226 0.0729 -0.9988875717516217 0.0245749149179878 0.040245404171430965 -0.9298 -0.042779460724783225 -0.8313073406765262 -0.5541642564054615 1.4631 0.0 0.0 0.0 1.0 
0.022846632210843293 -0.5537558386887917 0.8323656062780915 0.0729 -0.9988303071532769 0.022846632210843293 0.04261512535136336 -0.9276 -0.04261512535136336 -0.8323656062780915 -0.5525861458420689 1.4635 0.0 0.0 0.0 1.0 
0.021190187510551434 -0.554679079170525 0.8317945029175212 0.0728 -0.9989435153382291 0.02218737798200185 0.04024392403811178 -0.9258 -0.040777801767250765 -0.8317685010799714 -0.55362291453137 1.4633 0.0 0.0 0.0 1.0 
0.021578243930477706 -0.5532169805239294 0.8327576789492025 0.0729 -0.9988840198040282 0.02307328457296977 0.0412109029161033 -0.9241 -0.04201302618263225 -0.8327175967871707 -0.5521017203667966 1.4637 0.0 0.0 0.0 1.0 
0.023111701800829457 -0.5526157623143552 0.8331156393212129 0.0731 -0.9987538701393798 0.02410808573945379 0.043697907084778 -0.922 -0.04423297549883215 -0.833087402043569 -0.5513699524228868 1.464 0.0 0.0 0.0 1.0 
0.02394071648499771 -0.5528664065634659 0.8329259142251402 0.073 -0.9988093307971908 0.022196840175883276 0.04344215692934894 -0.9201 -0.0425060325913022 -0.832974211353393 -0.5516767173023893 1.4641 0.0 0.0 0.0 1.0 
0.022619169270793868 -0.552715958171397 0.8330626883759551 0.0728 -0.9990123744832367 0.019380429559151188 0.03998342881079986 -0.9185 -0.03824459191656643 -0.8331443263521497 -0.5517317125708454 1.4643 0.0 0.0 0.0 1.0 
0.02355950116199522 -0.5500395574703061 0.8348062260925391 0.0724 -0.9991481537082332 0.015344902653044987 0.03830797441783251 -0.9161 -0.033880921569914235 -0.834997616272309 -0.549209490061065 1.4647 0.0 0.0 0.0 1.0 
0.02576387029951971 -0.5504894862129438 0.8344444550455101 0.0721 -0.9991641959682626 0.012318678519938564 0.03897639868712388 -0.914 -0.031735350672156604 -0.8347512058862396 -0.549712008045289 1.4646 0.0 0.0 0.0 1.0 
0.026518557283953095 -0.5529334619206174 0.8328033097965322 0.0719 -0.9990946568775367 0.013063573643670792 0.040487154041914275 -0.9121 -0.033266089615928696 -0.8331229979613679 -0.5520864402876849 1.4642 0.0 0.0 0.0 1.0 
0.029725490469827615 -0.5510262145856881 0.8339583359231416 0.0723 -0.9988495301277105 0.015034395135841788 0.04553661303337736 -0.9098 -0.03762992665393283 -0.8343524901396691 -0.5499453707576355 1.4639 0.0 0.0 0.0 1.0 
0.028958884927867926 -0.5548602645621932 0.8314393963445006 0.0721 -0.9987548516912623 0.01774130106794182 0.04662609204706253 -0.9079 -0.04062178241902986 -0.8317543706205515 -0.5536556129460908 1.4633 0.0 0.0 0.0 1.0 
0.029219917307064344 -0.5548071956554459 0.8314656770315347 0.0725 -0.998739755261312 0.017752630218372853 0.04694406651436128 -0.9065 -0.04080560859910537 -0.8317895285282628 -0.5535892724191711 1.4627 0.0 0.0 0.0 1.0 
0.029285770506260828 -0.5593439838928926 0.8284181621190363 0.0722 -0.9988519680126218 0.015055373781185405 0.04547616647894809 -0.905 -0.037908965208335976 -0.8287989161450056 -0.5582609308859944 1.4623 0.0 0.0 0.0 1.0 
0.030255357327858126 -0.5595865098498514 0.8282195067414351 0.0723 -0.9988779141651538 0.013277029040550961 0.04546023639322927 -0.9036 -0.036435229463193164 -0.8286655890610632 -0.5585569044959036 1.4618 0.0 0.0 0.0 1.0 
0.027031364379582187 -0.5618659981728167 0.826786493259924 0.0725 -0.9988875658275884 0.01678697386604698 0.044066181403150995 -0.9022 -0.038638532254900826 -0.8270579167178588 -0.5607871844287295 1.4608 0.0 0.0 0.0 1.0 
0.025752523162869842 -0.5658759959395568 0.8240880807111337 0.0726 -0.9987636643428183 0.02049910155129213 0.04528719050786356 -0.9004 -0.0425199992856487 -0.8242354906548274 -0.5646484796807159 1.4598 0.0 0.0 0.0 1.0 
0.027864137236851744 -0.5658183752852058 0.8240589518023913 0.073 -0.9985286050950287 0.02261085840036689 0.04928867911980317 -0.8984 -0.04652112061227959 -0.8242198221785306 -0.564355800949161 1.4589 0.0 0.0 0.0 1.0 
0.026261329324846622 -0.5715486172547607 0.8201478651415627 0.0732 -0.9985248041763709 0.024006015609736947 0.048702429704124806 -0.8966 -0.04752428880722048 -0.8202169769815277 -0.5700750412398808 1.4577 0.0 0.0 0.0 1.0 
0.026350801724435033 -0.574226930045546 0.8182720012678832 0.073 -0.9985914517994803 0.02258837297412307 0.04800914287286906 -0.894 -0.04605157588492664 -0.818384505117765 -0.5728228819990219 1.4568 0.0 0.0 0.0 1.0 
0.027450627232189523 -0.5737312695377746 0.8185834675945595 0.0732 -0.9987010107017701 0.01942540225095271 0.04710567875163202 -0.8913 -0.042927314006616424 -0.8188132168583764 -0.572452759282559 1.4563 0.0 0.0 0.0 1.0 
0.02638370200263314 -0.5747994610071177 0.8178688647298928 0.0733 -0.998800262685138 0.018606597289361274 0.04529712791569929 -0.8887 -0.041254521312650616 -0.8180827428587154 -0.5736189417270191 1.4556 0.0 0.0 0.0 1.0 
0.028043858125790494 -0.5734404727164313 0.8187671013616609 0.0737 -0.9988032609334565 0.016758766928161944 0.045947684160806246 -0.885 -0.04006978874556483 -0.8190758011208752 -0.5722842336182978 1.4549 0.0 0.0 0.0 1.0 
0.031080228722606587 -0.5739689572692128 0.8182870251163972 0.0737 -0.9986740530066416 0.01578105109532664 0.04900096200703191 -0.8814 -0.04103846042236914 -0.8187249810025461 -0.5727174261785146 1.4542 0.0 0.0 0.0 1.0 
0.030595902474713957 -0.5738318897317302 0.818401400951067 0.0738 -0.9987991793714076 0.013791933240016777 0.047010444206638136 -0.8786 -0.03826342952167655 -0.8188569746325755 -0.572720843916847 1.4537 0.0 0.0 0.0 1.0 
0.02937948605830372 -0.5757218170278342 0.8171176385301686 0.0738 -0.9990640939347035 0.009049105396967641 0.042297161866307 -0.8753 -0.03174558251757148 -0.8175955620535644 -0.574917137421504 1.4531 0.0 0.0 0.0 1.0 
0.03312871975072773 -0.5789097671501297 0.8147183374798068 0.0734 -0.9990474478037358 0.003983894655639197 0.04345486877456467 -0.8722 -0.028402199994359778 -0.815381879907541 -0.5782263440504288 1.4531 0.0 0.0 0.0 1.0 
0.03182540110120362 -0.5764234617172747 0.8165311608423897 0.074 -0.999129186515111 0.0037062253158210295 0.041558784240645186 -0.8697 -0.026981706736224853 -0.8171427394744333 -0.5758035522865577 1.4525 0.0 0.0 0.0 1.0 
0.03361542927139258 -0.5825658126187441 0.8120880967498307 0.0735 -0.9989016646672388 0.006953937076961653 0.04633688686294052 -0.8668 -0.03264149567527963 -0.8127537860428533 -0.5816922004231179 1.452 0.0 0.0 0.0 1.0 
0.03293244661589134 -0.5813448461211062 0.8129905435171549 0.0739 -0.9987683968895995 0.011060449685274643 0.04836688771607173 -0.8636 -0.0371098818978321 -0.8135821017827192 -0.5802646123316 1.4517 0.0 0.0 0.0 1.0 
0.032685599250718386 -0.5816173461721046 0.812805582063349 0.0739 -0.9987357052398957 0.012069235356848937 0.04879881798639085 -0.8613 -0.03819218088286336 -0.8133729748335748 -0.580487520218817 1.4517 0.0 0.0 0.0 1.0 
0.03265646945633097 -0.5845652173500029 0.8106892509878196 0.0738 -0.9988234649570478 0.010006712472348328 0.04745051692756652 -0.8585 -0.03585025598019148 -0.8112850130318199 -0.5835506719866878 1.4516 0.0 0.0 0.0 1.0 
0.0339348755179064 -0.5808013502678648 0.8133377009278553 0.0739 -0.998799824782918 0.009049806106581557 0.04813534068692177 -0.8555 -0.03531761935913774 -0.8139950199703057 -0.5797971828375376 1.4516 0.0 0.0 0.0 1.0 
0.035476078718313764 -0.5811106755545279 0.8130509397296903 0.0739 -0.998843117757692 0.005810051926147308 0.04773541038588741 -0.8527 -0.03246342475564801 -0.8138038007119259 -0.5802322810736736 1.4518 0.0 0.0 0.0 1.0 
0.034302232517725406 -0.5815771750634899 0.8127677074598072 0.0737 -0.9987711205161838 0.009159879844672647 0.048706728735133265 -0.8495 -0.03577157624632438 -0.8134396634332517 -0.5805482824765322 1.4517 0.0 0.0 0.0 1.0 
0.03746211947125681 -0.5828276162999179 0.8117318271959506 0.0732 -0.9985641568150191 0.009292601737691461 0.05275672731751169 -0.8461 -0.038291178214190646 -0.8125426864055205 -0.5816426466825387 1.4517 0.0 0.0 0.0 1.0 
0.04118493333795477 -0.5799033838995287 0.813643574673717 0.0732 -0.9984553119985162 0.006508113712028932 0.05517820582310623 -0.8428 -0.037293313179362186 -0.8146592599349665 -0.5787395778710134 1.4517 0.0 0.0 0.0 1.0 
0.04131431731208961 -0.5798484097796778 0.8136761941098035 0.073 -0.99845234968762 0.0063846563660734795 0.05524619051443819 -0.8402 -0.03722945860882765 -0.814699366539011 -0.5786872294881126 1.452 0.0 0.0 0.0 1.0 
0.03737059725264924 -0.580224038467096 0.8135991049933096 0.0729 -0.9986497461139103 0.007715410783955323 0.05137272645147051 -0.8374 -0.036084942117219354 -0.8144203691100615 -0.5791522591953071 1.4518 0.0 0.0 0.0 1.0 
0.036835033017949076 -0.5759572433157354 0.8166495173663578 0.072 -0.9985086693910674 0.01173834963526052 0.05331649180807191 -0.8334 -0.04029413720935615 -0.8173955376804909 -0.5746659181529511 1.4525 0.0 0.0 0.0 1.0 
0.03380367008394991 -0.5739126024059452 0.8182185751304418 0.0715 -0.9984131562521555 0.0175019042745016 0.053524319420003574 -0.8317 -0.04503866462789341 -0.8187295085352678 -0.5724102641830722 1.4526 0.0 0.0 0.0 1.0 
0.03204639019068094 -0.5693459139848416 0.8214732248250773 0.0714 -0.9982864022461908 0.022029468032827168 0.05421219077428274 -0.8299 -0.04896210745161206 -0.8218028551708471 -0.5676643191772235 1.4527 0.0 0.0 0.0 1.0 
0.03178579432475914 -0.565442978016636 0.8241746792342154 0.0706 -0.9982888751504856 0.02253212217831224 0.05395947758197256 -0.828 -0.04908141226494911 -0.8244795583165294 -0.5637592330847083 1.4529 0.0 0.0 0.0 1.0 
0.03233212318340377 -0.5680675311798492 0.8223465898449903 0.0693 -0.9985765328176069 0.016561399145455888 0.0507013625488707 -0.8268 -0.042421007960918744 -0.8228152891612894 -0.5667234404945711 1.4528 0.0 0.0 0.0 1.0 
0.034193001459746714 -0.5628895491712586 0.8258245540579129 0.0693 -0.9987028451950003 0.011949459420169367 0.04949583233946658 -0.8251 -0.03772884374831309 -0.8264457428369649 -0.5617508064044701 1.4524 0.0 0.0 0.0 1.0 
0.036051869157841115 -0.5576403677668422 0.8292993928413833 0.0687 -0.9987722944882795 0.008105048422906186 0.04886933550479178 -0.8233 -0.033973025959479375 -0.8300430882953749 -0.5566635474685164 1.4525 0.0 0.0 0.0 1.0 
0.03392345030366499 -0.5610920703160869 0.8270579714553884 0.0671 -0.9988932144118858 0.0079427106850352 0.0463601072999586 -0.8215 -0.03258137077203194 -0.8277152904081095 -0.5602016175478558 1.4521 0.0 0.0 0.0 1.0 
0.03372649422388986 -0.5628366705757748 0.8258797768698192 0.066 -0.9988586683851142 0.008981748794441705 0.04691149944853462 -0.8198 -0.03382135685158483 -0.8265193345855679 -0.5618913643907935 1.4517 0.0 0.0 0.0 1.0 
0.036645249339170696 -0.5616487642288033 0.8265638458952389 0.0648 -0.9986818813889244 0.009163712259435144 0.050502734214145695 -0.8178 -0.03593919150938668 -0.8273250219943094 -0.5605726380191663 1.4515 0.0 0.0 0.0 1.0 
0.03536897686293891 -0.561735231475126 0.8265606845206562 0.064 -0.9986493061214008 0.011632669753416452 0.050638368631433395 -0.8162 -0.03806046319888756 -0.8272352813522854 -0.5605650635092162 1.4513 0.0 0.0 0.0 1.0 
0.03496568162323929 -0.561835462855274 0.8265097179022289 0.0634 -0.9986918514280951 0.011231003343135287 0.04988437084929104 -0.8147 -0.03730934199024932 -0.8271727614241817 -0.5607077989096888 1.4509 0.0 0.0 0.0 1.0 
0.034668035169104675 -0.5569130191033198 0.8298469837811904 0.0623 -0.9988291976890484 0.008724722990845049 0.04758269698729872 -0.8127 -0.03373960849455415 -0.8305249956274396 -0.5559585150500672 1.451 0.0 0.0 0.0 1.0 
0.035042301978165685 -0.5552584592781429 0.8309392760437635 0.0614 -0.9988655599717278 0.007365805254571728 0.04704612646454842 -0.811 -0.03224329658142305 -0.8316452298384296 -0.554370437083858 1.4511 0.0 0.0 0.0 1.0 
0.033063888892611054 -0.560779469860325 0.8273047597073704 0.0602 -0.9988021321356026 0.011334337446198856 0.047600773481421055 -0.809 -0.03607048783522254 -0.827887624607246 -0.5597329728803732 1.4509 0.0 0.0 0.0 1.0 
0.03258989416016046 -0.5595565696289378 0.8281511602260336 0.0591 -0.9987186853576765 0.013864449461475262 0.04866995539924995 -0.8068 -0.038715453194613614 -0.8286761867136199 -0.5583877606625255 1.4512 0.0 0.0 0.0 1.0 
0.04199724314107185 -0.5523245427792894 0.8325706162315596 0.0587 -0.9984449888269266 0.007373646516102575 0.055256073181637 -0.8021 -0.03665836677961182 -0.8335965623613768 -0.5511559991185319 1.4519 0.0 0.0 0.0 1.0 
0.04222933935351704 -0.5507669853322922 0.8335900735767816 0.0584 -0.9984980773255835 0.005882324647950257 0.05447006364829449 -0.7995 -0.03490376018251656 -0.8346383205465195 -0.5496913692249558 1.4521 0.0 0.0 0.0 1.0 
0.04248211749827761 -0.5510316653691397 0.8334022878858534 0.0576 -0.9984807465803097 0.005883179621712628 0.054786740238544296 -0.7968 -0.0350922840705703 -0.8344635953461665 -0.5499445786992171 1.452 0.0 0.0 0.0 1.0 
0.04401749768678406 -0.5504369046485074 0.833715583336646 0.0572 -0.9984096875802375 0.00518445348979954 0.05613570332635548 -0.7943 -0.03522152244475596 -0.8348606682812301 -0.5493333313332549 1.452 0.0 0.0 0.0 1.0 
0.04621259119870702 -0.5484497652232697 0.8349055344416165 0.0569 -0.9982322274452157 0.0059159204303561586 0.05913900553124385 -0.7914 -0.037374008407769 -0.8361625780385067 -0.547206840768218 1.4522 0.0 0.0 0.0 1.0 
0.04854194076732481 -0.5509952813607032 0.833095360630931 0.0567 -0.9981427337956411 0.003976492903538784 0.06078873641680632 -0.7886 -0.036807104715059824 -0.8344988840150882 -0.5497789097628856 1.4524 0.0 0.0 0.0 1.0 
0.049180507555114175 -0.5501899069342813 0.833590033520236 0.0564 -0.9981246525226743 0.0033829860380220206 0.06112064652764293 -0.7863 -0.03644798626964024 -0.8350327069720763 -0.5489917327098603 1.4527 0.0 0.0 0.0 1.0 
0.04849764373232801 -0.551676937577032 0.8326467048502865 0.0561 -0.9982514868861517 0.0014325107438305507 0.05909244319332391 -0.7839 -0.03379271344535084 -0.8340566554249158 -0.5506428498213738 1.4529 0.0 0.0 0.0 1.0 
0.05040756311701916 -0.5494652935708974 0.8339945855589538 0.056 -0.9981925029147009 -0.0003571193029577313 0.06009658551605268 -0.781 -0.03272315243812107 -0.8355164652039185 -0.548490138168099 1.453 0.0 0.0 0.0 1.0 
0.05164894269028203 -0.5462486116055724 0.8360292106367817 0.0561 -0.9980893020735683 0.00019401572777361098 0.061787599437060414 -0.7786 -0.03391359322267723 -0.8376230755398766 -0.5451948748088566 1.4529 0.0 0.0 0.0 1.0 
0.05310785320160209 -0.5503201531575687 0.8332630346756942 0.0559 -0.9980522486584976 -0.0019019089563230007 0.062354564307980975 -0.7756 -0.032730182951418996 -0.8349515625297983 -0.5493492726426555 1.4528 0.0 0.0 0.0 1.0 
0.05537441524944617 -0.5482893105757796 0.8344534175399597 0.0555 -0.9979126804905194 -0.002580325222175134 0.06452615003217216 -0.7711 -0.03322583711524041 -0.8362847444681054 -0.5472877396013063 1.4531 0.0 0.0 0.0 1.0 
0.05502483738632723 -0.5495038782529483 0.8336772487333314 0.0552 -0.9979408274584923 -0.0027041514119997556 0.06408426059962274 -0.7686 -0.032960160225151025 -0.8354867894527773 -0.5485211504471112 1.453 0.0 0.0 0.0 1.0 
0.05425092641439906 -0.5489691553594238 0.8340801540902053 0.055 -0.9980117934813979 -0.0029721099496682613 0.0629573397983978 -0.7665 -0.03208265972801028 -0.8358373244994556 -0.5480389310244016 1.4531 0.0 0.0 0.0 1.0 
0.05518320163322493 -0.5478595774371527 0.8347482840161407 0.0549 -0.9979360482259235 -0.0027656327753890486 0.0641560201896843 -0.7643 -0.03283988289769507 -0.8365657384125509 -0.5468814381614443 1.4532 0.0 0.0 0.0 1.0 
0.05766873192637764 -0.5474026833636243 0.8348800031167996 0.0548 -0.9977819003105339 -0.003750279474960899 0.06646213069530177 -0.7616 -0.033250515344927845 -0.836860942839468 -0.5464047635033329 1.4531 0.0 0.0 0.0 1.0 
0.05884048401753485 -0.5457395118405457 0.8358864651713321 0.0546 -0.9977145242011516 -0.0042854133770511005 0.06743414142893173 -0.7593 -0.033219356385270404 -0.8379439244055835 -0.5447443931910799 1.453 0.0 0.0 0.0 1.0 
0.06121820271763867 -0.5453488653396596 0.835970661404315 0.0541 -0.9976034612375084 -0.006374245260504563 0.06889632155857095 -0.757 -0.03224384876166564 -0.838184934289626 -0.5444321354833219 1.4531 0.0 0.0 0.0 1.0 
0.06172573901289617 -0.5452463194004216 0.836000229858584 0.0536 -0.9976265711323675 -0.008096255671859065 0.0683789091370357 -0.7543 -0.030514876928916523 -0.8382367814790695 -0.5444519634105691 1.4531 0.0 0.0 0.0 1.0 
0.0655112368380575 -0.5397616573718993 0.8392649349752961 0.0535 -0.9974272006116003 -0.01088714362626364 0.07085513096288198 -0.7496 -0.029107685034265363 -0.8417474819295875 -0.5390861891545214 1.4532 0.0 0.0 0.0 1.0 
0.06412669674172099 -0.5409326274821374 0.8386177074747863 0.0528 -0.9974938654612805 -0.009569546408428109 0.07010286833396834 -0.7472 -0.029895737691318203 -0.8410114840516791 -0.5401906409417733 1.4529 0.0 0.0 0.0 1.0 
0.06477733376534539 -0.544271879612629 0.8364042193181408 0.0523 -0.9974352881880691 -0.009744752853079908 0.07090758541239145 -0.7449 -0.03044245238866683 -0.8388522878640601 -0.5435072182021096 1.453 0.0 0.0 0.0 1.0 
0.06732720232206209 -0.545150360445119 0.8356303802124723 0.052 -0.9972832688375538 -0.011683654873299865 0.07272945693104726 -0.7427 -0.029885272696891285 -0.8382568679798326 -0.544455961268195 1.4529 0.0 0.0 0.0 1.0 
0.06860497877304703 -0.54738716000951 0.834062739812943 0.0515 -0.9972004002002343 -0.0126995750389787 0.07368909440563298 -0.7403 -0.029744221758901457 -0.836783136691074 -0.5467259491019288 1.4526 0.0 0.0 0.0 1.0 
0.06865689792728287 -0.5468816832761239 0.8343899896715421 0.051 -0.9972215322971205 -0.01338871180301987 0.07327999671969582 -0.7381 -0.028904080853499103 -0.8371028412885295 -0.5462814176014825 1.4523 0.0 0.0 0.0 1.0 
0.06847115904313639 -0.5473834036274678 0.8340762014423492 0.0505 -0.9972169756197866 -0.012834069541982296 0.07344106613276863 -0.7361 -0.02949582877316126 -0.8367835419582537 -0.5467387858866282 1.452 0.0 0.0 0.0 1.0 
0.0694293733646548 -0.5492901268887072 0.8327424083213122 0.0497 -0.9971109732669463 -0.01242963781822451 0.07493471221236819 -0.7339 -0.03081021104819054 -0.8355392633540901 -0.5485661949927924 1.4518 0.0 0.0 0.0 1.0 
0.069986980146541 -0.5485228230157679 0.8332013773637079 0.0491 -0.9970317382266911 -0.011597901170540631 0.07611308466420952 -0.7321 -0.032086376838627695 -0.836055142511097 -0.5477063657673868 1.4516 0.0 0.0 0.0 1.0 
0.07034478996112387 -0.5476455651405512 0.8337481307368622 0.0485 -0.9969772711021536 -0.010961620723373311 0.07691660273841977 -0.7299 -0.032983805587414206 -0.8366386184327157 -0.5467612739724427 1.4514 0.0 0.0 0.0 1.0 
0.0694379477483455 -0.5476014797928903 0.8338530990175277 0.048 -0.9969973915427706 -0.009377519625721364 0.076865228696601 -0.7283 -0.03427203917787219 -0.8366867283842299 -0.5466084026762528 1.4511 0.0 0.0 0.0 1.0 
0.07117118690091574 -0.5423466698058697 0.8371348469067561 0.0475 -0.9969015770874825 -0.010493269863673688 0.07795599327863373 -0.7265 -0.033494891485197964 -0.8400892696839135 -0.5414130689282847 1.4507 0.0 0.0 0.0 1.0 
0.07008220301196369 -0.5436627802807523 0.8363726837710523 0.0467 -0.9969628709941647 -0.009626512573886109 0.07728107216348307 -0.7251 -0.03396349039869967 -0.8392485398218263 -0.5426862534898689 1.4504 0.0 0.0 0.0 1.0 
0.06822684904114855 -0.5430414633303022 0.8369295467206308 0.046 -0.99712838202324 -0.009482336650767975 0.07513371450525541 -0.7241 -0.03286467455539532 -0.839652341386437 -0.5421290056533061 1.4504 0.0 0.0 0.0 1.0 
0.06912152417875407 -0.5423196083714257 0.8373241052729041 0.0453 -0.9970133022264691 -0.0085704975243317 0.07675299183521805 -0.7232 -0.034448368302106014 -0.8401285550128914 -0.5412922694564126 1.4506 0.0 0.0 0.0 1.0 
0.06863611011319262 -0.5435357511875645 0.836575144006502 0.0443 -0.9970640648621134 -0.008839865469764535 0.07605989310481287 -0.7217 -0.03394605940560391 -0.8393394688440705 -0.5425466994567238 1.4507 0.0 0.0 0.0 1.0 
0.06730911287180182 -0.542809863855028 0.8371540688702988 0.0437 -0.9971079260865066 -0.006919957581982661 0.07568287734044626 -0.7207 -0.03528834169915779 -0.8398271047595149 -0.5417057938137397 1.4508 0.0 0.0 0.0 1.0 
0.06646014946497476 -0.5413949640982365 0.8381375432362892 0.0431 -0.9970969893357946 -0.004755065568861572 0.07599331029064554 -0.7198 -0.03715699652269705 -0.8407549477704577 -0.5401393111123345 1.4509 0.0 0.0 0.0 1.0 
0.06700642430463175 -0.5404522375378595 0.838702282125325 0.0422 -0.9971019572180104 -0.005920861475530753 0.07584609621727612 -0.7183 -0.03602535237746307 -0.8413538627353584 -0.5392827195881313 1.4508 0.0 0.0 0.0 1.0 
0.06587680162373219 -0.5435158334364338 0.8368098863013786 0.0401 -0.9972914367446333 -0.00837119102698905 0.07307334231178142 -0.7154 -0.032711423137071816 -0.8393571718670714 -0.5425951537119172 1.4507 0.0 0.0 0.0 1.0 
0.06744862469459507 -0.5420094682725076 0.8376612795932266 0.0395 -0.9971020408428561 -0.007008013588186396 0.07575227978456778 -0.7137 -0.035188111256776844 -0.8403431585063936 -0.5409114278490327 1.4508 0.0 0.0 0.0 1.0 
0.06824534985728159 -0.5425649017535513 0.8372370629684383 0.0387 -0.996993422618892 -0.006220888689842052 0.07723610424261479 -0.712 -0.03669724073448438 -0.8399908499079427 -0.5413581851172173 1.4509 0.0 0.0 0.0 1.0 
0.06773876268643537 -0.5431136291259966 0.8369223655078766 0.0383 -0.9970171597833775 -0.005748919864496577 0.076965791218424 -0.7104 -0.03698977057508229 -0.8396395272841677 -0.5418830326692484 1.4509 0.0 0.0 0.0 1.0 
0.06897541825519378 -0.5412732612865745 0.8380129165428876 0.038 -0.9969412998581573 -0.006455531354096544 0.07788691001743409 -0.7082 -0.03674828313879003 -0.840821968511249 -0.5400629416607098 1.4512 0.0 0.0 0.0 1.0 
0.07015490165246266 -0.5440429623781702 0.8361193364950472 0.0375 -0.9969421054355199 -0.00931729827199021 0.07758625111902034 -0.7062 -0.03441988064950552 -0.8390056275375604 -0.5430329905046083 1.4516 0.0 0.0 0.0 1.0 
0.06977817795858124 -0.5469138944119283 0.8342758524492714 0.037 -0.9969640742183183 -0.009268440716385745 0.07730931848553674 -0.7039 -0.034549104167718725 -0.8371375562629266 -0.5459002393252298 1.4517 0.0 0.0 0.0 1.0 
0.07284502156231956 -0.5443869618592716 0.8356652670724186 0.0367 -0.9966332057260341 -0.008121162673436072 0.08158615054701257 -0.7014 -0.03762786305164589 -0.8387948989320709 -0.5431457092233198 1.4522 0.0 0.0 0.0 1.0 
0.07546276178552107 -0.5421273963433482 0.8369009844167254 0.0364 -0.9963972070344089 -0.00841981096507513 0.08439023994125122 -0.6995 -0.03870371297086683 -0.8402541240108821 -0.5408096057624848 1.4523 0.0 0.0 0.0 1.0 
0.07689054626119746 -0.5420250113174628 0.8368373384367835 0.0366 -0.9961707126366487 -0.0067323577832194 0.08716987233942136 -0.697 -0.041614362672603156 -0.8403353868932235 -0.5404670964585817 1.4524 0.0 0.0 0.0 1.0 
0.07936873831598253 -0.5393691201390182 0.8383206758863764 0.0366 -0.9958935022549912 -0.00616192174873903 0.0903225491593907 -0.6946 -0.04355152746365193 -0.8420469006895186 -0.5376432660182391 1.4526 0.0 0.0 0.0 1.0 
0.08321666954681968 -0.5398593805870268 0.8376316822456799 0.0368 -0.9955650175839025 -0.00802802135121053 0.09373284715801988 -0.6921 -0.04387803177786831 -0.8417169358313855 -0.5381331789268564 1.4526 0.0 0.0 0.0 1.0 
0.08262425887859468 -0.5403526083688576 0.8373722532265653 0.0367 -0.9956208420316127 -0.00788571224577575 0.09315017152232852 -0.6896 -0.0437306615205551 -0.8414017317377881 -0.5386378700682174 1.4526 0.0 0.0 0.0 1.0 
0.08377238658631168 -0.5424425588395487 0.835905651138474 0.0367 -0.9955903523308487 -0.010024599034537118 0.09327034769921871 -0.6875 -0.04221418708645175 -0.8400330813567995 -0.5408903628600075 1.4525 0.0 0.0 0.0 1.0 
0.08433582896778306 -0.5434405308586021 0.835200489327226 0.0366 -0.9955941910311317 -0.011481526413274656 0.09306116986309709 -0.6853 -0.04098383507413356 -0.8393691464256607 -0.5420145397415777 1.4523 0.0 0.0 0.0 1.0 
0.08518185012551611 -0.5423647310636848 0.8358137058623833 0.0367 -0.9954487107457037 -0.010349515427355654 0.0947351666760281 -0.6834 -0.042730746353299265 -0.8400793926937118 -0.5407778631632901 1.4521 0.0 0.0 0.0 1.0 
0.08726579420892588 -0.54513530699032 0.8337938463635091 0.0366 -0.9951649081850957 -0.009835784719463447 0.09772442302670353 -0.6813 -0.045072016573869 -0.8382903759506737 -0.5433578552946878 1.4519 0.0 0.0 0.0 1.0 
0.08926680892399308 -0.5460581209781386 0.8329777700145138 0.0365 -0.9948798722095973 -0.00909589853996895 0.10065438143452099 -0.6792 -0.0473864611122497 -0.8376979128203528 -0.5440741954547027 1.4516 0.0 0.0 0.0 1.0 
0.09059324181536006 -0.5443063651012131 0.8339804826539341 0.0365 -0.9946497747432782 -0.007706403897873276 0.10301668283394172 -0.6773 -0.04964564573585284 -0.8388511144710175 -0.5420923515511009 1.4516 0.0 0.0 0.0 1.0 
0.0884466985095476 -0.5441808471891735 0.8342927466274863 0.0362 -0.9949503945891772 -0.008371606860093389 0.10001814088164696 -0.6756 -0.0474435857582679 -0.8389261718119503 -0.542173389626736 1.4515 0.0 0.0 0.0 1.0 
0.0889108286790887 -0.5403071080420383 0.8367574878917112 0.0362 -0.9951027860349206 -0.011757929378545834 0.09814375335327497 -0.674 -0.043189232097098906 -0.8413857498769388 -0.5387065157716998 1.4511 0.0 0.0 0.0 1.0 
0.0883121054767191 -0.5371299667460028 0.838863737951347 0.0359 -0.9952885929209183 -0.013747604759320659 0.09597718564783875 -0.6724 -0.04001985541911712 -0.8433874567402688 -0.5358134087398463 1.4513 0.0 0.0 0.0 1.0 
0.08647972118932255 -0.5385371779654122 0.838152113743124 0.0356 -0.9954840418428021 -0.013650036918384317 0.0939425299235917 -0.6713 -0.03915073766016691 -0.842491177663705 -0.537285617990551 1.4512 0.0 0.0 0.0 1.0 
0.08709139035571718 -0.5389410452137298 0.8378291230972102 0.0354 -0.9953726489514403 -0.012800961501930802 0.0952335293056949 -0.6702 -0.040600239473439714 -0.8422462141016476 -0.5375620293381415 1.4512 0.0 0.0 0.0 1.0 
0.08673128944544614 -0.5368590849406526 0.8392020056862446 0.0353 -0.9953047181028786 -0.010363445628161966 0.09623469809201796 -0.6691 -0.04296744760024679 -0.8436082751558318 -0.5352372152002537 1.4515 0.0 0.0 0.0 1.0 
0.08179958752550778 -0.5382982328141843 0.8387752023216846 0.0349 -0.9957624733013297 -0.008656136247584628 0.09155418106280999 -0.6677 -0.04202290144046861 -0.8427099642548375 -0.5367252480554043 1.4514 0.0 0.0 0.0 1.0 
0.07908790988535098 -0.5352742423331546 0.8409676497967289 0.0346 -0.9960637358798373 -0.008559464527284705 0.08822567444971807 -0.6671 -0.040026698278375294 -0.8446349632010702 -0.533844211697812 1.452 0.0 0.0 0.0 1.0 
0.07111954870119355 -0.5359286122600901 0.8412624634164492 0.0337 -0.9970086580561888 -0.01260706674035214 0.07625482036698839 -0.6667 -0.03026128803497835 -0.8441691681346685 -0.5352220754203677 1.4525 0.0 0.0 0.0 1.0 
0.06715368369168859 -0.5326876431958636 0.8436434421917073 0.0332 -0.9975499010578119 -0.01922659948103525 0.06726464726693498 -0.6661 -0.019610651855202832 -0.8460935011326063 -0.5326736427447691 1.4529 0.0 0.0 0.0 1.0 
0.06680200253651256 -0.530954030590238 0.844763463850735 0.0329 -0.9975985652405974 -0.0200205955540205 0.06630443713329964 -0.665 -0.01829194049337357 -0.8471640886827312 -0.5310163950005161 1.4533 0.0 0.0 0.0 1.0 
0.06781484118369448 -0.5332017310160185 0.8432657121908562 0.0324 -0.9973789272914432 -0.014859132192327068 0.07081300435274074 -0.6637 -0.025227419808625473 -0.8458576240904924 -0.5328118402004473 1.4534 0.0 0.0 0.0 1.0 
0.06897197554821403 -0.5336458334614455 0.8428908535618453 0.0319 -0.9970944463374182 -0.00949020209428858 0.07558175141717305 -0.6623 -0.0323346821857638 -0.8456548116657583 -0.5327498548423047 1.4536 0.0 0.0 0.0 1.0 
0.06963512060604553 -0.5277845930722529 0.8465189739714862 0.0313 -0.9971159429340601 -0.011153697326558548 0.07506924391964759 -0.6611 -0.03017857393750606 -0.849305020797301 -0.527039121245847 1.4546 0.0 0.0 0.0 1.0 
0.06482870833390449 -0.5261459163388394 0.8479196384656511 0.0305 -0.9976786581977414 -0.016423924480879842 0.0660874396644372 -0.6602 -0.02084546839271828 -0.8502356905144651 -0.5259892936390235 1.4556 0.0 0.0 0.0 1.0 
0.06034927713051581 -0.5297525372601246 0.8460024905496935 0.0295 -0.9980687555348171 -0.019525085233974948 0.05897058819264894 -0.659 -0.014721547982639915 -0.8479274852916763 -0.5299077803844067 1.457 0.0 0.0 0.0 1.0 
0.061174055756571324 -0.5259342088836272 0.8483224285778642 0.0287 -0.9980656777215156 -0.02280213592313582 0.05783567715204102 -0.6574 -0.011074197785130413 -0.8502195425437458 -0.5263117817606974 1.4579 0.0 0.0 0.0 1.0 
0.0624954722890088 -0.5276905903815117 0.8471345564703314 0.0278 -0.9979454242567702 -0.021034980230078854 0.06051826015092315 -0.6557 -0.014115457780332463 -0.8491761716095969 -0.527921001118652 1.4584 0.0 0.0 0.0 1.0 
0.06700651794035292 -0.5252375909208635 0.8483133852752512 0.0273 -0.9975268523141199 -0.01718289914346252 0.06815370048141117 -0.6538 -0.02122040211196463 -0.8507821231435657 -0.5250899670280641 1.4588 0.0 0.0 0.0 1.0 
0.072860740830518 -0.5240151622877992 0.8485867204582688 0.0269 -0.9969686624318982 -0.014985169109748758 0.07634743502898084 -0.652 -0.02729099804661439 -0.8515770983294726 -0.5235185259629079 1.4591 0.0 0.0 0.0 1.0 
0.07359005409639195 -0.5249388336648706 0.8479526666321977 0.0264 -0.9968849046835235 -0.014530211044232577 0.07752006050779386 -0.6506 -0.028372358946905873 -0.8510159186981023 -0.5243728781794618 1.4592 0.0 0.0 0.0 1.0 
0.07393100208833811 -0.5253577718452278 0.8476635054619446 0.026 -0.9969134687751393 -0.016419210215174368 0.07677203469121907 -0.6493 -0.02641481979749205 -0.8507229990412437 -0.5249501273429111 1.4592 0.0 0.0 0.0 1.0 
0.07795280897300998 -0.5239323670972903 0.8481852594103765 0.0258 -0.9965216946570933 -0.01580875232115972 0.08182050737928159 -0.648 -0.029459661419851124 -0.8516131504726067 -0.5233423069952869 1.4592 0.0 0.0 0.0 1.0 
0.08229434129505733 -0.526940354618163 0.8459086854180522 0.0258 -0.9959968684692069 -0.013763195833372016 0.08832220807920144 -0.6465 -0.03489812875135462 -0.8497908196228864 -0.5259635762049658 1.4588 0.0 0.0 0.0 1.0 
0.08257207146758458 -0.5280334694561613 0.8451996853688726 0.0253 -0.995764719434912 -0.009309337476683194 0.0914656206694971 -0.6454 -0.0404286599117904 -0.8491725333345599 -0.5265657908446982 1.4581 0.0 0.0 0.0 1.0 
0.0877214524327259 -0.5283559274643357 0.8444791061337127 0.0247 -0.9953351806094777 -0.012312413441115194 0.09568846699761147 -0.6415 -0.04015999283106181 -0.8489336949306209 -0.5269713052788095 1.4567 0.0 0.0 0.0 1.0 
0.09153696406609435 -0.5239185816288835 0.8468354645582232 0.0246 -0.9950691110499076 -0.015511068948640405 0.09796362066817127 -0.6401 -0.03818963791278168 -0.8516271053483735 -0.5227550334449599 1.4559 0.0 0.0 0.0 1.0 
0.09383316466087549 -0.5252832970222672 0.8457380179932446 0.0242 -0.9948586986713697 -0.016963468119885305 0.09984192720122453 -0.6387 -0.038098646795312996 -0.8507583079927943 -0.524174393206692 1.4553 0.0 0.0 0.0 1.0 
0.09541373572538411 -0.5324035126272583 0.8410961412211351 0.0238 -0.9945900423104411 -0.016125526555367725 0.10261878546458875 -0.6375 -0.041071483682011356 -0.8463370883610555 -0.5310618288793587 1.4546 0.0 0.0 0.0 1.0 
0.09801829684314764 -0.5322420140606003 0.8408988357422575 0.0236 -0.994184086494444 -0.014489326824829757 0.10671486105211031 -0.6364 -0.04461407451888383 -0.8464682497748388 -0.5305667596805745 1.4541 0.0 0.0 0.0 1.0 
0.0987961870775848 -0.5286159129872237 0.8430922428510503 0.0234 -0.9941896289875893 -0.016048742312939235 0.10643974578930576 -0.6353 -0.042735173246987335 -0.8487094051598911 -0.5271300129576129 1.4536 0.0 0.0 0.0 1.0 
0.09931248290347405 -0.5250456142362139 0.8452598024932122 0.0234 -0.9941015047982875 -0.015148884502995896 0.10739045328191599 -0.6347 -0.043580143383514236 -0.8509392541595621 -0.5234531085331717 1.4529 0.0 0.0 0.0 1.0 
0.10076922235322952 -0.5227405559731306 0.8465151356988412 0.0233 -0.993952476958462 -0.015577861234113949 0.1087005234003443 -0.6339 -0.04363527672037254 -0.8523494831231335 -0.5211490393786249 1.4528 0.0 0.0 0.0 1.0 
0.10197469168179328 -0.5277193494441538 0.8432754297847425 0.0233 -0.9937338587103494 -0.01504309097104553 0.11075524126051928 -0.6332 -0.04576221486163218 -0.8492855783753046 -0.5259466000029678 1.4525 0.0 0.0 0.0 1.0 
0.10122063561722758 -0.5301810554733047 0.8418209021772136 0.0233 -0.9936552755515505 -0.012178196596359242 0.1118073561812159 -0.6325 -0.049026281664198146 -0.8477969921772981 -0.5280498875686934 1.452 0.0 0.0 0.0 1.0 
0.10308937836275482 -0.5300714264807851 0.8416631528690124 0.0234 -0.9932604982669238 -0.009794938245441615 0.11548870839744657 -0.6315 -0.052973225796842216 -0.8478964217481955 -0.5275087632781877 1.4517 0.0 0.0 0.0 1.0 
0.10481359795628921 -0.5283260738555186 0.842547131837662 0.0236 -0.993048923780668 -0.009979377347519053 0.11727850189106565 -0.6306 -0.05355319469008579 -0.848982904252005 -0.5256996134926455 1.4516 0.0 0.0 0.0 1.0 
0.10217594867637039 -0.535203563700071 0.8385208529993922 0.0236 -0.9935005797909332 -0.012393275555131672 0.11315036312842652 -0.6298 -0.05016645759034544 -0.8446321993174065 -0.5329913455292472 1.4514 0.0 0.0 0.0 1.0 
0.10151174397989134 -0.5329879561880043 0.840011431108348 0.0238 -0.993697741060157 -0.013972389047546968 0.11121857648902517 -0.6291 -0.04754119525319217 -0.846007453219437 -0.5310472896560718 1.4511 0.0 0.0 0.0 1.0 
0.10286392881559762 -0.5322902080345818 0.8402893231376449 0.024 -0.9936254379908832 -0.0158135426712068 0.1116172963550523 -0.6284 -0.04612484282949175 -0.8464142403685608 -0.5305237342242731 1.4508 0.0 0.0 0.0 1.0 
0.10364942119507664 -0.5348643116786005 0.8385564772741918 0.024 -0.9934906090070061 -0.01561777633856437 0.11283835729540781 -0.6279 -0.047256822796429565 -0.8447936157161791 -0.5330014442235325 1.45 0.0 0.0 0.0 1.0 
0.10407871914234845 -0.5365605952911341 0.8374188604291832 0.0238 -0.9933120356787961 -0.0137590360257841 0.11463807702193407 -0.6275 -0.049988198580603604 -0.8437496171901145 -0.5344041200198602 1.4495 0.0 0.0 0.0 1.0 
0.10522977408742037 -0.5373028649662364 0.8367988563236596 0.0236 -0.9931392920477442 -0.01362615954614979 0.11614075239522237 -0.6276 -0.05100040427698538 -0.8432792888925336 -0.5350504646185132 1.4492 0.0 0.0 0.0 1.0 
0.10317075497917368 -0.537174031154201 0.8371378951944374 0.0233 -0.993412751916027 -0.013451680518117765 0.11379875492229702 -0.6281 -0.04986882440617413 -0.8433641636593199 -0.5350233525815132 1.4492 0.0 0.0 0.0 1.0 
0.10202178627982757 -0.5316397433393227 0.8408036265540088 0.0231 -0.993758801614711 -0.016138836531821965 0.11037654718595485 -0.6293 -0.04511096693230343 -0.8468168168249253 -0.5299681871630924 1.4492 0.0 0.0 0.0 1.0 
0.09709117798425534 -0.5303476184467413 0.8422022956306277 0.0223 -0.994557515075096 -0.01956308907409901 0.10233589181479152 -0.6315 -0.03779751797776548 -0.847554534619306 -0.5293606128916015 1.4501 0.0 0.0 0.0 1.0 
0.09806041998395128 -0.5307531417450386 0.8418344591190967 0.0221 -0.9944937368314108 -0.020841866041431623 0.10270259988436359 -0.6322 -0.03696432652798837 -0.8472701571209044 -0.5298744374063071 1.4504 0.0 0.0 0.0 1.0 
0.0987596992213665 -0.5297107267469027 0.8424090857647328 0.0213 -0.9943803448926251 -0.02009106747967984 0.10394267025024273 -0.6334 -0.03813464961067514 -0.8479403840935957 -0.5287181229372376 1.4507 0.0 0.0 0.0 1.0 
0.09735791750238523 -0.5292774701128824 0.8428444669869439 0.021 -0.994751275440688 -0.024958086984469857 0.09923202055385277 -0.6345 -0.03148548727149353 -0.8480816314040662 -0.5289293058304616 1.4512 0.0 0.0 0.0 1.0 
0.0962822121805013 -0.5293960122068417 0.8428935863305183 0.0202 -0.9950639528668432 -0.030749718660902425 0.09435138847567981 -0.6362 -0.02403050816446095 -0.8478173842648954 -0.529743539475083 1.4515 0.0 0.0 0.0 1.0 
0.09704981987955738 -0.5318473138057449 0.8412608199951777 0.0199 -0.9950003074772147 -0.031825726895087364 0.09466525882205823 -0.6373 -0.023573726510533466 -0.8462420208812681 -0.5322769218303511 1.4516 0.0 0.0 0.0 1.0 
0.09684710959502314 -0.53607758637717 0.838594931267246 0.0193 -0.9950975217685264 -0.0351885237175468 0.09242667346992756 -0.6391 -0.020038950402317568 -0.8434349940467298 -0.5368573844925353 1.4514 0.0 0.0 0.0 1.0 
0.09814573427859925 -0.5359237863577986 0.8385422529955393 0.0195 -0.9950144022080367 -0.03784777926503474 0.09227071584900715 -0.6403 -0.017713109311964348 -0.8434175957499498 -0.5369664839986539 1.4514 0.0 0.0 0.0 1.0 
0.0976812848729187 -0.5374257598349221 0.8376347170762634 0.0195 -0.9950627398762464 -0.03788614341530083 0.09173213094163085 -0.6415 -0.01756446115179633 -0.8424596090038805 -0.5384731162290977 1.4511 0.0 0.0 0.0 1.0 
0.0991048785619919 -0.5363625002366323 0.8381488479889005 0.0197 -0.9949390292129581 -0.03938618129897986 0.09243947680217796 -0.6425 -0.016569586415760396 -0.8430682042768498 -0.5375513480063261 1.4511 0.0 0.0 0.0 1.0 
0.10039860151958399 -0.531010506203629 0.8413964363570106 0.02 -0.9947961496087234 -0.03883532234081569 0.09419362219568156 -0.6436 -0.01734190118094414 -0.8464748431229661 -0.5321462190257296 1.4505 0.0 0.0 0.0 1.0 
0.10162864646226993 -0.5308239529757737 0.8413664773244894 0.0202 -0.99465767975835 -0.03882850320411818 0.09564751662569976 -0.6447 -0.018102991906938426 -0.8465921558141805 -0.5319342096518289 1.4504 0.0 0.0 0.0 1.0 
0.10270697899494449 -0.5328662360785736 0.8399433617293407 0.0202 -0.9945611483088754 -0.04032311568172567 0.09603212283527457 -0.6459 -0.01730314249675824 -0.8452382035788326 -0.5341095210446682 1.4501 0.0 0.0 0.0 1.0 
0.10596562525591349 -0.536814020337534 0.8370197093457099 0.0197 -0.9942321015196853 -0.043190251587248735 0.09816888751320407 -0.6464 -0.0165473433478992 -0.8425943921821956 -0.5382944135798206 1.4498 0.0 0.0 0.0 1.0 
0.10796140293116945 -0.5380333700932656 0.8359811170972806 0.0198 -0.9940182595151752 -0.044469451500359025 0.09975052698447084 -0.6476 -0.0164934904600606 -0.8417497018409574 -0.5396159784727501 1.4495 0.0 0.0 0.0 1.0 
0.1079028782300456 -0.5357303777777681 0.8374663761583279 0.0201 -0.9940341742345268 -0.04466047734525727 0.09950629234966124 -0.6488 -0.015906895471915372 -0.8432072130202538 -0.5373532977353559 1.4493 0.0 0.0 0.0 1.0 
0.1091102161333575 -0.5350037571405697 0.8377743971862633 0.0202 -0.9939276052417112 -0.04664237292764392 0.09966144984976089 -0.6498 -0.01424346424890477 -0.8435611826614318 -0.5368441625211523 1.4493 0.0 0.0 0.0 1.0 
0.11057656386696323 -0.5321234334898362 0.8394149599896126 0.0199 -0.9937227934972541 -0.044777309045529706 0.10251830216431734 -0.6506 -0.01696564786232918 -0.8454819005310692 -0.533734505786334 1.4492 0.0 0.0 0.0 1.0 
0.11212952347093512 -0.5335320416095387 0.8383141001689871 0.0198 -0.993548154323819 -0.04576187654681671 0.10376856795121853 -0.6518 -0.017001029554522817 -0.8445409470421616 -0.5352210326241065 1.4491 0.0 0.0 0.0 1.0 
0.11285180922846456 -0.5362051032463979 0.8365097467491831 0.0197 -0.9934648424434651 -0.046411189062812414 0.10427659544958945 -0.6533 -0.01709023061996834 -0.8428108262132707 -0.5379385050682473 1.4487 0.0 0.0 0.0 1.0 
0.11116564422576666 -0.5388741191147821 0.8350190915734426 0.0196 -0.9935986956692302 -0.04327543646549972 0.1043497415575364 -0.6549 -0.020095559416806796 -0.841273986491314 -0.5402353636561916 1.4489 0.0 0.0 0.0 1.0 
0.11135385427350579 -0.5398377407986604 0.8343713398408605 0.0193 -0.993568729470235 -0.04313121280218343 0.10469421331246215 -0.6569 -0.020530439774573528 -0.8406633762045368 -0.5411687250304211 1.4488 0.0 0.0 0.0 1.0 
0.11406786219210517 -0.5366254056013698 0.8360751741787862 0.0197 -0.9932096809651704 -0.042224140695571344 0.10840503484425695 -0.6592 -0.022870340005930634 -0.8427634875845569 -0.5377979653571844 1.4485 0.0 0.0 0.0 1.0 
0.11157778994722597 -0.53657932612756 0.8364406874148254 0.0197 -0.9934758458703894 -0.04025542441650279 0.10670166107967011 -0.662 -0.02358263052770554 -0.8428891549768216 -0.5375702111909224 1.4484 0.0 0.0 0.0 1.0 
0.10950327301232195 -0.5405017493914991 0.8341863653311037 0.0195 -0.9937048705517287 -0.03955389254295799 0.10481469279863298 -0.6639 -0.023657206964486532 -0.840412606098593 -0.5414305016058942 1.4488 0.0 0.0 0.0 1.0 
0.10896945438585229 -0.5415477562599471 0.8335776422749511 0.0194 -0.9937274583377673 -0.03814919372249445 0.1051207760810603 -0.6661 -0.025127605465115166 -0.8398039453992463 -0.5423079722219183 1.4487 0.0 0.0 0.0 1.0 
0.10951147537134792 -0.5410374410753915 0.8338379483548246 0.0193 -0.9936432285972943 -0.03757402266307025 0.10611940012863164 -0.6686 -0.02608392272523824 -0.8401587232038404 -0.5417129763996396 1.4491 0.0 0.0 0.0 1.0 
0.11074676916109057 -0.5413399026886987 0.8334784117644383 0.019 -0.9934763957167589 -0.03734855329328529 0.1077484882517471 -0.6722 -0.027199343264468323 -0.8399739253833354 -0.5419446469909015 1.449 0.0 0.0 0.0 1.0 
0.11134986318185637 -0.538779524655392 0.8350555860429242 0.0189 -0.9934636803768154 -0.039107363178731175 0.10724052367160158 -0.674 -0.02512217628977198 -0.8415386134678056 -0.5396124890151719 1.4488 0.0 0.0 0.0 1.0 
0.11301897871085873 -0.5426779370330026 0.8323024492987865 0.019 -0.9932920579721183 -0.04110015861233854 0.10808174929910541 -0.6768 -0.024445818060938707 -0.8389347016422942 -0.5436827828427955 1.4485 0.0 0.0 0.0 1.0 
0.113674388900259 -0.5434201713359892 0.8317287121972627 0.019 -0.9931374523739196 -0.038981970534875454 0.11026516524024682 -0.6786 -0.02749789083536247 -0.8385552595735015 -0.5441221762079029 1.4484 0.0 0.0 0.0 1.0 
0.10977711097771102 -0.5425063342506335 0.8328480432848044 0.0193 -0.99347789934779 -0.033895963389596356 0.10887023088702302 -0.6808 -0.030832603083260246 -0.8393675839367585 -0.5426890542689055 1.4486 0.0 0.0 0.0 1.0 
0.10793469200947908 -0.5392990647276342 0.8351686183308842 0.0195 -0.9935799446897234 -0.0298738227877951 0.10911667252262414 -0.6834 -0.033896840135698214 -0.8415842640496212 -0.5390611567650487 1.4481 0.0 0.0 0.0 1.0 
0.10818639395817933 -0.5405788170584541 0.8343082444216934 0.0195 -0.9935326136943435 -0.02968824103207543 0.10959723477400252 -0.6859 -0.03447679927156905 -0.8407693803250116 -0.5402945487601039 1.4484 0.0 0.0 0.0 1.0 
0.10762334484343415 -0.5411308280422396 0.8340231666968436 0.0192 -0.9936370074820886 -0.03052580384518802 0.10841435634474134 -0.6893 -0.033207122831565905 -0.840384199186256 -0.5409729057460494 1.4487 0.0 0.0 0.0 1.0 
0.1082907675292748 -0.5407180067118685 0.8342044994397143 0.0191 -0.9934068216266635 -0.027095564411366735 0.11139442147091538 -0.6907 -0.037629727789754375 -0.8407674277746333 -0.5400871559106881 1.4491 0.0 0.0 0.0 1.0 
0.10964836644400076 -0.5393851192068431 0.8348897705172711 0.0188 -0.9932580590332059 -0.02766356731314304 0.11257510918981778 -0.6926 -0.03762530932431424 -0.8416046697955819 -0.5387818815406832 1.4498 0.0 0.0 0.0 1.0 
0.10785607989942773 -0.5394670495636222 0.8350702775598282 0.0188 -0.9934106506851705 -0.02573335047108788 0.11168291623519794 -0.6943 -0.038760097187627685 -0.8416133893354196 -0.5386878110346969 1.4505 0.0 0.0 0.0 1.0 
0.10431309034936198 -0.5437089203018843 0.8327661071188748 0.0179 -0.9939064946744021 -0.02700251594845271 0.10686788093948812 -0.6963 -0.03561824007175113 -0.838839361330054 -0.5432125429862407 1.451 0.0 0.0 0.0 1.0 
0.10623281053939837 -0.5407412388102264 0.834454014679588 0.018 -0.9936824286356192 -0.027188283037366534 0.10888539060084279 -0.6979 -0.036191449069059634 -0.8407494929617633 -0.5402133551651792 1.4517 0.0 0.0 0.0 1.0 
0.10492158970195414 -0.5441846894715332 0.8323788102535923 0.0177 -0.9937773693384855 -0.02590408574462627 0.10833059832021036 -0.7005 -0.03738984093433001 -0.8385654429360336 -0.5435163269934028 1.4521 0.0 0.0 0.0 1.0 
0.10473312681829162 -0.5422928333057214 0.8336362846542349 0.0178 -0.9937037699518944 -0.023520315246553958 0.10954274213335713 -0.7024 -0.039796855783542695 -0.8398602727334801 -0.5413417890333132 1.4525 0.0 0.0 0.0 1.0 
0.10729497802592643 -0.5388806778932895 0.835521036649398 0.0183 -0.9933494985944511 -0.022799134628057854 0.11285819909233091 -0.7038 -0.04176794623354707 -0.8420735208124528 -0.5377430838364647 1.453 0.0 0.0 0.0 1.0 
0.10458249586749524 -0.5375742389378261 0.8367057064395717 0.0184 -0.9936800491402625 -0.02199081942043557 0.11007435578654767 -0.7063 -0.04077329394016427 -0.8429296183499754 -0.5364766509454387 1.4531 0.0 0.0 0.0 1.0 
0.1037128518185894 -0.5397093482894845 0.8354384859082058 0.0185 -0.9938380829333561 -0.023206385155292913 0.1083850939907135 -0.7082 -0.03910894116448188 -0.8415315104361596 -0.5387905044300882 1.4537 0.0 0.0 0.0 1.0 
0.1031626403158543 -0.5406508335942937 0.8348976858135714 0.0189 -0.9937765314346654 -0.020564361340592058 0.10947745252945401 -0.7103 -0.042019938276334656 -0.8409957093686322 -0.5394075839389024 1.454 0.0 0.0 0.0 1.0 
0.10257008011013978 -0.5346078981447325 0.8388526532755745 0.0197 -0.9936953042759046 -0.016693081520295278 0.1108647071406163 -0.7125 -0.045266112338231024 -0.8449353444321219 -0.5329495687240534 1.4538 0.0 0.0 0.0 1.0 
0.10220246656695837 -0.5327927027673367 0.8400515411006078 0.0202 -0.9936377810207211 -0.014511656771589332 0.11168425110981811 -0.7147 -0.04731401437044924 -0.8461213551823521 -0.5308860860377985 1.4539 0.0 0.0 0.0 1.0 
0.1007982817059587 -0.5364391618676143 0.8378978052363533 0.0204 -0.9934121847519726 -0.008120029040935922 0.11430790136594743 -0.718 -0.05451548029173914 -0.8438999293418301 -0.5337236847521525 1.454 0.0 0.0 0.0 1.0 
0.10087453213779662 -0.5371755010198911 0.8374167480233541 0.0206 -0.9933429619330305 -0.007320171820363597 0.11496162430408813 -0.7198 -0.05562453365282799 -0.8434387329193207 -0.5343379221685058 1.4541 0.0 0.0 0.0 1.0 
0.10088480212526117 -0.5360848288450233 0.8381141407841469 0.0209 -0.9933805989126696 -0.007766730876095251 0.11460656000161601 -0.7214 -0.05492943112806292 -0.8441283872573533 -0.5333198134536602 1.4541 0.0 0.0 0.0 1.0 
0.09946333442628073 -0.5336829537810119 0.8398151879719612 0.0212 -0.9935215022755779 -0.006636189352602906 0.11345036582997647 -0.7233 -0.05497335373510448 -0.8456585988650804 -0.5308855475002727 1.4543 0.0 0.0 0.0 1.0 
0.10104681929644617 -0.5347752383038564 0.8389308581802946 0.0216 -0.9934678098286147 -0.009298144571259465 0.11373326400779943 -0.7248 -0.05302123295819522 -0.8449431868502082 -0.5322215326825919 1.4547 0.0 0.0 0.0 1.0 
0.10013251055185418 -0.5351373284945852 0.8388095850562636 0.0219 -0.9936758232264412 -0.010731947556276655 0.11177291101560954 -0.7264 -0.050811796522430286 -0.8446969071526944 -0.5328276422829763 1.455 0.0 0.0 0.0 1.0 
0.09833742451350098 -0.5306255510643186 0.8418825782125082 0.0222 -0.9939125199113158 -0.010139833461450476 0.10970454202498875 -0.7279 -0.04967548392909693 -0.8475456969008 -0.5283925036952624 1.4555 0.0 0.0 0.0 1.0 
0.10123774573224126 -0.5340689456548395 0.8393576592407922 0.0227 -0.9937160047430793 -0.013795881081008321 0.11107734054545426 -0.7293 -0.04774327969993486 -0.8453283592500174 -0.5321095228345074 1.4559 0.0 0.0 0.0 1.0 
0.10029588107662367 -0.5279009383510698 0.8433631101293936 0.0232 -0.9938832455333879 -0.013775816560793297 0.10957335956382097 -0.7309 -0.046225863832737635 -0.849194221698513 -0.5260535555879968 1.4562 0.0 0.0 0.0 1.0 
0.09987574133307152 -0.5307821679341992 0.8416027129805612 0.0236 -0.9939461828738821 -0.014305338286184854 0.10893274460398494 -0.7327 -0.04578014682816772 -0.8473875426861014 -0.5289976660220743 1.4566 0.0 0.0 0.0 1.0 
0.09844924209164788 -0.5235676841139172 0.8462769209207879 0.024 -0.9940817135812792 -0.012493880239703298 0.10791408471494118 -0.7341 -0.045927044917865645 -0.8518924715644254 -0.5216990736401272 1.4571 0.0 0.0 0.0 1.0 
0.09846539264829923 -0.5286754531112676 0.843093607927502 0.024 -0.9941722798051684 -0.014896680442154309 0.10676875469349012 -0.7358 -0.043886723705587716 -0.8486933216359137 -0.5270612879855523 1.4581 0.0 0.0 0.0 1.0 
0.09579025826347413 -0.5262114722307889 0.84494124820281 0.0239 -0.9946443315503173 -0.017497127550918895 0.10186512770467482 -0.7378 -0.038818554025617125 -0.8501737099088472 -0.5250693124180729 1.4593 0.0 0.0 0.0 1.0 
0.09610541606570618 -0.5230195881289019 0.8468850331870978 0.0238 -0.9948235238969863 -0.02225151992791702 0.09915153131485277 -0.7398 -0.03301371387802682 -0.8520301522213705 -0.5224506813103112 1.4606 0.0 0.0 0.0 1.0 
0.09355938070616422 -0.5194262377410035 0.8493780229250727 0.0238 -0.9950936266541706 -0.021214589002678252 0.09663651176288218 -0.7419 -0.032176334069145274 -0.8542519094269991 -0.5188625625020529 1.4618 0.0 0.0 0.0 1.0 
0.08983583108279967 -0.513457357226382 0.853399710431028 0.0237 -0.9954807660432806 -0.019808419680110156 0.09287449029555944 -0.7446 -0.030782590721802894 -0.8578864545030866 -0.5129164291466766 1.4627 0.0 0.0 0.0 1.0 
0.09008328248336167 -0.519314092300054 0.8498222612732582 0.0238 -0.9953821512129121 -0.01853851731102779 0.09418437462055029 -0.7479 -0.03315682831300826 -0.854382348199259 -0.5185859888405606 1.4644 0.0 0.0 0.0 1.0 
0.08428502304826428 -0.514642669984793 0.8532519892274948 0.0234 -0.9959476766947359 -0.016549452440048656 0.08839876079613551 -0.7508 -0.031372921064372894 -0.8572450278974255 -0.513952042479676 1.4652 0.0 0.0 0.0 1.0 
0.08602389259942783 -0.5167238817188123 0.8518194174609337 0.0233 -0.9958657061302377 -0.019556731210386202 0.08870755107704997 -0.7534 -0.029178506743231802 -0.8559287145117911 -0.5162699394875008 1.466 0.0 0.0 0.0 1.0 
0.08380051338009571 -0.5137937403593246 0.8538111420711302 0.0232 -0.9961614482729438 -0.02144424608807452 0.08486762212095617 -0.7581 -0.025295116761614556 -0.8576456941402373 -0.5136185553411473 1.4671 0.0 0.0 0.0 1.0 
0.08267778909245506 -0.5173527887379337 0.8517690268939497 0.0229 -0.9962840575636855 -0.022209689472011823 0.08321542127511755 -0.7603 -0.0241342046734917 -0.8554839692704004 -0.5172665835776928 1.4679 0.0 0.0 0.0 1.0 
0.0848345351859101 -0.5127083839949611 0.8543612904509814 0.0232 -0.9960437700461904 -0.02087068542325779 0.08637836906387625 -0.7625 -0.02645580828404931 -0.8583091095119748 -0.5124505466255243 1.4678 0.0 0.0 0.0 1.0 
0.0867565785570698 -0.5148597120349433 0.8528732455648764 0.0233 -0.995802195707635 -0.019744498024398344 0.08937640528471397 -0.7647 -0.029176756175488316 -0.8570470417200329 -0.5144113968197207 1.468 0.0 0.0 0.0 1.0 
0.08559543544236878 -0.5157906404040884 0.8524279656973786 0.0231 -0.9958321806000938 -0.0172477892171449 0.08955881781478903 -0.767 -0.03149110211937506 -0.8565410258934834 -0.515117250195182 1.4675 0.0 0.0 0.0 1.0 
0.08280781207064841 -0.5243188140615449 0.8474860750957314 0.023 -0.9960843885009343 -0.01712371267899354 0.08673332375049164 -0.7708 -0.030963805399086552 -0.8513498456481818 -0.5236837624655029 1.4673 0.0 0.0 0.0 1.0 
0.08215547199672447 -0.5239949009811716 0.8477498582522603 0.0233 -0.996112159135209 -0.01603405873551167 0.08662260319026471 -0.7727 -0.03179693136117567 -0.8515704625609076 -0.5232749778556341 1.4672 0.0 0.0 0.0 1.0 
0.08051741803857564 -0.5244340157081642 0.8476354809472116 0.0235 -0.9962824927139697 -0.01621191094522409 0.08460714305035583 -0.7748 -0.030629072856364847 -0.8512967385769274 -0.5237897696445076 1.4672 0.0 0.0 0.0 1.0 
0.08270454436719553 -0.5169534828763407 0.8520088349794476 0.0241 -0.9960900901540453 -0.016238106705558475 0.08683810331602682 -0.7771 -0.031056249579120676 -0.8558594630151845 -0.516275206580211 1.467 0.0 0.0 0.0 1.0 
0.083199260236708 -0.5183532066717697 0.8511097674384651 0.0242 -0.9960804125578359 -0.017521527970799394 0.08669952581288981 -0.7789 -0.030028233625639666 -0.8549871046926159 -0.5177792541176809 1.4669 0.0 0.0 0.0 1.0 
0.08498328117519195 -0.5203397952069709 0.8497201536062717 0.0245 -0.9959332469387555 -0.018757831246097756 0.08811986954694734 -0.7806 -0.029913367625968856 -0.8537532672212216 -0.5198178037989495 1.4665 0.0 0.0 0.0 1.0 
0.08615138007143036 -0.5200568328083229 0.8497757529849649 0.0248 -0.9958139323972756 -0.018805432123775445 0.08944812891342363 -0.7824 -0.030537710380156735 -0.8539246139865124 -0.5194999536792313 1.4665 0.0 0.0 0.0 1.0 
0.08728727378072619 -0.5223171812351108 0.8482721815682375 0.025 -0.9957266094364767 -0.01996751087651283 0.09016550210326763 -0.7854 -0.030157106891520125 -0.8525174840998893 -0.5218280255102523 1.4664 0.0 0.0 0.0 1.0 
0.08919029901350103 -0.5197373564128849 0.8496576786629004 0.0254 -0.9956249636915402 -0.022663949554609403 0.09064919781667125 -0.787 -0.027857175666282874 -0.8540254245275912 -0.519484891045318 1.4669 0.0 0.0 0.0 1.0 
0.09001613945819806 -0.5218598539464279 0.8482684642706314 0.0256 -0.9956290321459751 -0.025859580764061724 0.08974470697916459 -0.7885 -0.02489829281519873 -0.8526391821407929 -0.5219066009289102 1.4673 0.0 0.0 0.0 1.0 
0.09121930534401897 -0.5219740299159814 0.8480696613049099 0.026 -0.9955513951440649 -0.027626751687226225 0.09007875564148382 -0.7903 -0.023589361145661514 -0.8525138560073275 -0.5221720668096457 1.4678 0.0 0.0 0.0 1.0 
0.09335095512118152 -0.5225858507651691 0.8474606939309971 0.0265 -0.9954156911312673 -0.03119347252241711 0.09041332380603173 -0.7935 -0.02081348187171672 -0.8520158424888807 -0.5231020962683461 1.469 0.0 0.0 0.0 1.0 
0.09151691394029642 -0.5271618579488425 0.8448224843047023 0.0267 -0.9956162870084168 -0.0319873963601329 0.08789206743315331 -0.7955 -0.01930967390761945 -0.8491626357759887 -0.5277783194633494 1.4692 0.0 0.0 0.0 1.0 
0.09347194038230881 -0.5201217238398808 0.8489619477638539 0.027 -0.9954494722383682 -0.03295257038417726 0.08941183548854004 -0.7978 -0.01852955966881059 -0.8534562206082432 -0.5208350361905134 1.4692 0.0 0.0 0.0 1.0 
0.09290292359431788 -0.5194477899716657 0.8494368959970955 0.0276 -0.9954786910739614 -0.031510691703039495 0.08960609313025852 -0.7995 -0.019779342893556706 -0.8539209974007831 -0.5200266414259473 1.4694 0.0 0.0 0.0 1.0 
0.08998007524392355 -0.5220023297880921 0.8481846224466117 0.0278 -0.9957926937387832 -0.032330799669783306 0.08574164967604525 -0.8016 -0.01733485377945787 -0.8523310900633132 -0.5227152339045883 1.4694 0.0 0.0 0.0 1.0 
0.08933472162768416 -0.5203914982069866 0.8492420126828348 0.0281 -0.995862514862619 -0.03241713305617447 0.08489393957119867 -0.804 -0.016648093080116555 -0.8533122629367904 -0.5211343616750765 1.4696 0.0 0.0 0.0 1.0 
0.08852849853897748 -0.5261835110349784 0.8457503282064616 0.0285 -0.9959277408478324 -0.03222661897529111 0.08419845627536732 -0.8057 -0.017048165771360868 -0.8497601766053318 -0.5268937296073166 1.4698 0.0 0.0 0.0 1.0 
0.08801094401499625 -0.5286822829646814 0.8442447023303383 0.029 -0.9959666265384383 -0.03185562510068435 0.08387906753825725 -0.8084 -0.01745143418840045 -0.8482218240700348 -0.5293535535122729 1.4698 0.0 0.0 0.0 1.0 
0.08743304847302 -0.5288616005158333 0.8441924363168305 0.0294 -0.9960202609659925 -0.03169834195523616 0.08329978909052127 -0.8105 -0.01729455925864959 -0.8481159252231504 -0.5295283520293592 1.4701 0.0 0.0 0.0 1.0 
0.08725022703394546 -0.5306567053438647 0.8430841351585971 0.0298 -0.9960244771349058 -0.031209836047245282 0.08343372868355736 -0.8127 -0.017962149945437045 -0.847012046672005 -0.5312701327590691 1.4702 0.0 0.0 0.0 1.0 
0.0860223571029832 -0.530304125917078 0.8434320886199259 0.0306 -0.9961452018985217 -0.031189217369394534 0.08198761768973295 -0.8152 -0.017172385186688066 -0.8472335963329172 -0.5309428805735994 1.4704 0.0 0.0 0.0 1.0 
0.08775506761437224 -0.5265320455849032 0.8456140095103523 0.0319 -0.9959996371824185 -0.03202283130925354 0.08342218534316764 -0.8195 -0.016845499116609486 -0.8495519661840094 -0.5272358920942275 1.4707 0.0 0.0 0.0 1.0 
0.08742347192798886 -0.5255548427091766 0.8462560155537975 0.0324 -0.9960398527057922 -0.03231962018360954 0.08282544278789822 -0.8217 -0.01617863955591825 -0.850145604856086 -0.5262990615287089 1.4712 0.0 0.0 0.0 1.0 
0.08657236288476898 -0.5242645822213017 0.8471433608385726 0.0329 -0.9961074039140427 -0.031390342407964816 0.08236920705662365 -0.8232 -0.016591137760083807 -0.8509766707917643 -0.5249413680745606 1.4714 0.0 0.0 0.0 1.0 
0.08621247779884339 -0.5251540703793154 0.8466289689325666 0.0336 -0.9961529645930272 -0.03204162055140186 0.08156350706635257 -0.8252 -0.01570604355994515 -0.8504037493546679 -0.5258961715768771 1.4718 0.0 0.0 0.0 1.0 
0.08710072846203468 -0.5218205414949922 0.8485969511937077 0.0343 -0.996085733547165 -0.0327452320452257 0.08210335682607861 -0.8269 -0.015055714037831902 -0.852426578804402 -0.5226301304198158 1.472 0.0 0.0 0.0 1.0 
0.08776100070932244 -0.5242077633534503 0.8470562127713078 0.0352 -0.9960499789875263 -0.034648731702783736 0.0817551512159106 -0.83 -0.013507261508026502 -0.8508852368159653 -0.5251779390408476 1.4725 0.0 0.0 0.0 1.0 
0.08665427741621627 -0.5288232061960252 0.8442967800448071 0.0357 -0.996142133400929 -0.03420943032946505 0.08081191087939177 -0.8314 -0.013852301935732891 -0.8480422934412467 -0.5297474702780481 1.4729 0.0 0.0 0.0 1.0 
0.08786206754888365 -0.5273675565710942 0.8450820772932469 0.0364 -0.9960188799310714 -0.03368863686632456 0.08253160950171307 -0.8329 -0.01505483001862673 -0.8489691019244003 -0.528227996295906 1.473 0.0 0.0 0.0 1.0 
0.08789805205027462 -0.5277778194452085 0.844822174038672 0.0368 -0.9960229270604823 -0.034161706525697666 0.0822879491609877 -0.8348 -0.014569187198893219 -0.8486952050700611 -0.5286815560197374 1.473 0.0 0.0 0.0 1.0 
0.08878402180426055 -0.5268740416643182 0.8452935239859389 0.0372 -0.9959473833883162 -0.034723798710934256 0.08296425329651869 -0.8366 -0.014359909269455018 -0.849233773482537 -0.5278217416726827 1.473 0.0 0.0 0.0 1.0 
0.08869212055469376 -0.5280952014926957 0.8445408018040934 0.0374 -0.9959608994440755 -0.035113578989196675 0.0826372999868571 -0.8384 -0.013985511433624087 -0.8484588939547743 -0.5290764696515822 1.4729 0.0 0.0 0.0 1.0 
0.08792521545980521 -0.5310397191276007 0.8427727885944265 0.0376 -0.9960410024490102 -0.035747210840808175 0.0813907756289004 -0.8405 -0.01309495806476807 -0.8465925546719519 -0.5320804153953612 1.4727 0.0 0.0 0.0 1.0 
0.08907303403427172 -0.5281914253506657 0.8444405324201115 0.0382 -0.9959447747764991 -0.036464706810476394 0.08224555156733077 -0.8432 -0.012649118677518167 -0.8483419966872192 -0.5292975122305261 1.473 0.0 0.0 0.0 1.0 
0.08583379335521656 -0.5293369626811567 0.8440586116246558 0.0386 -0.9962323372747047 -0.035058157559506614 0.07932247951691768 -0.8474 -0.01239718058402789 -0.8476870327709516 -0.5303517741891192 1.4723 0.0 0.0 0.0 1.0 
0.08752901518210444 -0.526072528990282 0.8459233805392894 0.0388 -0.9960363092750361 -0.03273048341066884 0.08270662646649407 -0.8501 -0.015822202976044974 -0.8498096314454623 -0.5268522071658351 1.4724 0.0 0.0 0.0 1.0 
0.08543168965601722 -0.5351677016832416 0.8404147532484159 0.0383 -0.9961778465288992 -0.030475074357703913 0.08185944006611579 -0.8545 -0.018196826304703373 -0.8441959493612665 -0.5357257456894031 1.4723 0.0 0.0 0.0 1.0 
0.08779047292901918 -0.5331557063026919 0.8414498355218667 0.0383 -0.9959439530272813 -0.030264610483423465 0.08473308551373954 -0.857 -0.01970977654087419 -0.84547563311379 -0.5336501461815076 1.4726 0.0 0.0 0.0 1.0 
0.08751659120154427 -0.5238326431843506 0.8473135241449641 0.0384 -0.9959796102914577 -0.029688981692113814 0.08451733697746 -0.8598 -0.0191170643179851 -0.8513036628022824 -0.5243249102906327 1.4734 0.0 0.0 0.0 1.0 
0.08369296868363875 -0.5333070285762825 0.8417714061810699 0.0376 -0.9964009964206771 -0.033396821160512985 0.077908322201513 -0.865 -0.013436566704389807 -0.8452622466474586 -0.5341827337790782 1.475 0.0 0.0 0.0 1.0 
0.08500422461434078 -0.53162873670566 0.8427011143379715 0.0386 -0.9962786933244994 -0.03325477647024555 0.0795165710373768 -0.8705 -0.014249457019230471 -0.8463244095207569 -0.5324771796274457 1.4758 0.0 0.0 0.0 1.0 
0.08564561796813054 -0.525186897698501 0.8466661388107367 0.0402 -0.9962215168543473 -0.032854371742078836 0.08039452477536607 -0.8761 -0.014405466992801319 -0.8503524638308859 -0.5260163208280345 1.4767 0.0 0.0 0.0 1.0 
0.08580798378582037 -0.527210380638194 0.8453911547123869 0.0409 -0.9962098093190472 -0.03326720260791377 0.08036982672092574 -0.8794 -0.014248008110609833 -0.8490833338241744 -0.528066744348577 1.4771 0.0 0.0 0.0 1.0 
0.08561421499419011 -0.5304026361502836 0.8434116727647054 0.0417 -0.9962156784014733 -0.03284096996399408 0.08047231075914535 -0.882 -0.014984268351207863 -0.8471095054694251 -0.5312070758614998 1.4776 0.0 0.0 0.0 1.0 
0.08484228948160387 -0.5280473481300241 0.8449661437290663 0.0438 -0.9963152021398898 -0.034267865109708695 0.0786239874705773 -0.8881 -0.01256200224766818 -0.8485232533959645 -0.5290089645231522 1.478 0.0 0.0 0.0 1.0 
0.08429398613271838 -0.5285689734684369 0.8446948349483261 0.0451 -0.9963733978640403 -0.034842131627421946 0.07762781648690165 -0.8911 -0.011600686648804814 -0.8481750209421285 -0.5295890462604906 1.4781 0.0 0.0 0.0 1.0 
0.08415744049249413 -0.5302394692274094 0.8436608503914281 0.0464 -0.9963831705239069 -0.034794171160728415 0.07752382311241657 -0.8946 -0.01175171078948234 -0.8471336794902403 -0.5312498718746643 1.478 0.0 0.0 0.0 1.0 
0.08329740350435944 -0.5279250870765856 0.8451962168660079 0.049 -0.9964710167979601 -0.03531963187855236 0.07614483755057333 -0.9004 -0.010346750749466394 -0.848556200872484 -0.5290040819405699 1.4774 0.0 0.0 0.0 1.0 
0.0843112433941176 -0.5293407618207981 0.8442096730743582 0.0506 -0.9963449928874555 -0.03311816383665053 0.07873907779612849 -0.9039 -0.013721129160307932 -0.8477626702674903 -0.5301982511433817 1.4772 0.0 0.0 0.0 1.0 
0.0838483954611461 -0.5307388552505774 0.84337756319806 0.0521 -0.9963654862484241 -0.03190608316618404 0.07897986876371527 -0.9077 -0.015008810463604139 -0.8469346311164156 -0.5314851514616081 1.4768 0.0 0.0 0.0 1.0 
0.08461887198497772 -0.5255854891424322 0.8465220257659573 0.0553 -0.996269523784047 -0.030191665902069703 0.08084243495322047 -0.9141 -0.016931700537684558 -0.8502048911368176 -0.5261795896877168 1.4764 0.0 0.0 0.0 1.0 
0.08564731060065921 -0.5288159467884961 0.8444040695123753 0.0571 -0.9961269856119424 -0.02853130498395698 0.08316846260198257 -0.9177 -0.019888859256859126 -0.8482568355504709 -0.529211464557753 1.4759 0.0 0.0 0.0 1.0 
0.08371256554976896 -0.5292268754747341 0.8443406425396838 0.06 -0.9962482475378632 -0.025787370720699004 0.08261017364132556 -0.9244 -0.02194619891489996 -0.8480883950311806 -0.5294000742034556 1.4751 0.0 0.0 0.0 1.0 
0.08316909271590654 -0.5339219419468345 0.8414334566230024 0.0615 -0.9962753904888116 -0.02525984413476834 0.08244565834932316 -0.9279 -0.022765068046879444 -0.845156376170711 -0.5340341295224611 1.4746 0.0 0.0 0.0 1.0 
0.08544922046372389 -0.5288696094797748 0.8443905298443679 0.0631 -0.9960124836354941 -0.02353040121133071 0.08605493978318834 -0.9315 -0.025642994450654266 -0.8483768363101059 -0.5287713876979914 1.4742 0.0 0.0 0.0 1.0 
0.08231573627871619 -0.5296386801813528 0.8442197510225921 0.0658 -0.9961741376819422 -0.018783323241589656 0.08534795944626128 -0.9383 -0.029346328126897747 -0.8480153626106997 -0.5291585185950537 1.4734 0.0 0.0 0.0 1.0 
0.08260703083710136 -0.5292787209350582 0.8444170261320098 0.067 -0.9960814235877602 -0.016992331350461354 0.08679319246725314 -0.9414 -0.03158917598893185 -0.8482778414179079 -0.5286083878635635 1.4733 0.0 0.0 0.0 1.0 
0.08058590041055361 -0.5251472810185402 0.8471872555072196 0.0691 -0.9962623481400503 -0.015916636567106818 0.08489990788489737 -0.9444 -0.031100584134285292 -0.8508625000076249 -0.5244671197961616 1.473 0.0 0.0 0.0 1.0 
0.08430602554364976 -0.5314981157721629 0.8428536331936133 0.0693 -0.9959093496414889 -0.017345217212632935 0.08867756613999495 -0.9474 -0.03251247996846862 -0.8468818668329645 -0.53078624913972 1.4728 0.0 0.0 0.0 1.0 
0.07989862765892888 -0.5297060089918741 0.8444097070357022 0.0704 -0.9963356302292743 -0.016500947982155817 0.08392276598948017 -0.953 -0.030520832784423024 -0.848020791463034 -0.5290833734039981 1.473 0.0 0.0 0.0 1.0 
0.07954427111286941 -0.5339746871480799 0.8417504038717372 0.0714 -0.9963277897122578 -0.015751370218130584 0.08415954956710947 -0.9558 -0.03168034690797594 -0.8453537294064312 -0.5332667510715708 1.473 0.0 0.0 0.0 1.0 
0.07948742436644315 -0.5370085787616523 0.8398235146171957 0.0717 -0.9963825896689849 -0.017397510624074047 0.08318089701735898 -0.9593 -0.03005801676951142 -0.8433973636195904 -0.5364488816908917 1.4732 0.0 0.0 0.0 1.0 
0.0774431710386626 -0.5361873717028129 0.8405389090850618 0.0736 -0.996525088478784 -0.015699321693655066 0.0818002404074134 -0.9654 -0.030664365178948993 -0.8439529807547269 -0.535539973282465 1.4741 0.0 0.0 0.0 1.0 
0.0746040467991785 -0.5352893642466807 0.8413676560966499 0.0744 -0.9967587565485134 -0.014558276878366999 0.07912040077119514 -0.9687 -0.030103445733797918 -0.8445432807729378 -0.5346404674697148 1.4743 0.0 0.0 0.0 1.0 
0.07463163772880796 -0.533805092886725 0.842307688115282 0.077 -0.9968014316670616 -0.015722675048311846 0.07835625894478154 -0.9757 -0.02858364001334407 -0.8454613653488374 -0.5332710898089895 1.4742 0.0 0.0 0.0 1.0 
0.07427539539901189 -0.5408072788534672 0.8378607597789913 0.0786 -0.9969037568383703 -0.01852277820752818 0.07641862527563636 -0.9816 -0.025808239766862362 -0.8409425627393246 -0.5405085946898098 1.4747 0.0 0.0 0.0 1.0 
0.07607461750512563 -0.5422341751854879 0.8367764049209101 0.0798 -0.9967713219916777 -0.019740918401276925 0.07782819409210073 -0.9846 -0.025682371900048795 -0.83999547344113 -0.5419852584452827 1.4747 0.0 0.0 0.0 1.0 
0.07707907807512689 -0.5427360489451399 0.8363590119670543 0.0809 -0.9966911866132454 -0.020239722657432846 0.07872123064479658 -0.9874 -0.025797175243998216 -0.8396594159551651 -0.5425002958038472 1.4747 0.0 0.0 0.0 1.0 
0.084249559877793 -0.5441079458512924 0.8347745533507146 0.0838 -0.996003041327017 -0.021044244336815315 0.08680484691320423 -0.9928 -0.02966400727701113 -0.8387512641074106 -0.5437061372014206 1.4745 0.0 0.0 0.0 1.0 
0.08978091290971393 -0.5423939975295735 0.8353131982202769 0.0861 -0.9956190382658092 -0.026883785243106834 0.08955441213959325 -0.9969 -0.026117394965118335 -0.8396939999397947 -0.5424314409631363 1.4752 0.0 0.0 0.0 1.0 
0.09215911132094458 -0.546740144739616 0.832215063748931 0.0872 -0.9954008956536345 -0.028637223059145844 0.09141644484119194 -0.999 -0.026148711870294994 -0.836812478148817 -0.5468648107914422 1.475 0.0 0.0 0.0 1.0 
0.09708022442384208 -0.5449316381529732 0.8328414853774596 0.0894 -0.9949076362314193 -0.030351572170116248 0.09611231677163906 -1.0018 -0.027096593775346012 -0.8379309588544388 -0.5451031854603811 1.4754 0.0 0.0 0.0 1.0 
0.09838692366844477 -0.5497431991135805 0.8295193959633647 0.0902 -0.9947657663308774 -0.031222099590623886 0.09729465881175131 -1.0038 -0.02758773979871415 -0.8347500197816824 -0.5499375610806005 1.4758 0.0 0.0 0.0 1.0 
0.10030936733123617 -0.5486970366187254 0.8299816822264431 0.0913 -0.9945078682777282 -0.030251199264208606 0.10019463496997166 -1.007 -0.029868558038443127 -0.8354737739444047 -0.5487179988771991 1.4764 0.0 0.0 0.0 1.0 
0.10353449174224326 -0.5498371754658069 0.828830314054366 0.0925 -0.9941985487816953 -0.03278601688506355 0.10244180151277832 -1.0093 -0.02915226612197591 -0.8346281552719128 -0.5500418055087792 1.4768 0.0 0.0 0.0 1.0 
0.1009225009722356 -0.5520197073330364 0.8277009674474581 0.093 -0.9944554900638476 -0.03126606798619497 0.10040274535367744 -1.0115 -0.02954533938511883 -0.8332446673748544 -0.5521144783575112 1.4771 0.0 0.0 0.0 1.0 
0.10310844076480176 -0.5540125000406233 0.8260985408786226 0.0953 -0.9943363181403082 -0.03589541084365133 0.10003402374962717 -1.0164 -0.025766953064474962 -0.8317341337705837 -0.5545758693368017 1.4772 0.0 0.0 0.0 1.0 
0.10327644055317292 -0.553062581391528 0.8267138307124215 0.0961 -0.9944068526929215 -0.0389329371308163 0.09817961969638234 -1.0185 -0.022113076313016677 -0.8322295401335544 -0.5539900760709233 1.4774 0.0 0.0 0.0 1.0 
0.10613176913174846 -0.5590135093364114 0.8223380958950859 0.0988 -0.9940594351282946 -0.03958582273516023 0.10138442716115881 -1.023 -0.024122334326949157 -0.828213051706969 -0.5598939667194571 1.4773 0.0 0.0 0.0 1.0 
0.11026733144033245 -0.5589120137053518 0.8218628088390768 0.1009 -0.9936309179716358 -0.04268053980982761 0.10428792054876923 -1.0266 -0.023210223348183345 -0.8281278478938929 -0.5600585264726867 1.4776 0.0 0.0 0.0 1.0 
0.113342989151804 -0.5650512170371196 0.8172334360114031 0.1016 -0.9933234855184723 -0.04665400290474536 0.10550761645681073 -1.0293 -0.02148999598807544 -0.8237357137685812 -0.5665665485488873 1.4769 0.0 0.0 0.0 1.0 
0.11126330797963918 -0.5634960080435673 0.8185919161684849 0.1024 -0.9935146468993431 -0.043647795439302695 0.104992934761165 -1.0324 -0.023433367105506364 -0.8249649197828067 -0.5646979355671895 1.4773 0.0 0.0 0.0 1.0 
0.11100808478974922 -0.5640356717321817 0.8182548295762989 0.1022 -0.9935392397193445 -0.043431964020528735 0.10484962393459502 -1.0346 -0.02360051374903427 -0.8246074372178229 -0.565212871611958 1.4775 0.0 0.0 0.0 1.0 
0.10812395164644004 -0.5625598239463081 0.8196558153041174 0.1011 -0.9938100823437526 -0.04000845513441301 0.10363804200032817 -1.038 -0.02550943574958925 -0.8257879679428957 -0.5634034972277694 1.4771 0.0 0.0 0.0 1.0 
0.10478676010273678 -0.5703092268084295 0.8147190440417746 0.0997 -0.9941563706280119 -0.03870339337702135 0.10077280427200086 -1.0407 -0.02593926843438249 -0.8205177835722242 -0.5710321542564956 1.4761 0.0 0.0 0.0 1.0 
0.10172032335504166 -0.5687673506151466 0.8161842173742231 0.0986 -0.9943982392534646 -0.03444270995241916 0.09992918242807347 -1.0426 -0.028724860071990432 -0.8217769774125829 -0.5690847755901437 1.4758 0.0 0.0 0.0 1.0 
0.09544684217760506 -0.5723484019553646 0.8144367422319942 0.0971 -0.9949502121673177 -0.029333618838039283 0.09598757270643932 -1.0462 -0.03104795688177714 -0.8194857201837046 -0.5722579652468477 1.4747 0.0 0.0 0.0 1.0 
0.08920063209872069 -0.5738000538706636 0.8141232986539645 0.0961 -0.9953759896994283 -0.02211092414270295 0.0934759122097199 -1.0484 -0.035635464962201824 -0.8186968945901647 -0.573119104920913 1.4739 0.0 0.0 0.0 1.0 
0.07868017139576151 -0.5791719091544104 0.8113996119518231 0.0943 -0.9960578478845267 -0.012225778586617927 0.08785951289186728 -1.0528 -0.04096576981796862 -0.8151137527881531 -0.5778506517421563 1.4724 0.0 0.0 0.0 1.0 
0.07206785784450827 -0.5787800026891683 0.8122930089277083 0.0933 -0.9965683753518781 -0.008540284194776399 0.08233186985845975 -1.0555 -0.040714826712410945 -0.8154390057098071 -0.5774093269534009 1.4719 0.0 0.0 0.0 1.0 
0.06951216716937751 -0.5799165311567692 0.8117049189862757 0.0927 -0.9967594830293579 -0.00735875645816271 0.08010232015638824 -1.058 -0.04047952082798889 -0.8146426612905129 -0.5785488249050783 1.4717 0.0 0.0 0.0 1.0 
0.05884766882059049 -0.5872652978728552 0.8072523903889595 0.0918 -0.9974478925011128 -0.0018394649515032918 0.0713744920386899 -1.0637 -0.04043084984848716 -0.8093924179796839 -0.5858747819265907 1.4708 0.0 0.0 0.0 1.0 
0.05576731574980526 -0.5858767132552428 0.80847911745406 0.0914 -0.9977320186683919 -0.0021306157998983166 0.06727762927013065 -1.0663 -0.0376938379308534 -0.8103973947030847 -0.5846667745310103 1.4711 0.0 0.0 0.0 1.0 
0.053400813389932494 -0.5919332036600977 0.8042160378492751 0.09 -0.9979570800303639 -0.0033495191374457722 0.06380005594682076 -1.0723 -0.03507163450087819 -0.8059800637275347 -0.5909027985440547 1.471 0.0 0.0 0.0 1.0 
0.05445544440594109 -0.5933560611226515 0.8030960025448789 0.0886 -0.997784911041092 -0.0015595692670023892 0.06650442874291845 -1.0759 -0.03820832204208868 -0.8049386016788573 -0.5921266517004738 1.4706 0.0 0.0 0.0 1.0 
0.056683726982548116 -0.5950762174436807 0.801667793121496 0.088 -0.9976899926312958 -0.0036517935630781817 0.06783319988868453 -1.0775 -0.03743839872021126 -0.8036609731949751 -0.593908584265771 1.4704 0.0 0.0 0.0 1.0 
0.06014503544409994 -0.5953244882375439 0.8012311329548633 0.0876 -0.9975453177265616 -0.007011423732117661 0.0696719385338278 -1.0784 -0.035859640171657436 -0.8034547863084485 -0.5942848580982056 1.4707 0.0 0.0 0.0 1.0 
0.0701427580623627 -0.5970250277900427 0.7991502422471655 0.0864 -0.9969283389430131 -0.013974078628194442 0.0770623912087956 -1.0808 -0.03484078793209583 -0.802100892231639 -0.5961713496784956 1.4711 0.0 0.0 0.0 1.0 
0.0757777980893442 -0.5985799095336697 0.7974708880074522 0.0854 -0.9965675285906879 -0.018731260567643238 0.08063684540081856 -1.0842 -0.03332996062672511 -0.8008440745739529 -0.5979447147892605 1.4715 0.0 0.0 0.0 1.0 
0.07536832112254431 -0.6002713570912485 0.7962373477971252 0.0838 -0.9966908642505962 -0.020968886132159095 0.07853424051823654 -1.0879 -0.03044564485388207 -0.7995214841830127 -0.5998653674277453 1.4721 0.0 0.0 0.0 1.0 
0.0773556558295815 -0.6021297355088806 0.7946419848756927 0.0815 -0.9965754125028119 -0.023342387196845893 0.07932578493026493 -1.0931 -0.02921557300525618 -0.7980569619870237 -0.6018733552152119 1.4728 0.0 0.0 0.0 1.0 
0.07734466449290534 -0.595816077999393 0.7993878933733616 0.0803 -0.9965833513757848 -0.022902196245536577 0.07935435191430823 -1.0969 -0.028972860319423976 -0.8027943015521175 -0.5955517465009729 1.473 0.0 0.0 0.0 1.0 
0.0821825044893465 -0.5966189389820895 0.798305629194574 0.0783 -0.9962669118055916 -0.027942157134530743 0.08167910562695435 -1.102 -0.026424920003824293 -0.8020380773395708 -0.5966880643185657 1.474 0.0 0.0 0.0 1.0 
0.08518170491291666 -0.6018872951393043 0.7940250380800477 0.0768 -0.9960192027561358 -0.03043181760953728 0.08378336480478588 -1.1049 -0.026264517683764255 -0.7980009952543118 -0.602083537961276 1.4743 0.0 0.0 0.0 1.0 
0.09243538016978946 -0.593767278731339 0.7993097767454411 0.0756 -0.9953655650051898 -0.03372448357755775 0.09005582273971152 -1.1083 -0.02651589136283733 -0.8039297717558465 -0.5941328383365345 1.4749 0.0 0.0 0.0 1.0 
0.09289259099451079 -0.5965350493739472 0.7971931393374818 0.0735 -0.9953170356514183 -0.034132705712812544 0.09043758589655404 -1.1113 -0.026738830946782033 -0.8018608939642496 -0.5969121724763656 1.4746 0.0 0.0 0.0 1.0 
0.09510750971332968 -0.5957637678644344 0.7975086798876242 0.0728 -0.9951174241566335 -0.03566978714145212 0.09202705268099204 -1.1133 -0.026379418795634546 -0.8023672470790764 -0.5962473707101347 1.4746 0.0 0.0 0.0 1.0 
0.10126233344137937 -0.5969104729469935 0.7958918438532987 0.0708 -0.9944540176017608 -0.03788626313113605 0.09811135480501448 -1.1179 -0.028410327377980327 -0.801412826421037 -0.5974364693807377 1.4737 0.0 0.0 0.0 1.0 
0.10573412540339554 -0.593359016501195 0.7979632649827393 0.0688 -0.993949076104647 -0.03904957432455737 0.10266627905884901 -1.1228 -0.02975783654598596 -0.8039901792197497 -0.5938975188383068 1.4737 0.0 0.0 0.0 1.0 
0.10232139369769916 -0.5898992983814129 0.8009676336537435 0.067 -0.9943671020715483 -0.038275085887075566 0.0988386772380524 -1.1271 -0.02764776138480929 -0.8065691759356131 -0.5904928159774299 1.4742 0.0 0.0 0.0 1.0 
0.10755704850163286 -0.5898753272934925 0.8002990563333262 0.065 -0.9937862199623273 -0.040597578258909056 0.10363776171116723 -1.1324 -0.02864315503931647 -0.8064731457958826 -0.5905765274538828 1.475 0.0 0.0 0.0 1.0 
0.10685834888579221 -0.5833952321500144 0.8051281242001382 0.0631 -0.9938666218159011 -0.03948875487662558 0.10329460914559996 -1.1367 -0.028468075341525678 -0.8112278603098667 -0.5840367517061102 1.4758 0.0 0.0 0.0 1.0 
0.10873025887353074 -0.578940615754765 0.8080875535700254 0.0616 -0.9937357078015381 -0.04218161681351061 0.10348939193547463 -1.1414 -0.025827772754751843 -0.8142778853883308 -0.5799003806879568 1.4771 0.0 0.0 0.0 1.0 
0.10887361176647428 -0.5755260226921679 0.8105037531468053 0.0598 -0.9936720249793063 -0.040361576630152676 0.10481817545375205 -1.1447 -0.027612378283086603 -0.8167868389831358 -0.5762784190211266 1.4781 0.0 0.0 0.0 1.0 
0.11119813390802384 -0.5676208033326191 0.8157460380776638 0.0598 -0.9934469693855961 -0.04166675916963977 0.10642838060815274 -1.1478 -0.02642146918601962 -0.8222350666350416 -0.5685344326966669 1.4787 0.0 0.0 0.0 1.0 
0.11095601419348802 -0.5646806897707408 0.8178168997485531 0.0563 -0.9934451585176134 -0.04026118043587987 0.1069848324194772 -1.1546 -0.027485995201349145 -0.8243268501935079 -0.5654465174690188 1.4797 0.0 0.0 0.0 1.0 
0.11148379117703405 -0.5611512230164606 0.8201711219080601 0.0544 -0.9932683196478205 -0.03679709002359505 0.1098363298266582 -1.1596 -0.0314548802062648 -0.8268949625393336 -0.5614760114539922 1.4795 0.0 0.0 0.0 1.0 
0.11217371873310468 -0.5581604508754048 0.8221155441324235 0.0532 -0.9931086346873592 -0.03470908309719831 0.11193980194712122 -1.1631 -0.03394549358891802 -0.8290067494472626 -0.5582074102301832 1.479 0.0 0.0 0.0 1.0 
0.1059525695938308 -0.556535368246153 0.8240403126592677 0.0513 -0.9937465066510606 -0.029893116997347202 0.10758383742457278 -1.1684 -0.03524107710156482 -0.8302859660666932 -0.556222330581414 1.4784 0.0 0.0 0.0 1.0 
0.10600500018406185 -0.5543302661445488 0.8255185618579941 0.0502 -0.9936584590047282 -0.027748888405457584 0.108962681871412 -1.1722 -0.03749408999197229 -0.8318340911674486 -0.5537564789574012 1.4777 0.0 0.0 0.0 1.0 
0.10138891908379152 -0.5555966739575109 0.8252470072495701 0.0484 -0.9941231707897327 -0.02494725869938688 0.10534113907849113 -1.1768 -0.037939535922155376 -0.8310775957579037 -0.5548609027885044 1.4767 0.0 0.0 0.0 1.0 
0.10008399177148197 -0.557331648151888 0.8242357845661554 0.0473 -0.994250280200877 -0.024321518125522634 0.10428252047465653 -1.1798 -0.038073283435543226 -0.8299336706775848 -0.556561341959776 1.476 0.0 0.0 0.0 1.0 
0.09391689879347256 -0.5576956078182591 0.8247152388195811 0.045 -0.9948355047931341 -0.020539550110062338 0.09940042899437546 -1.1839 -0.038495902691147166 -0.8297913809515609 -0.5567444023737418 1.4758 0.0 0.0 0.0 1.0 
0.08970083282344012 -0.554497884678802 0.82733660409625 0.0436 -0.9953303363178854 -0.02017022909877131 0.09439641658150044 -1.1869 -0.03565504446928025 -0.8319406575861267 -0.5537178523933075 1.4761 0.0 0.0 0.0 1.0 
0.07592847417059416 -0.5431007643143957 0.8362274969236809 0.0414 -0.9965118032262967 -0.01220652364168856 0.08255438698978562 -1.1925 -0.03462791996063003 -0.8395787995070529 -0.5421331446955591 1.4773 0.0 0.0 0.0 1.0 
0.06456140508784042 -0.5473706907005113 0.8343962799144835 0.0394 -0.9974179518278029 -0.00904168394924304 0.07124378796072595 -1.1965 -0.031452413972772486 -0.8368414275795668 -0.546541097029197 1.4778 0.0 0.0 0.0 1.0 
0.05402266420252068 -0.5429546621451659 0.8380225454051282 0.0369 -0.998210389281955 -0.007812638512584597 0.059287278644233665 -1.2029 -0.025643137133139926 -0.8397256680215868 -0.5424050442092795 1.4798 0.0 0.0 0.0 1.0 
0.04909733187794038 -0.5379641908736741 0.8415366785471091 0.0355 -0.9984307576108256 -0.0037136319888848857 0.05587692899689434 -1.2074 -0.02693462936704749 -0.8429595116463686 -0.537302324083728 1.4802 0.0 0.0 0.0 1.0 
0.03771931756072616 -0.5359821684651735 0.8433862508780441 0.0331 -0.9987003455658843 0.008730073923608306 0.05021359951120097 -1.2137 -0.03427641826877548 -0.8441841629032485 -0.5349562844326676 1.4814 0.0 0.0 0.0 1.0 
0.034159833601863546 -0.5351744000392992 0.8440506307745226 0.0321 -0.9987477256536509 0.01260830991006863 0.048414987585164715 -1.2185 -0.03655251386639469 -0.8446474957423292 -0.5340735170987784 1.4817 0.0 0.0 0.0 1.0 
0.027757414337903644 -0.5317876552362527 0.8464227169019047 0.0314 -0.9990220881660025 0.014394126112262276 0.041805220845055835 -1.2243 -0.034415015701195595 -0.846755394946966 -0.5308680700724934 1.4823 0.0 0.0 0.0 1.0 
0.026955175846681473 -0.5322494132463964 0.8461583661430886 0.0316 -0.9991207020927291 0.012847709422451586 0.039909385015663656 -1.2278 -0.03211294357119432 -0.8464901053535493 -0.5314350951844735 1.4822 0.0 0.0 0.0 1.0 
0.026118597850683628 -0.5318380422697396 0.8464432146582574 0.0328 -0.9992514938174241 0.010280170228057633 0.03729303157063718 -1.2324 -0.02853543323590252 -0.8467836883731126 -0.5311714545749485 1.4818 0.0 0.0 0.0 1.0 
0.02266319614514345 -0.5306670251643473 0.847277338268709 0.0338 -0.9993321764150553 0.012273429407445358 0.034417497179905554 -1.2351 -0.028663229441831972 -0.8474915169686372 -0.5300344780711558 1.4813 0.0 0.0 0.0 1.0 
0.02344040780354402 -0.5293878094855466 0.8480560679873105 0.0355 -0.9992748022336089 0.013054679791586213 0.0357693298304641 -1.2393 -0.03000694757860145 -0.8482795072991174 -0.5286978916104939 1.4811 0.0 0.0 0.0 1.0 
0.0240859761361224 -0.5279568271082573 0.8489295933487957 0.0365 -0.9991796448878993 0.014940624342196895 0.037640602890448405 -1.2424 -0.032556151419681434 -0.8491397802800471 -0.5271638555048058 1.4811 0.0 0.0 0.0 1.0 
0.026914546922762086 -0.5251225960961786 0.850600885394056 0.0383 -0.9990690025591554 0.01456871346805523 0.04060641221949918 -1.2472 -0.03371550517783506 -0.8509018813336207 -0.5242415979808432 1.4816 0.0 0.0 0.0 1.0 
0.027140054275808553 -0.527604079090464 0.8490567432044869 0.0402 -0.9990447709672775 0.014784325484055713 0.04112139738532733 -1.2515 -0.03424854824436607 -0.8493617365098838 -0.5266988489602654 1.4819 0.0 0.0 0.0 1.0 
0.03013807999201598 -0.5239965748250038 0.8511869863349999 0.042 -0.9989502276633383 0.013601260710796897 0.043742980676240995 -1.2577 -0.03449838816176648 -0.8516117632341287 -0.5230365818329527 1.4833 0.0 0.0 0.0 1.0 
0.03140066492269193 -0.5213503033128775 0.852764832458506 0.0431 -0.9989083824467899 0.013151971483701438 0.04482264074806325 -1.2631 -0.03458383610808463 -0.8532414001217141 -0.5203682075207771 1.4842 0.0 0.0 0.0 1.0 
0.032643961534864194 -0.5203810497673549 0.8533099875299336 0.0435 -0.9988535931067624 0.012922414980255523 0.04609241508955514 -1.2695 -0.03501244511627377 -0.8538363861033935 -0.5193626425272385 1.4867 0.0 0.0 0.0 1.0 
0.0341528149636741 -0.5203744768440413 0.8532549379167679 0.0439 -0.9988101390920991 0.011966557417671206 0.04727692407920625 -1.274 -0.03481222884100488 -0.8538543232617962 -0.5193466119753372 1.4882 0.0 0.0 0.0 1.0 
0.035691006132790346 -0.5226485151472946 0.8518008462637012 0.0443 -0.9988442821246892 0.008799126772715257 0.04725119506268616 -1.2778 -0.032190870569828556 -0.8525028474922334 -0.5217304312282262 1.4892 0.0 0.0 0.0 1.0 
0.03712537788464289 -0.5196974454647112 0.8535433623984057 0.045 -0.9988437216469632 0.006808219107117278 0.04759062805882269 -1.2822 -0.030543838058865347 -0.8543232487355374 -0.5188437728513188 1.4901 0.0 0.0 0.0 1.0 
0.0346280200471569 -0.5270575957055899 0.8491237783955038 0.045 -0.9990265504407252 0.004978128885225613 0.04383115042189717 -1.2869 -0.027328588366737683 -0.8498149851831545 -0.5263721489745028 1.4912 0.0 0.0 0.0 1.0 
0.033157521832165054 -0.5322752808632008 0.8459217482296754 0.045 -0.9990701920917315 0.005683901732673774 0.04273692238432564 -1.291 -0.027555943455814802 -0.8465522539353929 -0.5315919030018854 1.4912 0.0 0.0 0.0 1.0 
0.033279730019398976 -0.5351003894748763 0.8441327103919568 0.0455 -0.9990803216710893 0.005036323228513093 0.042581055622541775 -1.2949 -0.027036464625168177 -0.8447734658665441 -0.5344406617655494 1.491 0.0 0.0 0.0 1.0 
0.03488275704695931 -0.5388931937057273 0.8416515425272173 0.046 -0.9990967868354428 0.0016438085576109263 0.042460669195380885 -1.2987 -0.024265279637713855 -0.8423724969816306 -0.538349117704335 1.4907 0.0 0.0 0.0 1.0 
0.03578863219445132 -0.5416303441910308 0.8398545969732831 0.0464 -0.9991057024112757 -0.0004573129713688201 0.042279856600011156 -1.3022 -0.022515976881351818 -0.840616655269423 -0.541162332085971 1.4904 0.0 0.0 0.0 1.0 
0.03713680255540244 -0.544930667848013 0.8376582985529837 0.0469 -0.9990956404091789 -0.0028776768779390366 0.04242193172356579 -1.306 -0.020706501668165844 -0.8384761691392932 -0.5445447222902464 1.4902 0.0 0.0 0.0 1.0 
0.03837979353180605 -0.543707623545231 0.8383966910402576 0.0471 -0.9990327781364841 -0.0028600468012384694 0.04387856357258563 -1.3099 -0.02145925575025026 -0.8392698256407722 -0.5432915056501006 1.49 0.0 0.0 0.0 1.0 
0.038301824641038595 -0.543464800280513 0.8385576790449355 0.0471 -0.999006432798161 -0.0016916701046506416 0.04453409345827364 -1.3131 -0.022784149250308805 -0.8394302526763727 -0.5429896255312993 1.4898 0.0 0.0 0.0 1.0 
0.03932371277540753 -0.5453250541011759 0.8373017562283664 0.0471 -0.9989414412313086 -0.0014396947248390135 0.04597743217944461 -1.3167 -0.023867186769148396 -0.8382234264494455 -0.5448044096252138 1.4895 0.0 0.0 0.0 1.0 
0.03952578225482531 -0.544633232212922 0.8377424156066406 0.0471 -0.9989324880626297 -0.0014775603638654544 0.04617034880066784 -1.3207 -0.02390809131127647 -0.8386730347308636 -0.5441102314652566 1.4896 0.0 0.0 0.0 1.0 
0.039295453840613184 -0.544453340754589 0.8378701731465489 0.0472 -0.998972370001325 -0.0024532487256334473 0.045256883947376925 -1.3243 -0.022584757722774018 -0.8387875424157525 -0.5439902456908082 1.49 0.0 0.0 0.0 1.0 
0.039584239388274045 -0.5454562853600162 0.8372039947069674 0.0472 -0.9989678060790956 -0.0029206313221002977 0.0453298172310298 -1.3275 -0.022280269512957307 -0.8381341841697739 -0.5450088796675676 1.4904 0.0 0.0 0.0 1.0 
0.04107370146939111 -0.542033503462369 0.8393525076938255 0.0472 -0.998916171626112 -0.003867287152560947 0.046384546498933144 -1.3313 -0.02189596107585573 -0.8403479786459831 -0.5416048759697193 1.4914 0.0 0.0 0.0 1.0 
0.040773696003176416 -0.539151078785162 0.8412215046936429 0.0472 -0.9989433364588584 -0.00412743913734101 0.045773079321929255 -1.3342 -0.021206514534091503 -0.8421989542210104 -0.5387496684457003 1.4923 0.0 0.0 0.0 1.0 
0.039684350668760235 -0.5361830768041309 0.8431683464533368 0.0471 -0.9989824063902233 -0.0031911894812543806 0.044988532233149914 -1.3372 -0.021431379675543594 -0.8440956844212331 -0.5357641006139292 1.4929 0.0 0.0 0.0 1.0 
0.039850548505007494 -0.5294960742281225 0.8473758558991733 0.0471 -0.9989696983303713 -0.0026837445897911205 0.04530275193300942 -1.3404 -0.02171348893146996 -0.8483081426533541 -0.5290574822327341 1.4941 0.0 0.0 0.0 1.0 
0.042300529129099346 -0.5298919692672138 0.8470095431230464 0.0472 -0.9988737644863025 -0.0041937943451233195 0.04726113318523917 -1.3429 -0.021491111101111515 -0.8480547818361172 -0.5294725858328595 1.495 0.0 0.0 0.0 1.0 
0.041559195822217995 -0.5301186626938883 0.8469043846304338 0.0471 -0.9988958000176298 -0.003457935739297452 0.0468532110699148 -1.3459 -0.02190922065591644 -0.8479164145976101 -0.5296770147044177 1.4954 0.0 0.0 0.0 1.0 
0.0394643111069989 -0.5273921834679783 0.848704926912604 0.047 -0.9989367507963071 -0.0005660869830501625 0.046098236994970676 -1.3494 -0.02383140905122616 -0.8496217772411476 -0.5268537743816848 1.4957 0.0 0.0 0.0 1.0 
0.04004773690358898 -0.5270867237781907 0.8488673420421322 0.047 -0.9988737475560323 0.0005148511172269332 0.047444402954354314 -1.3521 -0.025444355214250758 -0.8498113440906168 -0.5264724724452652 1.4958 0.0 0.0 0.0 1.0 
0.04196748546097062 -0.5229513057892105 0.851328762545612 0.0472 -0.9987480962300951 0.0012565636350485576 0.05000661280862523 -1.355 -0.02722077223085173 -0.852361632654351 -0.5222438862619315 1.4953 0.0 0.0 0.0 1.0 
0.04142943675348486 -0.5240266584076257 0.8506936364217299 0.047 -0.9987794447088453 0.0011959541767242454 0.04937803682506814 -1.3582 -0.026892798243760452 -0.8517010220562992 -0.5233375071890755 1.4954 0.0 0.0 0.0 1.0 
0.03903731696581028 -0.5251950312820164 0.8500860350580948 0.047 -0.9988565692924698 0.0029863440826913 0.047714104102425325 -1.3609 -0.027597859797240887 -0.8509766511871528 -0.5244779282952814 1.4948 0.0 0.0 0.0 1.0 
0.03724346000921204 -0.5316638894070853 0.8461361789848445 0.047 -0.9989083372730596 0.004084594700811642 0.04653439386627156 -1.3635 -0.028196780186989623 -0.8469455854933424 -0.530931367316366 1.4946 0.0 0.0 0.0 1.0 
0.037371942328038046 -0.530446499104772 0.8468942375020159 0.0473 -0.9988735323053578 0.004969030388746701 0.04719083806008334 -1.3665 -0.029240458040993456 -0.8477038517810844 -0.5296632659426801 1.4946 0.0 0.0 0.0 1.0 
0.0373470004623485 -0.5335961021209807 0.8449144343409938 0.0474 -0.9988962598898552 0.004167995940886002 0.04678557243312981 -1.3693 -0.0284861990185461 -0.8457291691854627 -0.5328514885541216 1.4944 0.0 0.0 0.0 1.0 
0.03699763185674451 -0.535629939896718 0.8436419517326241 0.0476 -0.9989076085311323 0.00429147148110029 0.04653141832290897 -1.3717 -0.028544086175729122 -0.8444419167466555 -0.5348860480379232 1.4941 0.0 0.0 0.0 1.0 
0.03732171864889945 -0.535794288846826 0.8435233069430959 0.048 -0.9988867610767272 0.0043673065452999454 0.04696983265016519 -1.375 -0.02885009294157531 -0.8443372588442745 -0.5350348264034772 1.4941 0.0 0.0 0.0 1.0 
0.03824609312158929 -0.5374141219563896 0.8424507688184382 0.0484 -0.998799086666254 0.005274752488440851 0.04870894641482876 -1.3774 -0.030620594958159997 -0.8433019853575756 -0.5365669954967225 1.494 0.0 0.0 0.0 1.0 
0.036451307803153796 -0.5376064186497859 0.8424076452561373 0.0486 -0.9988303744568697 0.007197359503212805 0.047812980230583335 -1.3805 -0.03176767573790035 -0.843165189415889 -0.5367152672837608 1.4938 0.0 0.0 0.0 1.0 
0.03594765461368897 -0.53968310184791 0.8411004195145746 0.0492 -0.9988646648164472 0.006922889888145475 0.04713231350913483 -1.3834 -0.0312593587410504 -0.841839784742569 -0.5388215189797856 1.4939 0.0 0.0 0.0 1.0 
0.03784051383952383 -0.539878060123178 0.8408922497621174 0.0498 -0.9987967492419522 0.005835593676423972 0.04869291067653381 -1.3857 -0.03119533965306398 -0.8417230102854966 -0.5390076295748067 1.4936 0.0 0.0 0.0 1.0 
0.03933373600025111 -0.5407179714394322 0.8402838404817079 0.0505 -0.9987441747589757 0.004840692013431819 0.04986623191944661 -1.3881 -0.031031123042447095 -0.8411900160268527 -0.5398485216609082 1.4935 0.0 0.0 0.0 1.0 
0.04161873239358596 -0.5429179252777941 0.8387538420335292 0.0513 -0.9986641370343842 0.0031259469396021367 0.0515768345005726 -1.391 -0.030623887985031295 -0.8397799443114763 -0.5420625633788907 1.4932 0.0 0.0 0.0 1.0 
0.04074601046437322 -0.5438659391908027 0.8381823207508874 0.0518 -0.9987290562610982 0.0027373395906409442 0.05032672403188693 -1.3935 -0.029665380682765197 -0.8391676514023116 -0.5430631805129814 1.4932 0.0 0.0 0.0 1.0 
0.041211710580287775 -0.5417014184945432 0.8395601039306517 0.0528 -0.9987733778444716 0.0007475686519778368 0.04950940163499551 -1.396 -0.027446941909642975 -0.8405706480374572 -0.5410061469500123 1.4934 0.0 0.0 0.0 1.0 
0.04185668746362252 -0.5422359715992022 0.8391830365411598 0.0537 -0.9987292599034125 0.0008894410718466722 0.050389228088562776 -1.3988 -0.02806925591023235 -0.8402257791798873 -0.5415097015513176 1.4935 0.0 0.0 0.0 1.0 
0.041564782983191786 -0.54221942613775 0.8392082356211776 0.0546 -0.9987725109613095 0.00010006666077568005 0.04953242710290756 -1.4013 -0.026941420964782525 -0.8402369212939367 -0.5415496984865615 1.4938 0.0 0.0 0.0 1.0 
0.042076529394785595 -0.5413554880759345 0.8397403177198037 0.0552 -0.9987588874851628 -0.0003712286987895552 0.04980508868231698 -1.4036 -0.026650522386812592 -0.8407937307802196 -0.5406992250199643 1.4941 0.0 0.0 0.0 1.0 
0.044164033848641746 -0.5425645533366883 0.8388523371707175 0.0562 -0.998651170650577 -0.001029514238137047 0.05191126523852918 -1.4066 -0.02730160201247317 -0.8400134793936301 -0.5418781938448521 1.4941 0.0 0.0 0.0 1.0 
0.04486682897576387 -0.545790474868606 0.8367196216178757 0.0569 -0.9986199360196699 -0.001616417811495241 0.052493909908951475 -1.409 -0.027298187517305728 -0.8379201302845996 -0.5451097726349343 1.4937 0.0 0.0 0.0 1.0 
0.046322656265148074 -0.546001409543676 0.8365026433268813 0.0578 -0.9985997460845433 -0.00389324967095607 0.05275784043045206 -1.4116 -0.025549141598620873 -0.8377752105328244 -0.5454172145983798 1.4942 0.0 0.0 0.0 1.0 
0.04945171685607748 -0.5458748154407191 0.8364061295612 0.059 -0.9984760840113265 -0.006480838105992134 0.05480427350900885 -1.4148 -0.024495659970547312 -0.8378416823034078 -0.5453634366526626 1.4942 0.0 0.0 0.0 1.0 
0.048409255046997446 -0.5489845604548683 0.8344294436367701 0.0597 -0.9985618664815449 -0.007331428915431815 0.053107899214252574 -1.4177 -0.02303785655585161 -0.8358003365231632 -0.5485499563695899 1.4938 0.0 0.0 0.0 1.0 
0.04706903178674322 -0.5421847364026826 0.8389399369791692 0.0604 -0.9986161208076518 -0.005816544421038114 0.0522686433158126 -1.4209 -0.023459529188287476 -0.8402391798904357 -0.5417081973418089 1.4933 0.0 0.0 0.0 1.0 
0.04769770221824418 -0.5467514165687744 0.8359352951533616 0.0611 -0.9986281340322076 -0.008000769999157803 0.051747826995643786 -1.4241 -0.02160507168352399 -0.8372567564131439 -0.546382965252478 1.4933 0.0 0.0 0.0 1.0 
0.04806018809499682 -0.5449530914506613 0.8370880159449428 0.0618 -0.9985982415138992 -0.007608231783109612 0.05238002342957471 -1.4269 -0.022175896050032284 -0.8384320144934244 -0.5445548518807599 1.4929 0.0 0.0 0.0 1.0 
0.04690047264518217 -0.548013386387984 0.8351536828663527 0.0622 -0.9986833413492832 -0.008329643889504523 0.05061818590294459 -1.4299 -0.02078291069820426 -0.8364280873884187 -0.5476825040574714 1.4929 0.0 0.0 0.0 1.0 
0.047183406237128314 -0.5506626086988873 0.8333933150420625 0.0628 -0.9987100315652533 -0.01033580882809007 0.049713618926807035 -1.4333 -0.018761637103214934 -0.8346639218492706 -0.5504399499821955 1.4927 0.0 0.0 0.0 1.0 
0.04403073480499517 -0.5574301162472345 0.8290554624951982 0.0626 -0.9988788423081317 -0.0101202996983292 0.04624540975256586 -1.4358 -0.017388294387285452 -0.8301621799591998 -0.5572507534168889 1.4924 0.0 0.0 0.0 1.0 
0.054081456238267656 -0.5545229317590296 0.8304092450379624 0.0637 -0.9983617879443615 -0.014470689839123474 0.05535647665917287 -1.4387 -0.01867984110440979 -0.8320426174715754 -0.554397101586366 1.4922 0.0 0.0 0.0 1.0 
0.050030200719667656 -0.55454676946794 0.8306472533444156 0.0645 -0.9985334364539213 -0.010546128305736452 0.053101369674257715 -1.4412 -0.02068708049660467 -0.8320857285463024 -0.5542611163071938 1.4924 0.0 0.0 0.0 1.0 
0.05048930415515125 -0.5552386220026078 0.8301571554847753 0.0654 -0.9985404108281724 -0.012101003830715273 0.05263661890161231 -1.4435 -0.019180148827190713 -0.8316030533511369 -0.555039172985144 1.4922 0.0 0.0 0.0 1.0 
0.05147007163876785 -0.5516912690792483 0.8324587529404859 0.0668 -0.9985358414611164 -0.014537524831894272 0.05210406595749145 -1.4462 -0.016643468479877244 -0.8339217013566027 -0.5516317530413462 1.4922 0.0 0.0 0.0 1.0 
0.0534073285684962 -0.5527427065464879 0.8316388384478202 0.0675 -0.9984011168790191 -0.014114388592992938 0.054735672548832826 -1.4487 -0.018516670054406326 -0.833232431194507 -0.5526127473518749 1.492 0.0 0.0 0.0 1.0 
0.05261154130115235 -0.5534723508454393 0.8312041762235919 0.0679 -0.9984194865739962 -0.012681478907748484 0.05475133717116065 -1.4508 -0.01976245306724167 -0.8327709991001939 -0.553264772515321 1.4915 0.0 0.0 0.0 1.0 
0.05226247778586157 -0.5489279257243636 0.834234239153267 0.0692 -0.9984550342958427 -0.012935108930367326 0.05403912884426759 -1.4534 -0.01887267614754584 -0.8357695946353321 -0.5487558717481962 1.4909 0.0 0.0 0.0 1.0 
0.04950433489606686 -0.5594745228550548 0.8273678620194325 0.0685 -0.9985744032417172 -0.011168371186558668 0.05219605996133769 -1.4559 -0.01996201435092071 -0.8287723003100115 -0.5592298205763937 1.4904 0.0 0.0 0.0 1.0 
0.05717959977197147 -0.5582680964809115 0.8276878794699707 0.0698 -0.998153547101069 -0.014949133470139403 0.058872912430472435 -1.4578 -0.02049365217503396 -0.829525922355698 -0.558092066204544 1.4895 0.0 0.0 0.0 1.0 
0.05537955046280288 -0.5539814758792907 0.8306850364447049 0.0711 -0.9981753896110714 -0.010667745398596468 0.05943139559943367 -1.4594 -0.024062355772524302 -0.8324606438689541 -0.5535614504677532 1.4889 0.0 0.0 0.0 1.0 
0.055948192232621194 -0.5559936487131387 0.8293014303475865 0.0719 -0.9981143285836822 -0.01013966024873443 0.060539031756264405 -1.4614 -0.025250482408211983 -0.8311246897311447 -0.5555125230428757 1.4882 0.0 0.0 0.0 1.0 
0.05357434883529817 -0.5606810518472038 0.8262968880773949 0.0719 -0.9983286733821721 -0.012115693024764701 0.056507255158270264 -1.4632 -0.021671387815873244 -0.8279432154936972 -0.5603930610456302 1.488 0.0 0.0 0.0 1.0 
0.054483662229627305 -0.5598329084461593 0.8268123397547728 0.0729 -0.9982694300503625 -0.012188932676658756 0.05752890531835292 -1.4647 -0.022128614438595595 -0.8285158686114091 -0.559528176128879 1.4877 0.0 0.0 0.0 1.0 
0.05606226407391962 -0.5584746257149724 0.827624984506526 0.074 -0.9981432232830156 -0.011578167803628012 0.059800099034225285 -1.4665 -0.023814456976765708 -0.829440798648603 -0.5580867613338174 1.4868 0.0 0.0 0.0 1.0 
0.053997169732563105 -0.5581662279900145 0.8279702697514397 0.0748 -0.9982423332789713 -0.009892615523685339 0.058432698105220116 -1.4676 -0.024424367148976944 -0.8296701742798156 -0.5577193310258056 1.4866 0.0 0.0 0.0 1.0 
0.05797118261282143 -0.5595091703550406 0.8267943095323559 0.0756 -0.9980035310066508 -0.011685666766262592 0.062067683140944296 -1.469 -0.025065795114612044 -0.8287417773232155 -0.5590695595669919 1.4861 0.0 0.0 0.0 1.0 
0.05892761531883271 -0.563795091260112 0.8238098270983644 0.0763 -0.9979249244135882 -0.011817666348346717 0.06329445470349498 -1.4706 -0.025949593194678267 -0.8258301507168895 -0.5633215607270411 1.4855 0.0 0.0 0.0 1.0 
0.06029894091564897 -0.5619411524064549 0.8249764717593808 0.0774 -0.9978338797504239 -0.012160019598249916 0.06465046284124099 -1.4716 -0.026298025527928537 -0.8270878279575123 -0.5614571566004454 1.4853 0.0 0.0 0.0 1.0 
0.06095796849273265 -0.5633756530679462 0.8239490273114619 0.0779 -0.9978060687148459 -0.013032932870162897 0.06490910488233587 -1.473 -0.025829736991755503 -0.82609806693338 -0.5629341067086536 1.4849 0.0 0.0 0.0 1.0 
0.06111756153018269 -0.5683534196693116 0.8205114466129059 0.0787 -0.9978111043485132 -0.013993377560863898 0.06463114901686107 -1.4746 -0.025251608095424816 -0.8226655309022242 -0.567964594454581 1.4845 0.0 0.0 0.0 1.0 
0.06024491000855714 -0.5665344456763736 0.8218328739349776 0.0795 -0.9978858308666693 -0.014072860182527847 0.06344937479455565 -1.4758 -0.02438071724945412 -0.823917882114745 -0.5661845142336155 1.4845 0.0 0.0 0.0 1.0 
0.06179824180955579 -0.5619483031914855 0.8248606438965664 0.0806 -0.9977546337669857 -0.013402793696472085 0.06562054493554709 -1.4773 -0.02581991684254653 -0.8270637639634204 -0.5615147925325779 1.4842 0.0 0.0 0.0 1.0 
0.05928033448032563 -0.5685504510841224 0.8205097357837636 0.0812 -0.9979256735610706 -0.013082152077304024 0.06303338278015547 -1.4788 -0.025103625068583824 -0.8225443707600624 -0.5681466062024385 1.4838 0.0 0.0 0.0 1.0 
0.058508284735244734 -0.5652883227351431 0.8228158316395161 0.082 -0.9979753395179232 -0.012528969919665678 0.06235580668100055 -1.4804 -0.02493997456746344 -0.8247982402333562 -0.5648768543466208 1.4836 0.0 0.0 0.0 1.0 
0.05918872391209373 -0.5648885545414639 0.8230416854022121 0.0827 -0.9979561068708207 -0.013587638968898488 0.06244185156196275 -1.4819 -0.02408949399413085 -0.8250553296690513 -0.5645382177176319 1.4834 0.0 0.0 0.0 1.0 
0.05972556246825171 -0.567058171580931 0.8215095174318691 0.0837 -0.9979255244537678 -0.014105961683536478 0.06281456430363158 -1.484 -0.024031330207115675 -0.8235569512111922 -0.5667243097664001 1.4829 0.0 0.0 0.0 1.0 
0.05983344217566823 -0.5650947617359934 0.8228534920968325 0.0845 -0.9979023286379269 -0.013450796449172797 0.06332470745203517 -1.4856 -0.024716425639923822 -0.8249163511129016 -0.5647141860890006 1.4828 0.0 0.0 0.0 1.0 
0.05934061275034394 -0.5643853330331533 0.8233759090084373 0.0853 -0.9979258876173566 -0.012921932629769942 0.06306303576757682 -1.4872 -0.024952244418582903 -0.8254103340243375 -0.5639815298254961 1.4825 0.0 0.0 0.0 1.0 
0.05715211127318057 -0.5660340036893501 0.8223984088289704 0.0861 -0.9980713114791964 -0.012398026259017508 0.060827182633076016 -1.4894 -0.024234136650907512 -0.8242886603686146 -0.5656508737803732 1.4822 0.0 0.0 0.0 1.0 
0.0552506086069961 -0.5652735959325529 0.8230511114080565 0.0865 -0.998200610621428 -0.012034784548108635 0.058742700958404725 -1.4912 -0.023300455007670806 -0.8248156919593377 -0.5649213777987818 1.4823 0.0 0.0 0.0 1.0 
0.05609329136333428 -0.5643241581442399 0.823645425652825 0.0872 -0.9981458612731281 -0.012171569060872703 0.059638012457842726 -1.4933 -0.02363011399366255 -0.825463565181039 -0.5639605662377956 1.4824 0.0 0.0 0.0 1.0 
0.054378056037209174 -0.5680367076715799 0.8212048013493627 0.0875 -0.998262026610952 -0.012217833824775898 0.05765111241966914 -1.4957 -0.02271460429347838 -0.8229125246794232 -0.5677138570420213 1.4826 0.0 0.0 0.0 1.0 
0.0532714612417749 -0.5657175278066721 0.8228765582695095 0.0879 -0.99832434085257 -0.011523579055142605 0.05670729747608755 -1.4977 -0.022597829064927355 -0.8245185782370628 -0.5653834559513439 1.483 0.0 0.0 0.0 1.0 
0.05209484537228762 -0.5660215615258856 0.8227428024440173 0.0881 -0.998421568909189 -0.012205628521005346 0.05482146814269545 -1.5 -0.020988039988307505 -0.8243000755308743 -0.5657639858255772 1.4835 0.0 0.0 0.0 1.0 
0.050441633317956286 -0.5663072051323648 0.8226492515303148 0.0885 -0.998514771146872 -0.011615331796789946 0.05322908855842401 -1.5023 -0.02058867236435874 -0.8241123912928506 -0.566052005638928 1.4838 0.0 0.0 0.0 1.0 
0.04873372213070215 -0.5645966053710975 0.8239269976950148 0.0887 -0.9986239050429778 -0.011542347088479454 0.051157311309360576 -1.5041 -0.01937319292221279 -0.8252862821028364 -0.5643821683654404 1.4844 0.0 0.0 0.0 1.0 
0.04944598003595689 -0.5620651342138717 0.8256136384286699 0.0893 -0.9986002773524877 -0.012280318695556361 0.05144589239453895 -1.506 -0.018777143814186992 -0.8270018008891384 -0.5618856113091911 1.4847 0.0 0.0 0.0 1.0 
0.04803941095082971 -0.5629265820028495 0.825109615911781 0.0898 -0.9986726076704611 -0.011702763393122192 0.05016042282164457 -1.5081 -0.018580572762400605 -0.8264240489019872 -0.5627415514357078 1.4849 0.0 0.0 0.0 1.0 
0.045603267096150285 -0.5601976105574428 0.8271027621498361 0.0899 -0.9987906888279713 -0.010342564499279255 0.0480644491295214 -1.5097 -0.018371225890050913 -0.8282944334506357 -0.5599918120597718 1.4851 0.0 0.0 0.0 1.0 
0.045338627803926834 -0.56019296622907 0.8271204564126879 0.0901 -0.9988117961264554 -0.010607794581410576 0.04756543506331834 -1.5114 -0.017871898262388164 -0.828294220239158 -0.5600082856270111 1.4853 0.0 0.0 0.0 1.0 
0.0442382978379573 -0.5614070168562078 0.8263565419532986 0.0905 -0.9988701354579446 -0.010481262134673708 0.04635294633884435 -1.5132 -0.017361609793671462 -0.8274734464432547 -0.5612363761702324 1.4854 0.0 0.0 0.0 1.0 
0.0428683328604999 -0.5603917681175306 0.8271175081352524 0.0908 -0.9989230996769298 -0.009335702800710888 0.04544761363428407 -1.5147 -0.017746745324023594 -0.8281750484525144 -0.5601884880565465 1.4856 0.0 0.0 0.0 1.0 
0.04310268748345285 -0.5611646053301658 0.8265811781406245 0.0912 -0.9989205265214518 -0.009864544553844085 0.045392427285293524 -1.5161 -0.017318776683392878 -0.827645441288348 -0.5609840314026829 1.4855 0.0 0.0 0.0 1.0 
0.04444920596909577 -0.5624229581544586 0.8256540947815282 0.0918 -0.9988836151436564 -0.011789553704267791 0.045744178001072 -1.5179 -0.015993482618131605 -0.8267656394433927 -0.5623191139819999 1.4854 0.0 0.0 0.0 1.0 
0.04610336506640281 -0.5613480801052595 0.8262946282602186 0.0923 -0.9988076924546112 -0.012612136697639026 0.04716065628693583 -1.5193 -0.01605220305903271 -0.8274836958937977 -0.5612602424961991 1.4855 0.0 0.0 0.0 1.0 
0.04640431655503566 -0.5628064807322186 0.8252851050702874 0.0927 -0.9987932184848511 -0.012837581467251877 0.0474057297248382 -1.5203 -0.01608558714292957 -0.8264889967494347 -0.5627230154688723 1.4854 0.0 0.0 0.0 1.0 
0.04656444654690675 -0.5662975592916969 0.8228844552293155 0.093 -0.9987831966791069 -0.012998220524277335 0.04757281045583761 -1.5216 -0.01624433283471688 -0.8240983682810381 -0.5662137414857447 1.4851 0.0 0.0 0.0 1.0 
0.0471504139641009 -0.5657318971713926 0.8232400980187193 0.0932 -0.9987425152460715 -0.012644308411431632 0.04851298490865308 -1.5227 -0.017036041293813586 -0.8244922934677154 -0.5656166823117773 1.4852 0.0 0.0 0.0 1.0 
0.04921381287729469 -0.5649255252989183 0.8236729639170024 0.094 -0.9986686964054801 -0.015072340695319764 0.04933213319675961 -1.5238 -0.015454301726614716 -0.8250042275114142 -0.5649152052710542 1.4854 0.0 0.0 0.0 1.0 
0.04744411343755481 -0.570624513427939 0.8198394481697333 0.0938 -0.9987599674897966 -0.014704311185960411 0.04756375271493357 -1.5255 -0.015085868881351938 -0.8210794406801785 -0.570614553488097 1.485 0.0 0.0 0.0 1.0 
0.04920194211387749 -0.5673363397523766 0.822014991644677 0.0944 -0.9986581526679766 -0.014630349628054554 0.049677429276734075 -1.5268 -0.0161574441669059 -0.8233561990208955 -0.5672949026140254 1.4852 0.0 0.0 0.0 1.0 
0.04893381996518216 -0.568638284964223 0.8211309165635907 0.0943 -0.9986736703867368 -0.014676003115705202 0.04935093726396039 -1.5282 -0.01601191243726624 -0.8224567561917739 -0.568602236061912 1.4851 0.0 0.0 0.0 1.0 
0.04964872010329767 -0.5719818228761457 0.8187623580083454 0.0944 -0.9986479380590387 -0.015786009682020388 0.04952875638202303 -1.5298 -0.015404557849384493 -0.820114379948066 -0.5719922231987636 1.4847 0.0 0.0 0.0 1.0 
0.0497204339566938 -0.5697921684510713 0.8202833432534054 0.0948 -0.9986530533781531 -0.016166529218882383 0.049302356044173656 -1.5312 -0.014830961723687752 -0.8216297999128567 -0.5698284956629577 1.4847 0.0 0.0 0.0 1.0 
0.050019123490708736 -0.5719630765725447 0.8187529091996499 0.0949 -0.9986372250311941 -0.016418081287965805 0.04953927117769841 -1.5327 -0.014892282135959611 -0.8201150441520328 -0.5720048376441339 1.4844 0.0 0.0 0.0 1.0 
0.050330261940635904 -0.5755146530532859 0.8162412320227046 0.095 -0.998589779578471 -0.015176002150655996 0.05087377595720449 -1.5345 -0.01689132482689043 -0.8176506424382475 -0.5754668627001152 1.4839 0.0 0.0 0.0 1.0 
0.04927751905093572 -0.5738917801379341 0.8174472159144577 0.095 -0.998636386916698 -0.014186015783353975 0.05024065766048075 -1.5357 -0.01723638135305261 -0.8188082691609238 -0.5738082654611596 1.484 0.0 0.0 0.0 1.0 
0.049601255662169746 -0.573735132961112 0.8175375909662083 0.095 -0.9986150196667207 -0.014111199620965562 0.050684480280380084 -1.5373 -0.017543030888961253 -0.8189193313454949 -0.5736404543055489 1.4835 0.0 0.0 0.0 1.0 
0.05051828349191702 -0.5721250920733674 0.8186090532440203 0.0953 -0.9985554375551935 -0.013914847829618604 0.051898122690852866 -1.5391 -0.01830139781510043 -0.82004832542352 -0.5720015758790303 1.4834 0.0 0.0 0.0 1.0 
0.05041780096328634 -0.5708455003152358 0.8195080598236201 0.0953 -0.9985482523296892 -0.01323581227458187 0.05221303518045062 -1.5405 -0.01895872135322907 -0.8209508073223875 -0.5706840972388934 1.4834 0.0 0.0 0.0 1.0 
0.050834576350663976 -0.5733299825540075 0.8177460345069669 0.0952 -0.9985209591256821 -0.01336982750816433 0.052698594849669766 -1.5419 -0.019280561038938382 -0.8192154654405781 -0.5731616535925972 1.4832 0.0 0.0 0.0 1.0 
0.04882748922891643 -0.5718131228072991 0.8189295628324607 0.0952 -0.9986262097640701 -0.0123393317583569 0.050925770136594106 -1.5437 -0.01901498009065672 -0.8202911028879456 -0.5716300701109329 1.4832 0.0 0.0 0.0 1.0 
0.04895778704399059 -0.5705599767743991 0.8197953695837473 0.0951 -0.9986277390015076 -0.012681323401328076 0.05081164171258701 -1.5452 -0.018594998910799965 -0.821158021905643 -0.5703978691014888 1.4834 0.0 0.0 0.0 1.0 
0.04880804805349452 -0.5731023772075955 0.8180289968480399 0.095 -0.9986323992511746 -0.012635781281404468 0.05073133348583342 -1.5465 -0.01873781233362387 -0.8193863571419842 -0.5729353297873492 1.4833 0.0 0.0 0.0 1.0 
0.04821580357477587 -0.5735070318932356 0.8177804843933669 0.095 -0.9986814915804374 -0.013235954906290023 0.049599272901842406 -1.5483 -0.017621426171323618 -0.8190937027390273 -0.5733890402448922 1.4836 0.0 0.0 0.0 1.0 
0.04720628813425827 -0.57274246331073 0.8183749978349428 0.0948 -0.998737526620204 -0.012977703130470794 0.04852764307088281 -1.5498 -0.01717321405977973 -0.8196326310867661 -0.5726320203906193 1.4837 0.0 0.0 0.0 1.0 
0.04603262188006288 -0.5746117959473542 0.817130516919423 0.0947 -0.9988080336134522 -0.013182828244243425 0.04699707468249392 -1.5516 -0.01623298222990116 -0.8183199233781608 -0.5745337181491481 1.4837 0.0 0.0 0.0 1.0 
0.04672967758410007 -0.5747026678479566 0.8170270379867041 0.0947 -0.9987737256584542 -0.013492317822508718 0.04763404553580397 -1.5532 -0.01635182458371809 -0.8182510622835864 -0.574628416374065 1.4838 0.0 0.0 0.0 1.0 
0.0460433893709454 -0.5737822022752472 0.817712657751733 0.0945 -0.9988079018903255 -0.013159723045206767 0.047006348622491756 -1.5546 -0.01621053412695861 -0.8189021956507021 -0.5737041158487344 1.484 0.0 0.0 0.0 1.0 
0.04512436755448836 -0.5759069067007461 0.8162689668652027 0.0943 -0.9988617243318836 -0.013364611371986385 0.04578911254448792 -1.5561 -0.015461148648902134 -0.8174060325060328 -0.5758544355175209 1.4838 0.0 0.0 0.0 1.0 
0.04533361830375772 -0.5734148555154148 0.8180099428037078 0.0942 -0.9988572181970417 -0.01361123789908246 0.0458147559037711 -1.5578 -0.015136733701718807 -0.8191520845832541 -0.5733766141165444 1.4837 0.0 0.0 0.0 1.0 
0.04526139434329669 -0.5746107569246298 0.8171743291419555 0.0941 -0.9988570841830721 -0.01345367075956494 0.04586419213705678 -1.559 -0.015360063782166644 -0.8183162449625436 -0.5745629570995772 1.4838 0.0 0.0 0.0 1.0 
0.04485664522234786 -0.5759503206728699 0.8162530915691615 0.0941 -0.9988861011865678 -0.013881379015530132 0.045098383262864306 -1.5608 -0.014643709765404911 -0.8173668303971264 -0.5759314423877733 1.4835 0.0 0.0 0.0 1.0 
0.04491852910740268 -0.5757308680023216 0.8164044912738544 0.0941 -0.998890681852574 -0.014323246373288967 0.044858113217457585 -1.5624 -0.014132637790858216 -0.8175137994203056 -0.5757355784615442 1.4836 0.0 0.0 0.0 1.0 
0.04349686027837575 -0.5726157369743144 0.8186691889373179 0.0939 -0.9989463220153146 -0.012921571056362366 0.04403724257387792 -1.5638 -0.01463792601424968 -0.8197220570234753 -0.5725744321493959 1.4835 0.0 0.0 0.0 1.0 
0.04240303918078148 -0.5750104179149613 0.817046511257159 0.0935 -0.99899584361548 -0.012560285938036028 0.04300632111853431 -1.5654 -0.01446674487328875 -0.8180496675058407 -0.5749656118293986 1.4835 0.0 0.0 0.0 1.0 
0.04110711253050037 -0.5745331144587218 0.8174484116381693 0.0933 -0.9990795109804704 -0.013595766324534644 0.04068520464582509 -1.567 -0.0122611597505618 -0.8183684106369269 -0.5745631457317474 1.4839 0.0 0.0 0.0 1.0 
0.040657353227951484 -0.5741707298300285 0.8177254751045429 0.0933 -0.9991047635807366 -0.013787120849376736 0.039994833278379105 -1.5682 -0.011689782665996906 -0.8186195015421618 -0.5742172591241791 1.4839 0.0 0.0 0.0 1.0 
0.03983148887376954 -0.5759024693638566 0.8165474868461178 0.0931 -0.9991305392747425 -0.01288513615746556 0.03965020497759836 -1.5697 -0.012313325410333364 -0.8174168575744054 -0.5759149789426591 1.4838 0.0 0.0 0.0 1.0 
0.038615504942890275 -0.5752284855806 0.8170807990368243 0.093 -0.9991951100855092 -0.013339931527204654 0.03783091603512623 -1.5713 -0.010861618627667602 -0.8178839988675038 -0.575280618165855 1.4841 0.0 0.0 0.0 1.0 
0.038023090002180224 -0.5753723196876024 0.8170073061876459 0.093 -0.9992324639441406 -0.014185321922190089 0.036513828094103695 -1.5728 -0.009419534320125711 -0.8177685921941924 -0.575470070458856 1.4842 0.0 0.0 0.0 1.0 
0.03597780085287132 -0.5774615697234549 0.8156247503223 0.0927 -0.9993154911938484 -0.013756151791000495 0.034341190251654496 -1.574 -0.008610859758961753 -0.8163019685021139 -0.5775612082834036 1.4841 0.0 0.0 0.0 1.0 
0.03647474613472822 -0.5740277215298185 0.8180230851324997 0.0931 -0.999274114257254 -0.01194600165227934 0.03617371448862766 -1.5745 -0.010992609780581641 -0.8187487208904876 -0.5740467703684109 1.4839 0.0 0.0 0.0 1.0 
0.03596912905190387 -0.5759517169415539 0.8166920114139258 0.0929 -0.9993237823177027 -0.014490773167415094 0.033793425207450545 -1.5762 -0.0076288825845279296 -0.8173552699072093 -0.5760834686965292 1.4841 0.0 0.0 0.0 1.0 
0.035965478604362014 -0.5777635022427319 0.8154114420493324 0.093 -0.9993211321107269 -0.014272885132131347 0.033964093789465355 -1.5772 -0.007984939930506474 -0.8160794202932808 -0.5778846082983076 1.4836 0.0 0.0 0.0 1.0 
0.03533419161302413 -0.5727417036435222 0.8189740141241171 0.0935 -0.9993226023373537 -0.01181326167114545 0.03485374164114746 -1.5781 -0.010287437035185365 -0.8196507718267607 -0.5727711418036372 1.4831 0.0 0.0 0.0 1.0 
0.03509320519589988 -0.5744177778769703 0.8178096865456916 0.0934 -0.9993541092297948 -0.013836365392229766 0.03316503216124861 -1.579 -0.00773507043293159 -0.8184453380963306 -0.5745323291458728 1.4833 0.0 0.0 0.0 1.0 
0.03721349457894406 -0.573736189379032 0.8181943172731343 0.0941 -0.9992607737417489 -0.01346058141573106 0.03600998207430317 -1.5795 -0.009646858673374503 -0.8189295438221641 -0.573812983796078 1.4827 0.0 0.0 0.0 1.0 
0.03790255520581247 -0.5725190395438656 0.8190148629107044 0.0944 -0.9992428120593374 -0.014508245720876126 0.03610143146539163 -1.5801 -0.00878628798856651 -0.8197630512324108 -0.5726354346156983 1.4827 0.0 0.0 0.0 1.0 
0.03748165344782883 -0.5758640951437518 0.8166857838722827 0.0942 -0.9992716431163474 -0.015740790992595635 0.03476220307291544 -1.5808 -0.007163024387230099 -0.8173938900084802 -0.5760346514389846 1.4827 0.0 0.0 0.0 1.0 
0.039858687086887806 -0.5788993414706483 0.8144242368130747 0.0947 -0.9991853524528944 -0.017938376779785797 0.03615032616853303 -1.5812 -0.0063179511943704525 -0.8152016726450921 -0.5791427426890103 1.4826 0.0 0.0 0.0 1.0 
0.037790762885141924 -0.5767307482765213 0.8160597418283558 0.0947 -0.9992621081308971 -0.016201727581675054 0.03482446377425563 -1.5819 -0.006862761423379937 -0.8167736210332536 -0.5769174589920752 1.4825 0.0 0.0 0.0 1.0 
0.03930160949465554 -0.5744162334769917 0.8176193333142483 0.0952 -0.99920921600674 -0.01765701616886041 0.03562544634399367 -1.5825 -0.006027116916551001 -0.8183729104131678 -0.5746559434683987 1.4826 0.0 0.0 0.0 1.0 
0.03967523420425682 -0.5751812242704494 0.8170632992844464 0.0953 -0.9991955009488483 -0.018050392502264215 0.03581248684599658 -1.583 -0.005850356776970489 -0.8178268414384928 -0.5754346450712895 1.4826 0.0 0.0 0.0 1.0 
0.03879445069966911 -0.5754064755304823 0.8169469863537653 0.0953 -0.9992292249512459 -0.01743356510522001 0.03517139194081237 -1.5836 -0.0059955482020524475 -0.8176817588312155 -0.5756392921582458 1.4828 0.0 0.0 0.0 1.0 
0.03904695895262646 -0.5748823037512971 0.8173039042058672 0.0955 -0.9992202352882915 -0.017673253384349205 0.03530690449790397 -1.584 -0.0058528956050339365 -0.8180452267132997 -0.5751241176169041 1.4829 0.0 0.0 0.0 1.0 
0.04012410709401815 -0.5760589947693381 0.816422740113997 0.0958 -0.9991739860299017 -0.0178703295465944 0.036496533575304746 -1.5844 -0.00643441302878478 -0.817212754346893 -0.5763001930085909 1.4828 0.0 0.0 0.0 1.0 
0.04031266624194742 -0.5756367802553406 0.8167112011952146 0.096 -0.9991680721056846 -0.018177657992321627 0.03650666287849419 -1.5848 -0.006168680983418828 -0.8175034372815684 -0.5758906818205569 1.4827 0.0 0.0 0.0 1.0 
0.04314374257706735 -0.5785692150573302 0.8144914246721009 0.0964 -0.9990496046152405 -0.019920884049103277 0.03876913587938069 -1.5851 -0.006205239284302444 -0.8153899813994817 -0.5788788070388978 1.4826 0.0 0.0 0.0 1.0 
0.04338657656810006 -0.5798437473609637 0.8135716524191923 0.0965 -0.9990415595748197 -0.020458225622326034 0.0386965534214313 -1.5853 -0.005793722120715994 -0.8144708034366736 -0.5801756140456156 1.4822 0.0 0.0 0.0 1.0 
0.04369513230640992 -0.579207981380831 0.8140078929085812 0.0969 -0.9990316848244093 -0.021139748158061356 0.03858501995225211 -1.5859 -0.005140829663321467 -0.8149056542646864 -0.5795708295953275 1.482 0.0 0.0 0.0 1.0 
0.04099265259388281 -0.5788712155430367 0.8143879408789431 0.0968 -0.9991411294128723 -0.0188134209577005 0.03691962496341045 -1.5864 -0.006050285025332003 -0.815201920390032 -0.5791452521116932 1.4815 0.0 0.0 0.0 1.0 
0.04085357342975318 -0.5793747048827452 0.8140368154328477 0.0969 -0.9991517183675781 -0.019465475867595144 0.036289653241169284 -1.5869 -0.005179693150757558 -0.814828844967629 -0.5796784662100051 1.4812 0.0 0.0 0.0 1.0 
0.04015769803887158 -0.5800629516558408 0.813581176899105 0.0969 -0.9991787918805667 -0.018916466681291336 0.03583167794545755 -1.5873 -0.005394547646485892 -0.814351975133977 -0.5803462410071083 1.4809 0.0 0.0 0.0 1.0 
0.04020934696815105 -0.5802034423357144 0.8134784409670497 0.0969 -0.9991808009951378 -0.019620128646991586 0.03539459668635614 -1.5874 -0.004575515174180422 -0.8142352338566923 -0.5805170528134622 1.4807 0.0 0.0 0.0 1.0 
0.0404594441001683 -0.5801379917994727 0.8135127189257585 0.097 -0.9991726508389127 -0.02012673593064887 0.035340179913490366 -1.5874 -0.004128825334801467 -0.8142695038939213 -0.5804723316659475 1.4804 0.0 0.0 0.0 1.0 
0.04314830141375427 -0.5837967601264199 0.8107524695929105 0.0973 -0.9990658864640657 -0.0232947588002691 0.036396548135887 -1.587 -0.002361903655626718 -0.811565583966159 -0.5842565569446259 1.4804 0.0 0.0 0.0 1.0 
0.04435189741793792 -0.5836158828831324 0.8108177418149963 0.0975 -0.9990127524557932 -0.023849865411244967 0.03747938567486031 -1.5866 -0.0025356707452137695 -0.8116795458593292 -0.5840974963201473 1.4802 0.0 0.0 0.0 1.0 
0.044928999231844374 -0.5821722468531855 0.8118231704145542 0.0978 -0.9989856897398274 -0.02374550072019775 0.03825889296083085 -1.5861 -0.00299611799937044 -0.8127186636158054 -0.582648605153632 1.4801 0.0 0.0 0.0 1.0 
0.045312560823683 -0.5824858410590271 0.8115768705411442 0.098 -0.9989657855286825 -0.023363763744333743 0.03900633136762016 -1.5854 -0.0037591454696063176 -0.8125050027596483 -0.582942097738602 1.4798 0.0 0.0 0.0 1.0 
0.047630599269820134 -0.5785662688261475 0.8142434516714199 0.0986 -0.9988453029883981 -0.022466509891909694 0.04246547575727738 -1.5842 -0.0062758833014165405 -0.8153259032496556 -0.5789682934141732 1.4798 0.0 0.0 0.0 1.0 
0.0472573029816131 -0.5785264649621313 0.814293483120996 0.0982 -0.9988617994836955 -0.022089842635468107 0.04227463050736224 -1.5837 -0.006469377643774532 -0.8153644388804064 -0.5789118922272563 1.4798 0.0 0.0 0.0 1.0 
0.044164973559001564 -0.5793379597293415 0.8138900315934434 0.0976 -0.9989976698626695 -0.019667767812874104 0.04020988085303845 -1.5828 -0.007287710167766637 -0.8148501134109896 -0.5796258982780256 1.4795 0.0 0.0 0.0 1.0 
0.04383148229949051 -0.5791621340560831 0.8140331833746297 0.0974 -0.9990226371703828 -0.020754787153300494 0.039025750874971954 -1.5821 -0.005707151703225777 -0.8149481341078249 -0.5795057955996743 1.4796 0.0 0.0 0.0 1.0 
0.044849463663391445 -0.5789471731815166 0.8141306383340676 0.0976 -0.9989729542622634 -0.020731901647219747 0.04028926540177907 -1.5811 -0.006446879991989729 -0.8151014408766681 -0.579282382624526 1.4795 0.0 0.0 0.0 1.0 
0.0468730783759642 -0.5817511832954615 0.8120150708317493 0.0977 -0.9988711474281459 -0.021028453683948928 0.04259383724485594 -1.5799 -0.007703593910635298 -0.8130949298021679 -0.5820801403336723 1.4793 0.0 0.0 0.0 1.0 
0.04834717480117187 -0.5797204207961956 0.8133798524678533 0.0981 -0.9987959085972126 -0.02127350810715213 0.04420600436912869 -1.5784 -0.008323680568920688 -0.814537704200792 -0.5800508984365851 1.4794 0.0 0.0 0.0 1.0 
0.04825899736005265 -0.5802998974173319 0.8129717696397805 0.0979 -0.9988148614108903 -0.022886860792844327 0.04295421082725931 -1.5778 -0.00631995241644312 -0.8140812125706396 -0.580716658570228 1.4795 0.0 0.0 0.0 1.0 
0.04806945618830362 -0.580721916461314 0.8126816000890258 0.0979 -0.9988222751028957 -0.022581057363552412 0.04294366782913783 -1.5766 -0.006587119251701079 -0.8137887634944602 -0.5811234449496262 1.4796 0.0 0.0 0.0 1.0 
0.04794928199715254 -0.5781451450276494 0.814523822633148 0.0979 -0.9988301565415867 -0.022642539834486705 0.042727435834057303 -1.5754 -0.0062597714868312115 -0.8156197071373412 -0.5785544992393808 1.4801 0.0 0.0 0.0 1.0 
0.04776801002032144 -0.5759288039723198 0.8161030755815784 0.0978 -0.9988396212946951 -0.022524323092088128 0.04256836620206311 -1.5741 -0.006134178882963692 -0.8171894930946286 -0.5763364505435825 1.4805 0.0 0.0 0.0 1.0 
0.04811790445725039 -0.5805372598282634 0.8128106527486794 0.0976 -0.998828500071056 -0.02378862917006841 0.042139394490350146 -1.5724 -0.005127837404530489 -0.8138861044847125 -0.5810018194551996 1.481 0.0 0.0 0.0 1.0 
0.047951057265126926 -0.5776294371273097 0.814889519794643 0.0975 -0.9988301664148423 -0.022628929038782344 0.04273441505690795 -1.5707 -0.006244578997406158 -0.8159853950497797 -0.5780387878841696 1.4813 0.0 0.0 0.0 1.0 
0.04784240898656153 -0.5766199654378094 0.8156105194030187 0.0975 -0.998828747763666 -0.02170945468843781 0.04324155660932144 -1.5694 -0.007227485263150979 -0.8167240139947092 -0.576983230623855 1.4813 0.0 0.0 0.0 1.0 
0.0463880963352967 -0.5775900036702981 0.8150079338132437 0.0972 -0.9988951308230483 -0.020673271936379814 0.042203476698607745 -1.5677 -0.007527425615219907 -0.8160651956109817 -0.5779108360084778 1.4812 0.0 0.0 0.0 1.0 
0.04731550103191712 -0.5779563014327453 0.8146948858292167 0.0972 -0.9988603668987068 -0.02226347023868641 0.04221735818253031 -1.5658 -0.006261852847167904 -0.8157639680245217 -0.5783510505495841 1.4815 0.0 0.0 0.0 1.0 
0.048970130012081975 -0.5768381263927453 0.8153892949421809 0.0974 -0.9987781053542428 -0.022845761101912693 0.04382199749741428 -1.5641 -0.006650009893889863 -0.8165389440433208 -0.577252050866023 1.4816 0.0 0.0 0.0 1.0 
0.04871033599739773 -0.5781306051256252 0.8144889849372424 0.0973 -0.9987917802820456 -0.02288497701486622 0.04348859009040634 -1.5623 -0.006502523205876298 -0.8156232471209413 -0.5785468312486464 1.4817 0.0 0.0 0.0 1.0 
0.04827496896627652 -0.5756588306899939 0.8162637061758496 0.0975 -0.9988149510072915 -0.022763630650914107 0.04301756343507113 -1.5603 -0.006182314745032391 -0.8173730652328944 -0.5760755603357738 1.4819 0.0 0.0 0.0 1.0 
0.04803531317636715 -0.5738639952164641 0.8175406556754512 0.0975 -0.9988239954212581 -0.022208971065791408 0.0430974219056523 -1.5586 -0.006575321951302893 -0.8186494222794012 -0.5742559434109846 1.4819 0.0 0.0 0.0 1.0 
0.050208813946902284 -0.5787829492835097 0.8139345014316124 0.0977 -0.9987256487819398 -0.02492330401010108 0.043885161299845765 -1.5561 -0.005114046063417144 -0.8151006849070256 -0.5792967460610831 1.4825 0.0 0.0 0.0 1.0 
0.05078467140292581 -0.5763476791442447 0.8156250792463038 0.0981 -0.9986959808194545 -0.025037952229907956 0.04449088494512621 -1.554 -0.005220636509513266 -0.8168209434711964 -0.5768676548925757 1.4828 0.0 0.0 0.0 1.0 
0.05058857924597325 -0.5762426908105929 0.8157114422007583 0.0982 -0.9987078466710575 -0.025229561469283582 0.04411469398881673 -1.5523 -0.004840727996199723 -0.8168891176380273 -0.5767744245691132 1.4829 0.0 0.0 0.0 1.0 
0.04933172952031341 -0.5773217901806712 0.8150251106837871 0.0981 -0.9987671819842437 -0.02400270848185182 0.043450962898276435 -1.5501 -0.005522377548374924 -0.8161638441931375 -0.5777941525994296 1.483 0.0 0.0 0.0 1.0 
0.04953437979984131 -0.5766589178048419 0.8154819665289927 0.0981 -0.9987532068691108 -0.023534731575081805 0.04402440434980914 -1.5481 -0.006194916182784005 -0.8166459507802858 -0.5771057217595845 1.4831 0.0 0.0 0.0 1.0 
0.04922822033223957 -0.5760608484467765 0.8159230853516158 0.0981 -0.9987643213997858 -0.022820087383629326 0.04414831718909146 -1.5462 -0.006812680951401084 -0.8170882097415084 -0.5764724146736518 1.4829 0.0 0.0 0.0 1.0 
0.04801643522414113 -0.5790275521698239 0.8138928159018162 0.0981 -0.9988238895745077 -0.022346178089143826 0.04302889657032666 -1.5442 -0.0067275228440680235 -0.8150016823007362 -0.5794195356417942 1.4828 0.0 0.0 0.0 1.0 
0.047758730939621186 -0.5777885036024673 0.8147880391389277 0.0983 -0.9988397310811101 -0.022571748117772683 0.042540660558146204 -1.5425 -0.006188314217333957 -0.8158743538632218 -0.578196111605239 1.4828 0.0 0.0 0.0 1.0 
0.04777025586260662 -0.578064515483921 0.8145915655057818 0.0984 -0.9988328007497416 -0.02181227409568899 0.0430959492899427 -1.5409 -0.007144144542761799 -0.8156994793654793 -0.5784317769293438 1.4825 0.0 0.0 0.0 1.0 
0.04765957868962199 -0.5790709655157339 0.8138829040198619 0.0983 -0.9988274477004254 -0.02069279591779627 0.04376685866450525 -1.5393 -0.008502604270579306 -0.8150144937936874 -0.5793781844588539 1.4823 0.0 0.0 0.0 1.0 
0.046214362340301116 -0.5779771581973461 0.8147432953486635 0.0982 -0.9988932953361633 -0.01960090971205382 0.042754986503571235 -1.5378 -0.008741695827469642 -0.815817509582002 -0.5782433517244104 1.4824 0.0 0.0 0.0 1.0 
0.0456465484043693 -0.5794481174124724 0.8137298518832333 0.0983 -0.9989120193442957 -0.018690227687751665 0.042725320343804274 -1.5362 -0.009548310231044077 -0.8147947929485811 -0.5796708334525811 1.4821 0.0 0.0 0.0 1.0 
0.044513356676736476 -0.5813548691569607 0.8124315830793768 0.0981 -0.9989467851319079 -0.016841638867608186 0.04268113956864822 -1.5346 -0.011130208982539358 -0.813475798845759 -0.5814922554430615 1.4819 0.0 0.0 0.0 1.0 
0.04579695855569013 -0.5792213720573208 0.8138828175720891 0.0984 -0.998886028710502 -0.01727714961905065 0.04391129408253064 -1.5329 -0.011372784795728397 -0.8149871791955228 -0.5793673769836496 1.4822 0.0 0.0 0.0 1.0 
0.045505425287509865 -0.5833785474789326 0.8109246121624216 0.0983 -0.9989071012242847 -0.017901981918434756 0.04317548108694169 -1.531 -0.01067049169905876 -0.8120030722754459 -0.5835556110793019 1.4823 0.0 0.0 0.0 1.0 
0.04493591846434493 -0.5829708127030991 0.8112495268214666 0.0984 -0.998938210120918 -0.017962889603241813 0.04242389606716945 -1.5293 -0.010159507477333463 -0.8122945070190919 -0.5831589991369663 1.4824 0.0 0.0 0.0 1.0 
0.04748017278230049 -0.5789900867186493 0.8139509276818189 0.099 -0.9988280733868677 -0.019862672596876074 0.0441356324480221 -1.5272 -0.009386852871995255 -0.8150926043823732 -0.579254635954102 1.4828 0.0 0.0 0.0 1.0 
0.045808894097525574 -0.5815765844172905 0.8122008505776634 0.0986 -0.9989174638842521 -0.02008410769076692 0.04195865781122893 -1.5258 -0.00808984354705411 -0.8132436935358207 -0.581867037522835 1.4828 0.0 0.0 0.0 1.0 
0.045118928613211415 -0.5807225311497679 0.8128503085413715 0.0988 -0.9989474499699729 -0.019497241032496726 0.04151927011171014 -1.5241 -0.008262837241792775 -0.8138680479089517 -0.5809909862584686 1.4829 0.0 0.0 0.0 1.0 
0.046499312634248016 -0.5809341098272014 0.8126212980003784 0.099 -0.998889726861488 -0.020886190923340195 0.0422265390399888 -1.5223 -0.007558273289870965 -0.8136825714417084 -0.5812603078112977 1.4832 0.0 0.0 0.0 1.0 
0.0442068864253668 -0.5828256903602451 0.8113938413918843 0.0989 -0.9989987333074386 -0.020199284590088518 0.0399189147169805 -1.5205 -0.006876193911436124 -0.8123461106930667 -0.583135073888666 1.4829 0.0 0.0 0.0 1.0 
0.04579554638217169 -0.5823884439364702 0.8116196574139976 0.0994 -0.9989228258375842 -0.02061408416941954 0.04157219689300928 -1.5171 -0.00748037112805261 -0.8126492231603453 -0.582705143399879 1.4829 0.0 0.0 0.0 1.0 
0.04357269229260029 -0.5849036830527988 0.8099315415747466 0.0992 -0.9990215767897422 -0.019366227675533212 0.03975975772255741 -1.5154 -0.007570310093478694 -0.8108715254446233 -0.5851752383929091 1.4826 0.0 0.0 0.0 1.0 
0.0448569839789944 -0.5835626971593848 0.8108282367261097 0.0995 -0.9989547769939571 -0.01906342914350899 0.04154442429789673 -1.5137 -0.008786609656829925 -0.8118442979742818 -0.5838078719385204 1.4825 0.0 0.0 0.0 1.0 
0.04479787749901566 -0.5834711117849297 0.8108974114424345 0.0997 -0.9989528754345763 -0.01861507338776902 0.04179272309576709 -1.5119 -0.009289931785254057 -0.8119205261324692 -0.5836940606278254 1.4822 0.0 0.0 0.0 1.0 
0.0451412290645479 -0.5828360056399722 0.8113349862838309 0.1001 -0.9989146368421555 -0.017000929378392454 0.04336492479845261 -1.51 -0.011481190750377457 -0.812411939184742 -0.5829708597597656 1.4815 0.0 0.0 0.0 1.0 
0.04489338277225041 -0.5812905829403135 0.8124566710712485 0.1005 -0.9989319301873051 -0.017218389401123288 0.04287803538755652 -1.5082 -0.010935402851723008 -0.8135138506819303 -0.5814427157623774 1.4812 0.0 0.0 0.0 1.0 
0.04310926838849542 -0.582601392469448 0.8116139528566945 0.1003 -0.9990173227615688 -0.01676671786402413 0.041027624771307114 -1.5063 -0.010294649159424019 -0.812585069186438 -0.5827516842823844 1.4811 0.0 0.0 0.0 1.0 
0.0437748132667887 -0.5816044428636765 0.8122930738130727 0.1009 -0.99895956260668 -0.015073621745965465 0.04304158691463361 -1.5041 -0.012788979635928122 -0.8133320711546372 -0.5816591648303839 1.4803 0.0 0.0 0.0 1.0 
0.04197805233116114 -0.5832113770070295 0.811235066335305 0.1009 -0.9990520920767754 -0.015138357427655333 0.04081356945196751 -1.5021 -0.011522171648622404 -0.8121793643426043 -0.5832940250821557 1.4801 0.0 0.0 0.0 1.0 
0.04109489534814752 -0.5832309297513911 0.8112662276698399 0.1012 -0.9990872352118869 -0.014512807131871253 0.04017555059760608 -1.4999 -0.011657873433542687 -0.8121767424708004 -0.5832949793856677 1.4797 0.0 0.0 0.0 1.0 
0.04007324256348971 -0.5850490767176854 0.810007230253059 0.1011 -0.9991258494047294 -0.013805283184911421 0.03945822103773633 -1.4978 -0.011902616591580706 -0.8108803808133286 -0.5850908781807365 1.4793 0.0 0.0 0.0 1.0 
0.0407096979416471 -0.584785889426617 0.8101655287785452 0.1014 -0.9990964542873398 -0.013918832048489246 0.04015645832081011 -1.4952 -0.01220637226881377 -0.811068264477119 -0.5848241400917962 1.4791 0.0 0.0 0.0 1.0 
0.040316840144934585 -0.584566419752578 0.8103435402953374 0.1016 -0.9991284332259114 -0.014808955892801803 0.03902651335823942 -1.493 -0.010813247443001661 -0.8112106974904969 -0.5846539813913171 1.4791 0.0 0.0 0.0 1.0 
0.04163101842905437 -0.5864324821737978 0.8089275629844972 0.1018 -0.9990761848740208 -0.015795453721622166 0.039965991283828994 -1.4906 -0.010659977585846026 -0.8098440883856632 -0.5865483078013803 1.479 0.0 0.0 0.0 1.0 
0.04170134002403178 -0.5852493585193467 0.8097803323080235 0.1021 -0.9990755782505994 -0.01595701281363296 0.03991694734440082 -1.4884 -0.010439692688493984 -0.8106963439505315 -0.5853737701006179 1.4791 0.0 0.0 0.0 1.0 
0.04221332811763001 -0.5847327694812309 0.8101269179727602 0.1022 -0.999050235442151 -0.015938278673663375 0.04055364762759911 -1.4859 -0.010801018110166094 -0.8110693925723806 -0.5848502188082463 1.4793 0.0 0.0 0.0 1.0 
0.042963547813344174 -0.58496142028564 0.8099223853781901 0.1024 -0.9990255347923819 -0.016954422631864446 0.040749581421353986 -1.4835 -0.010105166603570914 -0.810883890782538 -0.5851198178811645 1.4796 0.0 0.0 0.0 1.0 
0.04440077934051305 -0.5855752411821391 0.8094011414054434 0.1027 -0.9989740793706721 -0.018799919039841753 0.04119892947169135 -1.4813 -0.00890839713265379 -0.8104000246536119 -0.5858092185190943 1.48 0.0 0.0 0.0 1.0 
0.04327816322668765 -0.5858308608620338 0.8092769631278109 0.1026 -0.9990084913565859 -0.01690976959329603 0.04118366047038252 -1.4789 -0.010441972283160239 -0.8102569112040636 -0.5859818282684948 1.4804 0.0 0.0 0.0 1.0 
0.0439680107670615 -0.5857049984003941 0.8093308772547736 0.1026 -0.9989836181842675 -0.01772617845307152 0.0414428907886385 -1.4769 -0.009926964725268161 -0.8103304495366341 -0.5858890832957201 1.4806 0.0 0.0 0.0 1.0 
0.044279056784590834 -0.5848104839379366 0.8099605317585191 0.1026 -0.998979094979663 -0.018654471760668853 0.04114338922528599 -1.4746 -0.008951699496740684 -0.8109554294531891 -0.5850394503933161 1.4809 0.0 0.0 0.0 1.0 
0.045532850696508545 -0.5849625875343953 0.8097811622237912 0.1027 -0.9989333067039177 -0.020428473123981813 0.04141166796205403 -1.4723 -0.007681683736402822 -0.810802965381163 -0.5852687784805254 1.481 0.0 0.0 0.0 1.0 
0.04558501899124118 -0.5855547518945736 0.809350133488129 0.1027 -0.9989389194852105 -0.02139886374578108 0.04078141449373185 -1.4699 -0.006560577816644708 -0.810350369386029 -0.5859088987672384 1.4811 0.0 0.0 0.0 1.0 
0.047147167633384834 -0.5861521241132132 0.8088280608273413 0.103 -0.998875513651264 -0.02362463319695292 0.041104560990629535 -1.4676 -0.004985259478949955 -0.8098565083419885 -0.5866068385929795 1.4814 0.0 0.0 0.0 1.0 
0.04644432126794752 -0.5873391004786097 0.808007243823307 0.1029 -0.9989103706459723 -0.023597303197347416 0.040264608500996946 -1.4655 -0.004582187019947337 -0.8089968778251186 -0.5877950792847149 1.4812 0.0 0.0 0.0 1.0 
0.046764353897486954 -0.5871830324868519 0.8081022098497783 0.103 -0.9988939721029606 -0.023527407985693125 0.040709870668476644 -1.4632 -0.00489159492598773 -0.809112197061087 -0.5876338357055869 1.481 0.0 0.0 0.0 1.0 
0.04682317046449358 -0.5870120903793141 0.8082229868397464 0.103 -0.9988949232855744 -0.024223201574653186 0.04027615597074752 -1.4608 -0.004064842181344341 -0.8092156957535991 -0.5874976040836755 1.4809 0.0 0.0 0.0 1.0 
0.04675711882271169 -0.5881937921966319 0.8073672241680014 0.1029 -0.9988970802136189 -0.0240617716681837 0.04031940333009576 -1.4585 -0.004288936943528776 -0.8083619820139573 -0.588670120741966 1.4808 0.0 0.0 0.0 1.0 
0.047009451582381664 -0.5869004888396405 0.8082932188641168 0.1029 -0.998887188542217 -0.024535922142058145 0.040278692765087554 -1.4562 -0.003807364987648054 -0.8092872201662584 -0.5874007994950474 1.4808 0.0 0.0 0.0 1.0 
0.04782149130523977 -0.5872714378432963 0.8079760907742319 0.1028 -0.9988516071400501 -0.02574524645069938 0.04040605398862329 -1.4539 -0.002927777840217416 -0.8089804945600727 -0.5878281955965179 1.4813 0.0 0.0 0.0 1.0 
0.04725190432210072 -0.5881518816038969 0.8073689501731726 0.1024 -0.998879169934946 -0.025582529731116826 0.0398238376180618 -1.4517 -0.0027679248559653313 -0.808345778945095 -0.5887014865393492 1.4815 0.0 0.0 0.0 1.0 
0.04637040945091228 -0.5879858437336447 0.8075409789578412 0.1018 -0.9989180880397284 -0.024440139407678765 0.03956428911008947 -1.4495 -0.003526827810974853 -0.8085019029999664 -0.5884829940882104 1.4819 0.0 0.0 0.0 1.0 
0.04783497190252084 -0.5857020891680886 0.8091136373879882 0.1016 -0.9988479119004463 -0.02494341487872999 0.04099603573890198 -1.4473 -0.0038294066384776393 -0.8101425114128523 -0.5862204763111515 1.4822 0.0 0.0 0.0 1.0 
0.04789470896398511 -0.5858508778044558 0.8090023768994776 0.101 -0.9988457442467684 -0.025136724193393245 0.04093072558537192 -1.4454 -0.00364363189344169 -0.8100289464411593 -0.5863785721477647 1.4824 0.0 0.0 0.0 1.0 
0.04674656003763855 -0.5861121342799673 0.8088802910038226 0.1001 -0.9989040576546833 -0.02553741465006741 0.03922402393941127 -1.4432 -0.002332964992545039 -0.809827393030621 -0.5866635754600513 1.4827 0.0 0.0 0.0 1.0 
0.04654521624943661 -0.5847096801572274 0.8099062493737936 0.0993 -0.9989157160299917 -0.026460064620268856 0.03830479406783999 -1.441 -0.0009670121931049658 -0.8108109859336661 -0.5853072782536488 1.4832 0.0 0.0 0.0 1.0 
0.04558661230928612 -0.5876239748313469 0.8078489493597002 0.0985 -0.9989602531905987 -0.02723888629466094 0.03655756582161329 -1.439 0.0005228035366151573 -0.8086755265722063 -0.5882547232276396 1.4832 0.0 0.0 0.0 1.0 
0.04443675526965178 -0.585385374078965 0.8095364961479723 0.0979 -0.9990109375622767 -0.027326317070215447 0.03507732923584128 -1.4367 0.0015878954772368115 -0.810294536702432 -0.5860206842579407 1.4833 0.0 0.0 0.0 1.0 
0.044873121879365374 -0.5846942401717287 0.8100117582126845 0.0974 -0.998990033268304 -0.028134873237275648 0.03503344599828884 -1.4347 0.0023057240494498976 -0.8107657333767425 -0.5853662180367778 1.4834 0.0 0.0 0.0 1.0 
0.04448468054957963 -0.5869787118919485 0.8083793076162149 0.0967 -0.9990022729033861 -0.029333524639443317 0.03367496200586062 -1.4327 0.0039461285167659566 -0.809070785604014 -0.587697959798937 1.4833 0.0 0.0 0.0 1.0 
0.04415935927921161 -0.585030096689865 0.8098084569545421 0.096 -0.9990137744561042 -0.029615587647837602 0.033081647710491324 -1.4308 0.00462919377616855 -0.8104706675354267 -0.5857609304397676 1.4836 0.0 0.0 0.0 1.0 
0.04693008459231432 -0.5836600200755387 0.8106408255976129 0.0957 -0.9988849867173871 -0.03159148969224444 0.035082204742997725 -1.4289 0.005133270961387271 -0.8113833611459172 -0.584491822684279 1.4839 0.0 0.0 0.0 1.0 
0.047116940621924314 -0.5848235289659218 0.8097909815960385 0.0947 -0.998873289702594 -0.03218674179521851 0.034873554039203 -1.4271 0.005669658291937718 -0.8105217169332685 -0.5856811430756492 1.484 0.0 0.0 0.0 1.0 
0.047420075390116126 -0.5835577653497688 0.8106859262069249 0.0938 -0.9988506928595324 -0.03336891003075863 0.0344065287030062 -1.425 0.006973508731432099 -0.8113857592682676 -0.5844694344725215 1.4846 0.0 0.0 0.0 1.0 
0.04988647844350537 -0.5858670812688731 0.8088702629927726 0.0932 -0.9987228699881647 -0.03574783913002333 0.035703234589281097 -1.4228 0.007998014197845349 -0.8096183391469252 -0.5869021866426001 1.4848 0.0 0.0 0.0 1.0 
0.048796770395765104 -0.5860784508359786 0.8087836080588195 0.0924 -0.9987635510739559 -0.03633308763944346 0.03393045518005383 -1.4207 0.009499697104860816 -0.8094392850660781 -0.5871267321001761 1.4848 0.0 0.0 0.0 1.0 
0.048153356371262876 -0.585062635451979 0.8095572659597134 0.0917 -0.998788307342342 -0.03644604364903388 0.0330696691630174 -1.4187 0.010157331657520252 -0.8101687469288832 -0.5861087186804864 1.4849 0.0 0.0 0.0 1.0 
0.048670936838196496 -0.5867808241487791 0.8082817604762415 0.0911 -0.9987611073534717 -0.03698757744129119 0.03328918072124587 -1.4166 0.01036293131114785 -0.8089006017591435 -0.5878540857460602 1.4848 0.0 0.0 0.0 1.0 
0.04943404190996531 -0.5872720820560351 0.8078785658364835 0.0905 -0.9987263211576587 -0.03724488308593084 0.034037539729022404 -1.4145 0.010100045907481259 -0.808532201165473 -0.5883652511418243 1.4847 0.0 0.0 0.0 1.0 
0.05082441239510152 -0.5874795158177836 0.8076414412344101 0.0897 -0.9986558716388915 -0.038126404467134195 0.03511164085562207 -1.4124 0.010165094483493564 -0.8083403959823552 -0.5886276200427828 1.4847 0.0 0.0 0.0 1.0 
0.05165461596984079 -0.5893871345281626 0.8061976223617198 0.0888 -0.9986112575900933 -0.03885923872085151 0.035574088609107435 -1.4103 0.010361315714764174 -0.8069155874183604 -0.5905758866715958 1.4846 0.0 0.0 0.0 1.0 
0.05229090818176141 -0.5893198524907806 0.8062057878617414 0.0881 -0.9985813113319582 -0.03898223638977438 0.036273267079192484 -1.4081 0.010051148196762338 -0.8069587949246828 -0.5905222076379772 1.4845 0.0 0.0 0.0 1.0 
0.052919462453329444 -0.5885385431518427 0.8067353430452624 0.0874 -0.9985510499700002 -0.0390862493433103 0.036987372386838024 -1.4059 0.009763764512763784 -0.8075237757100276 -0.5897542035166518 1.4845 0.0 0.0 0.0 1.0 
0.05058363221688948 -0.5885253715392799 0.8068947782742797 0.0865 -0.9986758473252065 -0.03738880732675538 0.035335945663918455 -1.4037 0.00937273284731266 -0.8076137468748505 -0.5896373357732171 1.4844 0.0 0.0 0.0 1.0 
0.05006827142495539 -0.5878203585895178 0.8074406443969787 0.0856 -0.9986980063208041 -0.037375527914390486 0.03471832490158849 -1.4015 0.00977038215059356 -0.8081276482962403 -0.5889263482744 1.4845 0.0 0.0 0.0 1.0 
0.04894260654945712 -0.5878878515752751 0.8074605223999204 0.0848 -0.9987675577522438 -0.03548013740076153 0.03470627366401602 -1.3991 0.00824541361991793 -0.8081639894354551 -0.5888998041551772 1.4844 0.0 0.0 0.0 1.0 
0.04933186499926154 -0.5889121178459089 0.8066900796154255 0.0838 -0.9987545959186435 -0.035117843208839955 0.035440008743607476 -1.3966 0.007458165128385763 -0.8074337462247947 -0.5899111129910268 1.4843 0.0 0.0 0.0 1.0 
0.053188101657453093 -0.5885806848127357 0.8066869301702162 0.083 -0.9985573656729352 -0.03730547345106132 0.038619802056973906 -1.394 0.00736296831475719 -0.8075772898713554 -0.5897157854268721 1.4846 0.0 0.0 0.0 1.0 
0.05425495696932517 -0.5866651270290526 0.8080101660079793 0.0821 -0.9985035230359729 -0.03743822246570924 0.03986344168983014 -1.3914 0.0068639732667818976 -0.8089637867213795 -0.5878184053297406 1.4847 0.0 0.0 0.0 1.0 
0.05400483520739105 -0.5864276972064315 0.8081992537260748 0.0811 -0.9985199834433334 -0.0369259381156091 0.039928908808121444 -1.3888 0.0064280975838583165 -0.8091594595896683 -0.5875539537080898 1.4846 0.0 0.0 0.0 1.0 
0.05410557823655561 -0.5773410975095341 0.814708440811911 0.0805 -0.9985161973348637 -0.03631888769314261 0.04057514087044639 -1.3861 0.006163608002755672 -0.8156949157149502 -0.5784494916699026 1.4846 0.0 0.0 0.0 1.0 
0.05152702944716697 -0.5804724603118484 0.8126479484105404 0.0791 -0.9986545074031993 -0.034710196990680287 0.038527614358295825 -1.3831 0.005842951276895991 -0.8135397501317176 -0.5814799522563079 1.4853 0.0 0.0 0.0 1.0 
0.051856654429094415 -0.5844677972096158 0.8097581623030181 0.0777 -0.9986381653573612 -0.034992028448430135 0.03869589948235164 -1.38 0.00571857352016103 -0.8106620454727135 -0.5854864182428923 1.4854 0.0 0.0 0.0 1.0 
0.05388711930987436 -0.5795140863113986 0.8131787024628403 0.077 -0.9985399881468662 -0.03433272842337551 0.041703187296214916 -1.377 0.0037510590690904566 -0.8142387165479618 -0.5805180807091097 1.4859 0.0 0.0 0.0 1.0 
0.053403198680530284 -0.5787974702563259 0.8137208285373834 0.076 -0.9985711524433294 -0.0325344143661514 0.042392987507991364 -1.3739 0.0019369766877697647 -0.8148220666542662 -0.5797078986994932 1.4859 0.0 0.0 0.0 1.0 
0.054219754022434744 -0.5773215064226835 0.8147147332014991 0.0755 -0.9985264962471194 -0.03318533494759922 0.04293681214141171 -1.3712 0.0022482362415681134 -0.8158422713774145 -0.578270121714362 1.4861 0.0 0.0 0.0 1.0 
0.053378300251223754 -0.5756156050971531 0.8159763674463426 0.0749 -0.998567798571495 -0.033731808886705295 0.041527300963454306 -1.3684 0.003620596410637722 -0.8170243816667098 -0.5765917542280347 1.4863 0.0 0.0 0.0 1.0 
0.05464530442060733 -0.5721719878095944 0.8183111309708531 0.0743 -0.9985009517441276 -0.033874670204883314 0.04299251195943288 -1.3657 0.0031209086578662393 -0.81943378200104 -0.5731653660547028 1.4863 0.0 0.0 0.0 1.0 
0.05231157958940284 -0.574787182026566 0.8166291655450595 0.0731 -0.9986264911288434 -0.032514683458646235 0.04108438359374306 -1.3633 0.002937661749649989 -0.817656707143984 -0.5756986011845966 1.4862 0.0 0.0 0.0 1.0 
0.05260453225270635 -0.5741309332225324 0.8170718663027738 0.0723 -0.9986064789484488 -0.03370643851802943 0.04060758801765679 -1.3609 0.004226510221852553 -0.8180694026300301 -0.5751039811128855 1.4862 0.0 0.0 0.0 1.0 
0.049948613426577554 -0.5780633585259519 0.8144617176678466 0.0714 -0.998737892233026 -0.03321098949220923 0.037678280147601384 -1.3584 0.005268646381669406 -0.8153157570577458 -0.5789926231470136 1.4863 0.0 0.0 0.0 1.0 
0.04735409524656134 -0.57834853809637 0.8144142423516252 0.0704 -0.9988638112973807 -0.03178853500853626 0.035504584527664584 -1.356 0.005355011097151363 -0.8151702015676255 -0.5791967423357512 1.4862 0.0 0.0 0.0 1.0 
0.04793088175161625 -0.5771604375012319 0.8152229510740601 0.0697 -0.9988401753653647 -0.03143394253967685 0.036472062355996315 -1.3538 0.004575439935128711 -0.8160255735207071 -0.5779976891905374 1.4862 0.0 0.0 0.0 1.0 
0.045705935006492296 -0.5785876970384688 0.8143385317795684 0.0686 -0.9989363907374932 -0.03143953531509486 0.03372896202851228 -1.3518 0.0060872625647512835 -0.8150140075206631 -0.5794092791624725 1.4859 0.0 0.0 0.0 1.0 
0.041416946172128405 -0.5788282898655553 0.8143969839219023 0.0674 -0.9991287075265666 -0.028190155849987547 0.030775654492561033 -1.3499 0.005144158441096003 -0.814962039584955 -0.5794915113006082 1.4857 0.0 0.0 0.0 1.0 
0.03858365209387894 -0.5790128820923708 0.8144049264108024 0.0664 -0.9992453595231121 -0.026005624090714705 0.028851672173008047 -1.3482 0.004473618515787814 -0.8149035463702061 -0.5795793274873048 1.4855 0.0 0.0 0.0 1.0 
0.03561789722511649 -0.5777011343118728 0.8154708853245694 0.0652 -0.9993583672638979 -0.023668327558072078 0.026882411540636808 -1.3465 0.0037708323878684613 -0.8159051474806245 -0.5781734784108686 1.4852 0.0 0.0 0.0 1.0 
0.03246963673204095 -0.5746853567518225 0.8177300675806898 0.064 -0.9994695326066637 -0.020736630839616646 0.02511265681759811 -1.345 0.0025250903956680615 -0.8181116872875315 -0.5750538157790468 1.4848 0.0 0.0 0.0 1.0 
0.03080195041913042 -0.5733536651157833 0.8187287796020581 0.063 -0.9995255050770957 -0.01761351153542652 0.025269129620313024 -1.3435 -6.745927818579966e-05 -0.8191186354306008 -0.5736241422216783 1.4843 0.0 0.0 0.0 1.0 
0.028649524746909613 -0.5720929594886953 0.8196882641805006 0.0617 -0.9995895120811736 -0.01648704641067479 0.023430421207764507 -1.3424 0.00010985944301267203 -0.8200230624830731 -0.5723304682845258 1.4841 0.0 0.0 0.0 1.0 
0.0240660633425345 -0.5755006072071918 0.8174471699745165 0.0599 -0.9997080205845486 -0.012081148279046466 0.020926524680010106 -1.3408 -0.0021675271893330517 -0.8177121112961534 -0.5756233185560415 1.4838 0.0 0.0 0.0 1.0 
0.021459396490819696 -0.56844147806661 0.8224437855049409 0.0586 -0.9997614156968708 -0.00884808044242262 0.01997055723490626 -1.3398 -0.00407504429890565 -0.8226761194333599 -0.5684957313190925 1.4835 0.0 0.0 0.0 1.0 
0.01649961310397491 -0.572947704676438 0.8194258297572882 0.0569 -0.9998587386722539 -0.006828517578824689 0.015358191573382307 -1.3384 -0.0032039769269097684 -0.819563480795525 -0.5729794372210707 1.4834 0.0 0.0 0.0 1.0 
0.014206946025641931 -0.5716624654632557 0.8203658868243464 0.0557 -0.9998967525434687 -0.006353578855464892 0.0128886108154731 -1.3374 -0.002155675682897873 -0.8204642939313076 -0.5716937077195715 1.4835 0.0 0.0 0.0 1.0 
0.010494079765565281 -0.5716411450478784 0.8204366371501364 0.0541 -0.9999395058812381 -0.0032952796329141915 0.010494079765565212 -1.3358 -0.003295279632914039 -0.820497131268898 -0.5716411450478783 1.4834 0.0 0.0 0.0 1.0 
0.008724029876568881 -0.5708698903526646 0.8209941897428079 0.053 -0.9999566345737516 -0.0023047269204516524 0.009023148328545783 -1.3343 -0.003258876286318102 -0.8210373051954211 -0.5708652408430483 1.4833 0.0 0.0 0.0 1.0 
0.007992577141229404 -0.5697841704172726 0.8217555097792417 0.0516 -0.9999575001215495 -0.0007776977757843612 0.009186573726399139 -1.3326 -0.004595286857479619 -0.8217940096691321 -0.5697661704687524 1.4833 0.0 0.0 0.0 1.0 
0.0035967204677936626 -0.5679181215046262 0.8230771961781795 0.0501 -0.9999758978524987 0.0028453935245631168 0.006333044274244859 -1.3313 -0.005938629131855722 -0.8230801364401569 -0.5678941993731641 1.4835 0.0 0.0 0.0 1.0 
0.0021422812603371505 -0.5675535510813938 0.8233336974070121 0.0488 -0.9999802796201855 0.0036447101971183588 0.005114338502159643 -1.3295 -0.005903473700903494 -0.8233284173053173 -0.5675345507154468 1.4838 0.0 0.0 0.0 1.0 
0.0015942808020105032 -0.5660936002167855 0.824339428914038 0.0478 -0.999976468954986 0.004597774187151557 0.005091366107568884 -1.3274 -0.006672316317567595 -0.8243281484130709 -0.5660729492996783 1.4843 0.0 0.0 0.0 1.0 
0.0021046299639152777 -0.5653123805159135 0.8248742225140425 0.0468 -0.9999751794107592 0.004356663427189794 0.005537151451975475 -1.3254 -0.0067239196258519485 -0.8248654023046507 -0.5652891799651323 1.4847 0.0 0.0 0.0 1.0 
0.003046916977254996 -0.5633280184467278 0.8262277288555601 0.0459 -0.999976949190686 0.003296985757169954 0.005935568397806401 -1.3231 -0.006067733038106926 -0.8262267688218533 -0.563304987638116 1.485 0.0 0.0 0.0 1.0 
0.0036415985154211877 -0.5612340429757363 0.8276491332475144 0.0451 -0.9999847502993515 0.0013925426643874445 0.005344155094235525 -1.3208 -0.004151858499017669 -0.8276559731132478 -0.5612204132432879 1.4854 0.0 0.0 0.0 1.0 
0.003727377225869577 -0.5622776440577502 0.8269401173312865 0.0441 -0.9999899098721579 -2.237028343166081e-05 0.004492176915881552 -1.3184 -0.0025073517681467594 -0.8269485174377158 -0.562272053986924 1.4857 0.0 0.0 0.0 1.0 
0.00477205575578496 -0.5615924150815959 0.8274002579203635 0.0437 -0.9999879493288981 -0.0017262261335333762 0.004595795939875746 -1.3159 -0.0011526841929826448 -0.827412218586453 -0.5615938851634648 1.486 0.0 0.0 0.0 1.0 
0.005838035250645232 -0.5609620696503943 0.8278209188936688 0.0433 -0.9999826804887566 -0.0026576450012580494 0.005251251809673951 -1.3133 -0.0007456989563754401 -0.8278372384331314 -0.560967869486723 1.486 0.0 0.0 0.0 1.0 
0.006744232526167654 -0.5598591751773249 0.8285603293046309 0.0431 -0.9999760685006914 -0.0024982065126379627 0.006451464184231037 -1.3105 -0.0015419966060873924 -0.8285840107882758 -0.5598626253934809 1.486 0.0 0.0 0.0 1.0 
0.009050142436205388 -0.5574946019559097 0.830131232825212 0.043 -0.9999558008671872 -0.0029304225051104416 0.008933584723067711 -1.3074 -0.002547790012359996 -0.8301753919588097 -0.5574964819190249 1.4861 0.0 0.0 0.0 1.0 
0.0084423496424898 -0.5586998139577207 0.8293269829302081 0.0422 -0.9999637415047274 -0.0037924426136315414 0.007624503583101239 -1.3051 -0.0011146337426996555 -0.8293612815068172 -0.558711573469701 1.4863 0.0 0.0 0.0 1.0 
0.013660305405042317 -0.5611231912451156 0.827619574625406 0.042 -0.9999066738143403 -0.007830799025359603 0.011194741987498924 -1.3019 0.00019929320915412774 -0.8276952596418089 -0.5611777948642437 1.4865 0.0 0.0 0.0 1.0 
0.011978944706228192 -0.5575755721151013 0.8300397498097563 0.0417 -0.9999279076245563 -0.005992847464324144 0.0104050628468208 -1.2997 -0.000827307259774035 -0.8301045519449866 -0.557607163156026 1.4864 0.0 0.0 0.0 1.0 
0.015731078168523357 -0.5577992850811763 0.8298267835775035 0.0414 -0.9998758981210977 -0.009480923541182365 0.01258175048770227 -1.2968 0.000849432860413557 -0.8299217250149168 -0.5578792062911834 1.4868 0.0 0.0 0.0 1.0 
0.01716283160197246 -0.5587245128120332 0.8291757087580163 0.0412 -0.999851154669278 -0.011052383286736134 0.013248144405709927 -1.2941 0.0017623047165010175 -0.8292796654968932 -0.5588310394702919 1.4869 0.0 0.0 0.0 1.0 
0.017720855074180752 -0.5585566774366006 0.8292770401900834 0.0409 -0.9998405065342071 -0.011742025154206637 0.013456832416968378 -1.2916 0.002220988262074952 -0.8293832424978596 -0.5586756700223096 1.487 0.0 0.0 0.0 1.0 
0.018939895663157666 -0.556609035727764 0.8305586443463688 0.0408 -0.9998195703326194 -0.011750065885075336 0.014925238074921299 -1.289 0.0014515964195994102 -0.830691469378316 -0.556731151966485 1.4873 0.0 0.0 0.0 1.0 
0.01971555155682532 -0.5575993756882013 0.8298760348744496 0.0405 -0.9998052325754659 -0.011735247347628805 0.01586760487309774 -1.2865 0.0008910339662147049 -0.8300272406384133 -0.557722140367991 1.4875 0.0 0.0 0.0 1.0 
0.019414998258922775 -0.5569794326899193 0.8302993251852141 0.0404 -0.9998114778821099 -0.011030048833658226 0.0159795718940991 -1.2837 0.00025794921514332714 -0.8304530387584497 -0.5570885781265488 1.4875 0.0 0.0 0.0 1.0 
0.020943427809975143 -0.5554729368528899 0.831270827862733 0.0404 -0.9997782094482774 -0.013477825844618874 0.01618271061652765 -1.2814 0.002214665655243031 -0.8314253812787575 -0.5556320100763706 1.488 0.0 0.0 0.0 1.0 
0.02132777297628241 -0.5565199123706972 0.8305604813827732 0.0404 -0.9997703628750569 -0.013604589670537473 0.016557072705449705 -1.279 0.002085093894624579 -0.8307228793495507 -0.5566822703379755 1.4878 0.0 0.0 0.0 1.0 
0.02315819299073127 -0.5574403226857834 0.829893959937879 0.0403 -0.9997292879671578 -0.01477848915167515 0.017970727282830223 -1.2766 0.002246970868543585 -0.8300854672275402 -0.5576316599867268 1.4876 0.0 0.0 0.0 1.0 
0.023665555905967806 -0.5578232648984515 0.8296222915289182 0.0402 -0.9997199089832695 -0.01302871729424375 0.019757431719477025 -1.2737 -0.00021224077043391354 -0.8298574923826973 -0.5579753554505401 1.4874 0.0 0.0 0.0 1.0 
0.024671990131204094 -0.5580698567720573 0.8294271082291567 0.0405 -0.99969560012176 -0.01377255449097839 0.020470071811971358 -1.2716 -3.9999983986183096e-07 -0.8296796681281328 -0.5582397767040893 1.4871 0.0 0.0 0.0 1.0 
0.025902305136991696 -0.5556206377293001 0.8310323564807065 0.0408 -0.9996635887638646 -0.01550611790433816 0.02079109442255378 -1.2692 0.0013341245597603968 -0.8312913251302593 -0.5558353649011876 1.487 0.0 0.0 0.0 1.0 
0.026841234216749374 -0.5566816626628113 0.8302921621939408 0.0407 -0.9996314571284406 -0.018322181304234214 0.020031165505907222 -1.267 0.004061781012299648 -0.8305238251412312 -0.5569682915640578 1.487 0.0 0.0 0.0 1.0 
0.028360006112834527 -0.5579106018646867 0.8294163432078387 0.041 -0.9995889207763782 -0.0193208035159219 0.02118244586007617 -1.2647 0.0042070790812518966 -0.82967612167549 -0.5582291945134381 1.4865 0.0 0.0 0.0 1.0 
0.031077766556629582 -0.5571771966362479 0.8298118726400725 0.0415 -0.999508034278369 -0.02083448279179552 0.023443842257386216 -1.2621 0.0042263268735943105 -0.8301322159001965 -0.5575505737471599 1.4862 0.0 0.0 0.0 1.0 
0.03238739584664593 -0.5591893768260906 0.8284070843704328 0.0418 -0.9994626713796771 -0.02230145256513809 0.024021110134308576 -1.2597 0.00504233169003665 -0.828739938737318 -0.5596111943419236 1.4859 0.0 0.0 0.0 1.0 
0.0337290103329575 -0.5568603274784966 0.829921038137063 0.0426 -0.9994214878165332 -0.02241867213723514 0.02557523861452521 -1.2568 0.00436389190356351 -0.8303035461926827 -0.557294336618729 1.4856 0.0 0.0 0.0 1.0 
0.03318928005534019 -0.5575699850253443 0.8294662039457938 0.0425 -0.9994437653621017 -0.021222995410324214 0.025724392016860886 -1.2543 0.003260608567733414 -0.8298586001630943 -0.5579642212249072 1.4853 0.0 0.0 0.0 1.0 
0.03768012588014605 -0.5618182902882777 0.8264020914852606 0.0429 -0.9992838373741054 -0.02405355646072012 0.029210251359301997 -1.2514 0.00346705588922408 -0.8269108991415869 -0.5623222780615342 1.4853 0.0 0.0 0.0 1.0 
0.038912317469176616 -0.5612462481701446 0.826733621225189 0.0436 -0.9992312302314166 -0.025807553734439048 0.02951133172958481 -1.2486 0.004772848142102493 -0.8272464077197195 -0.561819010745838 1.4854 0.0 0.0 0.0 1.0 
0.03956232701002105 -0.5602583374348903 0.8273725990243119 0.0441 -0.9991954278873009 -0.027636088616586937 0.02906447135404394 -1.2458 0.00658173006633106 -0.8278567762244076 -0.5609009171758101 1.4855 0.0 0.0 0.0 1.0 
0.04433984549016205 -0.5624570387152918 0.8256367589330874 0.0452 -0.9989837678837534 -0.031653582598176924 0.032085545242047486 -1.2428 0.008087620582571953 -0.8262203884608059 -0.5632889667701537 1.4857 0.0 0.0 0.0 1.0 
0.047530617314344756 -0.5564810469311461 0.8294996593273157 0.0463 -0.9988510503580241 -0.03156498853855502 0.036058711807729904 -1.2403 0.006117157541647988 -0.8302604988224939 -0.557341981622266 1.4854 0.0 0.0 0.0 1.0 
0.04739772938745586 -0.5625927818108603 0.8253743496760919 0.0467 -0.9988505840227941 -0.03260059864748838 0.03513846560606887 -1.2374 0.007139050793838475 -0.8260911346952851 -0.5634913230313487 1.4853 0.0 0.0 0.0 1.0 
0.04738749376656959 -0.562787265113605 0.8252423399586766 0.0473 -0.9988463940493022 -0.03312129618311732 0.034768676044050595 -1.2348 0.007765727862167948 -0.8259379359038419 -0.5637075655920112 1.4851 0.0 0.0 0.0 1.0 
0.05181662461751563 -0.5603151174986548 0.8266571275418342 0.0481 -0.9986321572546889 -0.03486538593703099 0.038964334465104555 -1.2319 0.0069894141452716 -0.8275453908795158 -0.5613553011453399 1.4847 0.0 0.0 0.0 1.0 
0.052292640801265694 -0.5612134509428467 0.826017519305039 0.0486 -0.9986151274681238 -0.0341672459010907 0.04000533088673347 -1.2292 0.005771213897650063 -0.8269655747299007 -0.5622229373671909 1.4843 0.0 0.0 0.0 1.0 
0.05582983543617136 -0.5610983719563156 0.825864181608055 0.0494 -0.9984238751915937 -0.036118701091572336 0.04295584801699204 -1.2264 0.005726685129400222 -0.8269607345088581 -0.5622305120304294 1.4841 0.0 0.0 0.0 1.0 
0.05538617976123615 -0.5590706495724973 0.8272680217910289 0.0501 -0.9984486111299875 -0.03576012899302074 0.0426800199976744 -1.2239 0.005722064667181281 -0.8283484906493093 -0.5601839305218922 1.484 0.0 0.0 0.0 1.0 
0.05468608046769953 -0.5629499765829826 0.8246797902630448 0.0507 -0.9984834988777893 -0.03607124669272253 0.04158807077517235 -1.2212 0.006335224688066243 -0.8257034510205538 -0.5640688574109545 1.4836 0.0 0.0 0.0 1.0 
0.05802969406201251 -0.5634520290825711 0.8241082244036899 0.0516 -0.998292775181566 -0.03824198593070739 0.04414844881038005 -1.2184 0.0066400020599695075 -0.8252632073676912 -0.564709260538407 1.4833 0.0 0.0 0.0 1.0 
0.05904771462377144 -0.5631648978588295 0.8242321670605701 0.0522 -0.9982357286017096 -0.03846298838872299 0.04523304839630943 -1.2157 0.006228767191311657 -0.8254489059559429 -0.5644424736989708 1.4828 0.0 0.0 0.0 1.0 
0.05855655614503176 -0.5678613155503547 0.8210387664622512 0.0526 -0.9982633801326362 -0.0386064693650425 0.044494543590540725 -1.213 0.006430677926800132 -0.8222183814684437 -0.5691358181987979 1.4823 0.0 0.0 0.0 1.0 
0.05661762277315156 -0.5681683781046689 0.8209623249050023 0.0526 -0.9983821427873958 -0.03654186598144968 0.043563620072732956 -1.2106 0.005248023891405218 -0.8221005936942894 -0.5693180763797436 1.4819 0.0 0.0 0.0 1.0 
0.05685959640033483 -0.5652407718240017 0.8229640673595645 0.0532 -0.998367144072733 -0.03671554327742203 0.04376087885199015 -1.2084 0.005480139892907854 -0.8241085115138969 -0.5664054460517691 1.4818 0.0 0.0 0.0 1.0 
0.057501823794116114 -0.5668113294312516 0.8218384616752414 0.0535 -0.998309466414036 -0.03963001156351369 0.04251671967118831 -1.2062 0.008470509339648047 -0.822893905076379 -0.5681319137838271 1.4821 0.0 0.0 0.0 1.0 
0.05653396930043396 -0.5640770477246753 0.8237845559036368 0.0537 -0.998361337411898 -0.03926383575778383 0.041629210450260856 -1.2044 0.008862859372906928 -0.8247881154768177 -0.5653724562551097 1.4824 0.0 0.0 0.0 1.0 
0.055260650641077325 -0.5628725720176654 0.8246943240746494 0.0537 -0.9984324988426786 -0.0384945261056433 0.040629013213052734 -1.2028 0.008877260021496747 -0.8256468004722841 -0.564117501168321 1.4826 0.0 0.0 0.0 1.0 
0.05464060683989107 -0.5610873122350575 0.8259512286648696 0.0538 -0.9984742327423586 -0.03731024666532329 0.0407081323979801 -1.2012 0.007975627481721592 -0.8269153363813082 -0.5622698781045103 1.4829 0.0 0.0 0.0 1.0 
0.053465033399296716 -0.5626085791875026 0.8249927738036448 0.0536 -0.9985441811735072 -0.03603120596872536 0.0401406332905892 -1.1996 0.007142019892324214 -0.8259378540913711 -0.5637159326565099 1.4832 0.0 0.0 0.0 1.0 
0.05218427030546617 -0.5625761242612974 0.825096907244127 0.0535 -0.9986049117272355 -0.03606868199197205 0.03856527523047487 -1.1984 0.008064254889717348 -0.8259583249719682 -0.5636734987584342 1.4833 0.0 0.0 0.0 1.0 
0.050562911584296294 -0.5617092114927558 0.8257882014755991 0.0535 -0.9986743897342982 -0.03641451489887701 0.03637920276072709 -1.197 0.009636143468487013 -0.8265329665711256 -0.5628058278928789 1.4835 0.0 0.0 0.0 1.0 
0.049227584783068115 -0.5598224490026321 0.8271490013831374 0.0535 -0.9987426597612435 -0.03544583099718021 0.03544986090179242 -1.1955 0.00947335576566899 -0.8278541046933421 -0.5608634743615618 1.4837 0.0 0.0 0.0 1.0 
0.04761355499526622 -0.5564460604803338 0.8295183730072707 0.0535 -0.9988356585244635 -0.03297850797983769 0.03521001663483542 -1.194 0.007763803237741063 -0.8302290044242857 -0.5573683912565776 1.4836 0.0 0.0 0.0 1.0 
0.04639172304089782 -0.5566256556287832 0.8294671105771003 0.0536 -0.9988867372086103 -0.03295654867074434 0.03375132780275647 -1.1921 0.008549518233964604 -0.8301094779579016 -0.5575348960759557 1.4837 0.0 0.0 0.0 1.0 
0.04884217883650717 -0.5538231948945442 0.8312005235581256 0.0538 -0.9987469636322657 -0.03616751788061283 0.03458920764754381 -1.1884 0.010906154309929805 -0.831848411338962 -0.5548957346664439 1.4842 0.0 0.0 0.0 1.0 
0.04984506566089608 -0.5526247958621882 0.831938281621621 0.0537 -0.9987185737368893 -0.034882026064680605 0.036666806931829665 -1.1862 0.008756706128110359 -0.8326998734573564 -0.5536553448147034 1.4836 0.0 0.0 0.0 1.0 
0.05253251925383588 -0.550670764797107 0.8330678503090936 0.0538 -0.9985919793180436 -0.035128358038927734 0.03974993463089693 -1.1835 0.007375178812546679 -0.8339830377527219 -0.5517407901163596 1.4833 0.0 0.0 0.0 1.0 
0.052725704053960654 -0.5513525331211427 0.8326045786283625 0.0537 -0.9985823816264657 -0.035201533095724435 0.03992592106546511 -1.1806 0.007295699913599019 -0.8335293853779898 -0.5524269512561466 1.4831 0.0 0.0 0.0 1.0 
0.05466612014358256 -0.5530080030489254 0.8313806371766709 0.0536 -0.9984716978026776 -0.03704353035567849 0.04101274857683063 -1.1779 0.008116895680356562 -0.832352044163182 -0.5541878657836947 1.4826 0.0 0.0 0.0 1.0 
0.05684814881330723 -0.5531660946226528 0.8311290872881434 0.0538 -0.9983580650206251 -0.037360840510715976 0.04342052054738643 -1.175 0.007032921496308797 -0.8322328035809782 -0.5543817264836312 1.482 0.0 0.0 0.0 1.0 
0.060898665430354104 -0.5513413098967281 0.8320541524144698 0.0539 -0.9981214501179443 -0.03923521955016733 0.04705495044415664 -1.1722 0.006702489332603256 -0.8333566808685282 -0.5526949602525213 1.4816 0.0 0.0 0.0 1.0 
0.062140636177017025 -0.5534308492897293 0.8305737994844076 0.0538 -0.9980384221826355 -0.04079785677057125 0.04748518432230864 -1.1695 0.0076058650205794165 -0.831895323906426 -0.5548804563866995 1.4813 0.0 0.0 0.0 1.0 
0.06398273782862203 -0.5521054746912122 0.8313156765488937 0.0535 -0.9979250313185366 -0.041406970570725773 0.049306132032970296 -1.1672 0.007200078322592396 -0.8327454638748542 -0.5536092044646678 1.4809 0.0 0.0 0.0 1.0 
0.06652051831613 -0.5524834090215868 0.8308652739155966 0.0532 -0.9977609403568456 -0.04262178067732485 0.05154114579748109 -1.1648 0.006937329542165027 -0.8324334607449295 -0.5540815886591464 1.4807 0.0 0.0 0.0 1.0 
0.07015320395087661 -0.5554406845362024 0.8285916810693805 0.0529 -0.997500662769346 -0.046074972876435416 0.053567944231148634 -1.1624 0.008423523617965334 -0.8302787139487504 -0.5572847579231528 1.4807 0.0 0.0 0.0 1.0 
0.07140452924077846 -0.5559564072439039 0.828138796608608 0.0526 -0.9974090860831485 -0.04707863191857874 0.05439409357139502 -1.1602 0.008746896745789934 -0.8298771449203343 -0.5578775996006589 1.4802 0.0 0.0 0.0 1.0 
0.07330856784777008 -0.5582499327971197 0.8264277744679933 0.0521 -0.9972440869214986 -0.05050896694718242 0.05434220604682133 -1.1585 0.01140548027115218 -0.828133960654881 -0.5604141845366198 1.4799 0.0 0.0 0.0 1.0 
0.07564911688085227 -0.5507830738415287 0.83121309944251 0.0521 -0.997084668815893 -0.0501176819467747 0.05753591199053337 -1.1566 0.009968667285430943 -0.8331423789040855 -0.5529687171500692 1.4791 0.0 0.0 0.0 1.0 
0.07703114004214465 -0.5512053349700807 0.830806164014404 0.052 -0.9969968688287789 -0.04924232920450841 0.059769863310246696 -1.1545 0.007965363106491652 -0.8329152848369611 -0.5533431858038425 1.4785 0.0 0.0 0.0 1.0 
0.07650619222832725 -0.5561970533103135 0.8275213836751572 0.0516 -0.9970447903432338 -0.04847283034509382 0.059599251402620124 -1.1528 0.0069633756281852754 -0.8296355962754131 -0.5582618460835388 1.478 0.0 0.0 0.0 1.0 
0.07435536963705235 -0.5523705450781602 0.8302758938667276 0.0511 -0.9972096858603956 -0.046730494692213354 0.058216005462694065 -1.1516 0.006642396581710341 -0.8322878359052699 -0.5543039209420895 1.4776 0.0 0.0 0.0 1.0 
0.0755821402913903 -0.5532332145068894 0.8295904715191385 0.0506 -0.9971226273240434 -0.046784993510043865 0.05964587547066402 -1.1503 0.0058143054073040434 -0.8317115934917819 -0.5551774663150436 1.4773 0.0 0.0 0.0 1.0 
0.0764318767681295 -0.5533303312195533 0.8294478360729871 0.0501 -0.9970631486933356 -0.046438240009296375 0.06089800803450446 -1.149 0.004821382730405499 -0.8316664201573241 -0.5552546441510134 1.477 0.0 0.0 0.0 1.0 
0.07694998240993613 -0.552014495560655 0.8302762774510819 0.0498 -0.9970261037228887 -0.04611224687740001 0.06174632930849644 -1.1479 0.0042010358563212 -0.8325585008747632 -0.5539211982934942 1.4771 0.0 0.0 0.0 1.0 
0.08132546897167245 -0.5532782863216189 0.8290170721894394 0.0495 -0.9966705439688811 -0.05001015874379647 0.06439573593953951 -1.1467 0.005830512954463352 -0.8314939097235968 -0.5555032702075253 1.4775 0.0 0.0 0.0 1.0 
0.07930177471535284 -0.5501653096419931 0.8312817576450989 0.0489 -0.9968333974130398 -0.048673065036626925 0.06288171866223574 -1.1458 0.005865690834991888 -0.8336360505679141 -0.5522830151874653 1.4772 0.0 0.0 0.0 1.0 
0.07860992254976158 -0.5499280213453164 0.8315044506290666 0.0484 -0.9968753135188566 -0.0498483594943491 0.06127601775901803 -1.1449 0.007751733573971742 -0.8337231629233697 -0.5521282443705001 1.4772 0.0 0.0 0.0 1.0 
0.08331901232830291 -0.5516100374281929 0.8299303035756097 0.0484 -0.9964845969729221 -0.05342261321340652 0.06453272342900118 -1.1438 0.00874014761599029 -0.8323895668531162 -0.5541220252017892 1.4772 0.0 0.0 0.0 1.0 
0.08144145802170479 -0.5505850184309422 0.8307968622922799 0.048 -0.9966598932660651 -0.05003120065631547 0.06454406336575746 -1.1427 0.006028770204138889 -0.8332784747251583 -0.5528206196313042 1.4765 0.0 0.0 0.0 1.0 
0.08014190163024278 -0.5540345676227206 0.8286271619263956 0.0476 -0.9967692539534588 -0.048982981984200855 0.06365313699261221 -1.1413 0.005322591112728425 -0.8310513614422638 -0.5561702119574602 1.476 0.0 0.0 0.0 1.0 
0.08122957440155329 -0.5538424800047758 0.8286496627554382 0.0476 -0.996683904310924 -0.04913323612679313 0.06486231567898953 -1.1401 0.004790733772046196 -0.8311705194783243 -0.5559969572039555 1.4759 0.0 0.0 0.0 1.0 
0.08169726535727222 -0.5539535839441386 0.8285294102616922 0.0476 -0.9966495086068295 -0.04867199452997646 0.06573274634639148 -1.1388 0.003913288503107182 -0.8311236152245454 -0.5560739360815009 1.4756 0.0 0.0 0.0 1.0 
0.0814590477985124 -0.5518884830477285 0.8299298318599209 0.0476 -0.996671386048889 -0.04782245208284401 0.0660239449606761 -1.1375 0.003251424787069579 -0.832545563531547 -0.5539470307536569 1.4749 0.0 0.0 0.0 1.0 
0.08304984754478321 -0.5546295243132836 0.827942518284216 0.0477 -0.9965316295698939 -0.050587615543929945 0.06607272069735887 -1.136 0.005237756156974471 -0.8305582363167561 -0.556907157430069 1.4749 0.0 0.0 0.0 1.0 
0.08347346658773257 -0.5525980225868729 0.8292572615352274 0.0476 -0.9964935328271013 -0.051072057520905614 0.06627430855425137 -1.1346 0.005728822705364289 -0.8318816444504946 -0.5549235174479014 1.4748 0.0 0.0 0.0 1.0 
0.08559713940500793 -0.5521275320268503 0.8293541572233292 0.0476 -0.9963211207670223 -0.05091465502957511 0.06893418757600295 -1.1331 0.0041658179537553686 -0.8322036327012508 -0.554454470339646 1.4743 0.0 0.0 0.0 1.0 
0.08611543055155156 -0.5517965167600267 0.8295207873901791 0.0476 -0.996277851957081 -0.05088549073499206 0.06957807508435326 -1.1318 0.003817632866812526 -0.8324249341076713 -0.5541246743785496 1.474 0.0 0.0 0.0 1.0 
0.08378386230161969 -0.5529379392335548 0.8289993364134696 0.0472 -0.9964656754354327 -0.051528326634381255 0.06633995201435833 -1.1307 0.006035072230726302 -0.8316276010994406 -0.5553009193156084 1.474 0.0 0.0 0.0 1.0 
0.08257067640036511 -0.5528772928984836 0.8291614935560083 0.047 -0.996563931147418 -0.051244001650062015 0.06507214020525776 -1.1298 0.006512644224158537 -0.8316854882058077 -0.5552088203307624 1.4737 0.0 0.0 0.0 1.0 
0.07753785081507562 -0.5535953618374343 0.82916829235268 0.0464 -0.9969563478069561 -0.04982573182568868 0.059961963072020064 -1.1289 0.008119252329790994 -0.8312939142085156 -0.5557737902613709 1.4735 0.0 0.0 0.0 1.0 
0.08169616052675743 -0.5543153145678006 0.8282875523577466 0.0466 -0.9966193807323935 -0.05268326785122113 0.06304191650875957 -1.1277 0.00869179519818547 -0.8306377100301414 -0.5567454062424907 1.4736 0.0 0.0 0.0 1.0 
0.08089204580201104 -0.5527944164585574 0.8293821857613104 0.0463 -0.9966732504127691 -0.05316423972771034 0.061773744631683225 -1.1267 0.009945292233575487 -0.83162004349728 -0.5552559719768634 1.4737 0.0 0.0 0.0 1.0 
0.07431889517382317 -0.5478960519397291 0.833238632139077 0.0456 -0.9971665844025148 -0.050582478096663275 0.05567958208017465 -1.1257 0.011640651664086787 -0.8350157658262857 -0.5501028686076606 1.4738 0.0 0.0 0.0 1.0 
0.07718284585196443 -0.5474028736117543 0.8333024074534922 0.0455 -0.9969337427649817 -0.0531711027178723 0.05741033332398304 -1.1241 0.01288102646520295 -0.8351783808249346 -0.5498282926149248 1.4745 0.0 0.0 0.0 1.0 
0.07896740145213009 -0.5403503741613109 0.837726460517769 0.0453 -0.9968345126985951 -0.05057856453633927 0.06134136534507317 -1.1226 0.009225172131321069 -0.8399186162677754 -0.5426339597242076 1.4747 0.0 0.0 0.0 1.0 
0.08108961708014466 -0.539741487235923 0.8379162255011827 0.0447 -0.9966721331865995 -0.05092358397593419 0.06365098211589992 -1.121 0.00831462152284429 -0.8402891856684813 -0.5420746733776924 1.4752 0.0 0.0 0.0 1.0 
0.08162569170730391 -0.5355612761265038 0.8405423046861202 0.0441 -0.9966254151183784 -0.051189790360793894 0.0641668707584947 -1.1193 0.008661893177797086 -0.8429434885427186 -0.5379323811874571 1.4763 0.0 0.0 0.0 1.0 
0.08060141126089346 -0.532729638772591 0.8424384514467372 0.0436 -0.9966927816253743 -0.051844212261852346 0.06257536824359616 -1.1176 0.010339804573877953 -0.8446959865112253 -0.5351465021965495 1.4772 0.0 0.0 0.0 1.0 
0.07957879029861133 -0.5308481760150967 0.8437223655658623 0.0432 -0.9967730930944192 -0.051306669796273435 0.06173351210971595 -1.1162 0.010517462507369846 -0.8459124302526007 -0.5332181010867363 1.4779 0.0 0.0 0.0 1.0 
0.08205393281002592 -0.5252881241842314 0.8469589946989283 0.0436 -0.9965933775720809 -0.05031866440424515 0.0653427256245473 -1.1148 0.008294087646008808 -0.8494353528100798 -0.527627510187382 1.4787 0.0 0.0 0.0 1.0 
0.08581471378767717 -0.5229838753389866 0.8480116160955311 0.044 -0.9962834046651834 -0.0513925341752641 0.06912441695808186 -1.1136 0.0074305104999248806 -0.850791792136278 -0.5254503915187909 1.4793 0.0 0.0 0.0 1.0 
0.08990383142188552 -0.5241019093624292 0.846896977027502 0.0444 -0.9959298308047154 -0.05278122894579729 0.0730610291760398 -1.1126 0.00640883834684558 -0.8500184294905773 -0.5267139606251353 1.4794 0.0 0.0 0.0 1.0 
0.09341776908428315 -0.5287528313057882 0.843619323987679 0.0443 -0.9955609173090268 -0.059370792314837634 0.07303128745077597 -1.1125 0.01147084766375156 -0.8466968479957993 -0.5319519407313539 1.4794 0.0 0.0 0.0 1.0 
0.09175936769935551 -0.5287802474787029 0.8437841360891871 0.045 -0.9957269383658787 -0.05757015473503804 0.07220485784417235 -1.1115 0.010396280677618941 -0.8468040665703875 -0.5318033378871617 1.4798 0.0 0.0 0.0 1.0 
0.09249872717191812 -0.5335154528639015 0.8407171028514886 0.0453 -0.9956653346429372 -0.057804024614696234 0.0728645052732192 -1.1114 0.00972249257867791 -0.8438127495444526 -0.5365496406151883 1.4797 0.0 0.0 0.0 1.0 
0.09156541901200398 -0.5359164409953431 0.8392909759505588 0.0456 -0.9957531916858614 -0.057365925305190815 0.0720050821907725 -1.1116 0.009557996054444517 -0.8423198435777022 -0.5388932415856215 1.4797 0.0 0.0 0.0 1.0 
0.08945255337548301 -0.5394143470801694 0.8372755835796725 0.0456 -0.995910037812677 -0.059166330225857225 0.06828280860917646 -1.1127 0.012705797045403089 -0.8399592296842029 -0.5425007421098719 1.48 0.0 0.0 0.0 1.0 
0.08479509695142816 -0.5435852342797239 0.8350598089993646 0.0457 -0.9963155842565735 -0.057061923496055905 0.06402494400163428 -1.1136 0.012847104750878191 -0.8374121028263131 -0.5464210116197327 1.4805 0.0 0.0 0.0 1.0 
0.07923654306617497 -0.5398687207132471 0.8380115361010041 0.0464 -0.9968003359880693 -0.051781045441692514 0.060891818063164405 -1.114 0.010519525511844263 -0.8401550379116984 -0.542244273233566 1.4813 0.0 0.0 0.0 1.0 
0.07614677718367742 -0.5376298757723114 0.8397355446815318 0.0465 -0.9970036785104451 -0.052552759170829064 0.056761541030650675 -1.1148 0.013613719593879747 -0.8415416354409224 -0.5400206870650766 1.4824 0.0 0.0 0.0 1.0 
0.07625793474376323 -0.546194552787532 0.8341799793173192 0.0465 -0.9969627137788606 -0.055036728656711664 0.055102684448732064 -1.1155 0.01581375108268096 -0.8358483528750864 -0.548732590860703 1.4837 0.0 0.0 0.0 1.0 
0.07466030715456219 -0.5476192916796678 0.8333900346871478 0.0464 -0.9970979554080845 -0.053468218251986305 0.05419240682951182 -1.1162 0.0148830728212892 -0.8350175213833642 -0.5500220296735207 1.4842 0.0 0.0 0.0 1.0 
0.07385016015905801 -0.5459967435208154 0.8345260390839501 0.0463 -0.9971704049779754 -0.05221578279445835 0.054080453615170776 -1.1166 0.014047678831115462 -0.8361585185189631 -0.5483079377755086 1.4852 0.0 0.0 0.0 1.0 
0.07415453419086573 -0.5425601326692855 0.8367374782432198 0.0464 -0.9971768258571032 -0.050278298593448664 0.055771593702352795 -1.117 0.011810293497115876 -0.8385109391823311 -0.5447567547438734 1.486 0.0 0.0 0.0 1.0 
0.074610871763039 -0.5445122587130958 0.8354278053344417 0.0466 -0.9971653860125512 -0.04890104588447011 0.057182870248391915 -1.1174 0.009716519603171936 -0.8373261537910823 -0.546617326311775 1.4869 0.0 0.0 0.0 1.0 
0.07858691982360821 -0.5453867690957492 0.8344922816467133 0.0472 -0.9968754416831722 -0.04968034824794865 0.06141023340569912 -1.1177 0.007965538375883874 -0.8367109029367683 -0.5475869018750538 1.4878 0.0 0.0 0.0 1.0 
0.08220525095971737 -0.5446610518825608 0.8346176581386426 0.0482 -0.9966004752228614 -0.0495116965046553 0.0658489536347957 -1.1178 0.005457975835092832 -0.8371934844893463 -0.5468795845781502 1.4894 0.0 0.0 0.0 1.0 
0.08117173903864758 -0.5462271960571506 0.8336947877184939 0.0487 -0.9966906777770247 -0.04812739920510892 0.06550913125761426 -1.1181 0.004340692780760047 -0.83625331313741 -0.5483261389473311 1.4912 0.0 0.0 0.0 1.0 
0.08373851916797186 -0.5448118616718597 0.8343667633536209 0.0496 -0.9964752600196417 -0.04997624154539189 0.06737530296617494 -1.1182 0.0049916506631000335 -0.8370677455634272 -0.5470764779818436 1.4926 0.0 0.0 0.0 1.0 
0.08692523196339988 -0.5468280892108379 0.8327202680961554 0.0507 -0.9961960572647595 -0.052845521381476454 0.06928756280940918 -1.1181 0.006117151155319078 -0.83557548535123 -0.5493415956777704 1.4948 0.0 0.0 0.0 1.0 
0.08623825751277843 -0.5463344028447632 0.8331156481602153 0.0511 -0.9962447820181524 -0.053753146543638636 0.06787439530678796 -1.1186 0.007700470294971118 -0.8358404868782764 -0.5489183757648509 1.4969 0.0 0.0 0.0 1.0 
0.08869306406611836 -0.5444370158017082 0.8340994402416861 0.0518 -0.9960111438641419 -0.05668549095069804 0.0689097700919244 -1.1187 0.009764306683373303 -0.8368841562251068 -0.5472929447511489 1.4988 0.0 0.0 0.0 1.0 
0.08926847729885559 -0.5485652723480638 0.8313286239114099 0.0524 -0.99595738846709 -0.057544273065659776 0.06897490119716776 -1.1188 0.01000096588125221 -0.8341251696304576 -0.5514845256853566 1.5007 0.0 0.0 0.0 1.0 
0.08965728459600096 -0.548296968512416 0.8314637728963097 0.0529 -0.995926560616302 -0.05738881537992603 0.06954717627820378 -1.119 0.009584215035905286 -0.834312266594099 -0.5512088394000608 1.5025 0.0 0.0 0.0 1.0 
0.09153967901415279 -0.5481249022444666 0.8313721060424629 0.0535 -0.9957516211406173 -0.058734419476705255 0.07091528019099613 -1.119 0.009959726995201201 -0.8343316843487539 -0.5511727899034501 1.5044 0.0 0.0 0.0 1.0 
0.09258483350637096 -0.5478112103753344 0.8314631238916786 0.0542 -0.9956438733442875 -0.060172274828026756 0.07122201074109863 -1.1193 0.011014811690733484 -0.8344352432209055 -0.5509959154061727 1.5062 0.0 0.0 0.0 1.0 
0.09172238975787744 -0.5482885380312159 0.8312440569897002 0.0547 -0.9957087828204916 -0.06080132653439768 0.06976545352674685 -1.1198 0.012289142819543464 -0.8340760623319969 -0.5515125558076729 1.5076 0.0 0.0 0.0 1.0 
0.09204537703007643 -0.5489009475800755 0.8308040673426478 0.055 -0.9956792862302342 -0.06101144978298435 0.07000258543389964 -1.12 0.012264075156452392 -0.8336578151382461 -0.5521451255960549 1.509 0.0 0.0 0.0 1.0 
0.09252689961742673 -0.5493658915694148 0.8304431889222335 0.055 -0.9956235641327686 -0.06204656511762045 0.06988520802478487 -1.1202 0.013133597783897832 -0.8332750691921884 -0.5527026032795612 1.5104 0.0 0.0 0.0 1.0 
0.09270596866891367 -0.5490014951517521 0.8306641690203687 0.0551 -0.9955730052038212 -0.064089663744757 0.06875250039465308 -1.1204 0.01549176176524747 -0.8333605902142392 -0.5525125627487435 1.5118 0.0 0.0 0.0 1.0 
0.09260429775602527 -0.548358130002645 0.8311003581380024 0.055 -0.9955277898190411 -0.06664796729309577 0.06695123713355605 -1.1205 0.01867789429054134 -0.8335834749535891 -0.5520776453988792 1.5131 0.0 0.0 0.0 1.0 
0.09304698581894494 -0.5461183507651787 0.8325244773503843 0.0547 -0.9954605580197801 -0.06783291471978353 0.0667605655126347 -1.1204 0.02001339194033025 -0.8349571501808581 -0.5499509264515362 1.5147 0.0 0.0 0.0 1.0 
0.0934632054828538 -0.545445990205316 0.8329185440304545 0.0545 -0.9954128975159696 -0.06836733447101184 0.06692586223718494 -1.1202 0.02043997748853238 -0.8353529669225286 -0.5493338037787199 1.5161 0.0 0.0 0.0 1.0 
0.09417082331202695 -0.5428828753244388 0.834511857145364 0.0544 -0.995328180778061 -0.06927390050040752 0.0672528011200631 -1.1201 0.021299497312615767 -0.8369464202617329 -0.5468702049163954 1.5176 0.0 0.0 0.0 1.0 
0.09374524321864039 -0.5409687499721861 0.8358017952405989 0.054 -0.9953497360413551 -0.0696041924888963 0.06658948378214874 -1.1201 0.022152479235569567 -0.8381575436285824 -0.5449781644453461 1.5192 0.0 0.0 0.0 1.0 
0.09381703373364599 -0.5410734854439149 0.8357259404439912 0.0536 -0.9953458404096233 -0.0695431237943404 0.06671140766155126 -1.12 0.022023218672132527 -0.83809500492635 -0.5450795726834943 1.5209 0.0 0.0 0.0 1.0 
0.09482626519997404 -0.5374541601892305 0.8379445119597795 0.0536 -0.9952435800268554 -0.07005547500219414 0.06769377251671643 -1.1199 0.022320301152811417 -0.840378043571764 -0.541540901538325 1.5226 0.0 0.0 0.0 1.0 
0.09481126189372961 -0.5349933144163975 0.8395194924168683 0.0535 -0.9952080367249178 -0.07119498009105558 0.06702416316500148 -1.1199 0.023912094351042468 -0.841851191327536 -0.5391797320042316 1.5244 0.0 0.0 0.0 1.0 
0.09329560979196361 -0.5330210946429478 0.8409425912981096 0.0534 -0.9953250102684962 -0.07112273848940596 0.06534278846043745 -1.12 0.02498105537329387 -0.8431073886139304 -0.5371646657562605 1.5264 0.0 0.0 0.0 1.0 
0.09264136701005342 -0.5296635959633575 0.8431334723693953 0.0538 -0.9953609701797796 -0.07134433965212239 0.06454861921350635 -1.12 0.025963747057700215 -0.8452020233711983 -0.5338159079008005 1.5281 0.0 0.0 0.0 1.0 
0.09249278021466356 -0.5254190172424169 0.8458013607982515 0.0544 -0.9953570719697191 -0.07151091140835708 0.06442428757396529 -1.1202 0.026634280317455905 -0.847833147423217 -0.5295937775714632 1.5299 0.0 0.0 0.0 1.0 
0.09175524355524958 -0.5238947437290439 0.8468265895525461 0.0548 -0.9954504339384179 -0.07018792957131532 0.0644366985056462 -1.1202 0.02567895737627013 -0.8488863010059542 -0.5279513605555878 1.5316 0.0 0.0 0.0 1.0 
0.09075531609535187 -0.5214107497403492 0.848465852380424 0.0551 -0.9954923553232148 -0.07105939324463778 0.06281347884603855 -1.1204 0.027539845560034804 -0.8503419269252284 -0.5255094330453247 1.5335 0.0 0.0 0.0 1.0 
0.0898019756270449 -0.5171554931082657 0.8511673167605919 0.0556 -0.9955358149484806 -0.07153970312287966 0.061567134349052643 -1.1204 0.02905247542540368 -0.8528963986470082 -0.5212712219628276 1.5353 0.0 0.0 0.0 1.0 
0.08832157982651938 -0.5157795697835997 0.8521565196199538 0.0559 -0.9956226543549976 -0.07197114256946532 0.05962956290594956 -1.1204 0.030574968063052266 -0.8536929131901533 -0.5198784293436811 1.5369 0.0 0.0 0.0 1.0 
0.08816864747861203 -0.5136326322106278 0.8534681064516552 0.0563 -0.9955992887248405 -0.07275399207208527 0.05906702064745123 -1.1203 0.031754462558571506 -0.8549200990536814 -0.5177869043744342 1.5385 0.0 0.0 0.0 1.0 
0.08733777163769381 -0.510157537076504 0.8556350863594816 0.0568 -0.9956225266604585 -0.07340077402740491 0.0578628618236493 -1.1201 0.03328510254764039 -0.8569431799928239 -0.5143349960990209 1.5403 0.0 0.0 0.0 1.0 
0.08630641131587086 -0.509377794164622 0.8562041031072907 0.0571 -0.9956298267911157 -0.07487016817937558 0.05581850876443406 -1.1201 0.03567143632752828 -0.857279838051016 -0.5136135005055408 1.5418 0.0 0.0 0.0 1.0 
0.08556754334486928 -0.5078880916878821 0.8571626927529954 0.0574 -0.9956342184967693 -0.07578929045092352 0.05448381788452028 -1.1201 0.037292069991513355 -0.8580825541721423 -0.5121558666472162 1.5433 0.0 0.0 0.0 1.0 
0.08399336029214031 -0.5051252522251294 0.8589491224696223 0.0578 -0.9957277283033495 -0.07572852100161488 0.0528344792229366 -1.12 0.03835891701659022 -0.8597172038940523 -0.5093279128556641 1.545 0.0 0.0 0.0 1.0 
0.0813624402608345 -0.5032746683378475 0.8602876039582528 0.0582 -0.9958984774318662 -0.07532636138160674 0.05012147174513243 -1.1199 0.03957746787873956 -0.8608371201861806 -0.5073392125056669 1.5465 0.0 0.0 0.0 1.0 
0.07976022579901632 -0.5004389570844885 0.8620899933375166 0.0588 -0.9960509612829642 -0.07384646299312625 0.04928673686386592 -1.1198 0.0389972935954927 -0.8626166878374162 -0.5043527148302394 1.5479 0.0 0.0 0.0 1.0 
0.0776922413112969 -0.4988459126669422 0.8632014081635366 0.0594 -0.9962501836150297 -0.07190909533612336 0.048110847580976446 -1.1196 0.03807213268319537 -0.8637024009596279 -0.5025621108773792 1.5492 0.0 0.0 0.0 1.0 
0.07916792587397985 -0.494775559231797 0.8654071790201848 0.0606 -0.9961547531146497 -0.07194531172429736 0.04999579950340227 -1.1189 0.0375252896045154 -0.8660375385095936 -0.49856878615928324 1.5506 0.0 0.0 0.0 1.0 
0.07814814157724118 -0.49172359414869815 0.8672374386092369 0.0614 -0.996262794819825 -0.07061834669419095 0.04973422129651106 -1.1187 0.036787384057782035 -0.8678830313283383 -0.49540461474083974 1.5521 0.0 0.0 0.0 1.0 
0.07557967178406556 -0.491761213539786 0.8674437284751617 0.0622 -0.996514668210819 -0.06804880006474034 0.04824807613191029 -1.1186 0.035301972376831026 -0.8680669730312438 -0.49519036852374215 1.5535 0.0 0.0 0.0 1.0 
0.07160763958976214 -0.4934839048488936 0.8668021582849638 0.0634 -0.9968344335235942 -0.06550619694861279 0.04505607953456531 -1.1184 0.03454646283019791 -0.8672845979356594 -0.49661249288505016 1.5546 0.0 0.0 0.0 1.0 
0.07124920732276527 -0.49182073092153467 0.8677764222953315 0.065 -0.9968865903186556 -0.06456871383515586 0.04525491394886444 -1.1179 0.03377390262796098 -0.8682990555272312 -0.49488996117500295 1.5556 0.0 0.0 0.0 1.0 
0.07291084659149139 -0.49147367706162887 0.8678350264911145 0.0668 -0.9968412595963017 -0.06338415201836589 0.047853447518139136 -1.1172 0.03148827743415983 -0.8685827963000615 -0.49454263148468297 1.5566 0.0 0.0 0.0 1.0 
0.07037244098873754 -0.49543571974896267 0.8657893318504875 0.0686 -0.9970552740333043 -0.06144838840024544 0.045878928555322385 -1.1167 0.030471299146220376 -0.8664684317156854 -0.4983010704067389 1.5573 0.0 0.0 0.0 1.0 
0.06913870953306317 -0.4950404791244319 0.8661147515614518 0.0704 -0.9971277234314417 -0.06120231612142407 0.044615912697192506 -1.1163 0.030921546024300695 -0.8667117170833829 -0.49785003511282483 1.5581 0.0 0.0 0.0 1.0 
0.06970890758373009 -0.4942304590540015 0.8665315467695069 0.0723 -0.9971263439701672 -0.060347936568377974 0.04579498567121787 -1.116 0.02966011402828722 -0.8672337515890455 -0.4970169994483278 1.5594 0.0 0.0 0.0 1.0 
0.06640006174297879 -0.4947669965538769 0.8664852283343233 0.0744 -0.997398723025121 -0.05732501184430411 0.04369931721329329 -1.1158 0.028050296048103385 -0.8671328976218733 -0.4972863548836901 1.5606 0.0 0.0 0.0 1.0 
0.06472729499893222 -0.4957004691351054 0.8660781847970527 0.0757 -0.9975453469048585 -0.05537533643755138 0.042858522873442995 -1.1156 0.02671438096955725 -0.866726379553354 -0.4980679921815384 1.5616 0.0 0.0 0.0 1.0 
0.06709671561350077 -0.4913750679743069 0.8683597027310324 0.0776 -0.9973990265299297 -0.05599898881031412 0.04537945712953734 -1.1156 0.026328931444899284 -0.8691459347114663 -0.4938543626855009 1.563 0.0 0.0 0.0 1.0 
0.06216167507846192 -0.4912996009769949 0.8687696059550456 0.0793 -0.9977462229367685 -0.052625372942561865 0.04162985392801982 -1.116 0.025266593890980127 -0.8693993743973489 -0.49346360253887667 1.5644 0.0 0.0 0.0 1.0 
0.060299351552533104 -0.4904007453364447 0.8694084754451172 0.0808 -0.9979671924246938 -0.04761711623078421 0.042356736014919405 -1.1159 0.020626949515563486 -0.8701952190257788 -0.492275136217907 1.5651 0.0 0.0 0.0 1.0 
0.0601050400778769 -0.4890518325061744 0.8701814117065416 0.0821 -0.9980364449866936 -0.04483563450785852 0.043738088168099154 -1.1161 0.017624943561881323 -0.8711016421753723 -0.490786399937702 1.5663 0.0 0.0 0.0 1.0 
0.05946560451398221 -0.4925933529195483 0.8682255643202774 0.0837 -0.9981000084895153 -0.043395662107693495 0.04374002244471842 -1.1163 0.016131178909684185 -0.8691769699950134 -0.49423797901139854 1.5676 0.0 0.0 0.0 1.0 
0.05466611630501793 -0.4944958618936094 0.8674591969068184 0.0844 -0.9984185785112919 -0.03847963637734789 0.0409836512253135 -1.1173 0.013113268532952083 -0.8683277953367399 -0.49581738778911266 1.5683 0.0 0.0 0.0 1.0 
0.05479554916704002 -0.49216450062145595 0.868775892920329 0.0861 -0.9984372086518272 -0.03657635840932358 0.042252933449171526 -1.1175 0.010981264546030989 -0.8697334501636378 -0.4933995718435764 1.5699 0.0 0.0 0.0 1.0 
0.05184099803629634 -0.4939700417068144 0.8679320876766619 0.0875 -0.9986173263147997 -0.03322557915417096 0.040736917823402274 -1.1175 0.008714729283312683 -0.8688438632953782 -0.4950094895125553 1.571 0.0 0.0 0.0 1.0 
0.04954639264513262 -0.4909556572195021 0.8697745096402982 0.0889 -0.9987331811257397 -0.032014403406108255 0.03882152615510226 -1.1177 0.008785664136232163 -0.8705961294530994 -0.4919199035279703 1.5721 0.0 0.0 0.0 1.0 
0.048488964174533356 -0.49097061098201844 0.869825660408581 0.0903 -0.9987787521616085 -0.03209689318849912 0.0375605335178556 -1.1177 0.009477583224677788 -0.8705846590651533 -0.491927359288574 1.5734 0.0 0.0 0.0 1.0 
0.04685687760612717 -0.49019727644291405 0.870351114889246 0.0918 -0.9988592063523332 -0.031021983392183483 0.0363032013960477 -1.1177 0.009204287380961407 -0.8710592785306659 -0.4910916557827513 1.5748 0.0 0.0 0.0 1.0 
0.04574850829234044 -0.4863522033214323 0.8725643863425863 0.0935 -0.9989079242597749 -0.030568950510163506 0.03533409282456784 -1.1175 0.009488563645445092 -0.8732279619830641 -0.48721955376488235 1.576 0.0 0.0 0.0 1.0 
0.0461578374310163 -0.49089302515976263 0.8699962597006888 0.0951 -0.9988710303918619 -0.0324724458417579 0.0346728266075077 -1.1169 0.01123025768146324 -0.8706144830581161 -0.49183767972966164 1.5774 0.0 0.0 0.0 1.0 
0.04737927153045897 -0.4861786585227208 0.8725740751513827 0.0969 -0.9988205682482463 -0.03234255160061414 0.03621369630695298 -1.1165 0.010614945760278216 -0.8732607121318408 -0.4871376105101074 1.5786 0.0 0.0 0.0 1.0 
0.045725708789727884 -0.4900036489427465 0.8705202947539308 0.0982 -0.9988821162683884 -0.03288400642233116 0.03395820844511449 -1.1161 0.011986548913793471 -0.8710999174287699 -0.49095952633667017 1.5794 0.0 0.0 0.0 1.0 
0.04733599957845602 -0.4841401609445782 0.8737091093175496 0.1007 -0.9987951003721403 -0.03427923743349748 0.03511810578012059 -1.1151 0.012947996621649582 -0.8743187281772793 -0.48517946261352607 1.5804 0.0 0.0 0.0 1.0 
0.04715653715967122 -0.480055540800261 0.8759697133748847 0.1025 -0.9988195119802804 -0.032893775339335185 0.0357432795277664 -1.1144 0.011655191572138457 -0.8766211709118679 -0.48103999752465754 1.5813 0.0 0.0 0.0 1.0 
0.0514874525351096 -0.4844514814053135 0.8733016686092165 0.104 -0.9986171380019964 -0.034276867881566336 0.03986110907803936 -1.1136 0.01062327257235457 -0.8741463598805561 -0.48554638046990606 1.5818 0.0 0.0 0.0 1.0 
0.050215323346988125 -0.4828518303296921 0.8742611344720885 0.1059 -0.9987140643839729 -0.030389246876490222 0.04057969043653553 -1.1126 0.006974159648499179 -0.875174613218154 -0.48375691982198177 1.5823 0.0 0.0 0.0 1.0 
0.051229361721640984 -0.48199592673931574 0.8746744989447799 0.1077 -0.9986681666731427 -0.03009079199751849 0.04190986889345322 -1.1116 0.006119262316457819 -0.8756565941301822 -0.48289552056840634 1.5836 0.0 0.0 0.0 1.0 
0.0535766862995849 -0.48142344758803596 0.8748491314493063 0.1093 -0.998540114980969 -0.03185583460953212 0.04362160674624038 -1.1108 0.006868584930637356 -0.8759090534489182 -0.4824273547667781 1.5848 0.0 0.0 0.0 1.0 
0.052113473368031085 -0.4819295281486033 0.8746588568076038 0.1107 -0.9986094794205265 -0.032125888912510336 0.041797546256284124 -1.1102 0.007955721525083947 -0.8756208409808699 -0.48293358687812327 1.5862 0.0 0.0 0.0 1.0 
0.05158859521503088 -0.47945623665518156 0.8760481345087097 0.1126 -0.9986359280072203 -0.03184297867294861 0.0413800435281535 -1.1092 0.00805606212100124 -0.8769878800996537 -0.48044495836819623 1.5884 0.0 0.0 0.0 1.0 
0.05065723442244366 -0.47732013164727616 0.8772681098301115 0.1139 -0.99868613512977 -0.0310142186433858 0.04079364829851739 -1.1086 0.007736155390919874 -0.8781819914836373 -0.47826409203869824 1.5899 0.0 0.0 0.0 1.0 
0.05324431688038117 -0.4790304571200933 0.8761819810240656 0.1153 -0.9985343452301062 -0.03406896863162817 0.04205314224003054 -1.1077 0.009705880476528594 -0.8771368915555265 -0.48014234280730095 1.5915 0.0 0.0 0.0 1.0 
0.05277720677297146 -0.47655260828856866 0.8775603557468883 0.1168 -0.9985383688014231 -0.03543550442965673 0.04080993821618556 -1.1068 0.011648711372341414 -0.8784315206999223 -0.47772625107291944 1.5935 0.0 0.0 0.0 1.0 
0.053054291800059716 -0.4743616069412137 0.8787299403011961 0.1182 -0.9985188919251287 -0.03582143230591528 0.04094932790860001 -1.1062 0.012052576081794109 -0.879600983882864 -0.47555950685701814 1.5947 0.0 0.0 0.0 1.0 
0.050765880836540045 -0.47857541637224255 0.8765776612411618 0.1193 -0.9986214153942637 -0.03605281805212307 0.03815053114253869 -1.1054 0.013345188602920555 -0.8773059700894752 -0.4797459127356035 1.596 0.0 0.0 0.0 1.0 
0.04734204240998399 -0.4746774223114272 0.8788857011968223 0.1204 -0.9987930541063355 -0.034019825458116965 0.03542720063366128 -1.1049 0.013083045875854515 -0.8795021297436283 -0.47571508036537175 1.5973 0.0 0.0 0.0 1.0 
0.04715998388756823 -0.4729418748422458 0.8798306194606014 0.1214 -0.9987935676676134 -0.0343961218160648 0.03504733926869241 -1.1045 0.013687406822502968 -0.8804219953094742 -0.4739934230237371 1.5985 0.0 0.0 0.0 1.0 
0.050964733088363856 -0.4792938999439112 0.8761734722403935 0.1226 -0.9986122274370155 -0.03611785773469672 0.03832909555336067 -1.1041 0.013274607132200744 -0.8769109748595989 -0.4804694859991355 1.5997 0.0 0.0 0.0 1.0 
0.051264451017343365 -0.479804976266843 0.8758762131782463 0.1242 -0.9986351794730992 -0.03339826230986517 0.04015388391441416 -1.1038 0.009986710200121374 -0.8767392661585629 -0.48086227216857336 1.6009 0.0 0.0 0.0 1.0 
0.0504731301262273 -0.48172595943649194 0.8748671688549365 0.1251 -0.9986790710435336 -0.03278328410120562 0.03956474874384858 -1.1035 0.00962165239889462 -0.8757084881902941 -0.4827443086319961 1.6026 0.0 0.0 0.0 1.0 
0.050795672081481516 -0.48197408956939725 0.8747118249352419 0.1261 -0.9986542880231634 -0.03368569980272815 0.03943205094525343 -1.1034 0.010460053094472455 -0.8755376922854612 -0.4830365790255534 1.6041 0.0 0.0 0.0 1.0 
0.0497946028816883 -0.48117986974144705 0.8752065073338171 0.1271 -0.998707150168844 -0.03295882596927696 0.03870069756932637 -1.1034 0.010223782347082377 -0.876002082615293 -0.48219894807868313 1.6059 0.0 0.0 0.0 1.0 
0.049561031543448986 -0.48189394549448805 0.8748267996855749 0.1279 -0.9987117941468148 -0.03345598346344675 0.038150352587416836 -1.1034 0.010883767013304513 -0.8755906135096752 -0.4829312799450365 1.6078 0.0 0.0 0.0 1.0 
0.05315885651775082 -0.48400756474799594 0.8734476591304368 0.1289 -0.9985328747511459 -0.03479247450601747 0.04149194812201917 -1.103 0.010306988645447657 -0.8743718665330344 -0.4851469931892807 1.6098 0.0 0.0 0.0 1.0 
0.05102265524540474 -0.4818499420263014 0.8747670101352466 0.1298 -0.9986643547858354 -0.03175222579200551 0.04075908042933146 -1.103 0.008136039079293167 -0.8756782682735158 -0.48282644432714816 1.6113 0.0 0.0 0.0 1.0 
0.05287246420997095 -0.4872623199549267 0.8716535631089379 0.1305 -0.998560284373359 -0.03370636054806597 0.04172816471880264 -1.1026 0.009047706922811094 -0.8726049007487557 -0.48834293912034044 1.6131 0.0 0.0 0.0 1.0 
0.05408587431173681 -0.4843120634704685 0.8732219324873327 0.1312 -0.9985051117118977 -0.033142397389989836 0.043464046986615046 -1.1023 0.00789050601328517 -0.8742673542299408 -0.48538060657862436 1.6147 0.0 0.0 0.0 1.0 
0.05341767429812591 -0.4893338694314981 0.8704590262038627 0.1314 -0.9985611286052318 -0.030291496227358744 0.04425039768130251 -1.1019 0.004714287987050314 -0.8715703009416427 -0.4902478822037579 1.6161 0.0 0.0 0.0 1.0 
0.05490454771030491 -0.490330781758311 0.8698052742430401 0.1324 -0.9984657590059945 -0.03322947494298217 0.044293679996098345 -1.1019 0.007184617826293427 -0.8709027078011051 -0.4914029454647101 1.6175 0.0 0.0 0.0 1.0 
0.05434366151203504 -0.49001685341964574 0.8700173847792783 0.1334 -0.9985094232391164 -0.031091847952311152 0.04485787214745307 -1.1016 0.005069334882629006 -0.871158298104093 -0.4909760905464012 1.6191 0.0 0.0 0.0 1.0 
0.054901816950039484 -0.48955333372357596 0.8702432556105891 0.1345 -0.9984779737872551 -0.03149717914382122 0.04527321026478337 -1.1016 0.005246556707175776 -0.8714043040667833 -0.4905374730809088 1.6207 0.0 0.0 0.0 1.0 
0.05719676075557782 -0.4909440150547697 0.8693115118534729 0.1356 -0.9983446241506784 -0.03339817030416331 0.0468249255180872 -1.1014 0.006044996981761697 -0.8705507086334694 -0.49204158534544046 1.6222 0.0 0.0 0.0 1.0 
0.05965903968333597 -0.4839795226953999 0.8730433096906447 0.1374 -0.9982057241433157 -0.03340372538883696 0.049694299649618634 -1.1014 0.005111875544363043 -0.8744415433530592 -0.4851039641012418 1.6241 0.0 0.0 0.0 1.0 
0.058752889339244274 -0.4878781488510786 0.8709322647990114 0.1379 -0.9982665514380629 -0.031739900923798525 0.049562798239254136 -1.1012 0.0034626975392132997 -0.8723345061173451 -0.4888972480621667 1.626 0.0 0.0 0.0 1.0 
0.057906331607294054 -0.4860121852626062 0.8720315433148345 0.1387 -0.9983145994327984 -0.03155830439493215 0.04870353152542045 -1.1016 0.0038493270992361883 -0.8733820637040715 -0.4870204856891546 1.6276 0.0 0.0 0.0 1.0 
0.058539993578734226 -0.4843260356731036 0.8729268928844944 0.1393 -0.9982830893480306 -0.03014035149610822 0.05022382635207662 -1.1017 0.0019856166685086607 -0.8743682578758603 -0.48525890712647324 1.6292 0.0 0.0 0.0 1.0 
0.05965261740051933 -0.48845542718842094 0.8705474489580937 0.1399 -0.998218284639653 -0.03036869466936662 0.05136145047745022 -1.1018 0.0013496104386244712 -0.8720602261508411 -0.48939671077501934 1.6311 0.0 0.0 0.0 1.0 
0.061264140990883245 -0.48550269271229085 0.8720859134269765 0.1404 -0.9981215830583606 -0.029889416936529162 0.053478296422627525 -1.1018 0.00010228255604105563 -0.8737240743646184 -0.4864218656824234 1.6323 0.0 0.0 0.0 1.0 
0.06059100625781809 -0.48403355916037494 0.8729491643659468 0.1412 -0.9981605840963482 -0.027591038557395003 0.05398317282043602 -1.1018 -0.0020440932223786956 -0.8746143425521125 -0.48481498892364516 1.6338 0.0 0.0 0.0 1.0 
0.06054980299323724 -0.4805794448547758 0.8748583419848928 0.1417 -0.9981643381170551 -0.028015873017460308 0.05369418004225984 -1.102 -0.001294399019326986 -0.876503569896977 -0.4813936190780198 1.6358 0.0 0.0 0.0 1.0 
0.06253714392134062 -0.48449713020333884 0.872554661012644 0.142 -0.9980422168540223 -0.02955610169080697 0.05511959932683563 -1.1022 -0.0009159734001324416 -0.8742934105193583 -0.485396944072744 1.6373 0.0 0.0 0.0 1.0 
0.06339275222997118 -0.48078125217191997 0.8745460231026781 0.1429 -0.9979810782083189 -0.027124161470142433 0.05742862877261562 -1.1015 -0.003889280508106552 -0.8764209419134976 -0.4815300676724008 1.6389 0.0 0.0 0.0 1.0 
0.06504275633062692 -0.4776952236821844 0.8761145547930034 0.1434 -0.9978718287913914 -0.02708006609901173 0.05931680474028672 -1.1012 -0.004610114254422981 -0.8781081614990838 -0.4784399686013495 1.6409 0.0 0.0 0.0 1.0 
0.06414357834952544 -0.4810324117706854 0.8743531438627049 0.1437 -0.9979335104267246 -0.027597358489415025 0.05802667121075372 -1.1007 -0.003782872442007368 -0.8762683405387213 -0.4818085566338595 1.6428 0.0 0.0 0.0 1.0 
0.06504734209951392 -0.4832337110382147 0.873071602906671 0.1441 -0.9978794214779216 -0.029442807912855584 0.05804981699449763 -1.1006 -0.002345948992790281 -0.874996172322166 -0.4841241524081209 1.6446 0.0 0.0 0.0 1.0 
0.06741912706842752 -0.48261998731383793 0.8732311315742938 0.144 -0.9977243568496856 -0.033381289522318475 0.05858154366955359 -1.101 0.0008769573603583103 -0.875193485667608 -0.4837722538455156 1.6465 0.0 0.0 0.0 1.0 
0.06589576852492432 -0.47626870790380954 0.8768271583169314 0.1452 -0.9978257879950763 -0.03251086350880214 0.05733010174347236 -1.1005 0.0012018745834950773 -0.8786985612970739 -0.4773755270978369 1.6488 0.0 0.0 0.0 1.0 
0.06927508471144878 -0.4706840859592238 0.8795779976005265 0.1459 -0.997595986592563 -0.03426868564194324 0.060232090440102415 -1.1017 0.0017916954631294613 -0.8816360634689939 -0.4719265212067063 1.6506 0.0 0.0 0.0 1.0 
0.07080306184322177 -0.47262978656522425 0.8784122103459943 0.1472 -0.9974903139182263 -0.03354029050289692 0.06235481178144453 -1.1019 -8.54066728239733e-06 -0.880622583042413 -0.47381838943076604 1.6532 0.0 0.0 0.0 1.0 
0.07208395292684726 -0.47007077061835567 0.8796802682456311 0.1484 -0.997392711958185 -0.030950397363562393 0.06519088153825375 -1.1019 -0.0034178740668894814 -0.8820859048376768 -0.47107618770593795 1.6551 0.0 0.0 0.0 1.0 
0.0728123136691649 -0.4637350546925145 0.8829768774025025 0.1494 -0.9973186111182257 -0.02733418128921869 0.06788542148695603 -1.1022 -0.007345399604969716 -0.8855521676234432 -0.4644818656546934 1.6567 0.0 0.0 0.0 1.0 
0.0728759280410037 -0.47184486309661683 0.8786646256004037 0.1501 -0.9973250282085344 -0.029489052636566565 0.06688186513131944 -1.1029 -0.005646877102314485 -0.881188300503322 -0.4727317334758253 1.6589 0.0 0.0 0.0 1.0 
0.07302247174281065 -0.47059278230697116 0.8793236900374939 0.151 -0.9973080572155419 -0.028567241185191578 0.06753185725292316 -1.1031 -0.006660152665856622 -0.8818879441128853 -0.47141202402443727 1.6603 0.0 0.0 0.0 1.0 
0.07245888391750148 -0.47237234542865436 0.8784156632344746 0.152 -0.9973414835410666 -0.027495190761686328 0.06748318081628024 -1.1031 -0.007724982170487171 -0.8809701367011316 -0.4731088066092779 1.6618 0.0 0.0 0.0 1.0 
0.07227016228838871 -0.4715061192548385 0.8788964689586889 0.1533 -0.9973491813074578 -0.026686161608332648 0.06769386474384131 -1.1032 -0.008463698255106011 -0.8814589203609297 -0.47218485525055803 1.6632 0.0 0.0 0.0 1.0 
0.07277457414499228 -0.4714110569298891 0.8789058406691013 0.1542 -0.9973049831756571 -0.026172367818152187 0.06854033626846057 -1.1031 -0.009307625423131016 -0.8815251684251766 -0.47204527912261396 1.6642 0.0 0.0 0.0 1.0 
0.07336795426643798 -0.46957588471887113 0.8798384123106057 0.1555 -0.9972682459070916 -0.026975847902390132 0.06876299393816143 -1.103 -0.00855505652525923 -0.8824799103211566 -0.4702722816490603 1.6657 0.0 0.0 0.0 1.0 
0.0738353824334964 -0.47371096838150695 0.8775797711524316 0.1569 -0.9972413627708115 -0.028351216382330957 0.06859936522050897 -1.1026 -0.007615817744264952 -0.8802239072898992 -0.47449749457229906 1.6672 0.0 0.0 0.0 1.0 
0.0740718900194599 -0.4747376700873595 0.8770048458868229 0.1579 -0.9972304546766486 -0.029359988402503312 0.0683330911521578 -1.1025 -0.0066914403792662225 -0.8796375024298532 -0.47559761242527326 1.6682 0.0 0.0 0.0 1.0 
0.07512157428977947 -0.47209189736930596 0.8783427517287739 0.1596 -0.9971501918095131 -0.029428504989779253 0.06946551711689897 -1.1013 -0.006945793725470162 -0.8810580023655172 -0.4729572416373472 1.6695 0.0 0.0 0.0 1.0 
0.07551068838912876 -0.4709169640815787 0.8789399006070827 0.1608 -0.9971306545937051 -0.03093365721864083 0.06909100173400562 -1.1006 -0.005347299180767262 -0.8816350275432959 -0.4719015624049179 1.6709 0.0 0.0 0.0 1.0 
0.07515490793329481 -0.471372825515323 0.8787260091628328 0.1617 -0.9971640927274364 -0.03204563317252951 0.06809441658198045 -1.1 -0.003938526197272585 -0.8813516532918473 -0.4724444425021008 1.6718 0.0 0.0 0.0 1.0 
0.0777655971531634 -0.47280033193160315 0.8777313700812892 0.163 -0.99697120911306 -0.03603220744465299 0.06892088381838923 -1.0991 -0.0009592179389053546 -0.8804325789928669 -0.47417038472358664 1.6734 0.0 0.0 0.0 1.0 
0.07648991829217597 -0.47146664407377525 0.8785604679960672 0.164 -0.9970703443957899 -0.03629563222564783 0.06733019684956776 -1.0982 0.00014396568088587136 -0.8811366696529845 -0.47286165912106914 1.6749 0.0 0.0 0.0 1.0 
0.0784100159243763 -0.47295986472595014 0.8775880786343613 0.1649 -0.996909452830824 -0.041471466885078245 0.06672076356687673 -1.0978 0.004838621630822215 -0.8801074274160007 -0.4747499383337537 1.6763 0.0 0.0 0.0 1.0 
0.07734223341347927 -0.47077276152026426 0.8788578872270527 0.166 -0.9969838066901023 -0.042212776046169215 0.06512580699068865 -1.097 0.006439575166682754 -0.8812440573127629 -0.47261765024447866 1.6781 0.0 0.0 0.0 1.0 
0.078535623521155 -0.4663935593659888 0.8810841070068551 0.1674 -0.9968949461669706 -0.04180500452323904 0.06672936312872246 -1.0956 0.005711579894945196 -0.883588925563656 -0.4682285643533164 1.6801 0.0 0.0 0.0 1.0 
0.07900609595308755 -0.4694845854214914 0.8793988064887639 0.1683 -0.9968434360731909 -0.04413013646371117 0.06599768945568418 -1.095 0.007823091463495635 -0.8818371477247402 -0.4714891771108316 1.6817 0.0 0.0 0.0 1.0 
0.08429354982503333 -0.4664942259907543 0.8804985715917897 0.1699 -0.9964074664735956 -0.04670723594323559 0.07064414247631245 -1.0945 0.008170569965751662 -0.8832901964970686 -0.46875544856417917 1.6834 0.0 0.0 0.0 1.0 
0.08111817843989602 -0.46523432921733976 0.8814629090575989 0.1711 -0.9966698974328407 -0.0452305931022676 0.06784768970884308 -1.0939 0.008304015763685613 -0.8840312281618272 -0.46735407450549465 1.6856 0.0 0.0 0.0 1.0 
0.08263451753497686 -0.4632948170027051 0.8823431583291115 0.1723 -0.9965517030691675 -0.04507689771255097 0.06966187194264811 -1.0935 0.007499308081635514 -0.8850570523028685 -0.4654221466016142 1.6872 0.0 0.0 0.0 1.0 
0.08528943649737954 -0.4610360650761651 0.883273150685022 0.1738 -0.9963275172013155 -0.04619281816274334 0.07209509010776194 -1.0932 0.0075624393830325265 -0.8861782948421102 -0.46328267748892593 1.689 0.0 0.0 0.0 1.0 
0.0885075984346271 -0.45473710075277607 0.886217001765535 0.1754 -0.9960518281343211 -0.046539328986679424 0.07559660394320805 -1.0931 0.006867364094864548 -0.8894089385971051 -0.4570608047666736 1.6907 0.0 0.0 0.0 1.0 
0.08640081391116773 -0.46117842944611753 0.8830907968997865 0.1761 -0.9962353448596283 -0.046288437739764765 0.07329746369438278 -1.0931 0.007073684181895745 -0.8860992251126418 -0.46344161039646675 1.6923 0.0 0.0 0.0 1.0 
0.08608624937022177 -0.46074180507222245 0.8833493910838216 0.1774 -0.9962626004907746 -0.04610246065484461 0.07304378128853839 -1.0932 0.007070256906741013 -0.8863360266740594 -0.46298861680057957 1.6938 0.0 0.0 0.0 1.0 
0.08657189336388556 -0.4573528636824919 0.8850613907299404 0.179 -0.9962365924167693 -0.04352181835471372 0.07495667586628518 -1.0928 0.004237830720552949 -0.8882196853304499 -0.4593994246647035 1.6952 0.0 0.0 0.0 1.0 
0.08796883529356343 -0.4584047259665487 0.8843792123453758 0.1801 -0.9961195230465556 -0.042903345988164726 0.07684529073744467 -1.0928 0.0027165828896762445 -0.8877073899177326 -0.4604000543688611 1.6962 0.0 0.0 0.0 1.0 
0.0896109025504731 -0.4603462669525572 0.8832050728154441 0.1811 -0.9959752201345359 -0.04302298448518227 0.07862813544749842 -1.0929 0.0018019495142772013 -0.8866963050046122 -0.46234880303631715 1.6974 0.0 0.0 0.0 1.0 
0.0905784752290112 -0.45813071054506116 0.8842577632572217 0.1822 -0.9958861880117271 -0.04389514483023638 0.07927115987421623 -1.0931 0.0024980697865307766 -0.8878003538610524 -0.4602220022245043 1.6991 0.0 0.0 0.0 1.0 
0.09018824511409763 -0.45974505752263195 0.8834594289081708 0.1828 -0.9959191583657253 -0.044601958565985034 0.07845823916060984 -1.0931 0.0033332331668720627 -0.8869301817931274 -0.46189148312245953 1.7003 0.0 0.0 0.0 1.0 
0.09204921784658482 -0.4565151182858219 0.8849411778589094 0.184 -0.9957494968938577 -0.04500630589033472 0.08035777414621975 -1.0928 0.003143394576124281 -0.888576602891719 -0.45871749461291655 1.703 0.0 0.0 0.0 1.0 
0.0926977428297844 -0.45475272136967504 0.8857804981377371 0.1847 -0.9956898582314285 -0.04499229530046578 0.08110116878734436 -1.0927 0.002972320531300532 -0.8894805539023718 -0.4569633568900125 1.7041 0.0 0.0 0.0 1.0 
0.08996006960302949 -0.4509163294164446 0.8880211989263649 0.1856 -0.9959398366098102 -0.04370238450519548 0.07870161016259108 -1.0928 0.0033208027105651183 -0.8914956900928688 -0.4530170049956148 1.7056 0.0 0.0 0.0 1.0 
0.09075678550141528 -0.44824345307135915 0.8892924224708733 0.1863 -0.9958687019530036 -0.043499575900067616 0.07970768700039976 -1.0927 0.002955394371236486 -0.89285250387462 -0.45033950744847157 1.7073 0.0 0.0 0.0 1.0 
0.09360995650950726 -0.4476026797968527 0.889319412292886 0.1865 -0.9956046698731318 -0.04470306493687387 0.0822981002943684 -1.0926 0.002918453203401894 -0.8931144814769973 -0.44981997021805725 1.7085 0.0 0.0 0.0 1.0 
0.09271073123402121 -0.44679373907851266 0.8898202487212208 0.1871 -0.9956883436522188 -0.044359573595850826 0.08146748152174427 -1.0925 0.0030728861278174757 -0.8935365593811126 -0.4489799265225666 1.7099 0.0 0.0 0.0 1.0 
0.09497294429920405 -0.44795453102368715 0.8889976816541703 0.1873 -0.9954722010986272 -0.04623812516467657 0.08304897724301324 -1.0925 0.0039034204225419367 -0.8928598848176599 -0.4503176538760175 1.7117 0.0 0.0 0.0 1.0 
0.09497680475282824 -0.4485162311730804 0.8887140130172584 0.1879 -0.9954719493557525 -0.04626559570500685 0.08303669490002558 -1.0926 0.003873577778002235 -0.8925764309169033 -0.45087948541360906 1.7129 0.0 0.0 0.0 1.0 
0.0938898629119789 -0.44627779771821113 0.8899555162513197 0.1892 -0.9955770235610928 -0.045075862057931654 0.08242910176005613 -1.0924 0.0033292340868716352 -0.8937585210354739 -0.44853608804295453 1.7141 0.0 0.0 0.0 1.0 
0.09556344860523244 -0.445239882835873 0.8902971829804771 0.19 -0.9954185524694634 -0.045518210938429254 0.08408327938753818 -1.0924 0.003087505509831223 -0.894253621298378 -0.44754991688577495 1.7158 0.0 0.0 0.0 1.0 
0.09157144874982337 -0.4496451656048009 0.8885009256169009 0.1901 -0.9957915868236153 -0.04467487909480783 0.08002043982115148 -1.0926 0.0037128675124091792 -0.8920893342183256 -0.45184381636660664 1.7168 0.0 0.0 0.0 1.0 
0.09090790540935417 -0.4491754425678708 0.8888066013076419 0.1911 -0.9958476417121022 -0.04532216768103198 0.07895172963993385 -1.0927 0.0048194637179568844 -0.8922932942203758 -0.45143044852869785 1.7179 0.0 0.0 0.0 1.0 
0.09384637481246691 -0.44613089070485357 0.8900337557044969 0.1927 -0.995572610206668 -0.046807260865658035 0.08151231892503374 -1.0925 0.005294878737058362 -0.8937428649724418 -0.4485483871000001 1.7191 0.0 0.0 0.0 1.0 
0.09607723405739924 -0.44607069537086397 0.8898258817472291 0.1936 -0.9953643622324746 -0.046965808459142416 0.08392853646596177 -1.0923 0.004353331301297336 -0.8937645929254152 -0.44851521818044054 1.7197 0.0 0.0 0.0 1.0 
0.09760715523486904 -0.4474089231092038 0.888987119574417 0.1947 -0.9952160625017834 -0.047669581876652406 0.08527953976278208 -1.0922 0.004222817235327192 -0.8930581540336373 -0.44992143906312065 1.7204 0.0 0.0 0.0 1.0 
0.09902248392478519 -0.44777397619025594 0.8886467317917361 0.1958 -0.9950798929244054 -0.047474030518094734 0.08696104371453411 -1.0917 0.0032487497471744287 -0.8928855932722486 -0.4502718767055578 1.7209 0.0 0.0 0.0 1.0 
0.10014223684698202 -0.4484891017789018 0.8881604911190528 0.1967 -0.9949611357362113 -0.04952237657643771 0.08717724813694294 -1.0916 0.004885772589017623 -0.8924152955904417 -0.4511885076355924 1.7215 0.0 0.0 0.0 1.0 
0.10430263103681806 -0.4438046649271228 0.8900327974562069 0.1987 -0.9945385575119534 -0.04991261612015582 0.09166126976037736 -1.091 0.0037441662409811727 -0.8947324461206076 -0.4465868684569596 1.7217 0.0 0.0 0.0 1.0 
0.10172463142908175 -0.44747496277434673 0.8884921254860476 0.1989 -0.9947969188085447 -0.05076977284756287 0.08832621634618243 -1.0908 0.00558477301626803 -0.8928541806225158 -0.45031125064254496 1.7225 0.0 0.0 0.0 1.0 
0.10259752573304139 -0.44763443966914657 0.8883114071853107 0.1998 -0.9947106100640379 -0.05061747280374418 0.08937938058071027 -1.0904 0.004954789550236538 -0.8927828850672772 -0.45045995403749434 1.7228 0.0 0.0 0.0 1.0 
0.10327483159901285 -0.4470691366938174 0.888517583491762 0.2006 -0.9946390816535703 -0.051120192803772 0.08988783641320686 -1.0899 0.005235112753112947 -0.8930374644456692 -0.4499518648599117 1.7235 0.0 0.0 0.0 1.0 
0.1016166255890879 -0.4470720193503824 0.8887073032882415 0.2011 -0.9948052883573628 -0.051090633862093116 0.08804649560200489 -1.0894 0.006041494857354834 -0.8930377128909737 -0.4499412669386391 1.7243 0.0 0.0 0.0 1.0 
0.09969015987121804 -0.4507823748772137 0.887049673087652 0.2013 -0.9949930424030884 -0.051543041204002826 0.08562803555429926 -1.089 0.0071216286267165585 -0.8911445255420143 -0.45366366065864416 1.7251 0.0 0.0 0.0 1.0 
0.10206803084688863 -0.4482067066424108 0.8880838165397467 0.2028 -0.9947635363147277 -0.05070387762558948 0.08873907601697562 -1.0883 0.005255844143038646 -0.8924908206331833 -0.45103493344512785 1.7259 0.0 0.0 0.0 1.0 
0.10251736125433725 -0.44479640359678335 0.8897451039420312 0.2036 -0.994717422783024 -0.050550470747449616 0.08934147255956082 -1.0877 0.005238268162974735 -0.8942040087444136 -0.447629033120143 1.7274 0.0 0.0 0.0 1.0 
0.10326559985847952 -0.4428704150603884 0.8906188923159599 0.2039 -0.9946305255688912 -0.052105687080876345 0.08941540684010124 -1.0874 0.006806870971262979 -0.8950702725697401 -0.44587315872287203 1.7286 0.0 0.0 0.0 1.0 
0.10197140532467752 -0.44243684984131115 0.8909834265566379 0.2041 -0.9947449277176448 -0.0536199085271899 0.08722060645027485 -1.0872 0.009184839472100803 -0.8951952520607073 -0.44557950964091564 1.7299 0.0 0.0 0.0 1.0 
0.10498300977710628 -0.43314858676388773 0.8951876168952441 0.2053 -0.9944351046739737 -0.053687016507140584 0.09064505971438569 -1.0866 0.008797172852828439 -0.899722182700309 -0.4363743847968034 1.7314 0.0 0.0 0.0 1.0 
0.10115979403996042 -0.43747646438632043 0.8935217060473891 0.2044 -0.9948150771175084 -0.053934268560554416 0.08622097781006222 -1.0867 0.010471791130367225 -0.8976109612648913 -0.44066416215485404 1.7328 0.0 0.0 0.0 1.0 
0.10571477427999312 -0.43168705000332863 0.895807276906341 0.2056 -0.9943600862212326 -0.053599876866240986 0.09151542017620162 -1.0861 0.008509137972382896 -0.9004295330892627 -0.4349186711462494 1.7337 0.0 0.0 0.0 1.0 
0.10204266088756345 -0.435325192258925 0.8944715044895035 0.2048 -0.9947247562700874 -0.05413041051645415 0.08713528516471297 -1.0861 0.0104859249664222 -0.8986444656492636 -0.4385523568920231 1.7354 0.0 0.0 0.0 1.0 
0.10096752605805168 -0.43569836614190205 0.8944118136647088 0.205 -0.9948275196896512 -0.054267363256041895 0.08586768515206122 -1.086 0.011124960667497685 -0.89845533390732 -0.43892396633543806 1.7374 0.0 0.0 0.0 1.0 
0.10098023483080604 -0.4346446274458991 0.8949229240587877 0.205 -0.9948344551245927 -0.05348357204237669 0.08627812247923994 -1.0857 0.010363352279551652 -0.899012544603246 -0.43780023478240215 1.7386 0.0 0.0 0.0 1.0 
0.10231704797419328 -0.4341124637162223 0.8950293797077714 0.2052 -0.9947177143551513 -0.052102585677073265 0.08844201102319266 -1.0854 0.008239565638426427 -0.8993507043484175 -0.4371503404391849 1.7396 0.0 0.0 0.0 1.0 
0.1022938997012901 -0.43542040594953646 0.894396460282935 0.2053 -0.9947371889895208 -0.05003621840584205 0.08941085889795275 -1.085 0.00582090415048564 -0.8988356061763375 -0.4382472705499568 1.7407 0.0 0.0 0.0 1.0 
0.10246668022558744 -0.4324066233001207 0.8958376479975235 0.2055 -0.9947215610820548 -0.04946626699784354 0.0899005247358336 -1.0845 0.005440161948634947 -0.9003208320123919 -0.43519283551373755 1.7423 0.0 0.0 0.0 1.0 
0.10278214837754643 -0.4315809302090906 0.8961996042482681 0.2056 -0.9946885899118062 -0.04959157943205114 0.09019581114828557 -1.0841 0.005517161784710234 -0.9007100398737047 -0.4343857559779679 1.7434 0.0 0.0 0.0 1.0 
0.1026454582866484 -0.43327871515025906 0.8953957029664956 0.2058 -0.9946988916413422 -0.0502895809014261 0.08969433103738828 -1.0834 0.0061664301349813044 -0.8998558290362406 -0.43614385481041784 1.7447 0.0 0.0 0.0 1.0 
0.10287467760010593 -0.4308605533523639 0.8965355454601726 0.2062 -0.9946733882705185 -0.05040806904450046 0.08991038450396599 -1.0828 0.006453787656902632 -0.9010095505265745 -0.43375124032650314 1.7463 0.0 0.0 0.0 1.0 
0.10308443924464092 -0.4311121489118819 0.8963904916085382 0.2066 -0.9946486606121849 -0.050931417247605554 0.08988900199432887 -1.0822 0.00690219733158115 -0.9008597592287766 -0.4340553580757484 1.7474 0.0 0.0 0.0 1.0 
0.10373188422716323 -0.43277527410750577 0.895513963216574 0.2071 -0.9945869305361998 -0.050606906319523304 0.09075119084258415 -1.0816 0.006044319751844274 -0.9000802759498399 -0.4356821812339785 1.7485 0.0 0.0 0.0 1.0 
0.10434744358276268 -0.43265413415486637 0.8955009833698928 0.2079 -0.9945317208299655 -0.049263270293791434 0.09208575602637092 -1.0808 0.0042740239505212885 -0.9002130472275237 -0.4354287568829218 1.7498 0.0 0.0 0.0 1.0 
0.10621761593262974 -0.4312008868572495 0.8959819268484771 0.2088 -0.994339239898216 -0.04850897349953448 0.09453229865320872 -1.0801 0.002700752529636641 -0.9009509834966289 -0.4339124695975337 1.7512 0.0 0.0 0.0 1.0 
0.10840269253470194 -0.4308899316606407 0.8958698136697741 0.2094 -0.9941070366133407 -0.04677198003363778 0.09779356645288934 -1.0792 -0.00023665812803430608 -0.901191571574669 -0.43342092164050994 1.7524 0.0 0.0 0.0 1.0 
0.10767361709329643 -0.42653618087736567 0.8980385729937201 0.2102 -0.9941824456689116 -0.04368095946904732 0.09845424573701828 -1.0783 -0.002767111459249627 -0.9034151095606131 -0.4287580703750746 1.754 0.0 0.0 0.0 1.0 
0.10764097359892472 -0.4262385076382675 0.8981838093669792 0.2106 -0.9941868471598176 -0.04393516493913302 0.09829656258584163 -1.0778 -0.0024359263323636138 -0.9035432673027195 -0.42848994197627266 1.7553 0.0 0.0 0.0 1.0 
0.1064703402520685 -0.42352117671685385 0.8996076253117136 0.2112 -0.9943156451581743 -0.044730098447881755 0.09662099195582091 -1.0774 -0.0006814985640208882 -0.904781206240058 -0.42587616086662217 1.7572 0.0 0.0 0.0 1.0 
0.10808880047149239 -0.4265576634618582 0.8979784913652408 0.2114 -0.9941412430708441 -0.046372207590690495 0.0976360957265423 -1.0769 -6.1798490881281865e-06 -0.9032708221265235 -0.4290708820890593 1.7588 0.0 0.0 0.0 1.0 
0.10672070298888034 -0.42209562260127875 0.900247730868786 0.2113 -0.9942890363877334 -0.0453602632102105 0.096601028155259 -1.0764 6.0602903485085236e-05 -0.9054157784699466 -0.4245259290372601 1.76 0.0 0.0 0.0 1.0 
0.10964325762639551 -0.4229053339596164 0.8995162225138451 0.2112 -0.9939695554344027 -0.048194719403238356 0.09849767454706221 -1.0759 0.0016967399941447137 -0.9048913457040841 -0.42563925282243853 1.7616 0.0 0.0 0.0 1.0 
0.1093188432680044 -0.4211893606415333 0.9003604350419455 0.211 -0.9940019089207794 -0.049144080520658384 0.09769884549791186 -1.0754 0.0030976714466349753 -0.9056403159268888 -0.42403540253079486 1.763 0.0 0.0 0.0 1.0 
0.10887202068847424 -0.42011991615618355 0.900914057588253 0.211 -0.9940461090994541 -0.050009001836114564 0.09680616054565971 -1.0752 0.004383616708267757 -0.9060895958923031 -0.42306314909275444 1.7642 0.0 0.0 0.0 1.0 
0.10844951878728032 -0.4195683739842846 0.9012219934217047 0.2109 -0.9940796941101628 -0.05183819989134514 0.0954901188074993 -1.075 0.006653091961842217 -0.9062423409796128 -0.42270622870161106 1.7653 0.0 0.0 0.0 1.0 
0.1071740299389014 -0.41885053905294345 0.9017083526516287 0.2109 -0.9942128113428897 -0.051889818295956236 0.09406557563147183 -1.0748 0.007390065515471667 -0.906571383120089 -0.4219878129038867 1.7662 0.0 0.0 0.0 1.0 
0.10640691516397544 -0.41839310171681526 0.9020115192396763 0.2111 -0.9942896824716236 -0.052161793780038546 0.09309766162544714 -1.0748 0.008099119443745917 -0.9067669820331081 -0.42155431981988345 1.7672 0.0 0.0 0.0 1.0 
0.10537510203608566 -0.41611230481065703 0.903186933948918 0.2114 -0.9943813413889044 -0.05330783021623367 0.0914550334057147 -1.0748 0.010091370991481996 -0.9077493183818978 -0.4193916298744078 1.7685 0.0 0.0 0.0 1.0 
0.10346689307622825 -0.4161367808662055 0.9033962484134324 0.2115 -0.9945751598466734 -0.05307264036202075 0.08946254110501967 -1.0748 0.010716970332891373 -0.9077518793455155 -0.41937056655369676 1.7696 0.0 0.0 0.0 1.0 
0.1039945850940732 -0.4119361204616573 0.9052589457885021 0.2119 -0.9945154557973143 -0.053266241127869735 0.09000953136400353 -1.075 0.011141564134871995 -0.9096545169541601 -0.4152162392459162 1.7702 0.0 0.0 0.0 1.0 
0.10279593934626322 -0.4157407809366279 0.9036551321826941 0.2117 -0.9946261971342153 -0.05421049561468769 0.08820402564248037 -1.0749 0.012317582078020806 -0.9078660833137302 -0.41907929075574524 1.7712 0.0 0.0 0.0 1.0 
0.10150199080492497 -0.4156021233385842 0.9038651563917581 0.2115 -0.9947318940433134 -0.05550077486970159 0.08618655905571937 -1.0751 0.014345899610663293 -0.9078516063021109 -0.4190461264575034 1.7718 0.0 0.0 0.0 1.0 
0.10064055025986313 -0.4170651223914122 0.9032874201094735 0.2112 -0.994830698430881 -0.05454060020252077 0.08565748297185982 -1.0752 0.013541089428758202 -0.9072386712514989 -0.4203981830156943 1.7719 0.0 0.0 0.0 1.0 
0.10053080316229307 -0.4172277634432704 0.9032245296866503 0.2107 -0.9948359473361008 -0.054895133108187666 0.08536956277806107 -1.0751 0.013964079039708588 -0.9071425013597152 -0.4205918291210757 1.7725 0.0 0.0 0.0 1.0 
0.10121768930321887 -0.4151925824008938 0.9040852276701539 0.2102 -0.9947378671564282 -0.0567240638787084 0.08531679917908486 -1.075 0.0158604860328157 -0.9079633803718964 -0.41874926255032574 1.7733 0.0 0.0 0.0 1.0 
0.1003653637873761 -0.4146274044022027 0.904439555343816 0.2099 -0.9948106337345288 -0.057069347954578686 0.08423118503703986 -1.075 0.016691218066171187 -0.9081999807546415 -0.41820353680562783 1.7738 0.0 0.0 0.0 1.0 
0.09968072172501194 -0.4143734600076409 0.904631631857784 0.2098 -0.9948515180732136 -0.05820872386503975 0.08295903479083067 -1.0748 0.018281430573219293 -0.908243568712325 -0.41804235334341067 1.7744 0.0 0.0 0.0 1.0 
0.10069459291258673 -0.4139683441499027 0.9047048187115818 0.2099 -0.9947493842869197 -0.05860022966568881 0.0839027743517608 -1.0746 0.018282817588172684 -0.9084031170823426 -0.417695481728162 1.775 0.0 0.0 0.0 1.0 
0.10002413226227666 -0.41534198299557995 0.9041494401516148 0.2098 -0.9947982690169164 -0.059350595652290866 0.08278834916016609 -1.0744 0.01927633072256979 -0.9077271307816123 -0.41911797756342595 1.7755 0.0 0.0 0.0 1.0 
0.10034561879526943 -0.41004005332016885 0.9065307007828183 0.21 -0.9947716925553962 -0.0587229784774122 0.0835517294208411 -1.0743 0.0189746272444688 -0.9101751295613029 -0.4137888314696266 1.776 0.0 0.0 0.0 1.0 
0.1023734114015967 -0.4088708758504481 0.9068320084333629 0.2098 -0.9945645002918239 -0.05948656226794516 0.0854564431088517 -1.0739 0.019003667995256768 -0.9106513909234583 -0.41273830063600425 1.7768 0.0 0.0 0.0 1.0 
0.10215506873826494 -0.4107451387839691 0.9060092565180657 0.2096 -0.9945918375387997 -0.059336182458921166 0.08524256068652308 -1.0736 0.018746163134740645 -0.9098173709138222 -0.41458525414103437 1.777 0.0 0.0 0.0 1.0 
0.10082824380355246 -0.4203239445727441 0.9017546489319034 0.209 -0.9947533684963574 -0.05835467442580558 0.08402659006415042 -1.0733 0.01730321116561717 -0.9054957280912304 -0.42400245906349543 1.7771 0.0 0.0 0.0 1.0 
0.10123602008833246 -0.41946730214182476 0.902107782180452 0.2085 -0.9947180475636208 -0.058126595765520345 0.0846008552907705 -1.0729 0.016949161864022788 -0.9059075456681938 -0.4231362010198799 1.7775 0.0 0.0 0.0 1.0 
0.10177843092709471 -0.42156345061476225 0.9010690362584841 0.2081 -0.9946864753439104 -0.05722924817983843 0.08557820353734091 -1.0727 0.015490860722590705 -0.904991198995076 -0.4251481659086958 1.7775 0.0 0.0 0.0 1.0 
0.10285365621233658 -0.4254941474064229 0.8990972449777808 0.2078 -0.9945844898045708 -0.05755641481433768 0.08653872979135563 -1.0726 0.014927090940161647 -0.9031289994439338 -0.4291097672151766 1.7776 0.0 0.0 0.0 1.0 
0.10171552144815868 -0.4223296306161342 0.9007172896087698 0.2075 -0.9946612735060987 -0.05901491074905471 0.08465335962917836 -1.0724 0.017404128353786408 -0.9045191669682411 -0.426077660648061 1.7783 0.0 0.0 0.0 1.0 
0.10241445050312525 -0.4165524208146328 0.9033246155406218 0.2076 -0.9945625864030974 -0.06011643182483217 0.08503691170210803 -1.0724 0.01888232123772715 -0.9071218745781184 -0.4204442443494213 1.7791 0.0 0.0 0.0 1.0 
0.10129101629639256 -0.41830806019552674 0.9026397380977085 0.2066 -0.9946899035366561 -0.05920326802859524 0.08418413661119534 -1.0725 0.01822431946279529 -0.9063737307701443 -0.42208356323117824 1.7798 0.0 0.0 0.0 1.0 
0.10236997140599113 -0.41228079955630315 0.9052872092720365 0.2067 -0.9945625535628317 -0.05991602537927643 0.0851786179350747 -1.0726 0.019123702698904177 -0.9090844912437817 -0.4161726465964799 1.7799 0.0 0.0 0.0 1.0 
0.10049047799709185 -0.42142766812076227 0.9012770852375049 0.2063 -0.9947836924091165 -0.058512871224830204 0.08355626378621223 -1.0727 0.017523388622085745 -0.9049723556238187 -0.42510935817490103 1.7795 0.0 0.0 0.0 1.0 
0.1013749767468447 -0.42123385036990324 0.9012686377502117 0.2063 -0.9947042907669136 -0.05833072375979553 0.08462210465090902 -1.0727 0.016925956973467493 -0.9050743449950418 -0.4249163941439868 1.7794 0.0 0.0 0.0 1.0 
0.10107367654202301 -0.4226339433148907 0.9006468019531211 0.2062 -0.9947368134207444 -0.058232676001267275 0.08430674629752277 -1.0729 0.01681618077394348 -0.9044277225980181 -0.42629533267482633 1.7791 0.0 0.0 0.0 1.0 
0.10089396643801518 -0.4232550829128017 0.900375223073626 0.2061 -0.9947461889966016 -0.058682945592424485 0.08388284314049999 -1.0731 0.017332830500002783 -0.9041080945799975 -0.426952135844036 1.7788 0.0 0.0 0.0 1.0 
0.10163765937501379 -0.4251225357446315 0.8994112606582283 0.2061 -0.9946552555590398 -0.059953002486847984 0.08406283412777316 -1.0732 0.018185400340662572 -0.9031480870238651 -0.42894384728025103 1.7786 0.0 0.0 0.0 1.0 
0.10109367836835137 -0.43213885607707225 0.8961228025568574 0.206 -0.9947627096494074 -0.05755388740211298 0.08446716247083402 -1.0733 0.015073807910600867 -0.8999686434055938 -0.435693953597901 1.7774 0.0 0.0 0.0 1.0 
0.10473901370571992 -0.42630367580375655 0.8984959181900376 0.207 -0.9943932014363237 -0.0581170492072397 0.08834347473731219 -1.0731 0.01455678347616196 -0.902711240977783 -0.4300005993800232 1.7772 0.0 0.0 0.0 1.0 
0.10174984662300929 -0.42973593918925557 0.8972034280369883 0.2061 -0.9946818377144347 -0.05842538902618505 0.08482049067397696 -1.0731 0.015969046096412864 -0.9010624265200873 -0.4333953080970112 1.7773 0.0 0.0 0.0 1.0 
0.10238729096189236 -0.4352443562562403 0.8944714601352999 0.2059 -0.9946433596616184 -0.05762372904113522 0.08581429328755186 -1.0731 0.014192594214340382 -0.89846639124593 -0.43881284629210915 1.7767 0.0 0.0 0.0 1.0 
0.1028312539979048 -0.4336420463232477 0.8951984745640518 0.2058 -0.9945992575809075 -0.0575579085592384 0.08636784113195373 -1.073 0.01407302457634585 -0.8992450515976572 -0.4372188092436108 1.777 0.0 0.0 0.0 1.0 
0.10286108812764486 -0.42965567794696496 0.8971151514477564 0.2056 -0.9945825731905831 -0.05802916698121394 0.08624454118995112 -1.0728 0.015003388110545524 -0.9011263031270369 -0.4332969930172652 1.7775 0.0 0.0 0.0 1.0 
0.10305451740740323 -0.42969346778023343 0.897074852054679 0.2052 -0.9945423808297337 -0.05927909567305756 0.08585709958826399 -1.0727 0.016285551125209297 -0.9010269211090096 -0.4334573430700722 1.7774 0.0 0.0 0.0 1.0 
0.10534481726493156 -0.4225420950384725 0.9002003373671422 0.2047 -0.9942873358634369 -0.060394286771831396 0.08800695351454235 -1.0725 0.017180314811062414 -0.9043288716201757 -0.4264904790697823 1.7772 0.0 0.0 0.0 1.0 
0.10591975509475787 -0.42282672594298604 0.8999992029490924 0.2043 -0.9942373819415846 -0.060072926857838216 0.08878779087620331 -1.0723 0.016523735370977954 -0.9042172323546305 -0.42675304671709385 1.7769 0.0 0.0 0.0 1.0 
0.1059494752324264 -0.4236975378555846 0.8995860743214565 0.2041 -0.9942177328891585 -0.06104763988920989 0.08834186591135285 -1.0724 0.017487375638315872 -0.9037442016848977 -0.4277155709279376 1.7765 0.0 0.0 0.0 1.0 
0.10503672331059347 -0.4231093581304408 0.8999698649502772 0.2037 -0.9942877405747719 -0.06192755218046106 0.08693024343490169 -1.0724 0.01895193127068656 -0.903959871533788 -0.42719711487523937 1.7763 0.0 0.0 0.0 1.0 
0.10517902103886836 -0.42219145208418796 0.9003842242733654 0.2035 -0.9942762016484971 -0.061732138589383506 0.0872007907109682 -1.0723 0.018767215263384873 -0.9044023003355453 -0.42626783925019707 1.776 0.0 0.0 0.0 1.0 
0.10534621670367281 -0.42403671837544216 0.899497101771656 0.2031 -0.994264981262875 -0.06166821336508413 0.08737378608423402 -1.0723 0.01842068567013283 -0.9035429668420558 -0.42810137281921656 1.7752 0.0 0.0 0.0 1.0 
0.1041801380891097 -0.4308397064924869 0.8963948048361292 0.2026 -0.994387981006662 -0.06180929468194091 0.08586125040095494 -1.0721 0.018413094721651924 -0.9003092570891343 -0.434861126731722 1.7745 0.0 0.0 0.0 1.0 
0.10411809306117889 -0.4297638177377135 0.8969183260814826 0.2024 -0.9943716060435634 -0.062762829229456 0.08535769655665543 -1.072 0.019609482187136096 -0.9007573969891223 -0.4338796837577589 1.774 0.0 0.0 0.0 1.0 
0.10587007153793854 -0.42635391899253217 0.8983395035910762 0.2029 -0.9941868081533697 -0.06319049420895179 0.08717540900645804 -1.072 0.019598939929664272 -0.9023465505011573 -0.4305654240092852 1.7733 0.0 0.0 0.0 1.0 
0.10231954542226715 -0.43020863036246526 0.8969120608990788 0.202 -0.9945273148014555 -0.0633858592325737 0.08305210992597084 -1.0723 0.021121807176181784 -0.9005013976729856 -0.4343398462616711 1.7726 0.0 0.0 0.0 1.0 
0.0994251149191197 -0.4330487896067314 0.8958701872165766 0.2012 -0.9947915144889392 -0.06358219675132443 0.07966898365786945 -1.0724 0.022460837565011438 -0.8991251581823413 -0.437114928479293 1.7721 0.0 0.0 0.0 1.0 
0.1004108213028227 -0.43186726252731394 0.8963304828702731 0.2011 -0.9946728283829063 -0.06468406121699583 0.08026167641674214 -1.0723 0.023315905344688748 -0.8996147174105369 -0.43606161121602705 1.7718 0.0 0.0 0.0 1.0 
0.10104596240654073 -0.42726641855681224 0.8984615300918403 0.2009 -0.9946156993406512 -0.06426822873789262 0.0812970196255759 -1.0726 0.023007044713376668 -0.901838678671817 -0.43145993272264316 1.7707 0.0 0.0 0.0 1.0 
0.10381085597332196 -0.42331219851425006 0.900016715828722 0.2011 -0.9943193080460853 -0.06555487656979886 0.08385506427564615 -1.0726 0.02350361310183008 -0.9036090641128777 -0.4277128001640924 1.7702 0.0 0.0 0.0 1.0 
0.10377489917260091 -0.4190492652881544 0.9020135717178399 0.2007 -0.9943480411581127 -0.06415682248115212 0.08459240612576463 -1.0728 0.022421938960332566 -0.9056939965521358 -0.4233386838722386 1.7699 0.0 0.0 0.0 1.0 
0.10671615124321132 -0.4160509940892994 0.9030577132061618 0.2004 -0.994098738076107 -0.06243745928398037 0.08870886445927162 -1.0728 0.019477217956581305 -0.9071952017043893 -0.4202588535476733 1.7693 0.0 0.0 0.0 1.0 
0.10524518851053266 -0.41622707848027773 0.903149195556944 0.1992 -0.994251210246921 -0.06203069796626759 0.08727384162708984 -1.0731 0.01969723883987623 -0.9071423326301061 -0.4203627090174561 1.7692 0.0 0.0 0.0 1.0 
0.10460106228477833 -0.41352913281817844 0.9044624227017621 0.1975 -0.9942565187100083 -0.0641869348078648 0.08563884867643623 -1.0734 0.02264051173340753 -0.9082255742438747 -0.4178680575466772 1.7689 0.0 0.0 0.0 1.0 
0.1030982461435048 -0.41265610254801044 0.9050335312418095 0.196 -0.9943631434037958 -0.06540139640924772 0.08345415740298806 -1.0732 0.024752589405061642 -0.9085359642730753 -0.4170727885395283 1.768 0.0 0.0 0.0 1.0 
0.10291139547483164 -0.40938525283844945 0.9065390005067746 0.195 -0.9943588778158547 -0.06587392841704609 0.08313271115331311 -1.0732 0.02568397925199889 -0.9099804065546164 -0.413855038505608 1.7677 0.0 0.0 0.0 1.0 
0.10135895665723685 -0.4093219029269357 0.9067424891829149 0.1941 -0.9944959186258471 -0.0660006745471304 0.08137431287486391 -1.0734 0.026537327331305316 -0.909999720188746 -0.41375872137577374 1.7671 0.0 0.0 0.0 1.0 
0.09961075628442209 -0.40957669230888943 0.9068211677887517 0.1923 -0.994662565105805 -0.06563310778562234 0.07961580709596222 -1.0739 0.02690871252189625 -0.9099116596020245 -0.41392836688333384 1.7656 0.0 0.0 0.0 1.0 
0.09963101822829354 -0.4066010327969687 0.9081570680973814 0.1917 -0.994672998792127 -0.06495435151796128 0.08004097508625552 -1.0742 0.026444010298570464 -0.9112938781465173 -0.4109065367842298 1.765 0.0 0.0 0.0 1.0 
0.09962210210968869 -0.4118335420521875 0.9057972015920535 0.1906 -0.9946916339175358 -0.06479356952999793 0.07993964449522911 -1.0741 0.025768007018569405 -0.9089526538760475 -0.41610225044570537 1.7638 0.0 0.0 0.0 1.0 
0.09925097486825177 -0.410163313394276 0.9065954446902604 0.1902 -0.9947190307270524 -0.0648310662022826 0.07956747303081335 -1.0745 0.026139890916673958 -0.9097048912699682 -0.4144318000616751 1.7628 0.0 0.0 0.0 1.0 
0.100222015337678 -0.4099432311921447 0.9065881616486053 0.1891 -0.9946269528339904 -0.06503275431215944 0.08054790849392168 -1.0745 0.025937855305038615 -0.9097896944164172 -0.4142583005756878 1.7619 0.0 0.0 0.0 1.0 
0.10002482270049642 -0.4107483113173453 0.9062454742472832 0.1879 -0.9946727896661243 -0.06409230868495094 0.08073547835519906 -1.0747 0.024921403282000598 -0.9094932658999637 -0.41497099048135144 1.7611 0.0 0.0 0.0 1.0 
0.09930005311899084 -0.41236188989847866 0.9055921660493318 0.1862 -0.9947511508923044 -0.06372095916743678 0.08006114638960504 -1.0751 0.024691035802523797 -0.9087889255058826 -0.4165249591907569 1.76 0.0 0.0 0.0 1.0 
0.09914270000685849 -0.409173480803682 0.9070544568229346 0.1846 -0.9947516345064384 -0.06392727737643983 0.07989048037159852 -1.0752 0.025296455920130523 -0.9102144614398491 -0.41336391170933906 1.7593 0.0 0.0 0.0 1.0 
0.09914641296109958 -0.4071746908124405 0.9079530604380058 0.1817 -0.9947690917112335 -0.0631014356759764 0.08032846937193949 -1.0756 0.024585421960078624 -0.9111679208452329 -0.41130107834726237 1.7576 0.0 0.0 0.0 1.0 
0.09960574400506472 -0.4066951978777012 0.9081176750754358 0.1805 -0.9947275733215211 -0.06308683921940639 0.08085236911298782 -1.0757 0.024408003504497622 -0.9113830515982411 -0.4108347388237784 1.7566 0.0 0.0 0.0 1.0 
0.10439207716213428 -0.4107548381578268 0.9057498314411727 0.1783 -0.9942377110150229 -0.06541420453183 0.08492559002489325 -1.076 0.024365307742430453 -0.9093961979112326 -0.4152166747653703 1.7555 0.0 0.0 0.0 1.0 
0.09845234321017854 -0.40443031864277473 0.9092542292884478 0.1783 -0.9948957265305316 -0.060318118950760946 0.08089634019860081 -1.0764 0.022127572115148653 -0.9125775812985687 -0.40830445584581043 1.7546 0.0 0.0 0.0 1.0 
0.09682372260243796 -0.41289054167183836 0.9056194384725529 0.177 -0.995074997832999 -0.059569786210705994 0.07922871486063454 -1.0765 0.0212347693432986 -0.9088304798854111 -0.41662482331492223 1.7536 0.0 0.0 0.0 1.0 
0.09883405257823558 -0.40698640356406707 0.9080715265687768 0.1759 -0.9949252315136097 -0.05770784969546733 0.0824232235545011 -1.077 0.01885772384336104 -0.9116094950128106 -0.41062454243984964 1.7526 0.0 0.0 0.0 1.0 
0.0985403979257623 -0.40360437861321813 0.9096116179671798 0.1742 -0.9949815494066323 -0.055909073495036155 0.08298127404001526 -1.0775 0.0173639372554123 -0.913223784767548 -0.40708821232974235 1.752 0.0 0.0 0.0 1.0 
0.09596136939944708 -0.4096528175727123 0.907180238231478 0.1725 -0.9952615855107365 -0.0538429407009208 0.08096489451195577 -1.078 0.015677754610844585 -0.9106511443969174 -0.4128785550485118 1.7515 0.0 0.0 0.0 1.0 
0.0932665428408849 -0.4085911989024266 0.9079397469909483 0.1711 -0.9955402457675526 -0.0512551273493109 0.07919931172356742 -1.0786 0.014176425628142697 -0.9112772048613329 -0.4115493711045204 1.751 0.0 0.0 0.0 1.0 
0.0933971454258608 -0.40362908526217367 0.9101431397075526 0.1696 -0.9955522635507822 -0.049204821346990835 0.08034037649354586 -1.0791 0.012355717915790876 -0.9135986247180058 -0.40642943932268694 1.7507 0.0 0.0 0.0 1.0 
0.09467628024105118 -0.40532937457918206 0.9092549147862587 0.1683 -0.9954520145804563 -0.048242236379305525 0.08214604857711577 -1.0796 0.01056828403425053 -0.9128969190069447 -0.4080533379843853 1.7502 0.0 0.0 0.0 1.0 
0.09444577575541188 -0.4045017240849277 0.9096473770941572 0.167 -0.9954695980034031 -0.04843856891500389 0.08181677390614867 -1.0802 0.010966991059624065 -0.9132535574821419 -0.4072439868841658 1.7499 0.0 0.0 0.0 1.0 
0.09368100345688984 -0.40217522545989065 0.9107573538641325 0.166 -0.9955421539202169 -0.04789245972923989 0.08125350496426881 -1.0807 0.010940263214635926 -0.9143092476440176 -0.4048690038931422 1.7494 0.0 0.0 0.0 1.0 
0.09240476290241076 -0.399969739095199 0.9118583045633064 0.1649 -0.9956772707503954 -0.045750407937197285 0.0808311368509918 -1.0809 0.009387880697632855 -0.915385770034524 -0.40246833380318076 1.7486 0.0 0.0 0.0 1.0 
0.09287047416498709 -0.40091320551592113 0.9113965529182779 0.1636 -0.995640792763716 -0.04532751524367537 0.0815158153162534 -1.0813 0.00863057432675346 -0.9149939988900382 -0.40337512960271527 1.7479 0.0 0.0 0.0 1.0 
0.09325589435298356 -0.39996804820065746 0.9117723940693653 0.1621 -0.9956050676001756 -0.04536739509275886 0.081928925486348 -1.0816 0.00859578601846378 -0.9154055712530126 -0.4024409926705662 1.7474 0.0 0.0 0.0 1.0 
0.08776789385323872 -0.3931863623162204 0.915260225999745 0.1593 -0.9961274267235496 -0.03943036065367464 0.07858369034246376 -1.0819 0.0051910054599960676 -0.9186129387001136 -0.3951244390252966 1.7461 0.0 0.0 0.0 1.0 
0.08826416517968166 -0.39402756261547917 0.9148506528633178 0.1582 -0.9960936967157044 -0.03731629299930789 0.08003025452934892 -1.082 0.002604708885159901 -0.9183407723585482 -0.39578206290271545 1.7452 0.0 0.0 0.0 1.0 
0.08904978189144222 -0.3963226221647176 0.9137825318452795 0.1567 -0.9960231307121841 -0.03804795453257945 0.08056225072691608 -1.0829 0.0028389137687317434 -0.9173225890145569 -0.3981346609531057 1.7445 0.0 0.0 0.0 1.0 
0.08916535775478573 -0.39615656676514616 0.9138432653279845 0.1555 -0.9960139069289324 -0.037689971896750274 0.08084406733079447 -1.0833 0.0024158188311483864 -0.9174090912059212 -0.3979380896472474 1.7436 0.0 0.0 0.0 1.0 
0.08982514406931758 -0.39585428196455286 0.9139096404695896 0.1541 -0.9959551433865349 -0.03771959588712909 0.08155111555348649 -1.0843 0.002189944025030699 -0.9175383477198322 -0.39764127628897794 1.7424 0.0 0.0 0.0 1.0 
0.08827509146868973 -0.3914682027264811 0.9159476810824372 0.1534 -0.9960947633534551 -0.03316681772496122 0.08182410782785354 -1.0844 -0.0016524666470055238 -0.9195937192348035 -0.3928672306236327 1.7418 0.0 0.0 0.0 1.0 
0.0887377727351576 -0.39209970187450477 0.9156328038465682 0.1522 -0.9960491969317784 -0.03178769606301579 0.08291887403097553 -1.0849 -0.003406608513313425 -0.9193733551549826 -0.3933713625183043 1.7409 0.0 0.0 0.0 1.0 
0.08481362028025166 -0.3948676508033977 0.9148148381852816 0.15 -0.9963854550719293 -0.02922315069161227 0.07976234941850308 -1.0855 -0.004761799666232691 -0.9182731324680371 -0.3959189051450781 1.7399 0.0 0.0 0.0 1.0 
0.08518010124863701 -0.39228716675223724 0.9158903477779282 0.149 -0.9963597932785322 -0.030406392612781497 0.07964052753616102 -1.0862 -0.003393035401021427 -0.9193401057768446 -0.3934491799724428 1.7395 0.0 0.0 0.0 1.0 
0.08561859690188772 -0.38637274030456503 0.9183602568785807 0.148 -0.9963217987720713 -0.029953964309156922 0.08028470161711676 -1.0866 -0.0035112898108505264 -0.9218562065591934 -0.38751620001253806 1.7392 0.0 0.0 0.0 1.0 
0.08378204426429672 -0.38550526463448553 0.9188940417686857 0.1463 -0.996482137233727 -0.03058031476010012 0.07802688333694474 -1.0874 -0.001979705280945987 -0.9221987504265384 -0.3867111913026723 1.7386 0.0 0.0 0.0 1.0 
0.08339162934941652 -0.38551453765775984 0.9189256647895812 0.1447 -0.9965150388921662 -0.030501979597907736 0.0776363735780709 -1.088 -0.001900898785969496 -0.9221974682762542 -0.38671464426457003 1.7377 0.0 0.0 0.0 1.0 
0.08351322611721412 -0.3824865427170667 0.9201791052310633 0.1435 -0.9965059735577857 -0.03096382604505643 0.0775698790788083 -1.0884 -0.0011771691231640125 -0.9234420859572064 -0.3837360136289771 1.7371 0.0 0.0 0.0 1.0 
0.08354681910540876 -0.383471245207088 0.9197661295768038 0.1423 -0.9965037185455684 -0.031670753899256304 0.07731301489599018 -1.0889 -0.0005176313581810588 -0.923009624785559 -0.3847765125511156 1.7358 0.0 0.0 0.0 1.0 
0.08308145731071659 -0.3835870973636152 0.9197599742254954 0.1415 -0.9965427059633861 -0.031677088608979664 0.07680623183330121 -1.0892 -0.0003265613258390254 -0.9229612672227447 -0.3848927026643726 1.7348 0.0 0.0 0.0 1.0 
0.08202524049555376 -0.3838088777278157 0.9197622547696558 0.1403 -0.9966301112211498 -0.03109730557098961 0.07590374821800971 -1.0897 -0.0005304045296546378 -0.9228887814701937 -0.3850662484657619 1.7338 0.0 0.0 0.0 1.0 
0.08190820288090536 -0.38508347242295327 0.9192397758841275 0.1388 -0.996638457922661 -0.03009081034858177 0.07619926064015209 -1.0903 -0.0016824061223693065 -0.9223910571982179 -0.3862536823259983 1.7324 0.0 0.0 0.0 1.0 
0.08324017300179581 -0.3842089417757061 0.9194860317907081 0.1378 -0.9965282191998263 -0.030605179061051035 0.07742629626337527 -1.0907 -0.0016068407058738021 -0.9227387561353609 -0.3854226329481869 1.7311 0.0 0.0 0.0 1.0 
0.08598115799533254 -0.378583827456166 0.9215647161531422 0.137 -0.9962957950585207 -0.03138248379847222 0.08006140430537556 -1.0911 -0.0013889630995250202 -0.9250348238305834 -0.3798797776695011 1.7293 0.0 0.0 0.0 1.0 
0.08594817798222434 -0.3775092146433947 0.9220085159915082 0.136 -0.9962963414474746 -0.030196516488221498 0.08050944298871898 -1.0913 -0.002551611238630236 -0.9255133512009992 -0.37870638498549636 1.7274 0.0 0.0 0.0 1.0 
0.08546563626956419 -0.37952696422576393 0.9212246785896556 0.1349 -0.9963392271573794 -0.03075384540425971 0.07976431169568676 -1.0915 -0.0019415057234864475 -0.9246693919549984 -0.3807659991872949 1.7256 0.0 0.0 0.0 1.0 
0.08249160366973168 -0.386640246510085 0.9185338617071324 0.1338 -0.9965908286147843 -0.030743801593389353 0.07656068824458562 -1.0918 -0.0013622205747345628 -0.9217180363008026 -0.3878582291416526 1.7238 0.0 0.0 0.0 1.0 
0.08178814843894291 -0.38884125106955125 0.9176672491930808 0.1325 -0.9966497315035533 -0.03200844821622825 0.0752646792106666 -1.0923 0.00010709259990132614 -0.9207485762733797 -0.390156440189983 1.7219 0.0 0.0 0.0 1.0 
0.08112818243705089 -0.38959216270020225 0.9174073058227952 0.1319 -0.9967033385931704 -0.03246893687519581 0.07435202065460339 -1.0929 0.0008202753736467616 -0.9204149688595757 -0.3909419550873731 1.7205 0.0 0.0 0.0 1.0 
0.08144157808907648 -0.39286066523812146 0.9159845888807416 0.1311 -0.9966778622550343 -0.03275920306652835 0.07456590041822503 -1.0936 0.0007129159105712657 -0.9190143265059074 -0.3942234891883003 1.7187 0.0 0.0 0.0 1.0 
0.08356031405153466 -0.39860347096275306 0.9133087905259945 0.1297 -0.9965023774563371 -0.03418588164082911 0.0762518014233588 -1.0943 0.0008280334999369865 -0.9164860055848563 -0.4000658894827677 1.7168 0.0 0.0 0.0 1.0 
0.07957576467165114 -0.3961482302000907 0.914731806261408 0.13 -0.9968270592064545 -0.033349118969119546 0.0722748247856429 -1.095 0.0018739559049952281 -0.9175807408469947 -0.39754505696329134 1.7153 0.0 0.0 0.0 1.0 
0.07825043757499997 -0.39933579076909265 0.9134592466170263 0.1294 -0.9969312651962294 -0.033383175624739664 0.07080689273971691 -1.0957 0.0022184439517413113 -0.9161967527753152 -0.4007225832298472 1.7136 0.0 0.0 0.0 1.0 
0.07657972064989713 -0.4032730804837408 0.9118697105082163 0.1285 -0.9970594904952765 -0.03355454267850569 0.0688945939746804 -1.0966 0.0028140359776386292 -0.9144642777182665 -0.4046568496624342 1.7116 0.0 0.0 0.0 1.0 
0.07498119109762819 -0.40102411701150087 0.9129936903159444 0.1278 -0.9971766798128164 -0.033882362032169044 0.06701234797116334 -1.0972 0.004060815074367619 -0.9154406824684309 -0.402432437388768 1.7104 0.0 0.0 0.0 1.0 
0.07228896927835438 -0.3989119872352849 0.9141354009995833 0.1269 -0.9973689674963662 -0.03389882457281668 0.06407817388014375 -1.0978 0.005426563913350058 -0.9163624261898657 -0.4003129479188965 1.7093 0.0 0.0 0.0 1.0 
0.07185593271014742 -0.40052589696571306 0.9134635902947453 0.1258 -0.9974037537155875 -0.0332076255060029 0.06389840125002533 -1.0984 0.004740992344535289 -0.9156834930630041 -0.4018721979977278 1.7074 0.0 0.0 0.0 1.0 
0.07291458129721509 -0.40136588130221845 0.9130108943275241 0.1244 -0.9973285570428929 -0.033366621242425926 0.06498013460747609 -1.0988 0.004383279707368681 -0.9153098371116516 -0.40272656846258476 1.7063 0.0 0.0 0.0 1.0 
0.07095541249692397 -0.40261225270148143 0.9126164054037327 0.1224 -0.9974704813664861 -0.032527507777692394 0.06320284835577289 -1.0993 0.004238896071151743 -0.9147925093770777 -0.4039018402380551 1.705 0.0 0.0 0.0 1.0 
0.07194006893029858 -0.3973159121879931 0.9148577443540205 0.1218 -0.9973892123338494 -0.034427947244696 0.0634781503241823 -1.0997 0.006275794958962744 -0.9170358675486683 -0.3987553536027996 1.7038 0.0 0.0 0.0 1.0 
0.06920975266519139 -0.39664974820201837 0.9153573003954787 0.1207 -0.9975667646724091 -0.03524305748436338 0.060153777272722975 -1.1002 0.00840000934794366 -0.9172932487217104 -0.3981237693136711 1.7026 0.0 0.0 0.0 1.0 
0.06675835390772325 -0.39696985656270023 0.9154005981886402 0.1194 -0.9977208537154525 -0.03558792563124366 0.057328854956066544 -1.1006 0.009819381082319667 -0.9171414463046876 -0.3984408955231702 1.7014 0.0 0.0 0.0 1.0 
0.0650583389360356 -0.3995619382418839 0.9143947014518801 0.1183 -0.9978173910293978 -0.03643210821730983 0.05507409236772043 -1.101 0.011307815623270712 -0.9159819643416738 -0.4010600632157221 1.7004 0.0 0.0 0.0 1.0 
0.06562784328137347 -0.4020885117263767 0.9132457582293514 0.1176 -0.9977789546146375 -0.036906916701462206 0.05545301820201126 -1.1011 0.011408063567351967 -0.9148566599403749 -0.40361757623818184 1.6993 0.0 0.0 0.0 1.0 
0.06450733200612399 -0.40261766698013407 0.9130924478676434 0.1168 -0.9978344873890661 -0.03780672641198682 0.05382366779594766 -1.1013 0.012850676809065098 -0.9145871558651382 -0.40418460439762666 1.6983 0.0 0.0 0.0 1.0 
0.06412712671700843 -0.40259744376610346 0.9131281453837793 0.1159 -0.9978441968338962 -0.038661107444289466 0.05303091189200937 -1.1014 0.013952435770778648 -0.9145603408437197 -0.40420874865826695 1.6972 0.0 0.0 0.0 1.0 
0.06383508758547551 -0.4014117082643184 0.9136704668868729 0.1145 -0.997874009721344 -0.03772495260516251 0.05314403704636206 -1.1015 0.013135536365201539 -0.9151204666158766 -0.4029664865285183 1.6949 0.0 0.0 0.0 1.0 
0.06442224192398324 -0.4007357796741819 0.9139259322474733 0.1136 -0.9978308073753208 -0.038297949447612806 0.05354387846265235 -1.1015 0.013544541269565558 -0.9153928675476086 -0.4023337463409742 1.6939 0.0 0.0 0.0 1.0 
0.06437014384051154 -0.4031596171662797 0.9128629731061999 0.1124 -0.997826659882127 -0.038915719884149325 0.053174463555132945 -1.1017 0.014086923384102945 -0.9143018592523133 -0.4047884246829857 1.6928 0.0 0.0 0.0 1.0 
0.06344415438419854 -0.403629245121327 0.9127202593112862 0.1107 -0.997872915236014 -0.03938709092406295 0.051945183673927364 -1.1021 0.014982800567731991 -0.9140744442064481 -0.40526957218106097 1.6917 0.0 0.0 0.0 1.0 
0.06375768798978895 -0.3994988102954488 0.9145138915263767 0.1096 -0.9978549498243297 -0.03915414067403569 0.05246381971570563 -1.1022 0.014847771997204218 -0.9158971851908917 -0.40113824278684806 1.6909 0.0 0.0 0.0 1.0 
0.06305979951892124 -0.3948805839187227 0.9165657565764945 0.1086 -0.9978771858782408 -0.03991583897994369 0.051457241494756945 -1.1026 0.016266025585741306 -0.9178649411773693 -0.39655941064247646 1.69 0.0 0.0 0.0 1.0 
0.061934758468164874 -0.39823433688128546 0.9151904165922045 0.1073 -0.9979099605128985 -0.041642960535908546 0.04941229145617393 -1.1031 0.01843356727915657 -0.9163379708200068 -0.39998115809477475 1.6888 0.0 0.0 0.0 1.0 
0.060576464680780207 -0.3995076069604271 0.9147262781332628 0.1061 -0.997998165676917 -0.04092316594443496 0.04821779541407234 -1.1036 0.018170119214999336 -0.9158160112543553 -0.4011868396369397 1.6877 0.0 0.0 0.0 1.0 
0.06143946508003423 -0.4004355049063005 0.9142628716846788 0.1054 -0.9979600608095607 -0.04056495473154259 0.04929707371240133 -1.1038 0.017346733400190606 -0.9154266168612666 -0.4021109299463005 1.6865 0.0 0.0 0.0 1.0 
0.06278219108590308 -0.40227163842901664 0.9133651654174728 0.1045 -0.997885858688786 -0.04070625507553208 0.05066373285368875 -1.1044 0.016799092576605834 -0.9146149625461854 -0.40397680722442775 1.685 0.0 0.0 0.0 1.0 
0.06222099292618036 -0.40125416061086105 0.9138509980471399 0.1036 -0.9979236080593001 -0.040280611742125244 0.05025877829383124 -1.1048 0.01664393334487191 -0.9150806362884931 -0.40292729936386534 1.6839 0.0 0.0 0.0 1.0 
0.06053488892340089 -0.4016175451295091 0.9138046151487624 0.1028 -0.998039945314474 -0.038907085507685596 0.04901536752875402 -1.1053 0.015868042718391817 -0.9149806479600778 -0.40318558887792955 1.6829 0.0 0.0 0.0 1.0 
0.05832293848427442 -0.40276984501139546 0.913441233356616 0.1013 -0.9981544780273721 -0.039029790620369126 0.04652218221487886 -1.1061 0.016913687961641777 -0.9144687678612247 -0.4043028564899209 1.6818 0.0 0.0 0.0 1.0 
0.05434549677072964 -0.40621383374079384 0.9121605605694367 0.0997 -0.9984393639971063 -0.033872709846686 0.04440130570935724 -1.1062 0.01286092538646394 -0.9131500209742367 -0.40742071105057337 1.6802 0.0 0.0 0.0 1.0 
0.05870565860227164 -0.40551632894479495 0.912200719473083 0.0991 -0.9981743941229435 -0.03683914530651064 0.04786184587309911 -1.1067 0.014195934818391764 -0.9133451616624586 -0.4069386822389945 1.6792 0.0 0.0 0.0 1.0 
0.05978256902126872 -0.402799217198716 0.913333912140198 0.0979 -0.9981110775973803 -0.0370943199386346 0.04897232081172487 -1.1072 0.014153487860366076 -0.9145363864015427 -0.40425595447562007 1.6782 0.0 0.0 0.0 1.0 
0.060562410046978266 -0.3974730042051359 0.9156131308677515 0.097 -0.9980683111572266 -0.03684239955051516 0.05002283337758867 -1.1074 0.013850658939684679 -0.9168739545452824 -0.39893647454630204 1.6772 0.0 0.0 0.0 1.0 
0.06029319510582115 -0.39812379613368715 0.9153481160607879 0.0957 -0.9980826942964349 -0.03689620926055398 0.049695121371925166 -1.1077 0.013988065266517524 -0.9165893915458021 -0.3995850614522469 1.6759 0.0 0.0 0.0 1.0 
0.0593056595864683 -0.40008908701026363 0.914555389900638 0.0944 -0.9981201176653425 -0.03795718112801558 0.04811946708493703 -1.1079 0.015461870932628574 -0.9156898901135193 -0.40158804226614364 1.6744 0.0 0.0 0.0 1.0 
0.060266635091072496 -0.3969308202467296 0.9158678161356353 0.0931 -0.998039459625309 -0.03948442708497929 0.048561477001753284 -1.1081 0.01688696910698806 -0.9169988571181696 -0.3985322149065873 1.6733 0.0 0.0 0.0 1.0 
0.05934009652575559 -0.39812108101286997 0.9154115783610439 0.0919 -0.9980798941039475 -0.03997404994755124 0.047313849095625304 -1.1082 0.01775606740714103 -0.9164614995644577 -0.3997287103602875 1.6718 0.0 0.0 0.0 1.0 
0.05971467420516691 -0.3999004786763663 0.9146112643298157 0.091 -0.9980544341239739 -0.04037691701299623 0.04750843186214376 -1.1084 0.017930538476161717 -0.9156687783947526 -0.40153354039608724 1.6699 0.0 0.0 0.0 1.0 
0.06205676918525718 -0.3985159276035494 0.9150595679214388 0.0904 -0.9979011228685646 -0.04176955696734061 0.04948386695085838 -1.1085 0.01850152361147267 -0.9162097792301908 -0.4002715753922822 1.6687 0.0 0.0 0.0 1.0 
0.06100082335010498 -0.4000569565484332 0.9144579438486029 0.0896 -0.9979887218834539 -0.04027495933746411 0.0489534334219347 -1.1086 0.017245594916948048 -0.9156049143421909 -0.40170913642633266 1.6669 0.0 0.0 0.0 1.0 
0.06044553881857467 -0.4049011186122433 0.9123603569771576 0.0889 -0.9979896768932428 -0.04195997462535089 0.047497003526125736 -1.1088 0.01905102756947963 -0.9133971998402415 -0.40662342981258837 1.6649 0.0 0.0 0.0 1.0 
0.061493697377090956 -0.40753680838307155 0.9111159503574913 0.0885 -0.9979178186443347 -0.04289803936629713 0.04816415109456823 -1.1088 0.019456423490136487 -0.9121806334446414 -0.4093262018897705 1.663 0.0 0.0 0.0 1.0 
0.06033101991457451 -0.4109521110017005 0.9096584691516443 0.0875 -0.9979186931122332 -0.04562007259354267 0.04557511287678884 -1.109 0.022769496552171753 -0.9105147837568622 -0.41284909905067585 1.6614 0.0 0.0 0.0 1.0 
0.062424757798675845 -0.41267420552460565 0.9087371180426227 0.0872 -0.9977991038912263 -0.046206418024457574 0.04755959637354401 -1.1089 0.022362868502095068 -0.909705978340246 -0.41465037692539647 1.6595 0.0 0.0 0.0 1.0 
0.06219857356367936 -0.4151453096457619 0.9076264150661151 0.0863 -0.997788114566554 -0.04723697907990193 0.04677121162773146 -1.1091 0.02345668084714242 -0.9085279520667096 -0.41716512850082027 1.658 0.0 0.0 0.0 1.0 
0.06297642908876774 -0.4147662702735048 0.9077460605382066 0.0857 -0.9977430161600043 -0.04739910062243949 0.04756257945193115 -1.1091 0.023298993179208805 -0.9086926137608855 -0.4168151756033427 1.6565 0.0 0.0 0.0 1.0 
0.062123401479264484 -0.41690492187450867 0.9068246628237766 0.0846 -0.9977716602621554 -0.04809886019201909 0.046240822072392496 -1.1096 0.024339206362331833 -0.9076765865466832 -0.41896398087259645 1.6551 0.0 0.0 0.0 1.0 
0.06244857347021715 -0.41439211176587804 0.9079533872274232 0.0838 -0.9977436231903134 -0.048393552118744076 0.04653736666805208 -1.1099 0.02465437191658343 -0.9088108944216869 -0.41647919530974453 1.654 0.0 0.0 0.0 1.0 
0.06354636862721308 -0.4101025579012058 0.9098229229015844 0.0834 -0.9977014767072105 -0.04760023327651286 0.04822842697282281 -1.1098 0.02352918210532806 -0.910796415119707 -0.412184749589968 1.6528 0.0 0.0 0.0 1.0 
0.06325009882654489 -0.4115078630168332 0.909208833917572 0.082 -0.9977222567719695 -0.047476033194038564 0.04791998136483727 -1.1102 0.023446179652133137 -0.910168833210343 -0.4135734175599806 1.6511 0.0 0.0 0.0 1.0 
0.06275388143955546 -0.41439431381581077 0.9079313316773432 0.0806 -0.9977361111138892 -0.048087827351920465 0.04701290716287437 -1.1107 0.02417856372085353 -0.908826118428435 -0.4164738689506238 1.6499 0.0 0.0 0.0 1.0 
0.05973050115313658 -0.4149309053084079 0.9078901976846872 0.0794 -0.9978191255162315 -0.05041591013385152 0.042605501515632305 -1.1114 0.028093771302875825 -0.9084550510759024 -0.4170373606628802 1.6488 0.0 0.0 0.0 1.0 
0.05825207766343676 -0.415920694532849 0.9075332893658532 0.0777 -0.9979153814345565 -0.049554856764850164 0.04134256483744947 -1.1118 0.027777453882896874 -0.9080497189198 -0.41794033189614016 1.6476 0.0 0.0 0.0 1.0 
0.05883576412915764 -0.41407037772991623 0.9083413868947856 0.0769 -0.9979055573304203 -0.04890197717492123 0.04234495574973085 -1.1118 0.02688589794671742 -0.9089303157640787 -0.41608031625710284 1.6459 0.0 0.0 0.0 1.0 
0.05839106120446022 -0.4149950093238292 0.907948030565479 0.0756 -0.9979130263298295 -0.049381443164943556 0.041606068694224674 -1.1122 0.027569473202403993 -0.9084825894354072 -0.4170123605363269 1.645 0.0 0.0 0.0 1.0 
0.057418563666896794 -0.4168569441973579 0.907156765184977 0.0744 -0.99794195262797 -0.049947924307393254 0.040212734829373264 -1.1126 0.02854763968360774 -0.9075987510633892 -0.41886697093071346 1.6431 0.0 0.0 0.0 1.0 
0.05695721017971336 -0.4199356460642131 0.9057648311637936 0.0736 -0.9979708657185266 -0.04981037509989136 0.03966204368691206 -1.1127 0.028460980052667895 -0.9061859520523587 -0.42192060025246647 1.6411 0.0 0.0 0.0 1.0 
0.05730254060322382 -0.4205828129176353 0.9054427184083513 0.0728 -0.997973921101337 -0.049248002524673984 0.04028258989876399 -1.1128 0.02764908031089247 -0.9059165147659131 -0.42255271461954025 1.6396 0.0 0.0 0.0 1.0 
0.05632958930927481 -0.420789914801424 0.9054075463401321 0.0717 -0.9980234551166081 -0.04903600789850013 0.03930207331026847 -1.1132 0.027859655513949144 -0.9058318373355996 -0.4227203828346293 1.638 0.0 0.0 0.0 1.0 
0.055760105809886884 -0.4219083451191062 0.9049221839025319 0.0709 -0.9980527702793869 -0.048929013654845255 0.03868616497413013 -1.1135 0.02795493404949939 -0.9053172371835307 -0.4238150796286832 1.6363 0.0 0.0 0.0 1.0 
0.05807751652845311 -0.4205517913364338 0.9054077495126733 0.0693 -0.9979957889616429 -0.0472860694356792 0.042052738937573664 -1.1135 0.025127819020258346 -0.9060354399475997 -0.42245517427325263 1.6339 0.0 0.0 0.0 1.0 
0.05730422574564084 -0.42045362611990755 0.9055026084966921 0.0686 -0.9980230046117825 -0.04757605161132386 0.04106825512176665 -1.1136 0.025812942051662735 -0.9060658185781525 -0.42234870004173064 1.6329 0.0 0.0 0.0 1.0 
0.05733713091792253 -0.4226455152557723 0.9044795309194587 0.0676 -0.9979737001646279 -0.04929655539828631 0.0402286391217177 -1.1139 0.02758527139295025 -0.9049533789428308 -0.42461563176846284 1.6323 0.0 0.0 0.0 1.0 
0.05766776606294588 -0.4203729808908082 0.9055169715109074 0.0667 -0.9979320171590457 -0.05006797612113989 0.04030988583475548 -1.1141 0.02839221523917068 -0.9059689590179727 -0.4223909651137242 1.6319 0.0 0.0 0.0 1.0 
0.05602553561684956 -0.4199594468839051 0.9058119022908726 0.066 -0.998011785086225 -0.049790934777216606 0.038643752962379374 -1.1143 0.028872412227792243 -0.9061759905156257 -0.4219140410381869 1.6315 0.0 0.0 0.0 1.0 
0.05610804064077288 -0.4195921371241298 0.9059770009437651 0.0654 -0.997995428119566 -0.05017554317895359 0.0385686442481622 -1.1145 0.029274788263926155 -0.9063249159822886 -0.42156628594065715 1.6309 0.0 0.0 0.0 1.0 
0.0565004486367387 -0.4178062754502573 0.9067775997995489 0.0647 -0.9979833897105134 -0.049949730244948365 0.039168588312196606 -1.1147 0.028928414504785893 -0.907162025573624 -0.4197859051842958 1.6304 0.0 0.0 0.0 1.0 
0.05568799067488392 -0.41906054858051184 0.9062489196230772 0.0636 -0.9980453934468112 -0.04914386044839861 0.03860406196021465 -1.115 0.028359131054984943 -0.9066273421884148 -0.42097817292845174 1.6295 0.0 0.0 0.0 1.0 
0.05651546744798466 -0.42085811889584107 0.9053642613327464 0.0629 -0.9979761823203681 -0.05028602693214976 0.03892113842941919 -1.1152 0.029146894524094413 -0.9057316154661008 -0.42284831711237547 1.6285 0.0 0.0 0.0 1.0 
0.05452564486454384 -0.42309572782833754 0.9044428998812002 0.0621 -0.998125489761077 -0.048307285512724646 0.037575428881146344 -1.1156 0.027793177963587212 -0.9047963368956582 -0.42493661644871583 1.6269 0.0 0.0 0.0 1.0 
0.05584226250491939 -0.4235353624395235 0.9041567554807924 0.0616 -0.9980806820739243 -0.04795894780269053 0.039177690035389956 -1.1159 0.026769269492871173 -0.9046091620633082 -0.425400599578724 1.6256 0.0 0.0 0.0 1.0 
0.05449542843624261 -0.42926631082758127 0.9015324079965337 0.0606 -0.998134463916663 -0.04831107648463967 0.03733137863367514 -1.1164 0.02752889793191654 -0.9018849562318763 -0.431098231846618 1.6222 0.0 0.0 0.0 1.0 
0.0533171429120273 -0.42967404992397235 0.9014086160524706 0.0605 -0.9981677528562607 -0.04879324872591226 0.03578206305754511 -1.1165 0.028608030858158162 -0.9016648100600928 -0.43148829748872186 1.6206 0.0 0.0 0.0 1.0 
0.05601542001927515 -0.4316300395375493 0.9003098253872819 0.0602 -0.9980215075268845 -0.04999461249326578 0.03812622765778462 -1.1166 0.028554215692769724 -0.9006642258302824 -0.4335765319706648 1.6188 0.0 0.0 0.0 1.0 
0.05616400958178591 -0.43525300390827576 0.89855463195986 0.06 -0.9980428020303593 -0.0492620356834923 0.03852034729473752 -1.1169 0.027498533471549402 -0.8989594398131323 -0.4371678810568924 1.6169 0.0 0.0 0.0 1.0 
0.055191603510857806 -0.43624590083931286 0.8981332868248436 0.0597 -0.9981410471290475 -0.047395457901949906 0.03831606198963017 -1.117 0.02585221340676558 -0.8985784242742316 -0.4380507715902464 1.6147 0.0 0.0 0.0 1.0 
0.05569050329284897 -0.43883950834814767 0.8968380309485909 0.059 -0.9981540605537821 -0.04626696611991021 0.03934258819722353 -1.1177 0.02422889273133222 -0.8973735307879409 -0.4406060678181798 1.6113 0.0 0.0 0.0 1.0 
0.05524949676766619 -0.4394687764331114 0.8965571301636632 0.0585 -0.9982242929769976 -0.04433497014729218 0.0397828019703535 -1.1178 0.022265534296155964 -0.8971630871599783 -0.44113789343025606 1.6096 0.0 0.0 0.0 1.0 
0.05652704820604007 -0.44063283849079277 0.8959059071491042 0.0582 -0.9981969605769745 -0.043086217960604495 0.04179001934364085 -1.118 0.02018714234364577 -0.896652819917162 -0.44227389683158913 1.6079 0.0 0.0 0.0 1.0 
0.05477348338878718 -0.44154153834227433 0.8955673818511907 0.0578 -0.9982972438334592 -0.04223705711509307 0.04023237453563516 -1.1184 0.020061866114036264 -0.8962461162675097 -0.4431031715113629 1.6065 0.0 0.0 0.0 1.0 
0.05246118303999334 -0.44204942296201843 0.8954552651768768 0.0573 -0.9983999399326187 -0.04216718359076435 0.03767610078771333 -1.1187 0.021104127951362406 -0.8959990157845984 -0.44355425766916406 1.6054 0.0 0.0 0.0 1.0 
0.053569284772013975 -0.44200428819884313 0.8954119392451998 0.0571 -0.9983335115874423 -0.042977260625857466 0.03851174769578436 -1.1189 0.02145999465287679 -0.895982792403365 -0.4435699542874464 1.6045 0.0 0.0 0.0 1.0 
0.05303842692716618 -0.4436465945145716 0.8946309990407861 0.0567 -0.9983374632002247 -0.04380286915373491 0.03746489323141333 -1.1193 0.022566232295890165 -0.8951307210846493 -0.4452322509999066 1.6036 0.0 0.0 0.0 1.0 
0.0529468659686097 -0.4447262802700299 0.8941001985355364 0.0562 -0.9983331598301811 -0.04416716981914276 0.03715054634394527 -1.1196 0.02296805101850613 -0.8945768814067074 -0.44632350586212854 1.6029 0.0 0.0 0.0 1.0 
0.05219926791488255 -0.445093611183071 0.8939613603020904 0.0556 -0.9983241153929829 -0.04565369274875525 0.03556263436839979 -1.12 0.02498393591827669 -0.8943195276982471 -0.4467307749905036 1.6024 0.0 0.0 0.0 1.0 
0.052129778113951475 -0.44448200352905165 0.8942696655777778 0.0551 -0.9983446444627938 -0.04498478677056483 0.035837687309099475 -1.12 0.024299323164404474 -0.8946575420226486 -0.44609127473617416 1.6012 0.0 0.0 0.0 1.0 
0.05304323228819985 -0.445647236741092 0.8936358071907422 0.0545 -0.9983000383975209 -0.04531136469109209 0.03665942669136241 -1.1203 0.02415468575511981 -0.8940611951174595 -0.44729311479298617 1.6003 0.0 0.0 0.0 1.0 
0.05376474994409042 -0.4448934621492127 0.8939682091664876 0.0539 -0.9982700017861708 -0.045283955546367216 0.0375015586864591 -1.1206 0.023798218363750012 -0.8944379076867003 -0.4465584778007798 1.5997 0.0 0.0 0.0 1.0 
0.05164311484561132 -0.44607624684802816 0.8935037608689849 0.0532 -0.9983374126449227 -0.04599551717335362 0.034739356836260726 -1.1213 0.025600765662071867 -0.8938122814092078 -0.447709957896385 1.599 0.0 0.0 0.0 1.0 
0.05111008258548699 -0.44595392881286505 0.8935954637499424 0.0527 -0.9983560792115147 -0.04605570524383851 0.034117607124534155 -1.1216 0.02594028834681872 -0.8938702173083419 -0.4475747267771284 1.5985 0.0 0.0 0.0 1.0 
0.05276227721959878 -0.44270727523179526 0.8951125127934711 0.0525 -0.9983164244592817 -0.0450099075179983 0.03658448961044397 -1.1216 0.0240927117078516 -0.8955358042435049 -0.44433676930961 1.5978 0.0 0.0 0.0 1.0 
0.051631741841290796 -0.4433777831110844 0.894846525767371 0.0518 -0.9983769681151593 -0.04447977760111202 0.03556654216728916 -1.1219 0.024033159834200846 -0.8952305238473807 -0.44495473522632367 1.5971 0.0 0.0 0.0 1.0 
0.04766163191108497 -0.44585081439665497 0.8938374685284858 0.0507 -0.9985213571072794 -0.04468786520172319 0.030953095230518646 -1.1227 0.026143225589226438 -0.8939910771397845 -0.4473214568408705 1.5963 0.0 0.0 0.0 1.0 
0.048850206475509445 -0.44416264787877696 0.8946134358238834 0.0505 -0.9984648618614687 -0.04512751699061465 0.032115834695985945 -1.1228 0.026107028847768277 -0.8948089457753399 -0.44568528538102586 1.5955 0.0 0.0 0.0 1.0 
0.05013438113087598 -0.44101889692089136 0.896096466005365 0.0502 -0.9984331518350874 -0.044460046701835676 0.033978604502302334 -1.1232 0.024855284051431836 -0.8963959152104335 -0.4425568641980054 1.5945 0.0 0.0 0.0 1.0 
0.048451071243631655 -0.4415073407042639 0.8959485263114136 0.0498 -0.9984882463098171 -0.044719414028913135 0.031959286444738055 -1.1236 0.0259560335276926 -0.896142534484978 -0.4430065938677997 1.5938 0.0 0.0 0.0 1.0 
0.04688129637484606 -0.444183452982644 0.8947084464486901 0.049 -0.9985019559458597 -0.04613674465828388 0.029415043168898425 -1.1241 0.028213259693018244 -0.8947471491369788 -0.44568099700205166 1.5933 0.0 0.0 0.0 1.0 
0.047094275762257665 -0.44561250921477097 0.8939863650088542 0.0485 -0.9984943599893077 -0.04620205057010662 0.029569977894149058 -1.1244 0.028127251198287795 -0.8940329200619143 -0.4471174293019625 1.5925 0.0 0.0 0.0 1.0 
0.04921828236284659 -0.44693449547062425 0.8932116868019974 0.048 -0.9983749492124754 -0.04773311819985787 0.031128928858946636 -1.1244 0.02872318690949993 -0.8932922848571663 -0.44855754630640754 1.592 0.0 0.0 0.0 1.0 
0.046512768677022615 -0.445803320297764 0.893921675518324 0.0473 -0.9985178681209588 -0.04606673130958969 0.02898143042753948 -1.1248 0.02826003172634506 -0.8939447722750775 -0.4472852722020776 1.5914 0.0 0.0 0.0 1.0 
0.04722633274750418 -0.4461034555484181 0.8937345134003626 0.0468 -0.9984863286294284 -0.04633443301697929 0.029633964586608386 -1.125 0.0281908679424262 -0.8937811965267316 -0.4476164068707682 1.5906 0.0 0.0 0.0 1.0 
0.04912742272278514 -0.4437561217340662 0.8947999780734003 0.0463 -0.9984419794951895 -0.04555261101026109 0.03222690199003908 -1.1248 0.026459590290564106 -0.8949890859969682 -0.44530262297449696 1.5899 0.0 0.0 0.0 1.0 
0.049434359061579974 -0.444008870200743 0.8946576816454608 0.0456 -0.9984040762277615 -0.04645611997583779 0.03211120503159215 -1.1249 0.0273046647289647 -0.8948172730227387 -0.4455967944051982 1.5893 0.0 0.0 0.0 1.0 
0.04872427773656818 -0.44604665477134253 0.89368245284684 0.0448 -0.9984069465892945 -0.04723783723106445 0.030857020853818196 -1.1251 0.028451955315782262 -0.8937622550214492 -0.44763770812754644 1.5882 0.0 0.0 0.0 1.0 
0.05001760617481396 -0.446947444880693 0.8931608033199624 0.0445 -0.9983862598057811 -0.04645319200954359 0.0326646166845298 -1.125 0.026890803326862556 -0.8933532797649224 -0.44854966528768203 1.5869 0.0 0.0 0.0 1.0 
0.05308935475186713 -0.44791166535767246 0.8925002299431342 0.0443 -0.998286831155222 -0.04581895184609788 0.036387173478999946 -1.1247 0.02459518558775836 -0.8929029979164824 -0.4495768156362851 1.5856 0.0 0.0 0.0 1.0 
0.053433142981457765 -0.451258689981819 0.8907920598809891 0.0435 -0.9982284625090296 -0.04751658514616994 0.03580657443690832 -1.1246 0.026169368887731415 -0.8911272461618147 -0.45299822878249585 1.5843 0.0 0.0 0.0 1.0 
0.052698188305152355 -0.45371525053546385 0.8895871921182854 0.0423 -0.9982054231225634 -0.04930385421129371 0.033986220863975736 -1.1245 0.028440010514381775 -0.8897817717797168 -0.4554992474313092 1.5824 0.0 0.0 0.0 1.0 
0.05384852975067739 -0.45553996883001585 0.888585208430817 0.0416 -0.9981589955614834 -0.04942853495674243 0.035148819492557104 -1.1245 0.02790977290091562 -0.8888420313702419 -0.4573629716606288 1.5814 0.0 0.0 0.0 1.0 
0.053075195453634844 -0.45590994566606763 0.8884419761978394 0.041 -0.9981954556747428 -0.049245863834244646 0.034360983186053407 -1.1246 0.02808657860707975 -0.8886624591699498 -0.45770096980907327 1.5806 0.0 0.0 0.0 1.0 
0.052134627601488015 -0.45742435484903926 0.8877189533832172 0.0405 -0.998262577770076 -0.048310322579380505 0.033733344870012116 -1.1248 0.027455535483707827 -0.8879352861122349 -0.45914825628339967 1.5797 0.0 0.0 0.0 1.0 
0.05239068376952738 -0.459532597259553 0.8866143515136954 0.0398 -0.9982827318484755 -0.04739943101198574 0.034422103841637575 -1.1251 0.026206937007324127 -0.8868951944822056 -0.4612267451666964 1.5786 0.0 0.0 0.0 1.0 
0.056549274580639325 -0.4600833223623206 0.8860730872949771 0.0398 -0.9981905204150086 -0.04422459307209667 0.04074150612362515 -1.1247 0.020441734222354513 -0.8867736587493205 -0.4617516796399622 1.577 0.0 0.0 0.0 1.0 
0.057163876312281064 -0.462300332444458 0.8848789148051263 0.0395 -0.9981918985595141 -0.042960732232832005 0.042039376020247765 -1.1248 0.018580228607503857 -0.8856820976556783 -0.4639202485310707 1.5757 0.0 0.0 0.0 1.0 
0.05578413707194188 -0.46505030639344785 0.8835249530004795 0.0388 -0.9982689489405185 -0.04249359026541297 0.040662026112185834 -1.1252 0.01863425964002019 -0.8842638222327746 -0.46661574883189794 1.5745 0.0 0.0 0.0 1.0 
0.0552554987705067 -0.4651004374125454 0.8835317837940417 0.0383 -0.9983219407973176 -0.041088276485615 0.04080509843289698 -1.1256 0.017324329086555845 -0.8843038712196731 -0.4665903245542069 1.5736 0.0 0.0 0.0 1.0 
0.05487948338237511 -0.4660516113057815 0.8830538703289676 0.0376 -0.9983688560080484 -0.03955677920491954 0.04116902442510273 -1.1259 0.015743876805446422 -0.8838728171056167 -0.46746226962709725 1.5728 0.0 0.0 0.0 1.0 
0.05459154657282744 -0.4657458231973059 0.883233033359289 0.0371 -0.9984021534152132 -0.03838698988842554 0.04146780755201607 -1.1263 0.014591199356185192 -0.8840855542206139 -0.4670972379706159 1.5721 0.0 0.0 0.0 1.0 
0.053632626230291136 -0.46421189595345735 0.8840988955195788 0.0364 -0.9984545250073393 -0.03784307738842935 0.040699668133075406 -1.1267 0.014563752813440911 -0.8849153728741921 -0.46552409170194325 1.5716 0.0 0.0 0.0 1.0 
0.05302867516032542 -0.46415162732296067 0.8841669675260369 0.0358 -0.9985033877490064 -0.036506673478312796 0.04072158451368457 -1.127 0.013377005064586889 -0.8850031240877035 -0.46539287284025604 1.5707 0.0 0.0 0.0 1.0 
0.05408394293643379 -0.46500395633093844 0.8836550501824925 0.0351 -0.9984719680507901 -0.03523689555252332 0.04256865288686551 -1.1272 0.011342668699669323 -0.884607077627347 -0.46619916567747566 1.5693 0.0 0.0 0.0 1.0 
0.054494281704876524 -0.4647225396222364 0.8837778761818651 0.0345 -0.9984541505167147 -0.03505817112533488 0.04313042955144142 -1.1272 0.010939953263825075 -0.8847620503866591 -0.4659146183778522 1.568 0.0 0.0 0.0 1.0 
0.05356676012512776 -0.46687511964009876 0.882699396663859 0.034 -0.9985058514384516 -0.03460516717209702 0.042291217151604554 -1.1273 0.010801243116881243 -0.8836459161146136 -0.46803122554066334 1.5664 0.0 0.0 0.0 1.0 
0.053033076935185136 -0.46722608759637474 0.8825459057863059 0.0336 -0.9985307380265298 -0.034661502022155316 0.04165267690991209 -1.1275 0.011129149427522855 -0.8834581842662121 -0.46837781617628627 1.5649 0.0 0.0 0.0 1.0 
0.05259284426517524 -0.46651269718218885 0.8829495433488249 0.0331 -0.9985548634944734 -0.03435437872080932 0.041327487877208136 -1.1275 0.011053385166210683 -0.8838470908649905 -0.46764531714308966 1.5636 0.0 0.0 0.0 1.0 
0.05215703415189246 -0.46669934188096995 0.8828767570144476 0.0324 -0.9985788561816296 -0.034067610973159884 0.040983726887262706 -1.1276 0.010950423529098308 -0.8837596518117643 -0.4678129605452186 1.5622 0.0 0.0 0.0 1.0 
0.05310372934913274 -0.4667767357540152 0.8827794021657054 0.032 -0.998528175229203 -0.03457831649779933 0.04178305041061592 -1.1276 0.011021669685311097 -0.8836989413748351 -0.4679259597525486 1.5609 0.0 0.0 0.0 1.0 
0.05393145547899872 -0.4674805107274116 0.8823567136934786 0.0315 -0.9984840440710767 -0.034981831359845755 0.04249570813834691 -1.1275 0.011000538413415528 -0.8833109551934414 -0.4686584519560757 1.5594 0.0 0.0 0.0 1.0 
0.0527343881851835 -0.4695075885299492 0.881352204635313 0.0311 -0.9985381337427855 -0.03527468306853765 0.04095475791516173 -1.1273 0.011860850062692163 -0.8822235096885633 -0.4706814200588165 1.558 0.0 0.0 0.0 1.0 
0.05365919264530175 -0.47069150584214003 0.8806646338832467 0.0306 -0.9984742375024792 -0.03680303934569348 0.04116713906457464 -1.1269 0.013034112493648442 -0.8815299442576967 -0.4719481637728076 1.5566 0.0 0.0 0.0 1.0 
0.05472464227571147 -0.47044373901986386 0.8807314584734701 0.0301 -0.9983913107722862 -0.038883377665607594 0.04126588803976161 -1.1266 0.014832535258404778 -0.8815728962248806 -0.471814820177879 1.5553 0.0 0.0 0.0 1.0 
0.0549801900312504 -0.47131271528745683 0.8802508182969742 0.0293 -0.9983354391901871 -0.04133048137014475 0.04022613785399698 -1.1262 0.01742209978918291 -0.8809972279854671 -0.47280054433223634 1.5542 0.0 0.0 0.0 1.0 
0.05566050132584849 -0.47137373720546044 0.8801753850597693 0.0284 -0.9982298519728825 -0.04477238251888788 0.039148389414886575 -1.1257 0.02095402639953564 -0.8807963633193203 -0.47303138917106513 1.5534 0.0 0.0 0.0 1.0 
0.05535863331013516 -0.4700519202609966 0.8809010239391164 0.0275 -0.9981590895569422 -0.04794572777957226 0.0371434936771326 -1.1254 0.024776070166392994 -0.8813355770911764 -0.47184080673514567 1.5528 0.0 0.0 0.0 1.0 
0.05656149243634201 -0.4711159343157867 0.8802559707307507 0.0266 -0.9980223345300387 -0.05089957129348521 0.03688703595235221 -1.1252 0.02742658113189339 -0.8806015046977277 -0.4730631803168716 1.552 0.0 0.0 0.0 1.0 
0.05686759416661827 -0.47335280263280244 0.8790353809565188 0.0254 -0.9979653447696142 -0.052376834337027195 0.03635708821807104 -1.1249 0.028831360921153182 -0.8793143871588266 -0.47536823743591816 1.5514 0.0 0.0 0.0 1.0 
0.05643737312100483 -0.4692515588594433 0.8812592112557933 0.0245 -0.9979434149807753 -0.053383426870866835 0.03548450692951649 -1.1247 0.030393476466317015 -0.8814494791214669 -0.47129932351403414 1.551 0.0 0.0 0.0 1.0 
0.056211407873381414 -0.46469043242783203 0.8836872068978519 0.0238 -0.9979185315913024 -0.05416670208585872 0.03499389506471817 -1.1245 0.03160509344316248 -0.883814896002085 -0.46676798055701374 1.5505 0.0 0.0 0.0 1.0 
0.05752979432610525 -0.4667229589683281 0.8825304540562013 0.0233 -0.9978523747938526 -0.05461468227503577 0.036164548915559314 -1.1244 0.03132029506669781 -0.8827156484688858 -0.4688625844158283 1.5497 0.0 0.0 0.0 1.0 
0.05812370449658397 -0.4672806351716679 0.8821963743799656 0.0231 -0.9978484331866919 -0.0540445947030154 0.03711719507520772 -1.1242 0.030333799011301066 -0.8824556588163223 -0.4694165217166867 1.5487 0.0 0.0 0.0 1.0 
0.05545072145142563 -0.46838341811656503 0.8817835284943576 0.0227 -0.9980397102466957 -0.051666374283110356 0.035317453746401384 -1.124 0.029016448114958016 -0.8820133555688828 -0.4703301886301914 1.5477 0.0 0.0 0.0 1.0 
0.05740410178222549 -0.4690475408519912 0.8813053803984605 0.0228 -0.9978954613529938 -0.05362241264454509 0.036459361942764834 -1.124 0.030156546713297483 -0.8815435560894751 -0.471138558608241 1.5466 0.0 0.0 0.0 1.0 
0.05728376126689019 -0.4705428159077133 0.8805157744712797 0.0229 -0.9979452148638591 -0.05234515629858258 0.03695040923187187 -1.1238 0.028703986229159262 -0.8808231621669111 -0.4725744789605543 1.5458 0.0 0.0 0.0 1.0 
0.058834360139932984 -0.4733373155181164 0.8789142755724404 0.0227 -0.9978018916004394 -0.05477878774193762 0.03729168180852893 -1.1238 0.030494313986536736 -0.8791763589585577 -0.47551974371508865 1.5447 0.0 0.0 0.0 1.0 
0.05334391852862139 -0.4805313945892131 0.8753536457741853 0.0216 -0.9981809224637113 -0.05032217212399118 0.033204292225826215 -1.1235 0.028093991982387656 -0.875532556680144 -0.4823416525737997 1.5434 0.0 0.0 0.0 1.0 
0.057073478761791085 -0.47773663592134474 0.8766472065321282 0.0227 -0.9978813672885253 -0.05476555955400392 0.03512136536525934 -1.1235 0.03123131185862299 -0.8767944115842056 -0.479850148457095 1.5428 0.0 0.0 0.0 1.0 
0.05557532074150212 -0.4800879223558519 0.8754581489326149 0.0223 -0.9979023592258824 -0.05586315535899472 0.03271374825290768 -1.1238 0.03320037915290974 -0.8754398292751924 -0.48218548313146536 1.542 0.0 0.0 0.0 1.0 
0.05662936506616745 -0.483202230410435 0.8736754085692143 0.0224 -0.9978378639661903 -0.05662936506616745 0.03335734173451721 -1.1236 0.03335734173451721 -0.8736754085692143 -0.4853643664442447 1.5409 0.0 0.0 0.0 1.0 
0.05676819905128985 -0.48518025864558445 0.8725694747107973 0.0224 -0.9978191426443583 -0.05705458951162354 0.03319235436267637 -1.1232 0.033679818125258276 -0.8725507953330074 -0.4873610360038906 1.54 0.0 0.0 0.0 1.0 
0.05294831798232641 -0.49314159503995747 0.8683362498849678 0.0213 -0.9979765716741756 -0.05678526132127287 0.028604134074182996 -1.1229 0.03520281256237262 -0.8680937745071793 -0.4951504424410596 1.5393 0.0 0.0 0.0 1.0 
0.059115476403440476 -0.4869382680041984 0.8714335795702767 0.0223 -0.9977319905216422 -0.0569713768965833 0.035848811754773335 -1.1223 0.032190612596159074 -0.8715763795374327 -0.48920177748359117 1.5381 0.0 0.0 0.0 1.0 
0.05954423199705594 -0.486938822110143 0.8714040784606571 0.0224 -0.9977298329739188 -0.05654249592933025 0.03658041207966012 -1.1218 0.031458938788790136 -0.8716039981987623 -0.4892001691477783 1.5372 0.0 0.0 0.0 1.0 
0.05961844744847927 -0.4882003848764417 0.8706928418968006 0.0222 -0.9977206481611846 -0.05676316998480174 0.03648904994792512 -1.1216 0.031609317560785444 -0.8708836470733451 -0.4904717364982112 1.5363 0.0 0.0 0.0 1.0 
0.059804709854575394 -0.48970646084821123 0.8698338800499378 0.0221 -0.9977287295217748 -0.05638364569268431 0.036854671145827855 -1.1214 0.030996434731680456 -0.8700623349518822 -0.49196621259188456 1.5354 0.0 0.0 0.0 1.0 
0.05924046544802833 -0.4915859550229999 0.8688117264848731 0.0219 -0.997809496100903 -0.05482915759590043 0.037013145883399545 -1.121 0.029441072405108903 -0.8691012670002553 -0.4937572388878851 1.5343 0.0 0.0 0.0 1.0 
0.060874362457582626 -0.496920307010329 0.8656584317593994 0.0217 -0.997728611548736 -0.055354476333995456 0.03838619083498873 -1.1208 0.028843191439469618 -0.866028920089017 -0.4991612764197927 1.533 0.0 0.0 0.0 1.0 
0.05958927597099216 -0.4956340745710194 0.8664848425179648 0.0217 -0.9977127490830148 -0.05732190375831292 0.03582554489098405 -1.1211 0.031912199962806365 -0.8666377925486817 -0.49791620582170454 1.5314 0.0 0.0 0.0 1.0 
0.057831053833216434 -0.4970558968389957 0.8657892379962469 0.0215 -0.9978449962985045 -0.05570815705812479 0.03466936110206159 -1.1211 0.03099891247410891 -0.8659284246719063 -0.4992064009712351 1.5303 0.0 0.0 0.0 1.0 
0.05762139106325487 -0.49863175535544146 0.8648966110715698 0.0213 -0.9978975743266792 -0.054512431398772654 0.03505461418876932 -1.1212 0.0296682733718161 -0.8650981258644276 -0.5007245012788868 1.529 0.0 0.0 0.0 1.0 
0.05989977698050612 -0.5033745429970414 0.8619896090906232 0.0211 -0.9978517067118903 -0.05314892095075713 0.03830357181697208 -1.1212 0.02653277463540893 -0.8624321780083868 -0.5054767553566204 1.5276 0.0 0.0 0.0 1.0 
0.05926295280866503 -0.50405793186172 0.8616342053050607 0.0208 -0.9979414047126896 -0.05111064987668465 0.03873827860458873 -1.1215 0.024512347591810257 -0.8621561939674669 -0.5060492486103202 1.5265 0.0 0.0 0.0 1.0 
0.05626090343960982 -0.5012897289276397 0.863448503627062 0.0206 -0.9981184982711986 -0.04935331765045253 0.03638287297260495 -1.1219 0.024375687744268404 -0.8638708570779241 -0.5031232136747885 1.5256 0.0 0.0 0.0 1.0 
0.054708285681059385 -0.5028824669442147 0.8626217177407143 0.0203 -0.9982081914940353 -0.04851471258117343 0.035024692680645786 -1.1225 0.024236540843262766 -0.8629922057025006 -0.5046355546180687 1.5245 0.0 0.0 0.0 1.0 
0.055042982376457106 -0.5039866170040499 0.8619557761114651 0.0201 -0.9982171746947877 -0.047731063395463624 0.03583598375228242 -1.1229 0.02308120957533749 -0.8623915789639596 -0.5057153569910527 1.5236 0.0 0.0 0.0 1.0 
0.05625081171438209 -0.5040319230792152 0.8618513019648697 0.02 -0.9981782799370762 -0.0472528065468488 0.03751391388945857 -1.1232 0.02181668268396386 -0.8623914382636889 -0.5057717267366307 1.5227 0.0 0.0 0.0 1.0 
0.05476460461341441 -0.5055937813204509 0.8610318033450476 0.0193 -0.9982413071406552 -0.04732428329278379 0.03570301008235571 -1.1235 0.022696493113537164 -0.8614727740915047 -0.5072962928106558 1.5216 0.0 0.0 0.0 1.0 
0.053941581910338085 -0.5070110801549317 0.8602500045574772 0.0189 -0.9982526386843857 -0.04819423047467469 0.03419043007356265 -1.1238 0.02412416010292434 -0.8605911228621193 -0.5087248216376365 1.5205 0.0 0.0 0.0 1.0 
0.05420812970348768 -0.5072237167127314 0.8601078885106058 0.0185 -0.9981853785062682 -0.050144155941010946 0.03333937253851471 -1.124 0.026218863635713685 -0.8603543832799868 -0.509021518563376 1.5195 0.0 0.0 0.0 1.0 
0.05521415201302163 -0.5075289616332874 0.8598637976568848 0.0182 -0.9980932415978858 -0.051852164302589196 0.033484834384564566 -1.1245 0.027591275688292505 -0.8600730818718689 -0.5094241998033842 1.5186 0.0 0.0 0.0 1.0 
0.056891512762976895 -0.5082849929698396 0.8593076990794335 0.0183 -0.9980094504228512 -0.05241265871087518 0.03507206970704624 -1.1248 0.02721199445499406 -0.8595925076037526 -0.5102550619340037 1.5174 0.0 0.0 0.0 1.0 
0.05230588307338875 -0.5118680495103327 0.857470229504442 0.0172 -0.9982188571034412 -0.051469029902901406 0.030167072843644616 -1.1252 0.028691600147299323 -0.8575208678809756 -0.5136484724299738 1.5166 0.0 0.0 0.0 1.0 
0.05445192543641514 -0.5163297776974498 0.854656977084473 0.017 -0.9980978518176398 -0.05292492295113353 0.03161693735372856 -1.1253 0.02890788842651959 -0.8547528959842832 -0.5182295059075672 1.516 0.0 0.0 0.0 1.0 
0.04885181620983163 -0.50654968208239 0.8608257196641086 0.0165 -0.9983834287612676 -0.049833661256698705 0.027333777284658634 -1.1263 0.029052181121140386 -0.8607694382283693 -0.5081652732961217 1.5148 0.0 0.0 0.0 1.0 
0.04787159140846026 -0.5076924083042694 0.860207375745077 0.0157 -0.9983706754296217 -0.05109378178954342 0.025405115717963278 -1.1269 0.031053263567973388 -0.8600220020514899 -0.5093111532345668 1.5144 0.0 0.0 0.0 1.0 
0.049954049445318685 -0.5102018471401981 0.8586027417372627 0.0152 -0.9982395479050621 -0.05302789310319264 0.02656779161567191 -1.1274 0.03197495805020001 -0.8584183815178741 -0.5119526192236168 1.5139 0.0 0.0 0.0 1.0 
0.04971489888467508 -0.5142317542856674 0.8562091635302508 0.0134 -0.9982557091677606 -0.052915322239575055 0.026182203617217792 -1.1284 0.03184286329553376 -0.8560173313412335 -0.5159654644456109 1.5124 0.0 0.0 0.0 1.0 
0.04658154193761119 -0.5306224551818413 0.8463273421126776 0.0116 -0.9984555696688793 -0.050411818755908736 0.023347889131885458 -1.1287 0.030275986324279802 -0.8461078291722137 -0.5321512060172143 1.5117 0.0 0.0 0.0 1.0 
0.045511283228003574 -0.5150869196817252 0.8559288453322116 0.0125 -0.9985104945863159 -0.04926581604775136 0.023445075605344645 -1.1293 0.030091781268838935 -0.8557209501595375 -0.5165618454339491 1.5104 0.0 0.0 0.0 1.0 
0.04432167654026507 -0.5146543761916912 0.8562514011990879 0.0123 -0.9984983775815827 -0.05044300716366926 0.02136569669431182 -1.13 0.032195946260475505 -0.8559125983971887 -0.5161172782898915 1.5087 0.0 0.0 0.0 1.0 
0.04656755508742917 -0.5161687045250731 0.855220048456587 0.0114 -0.9983564961752498 -0.052678475220063525 0.02256733908035491 -1.1303 0.03340313395263694 -0.8548653968417466 -0.5177734870817019 1.5076 0.0 0.0 0.0 1.0 
0.046964984944134355 -0.5171541546531317 0.8546027559715695 0.0112 -0.998379679108341 -0.05182106743571435 0.023507303404462 -1.1301 0.03212952742764075 -0.8543220454224671 -0.5187499746240463 1.5065 0.0 0.0 0.0 1.0 
0.04371676786657823 -0.5219409788280986 0.8518605864971485 0.01 -0.9985443199755821 -0.04979191236189691 0.02073659827086094 -1.1305 0.031592487268361946 -0.8515270871107455 -0.5233579412456516 1.5054 0.0 0.0 0.0 1.0 
0.04589729637656163 -0.5288564463570518 0.8474693489040845 0.0088 -0.9983728062627357 -0.05302404971221682 0.02098070225674925 -1.1304 0.03384047724829048 -0.8470533095966908 -0.5304295549843547 1.5031 0.0 0.0 0.0 1.0 
0.049411144885884245 -0.5290905377687141 0.8471255760539158 0.0079 -0.9982793877791494 -0.05297292177617989 0.025142265088514804 -1.1303 0.031572182318499564 -0.8469103095382103 -0.5307976308364044 1.5008 0.0 0.0 0.0 1.0 
0.046653601575986775 -0.5276891120276609 0.8481554353462859 0.0072 -0.9984022915211331 -0.05173067318783217 0.022733273782802155 -1.1304 0.031879550582453675 -0.8478609193134168 -0.5292594408753313 1.4998 0.0 0.0 0.0 1.0 
0.04637492565641717 -0.5289417698810178 0.8473900933722898 0.0066 -0.9984267935397145 -0.05130835455620211 0.022613949118614474 -1.1302 0.031516729087359474 -0.8471056940121884 -0.5304890563996232 1.4991 0.0 0.0 0.0 1.0 
0.05125961856162256 -0.5340173688307409 0.8439181840036447 0.0056 -0.9982257456753588 -0.05303115264965748 0.02707503498654318 -1.1299 0.030295415095205003 -0.8438087144819857 -0.5357882428613641 1.4985 0.0 0.0 0.0 1.0 
0.05166701435092608 -0.5386802572210155 0.8409245507822697 0.0049 -0.9981061041688711 -0.05600515386078536 0.025448527695501322 -1.1297 0.03338748940696401 -0.8406467767269025 -0.5405536720158041 1.4975 0.0 0.0 0.0 1.0 
0.04528223469755234 -0.5292710444757913 0.8472435781404903 0.0045 -0.9984128998013129 -0.05240538284026605 0.020624193552692904 -1.1298 0.033484335608304605 -0.8468328272621879 -0.5308040711411323 1.4948 0.0 0.0 0.0 1.0 
0.04614624893165685 -0.531599609508256 0.8457377719365542 0.0041 -0.9984694537166416 -0.050382532575168795 0.022811190370144785 -1.1294 0.030483990951456652 -0.8454959820022692 -0.5331109365917096 1.4933 0.0 0.0 0.0 1.0 
0.04804679004406642 -0.5352906313818115 0.8433003296105859 0.0038 -0.9983313582829971 -0.052810009490441 0.023358124206484254 -1.1295 0.032031313355643354 -0.8430154463902075 -0.5369347745417793 1.4925 0.0 0.0 0.0 1.0 
0.04346533089653641 -0.5374173101419618 0.8421955828486831 0.0028 -0.9985918555871253 -0.04903412653635082 0.02024747860547521 -1.13 0.030414979288446664 -0.8418897132015544 -0.5387918334944284 1.4914 0.0 0.0 0.0 1.0 
0.04446943591293351 -0.5386244023289534 0.841371631614332 0.0022 -0.9985759796365089 -0.048809977982685035 0.021531347898274933 -1.13 0.029470021421306225 -0.8411309881731309 -0.5400279423995763 1.4905 0.0 0.0 0.0 1.0 
0.0455021807657201 -0.5374842613207357 0.8420452602907202 0.0008 -0.9985586305537141 -0.04849002836865102 0.02300822669174596 -1.1305 0.028464238831472033 -0.8418784864701738 -0.5389159499647737 1.4894 0.0 0.0 0.0 1.0 
0.04547353521097616 -0.5358863936978339 0.8430646064477776 -0.0006 -0.9985587339875345 -0.04846644846224238 0.023053376123008673 -1.1314 0.02850635670562296 -0.8428978445950535 -0.5373179796027531 1.4886 0.0 0.0 0.0 1.0 
0.041649467529926584 -0.5329057527439903 0.8451489694407933 -0.0016 -0.998694382271775 -0.047245957792033555 0.019425506199619247 -1.1325 0.0295779085344392 -0.8448545899530137 -0.5341777505307144 1.4884 0.0 0.0 0.0 1.0 
0.039908733791065173 -0.5301263530488209 0.8469789506064189 -0.0023 -0.9988574021592653 -0.04346911446872104 0.019857649381253395 -1.1326 0.026290361709901622 -0.8468036879291811 -0.5312554291399763 1.4877 0.0 0.0 0.0 1.0 
0.04074566328589109 -0.5327172428229585 0.8453118537690676 -0.0032 -0.9988092987641257 -0.04443240192625478 0.02014314675960499 -1.1331 0.026828634436139698 -0.8451260857754708 -0.5338933634314283 1.4873 0.0 0.0 0.0 1.0 
0.042671468650178165 -0.5335945518499821 0.8446632465067088 -0.0041 -0.9986962006785385 -0.046490549494855815 0.021083822184747858 -1.1339 0.028018645818250476 -0.8444616527964326 -0.5348826716606438 1.4867 0.0 0.0 0.0 1.0 
0.04390235746557426 -0.5345950439232368 0.8439672517471736 -0.0047 -0.9986059569142607 -0.04826192202430479 0.021375913965798188 -1.1345 0.029304024029443654 -0.843729178051365 -0.5359686075512717 1.486 0.0 0.0 0.0 1.0 
0.044948840936547566 -0.5347801043657257 0.8437949049816814 -0.0055 -0.9985803422648067 -0.04821795810629541 0.022634676016267008 -1.1357 0.02858149297644852 -0.8436144074698128 -0.5361882409831401 1.4844 0.0 0.0 0.0 1.0 
0.0467400077668835 -0.533989874094216 0.8441979542967367 -0.0057 -0.9985241361631977 -0.04837569685820796 0.02468484257642395 -1.1362 0.027657208345958084 -0.8441058027986339 -0.5354628581967028 1.4839 0.0 0.0 0.0 1.0 
0.04601742356223128 -0.5256929759070417 0.8494288032617521 -0.0059 -0.998616173649592 -0.04587988591274969 0.025705520692651362 -1.1371 0.025458484914492818 -0.8494362431346045 -0.527076782257791 1.4829 0.0 0.0 0.0 1.0 
0.04698678999035688 -0.5252382994778857 0.849656972152869 -0.006 -0.9985855882603827 -0.04588598085364104 0.026857022913290174 -1.1377 0.02488100651235403 -0.8497171326522011 -0.5266514312068791 1.4822 0.0 0.0 0.0 1.0 
0.05134432631556954 -0.5219923093583544 0.8514034232524155 -0.0061 -0.9983557795795251 -0.04858357598146809 0.030419952745050105 -1.1382 0.025485241520505075 -0.851565420338088 -0.5236285299227466 1.4807 0.0 0.0 0.0 1.0 
0.05288765761984324 -0.5260060884836271 0.8488347840125549 -0.0065 -0.9982570688842549 -0.050138792774121504 0.03112757429947771 -1.1387 0.026186257733819884 -0.8490015879474597 -0.5277410194106478 1.4798 0.0 0.0 0.0 1.0 
0.056018957259716395 -0.5262015358233945 0.8485127106441218 -0.0071 -0.998025768774939 -0.05368351946972984 0.03259822999083273 -1.1397 0.028397909935876542 -0.8486636692085059 -0.5281699871034227 1.4791 0.0 0.0 0.0 1.0 
0.058100713198599926 -0.5251517810406022 0.8490229172382202 -0.0075 -0.9979139893903964 -0.05452538068903674 0.034563747477082296 -1.14 0.02814208422910308 -0.8492600248042994 -0.5272242723591575 1.4784 0.0 0.0 0.0 1.0 
0.06191454611411468 -0.5283847432970983 0.8467444431647263 -0.0084 -0.9977063272062663 -0.056022961486780154 0.03799358417987542 -1.1409 0.027361901104742348 -0.8471546439919396 -0.5306414378191964 1.477 0.0 0.0 0.0 1.0 
0.062214086459064635 -0.5280749933510396 0.8469157035049963 -0.0091 -0.9977175820110264 -0.05522354257361688 0.038858549788816366 -1.1414 0.026249456987412656 -0.847400237044408 -0.5303053877389391 1.4759 0.0 0.0 0.0 1.0 
0.0636571351453252 -0.5257189720035019 0.8482731468228092 -0.0098 -0.9976408157711153 -0.055413330028878174 0.040523642021102646 -1.1419 0.025701592414355434 -0.8488515331497564 -0.5280061579344265 1.475 0.0 0.0 0.0 1.0 
0.06741874342743404 -0.5267353806628114 0.847351492470904 -0.0111 -0.997403638006733 -0.057127433713750606 0.04384562929431435 -1.1425 0.025311971981638037 -0.8481074784927225 -0.5292192447361647 1.4738 0.0 0.0 0.0 1.0 
0.06884279205813146 -0.5274877917890369 0.8467687402680657 -0.0122 -0.9973199524753308 -0.05746371486046299 0.04528613329750997 -1.1431 0.02477059499175005 -0.8476169836594601 -0.530030062011386 1.473 0.0 0.0 0.0 1.0 
0.06845141017956166 -0.5250487044503216 0.8483149547187463 -0.0134 -0.9973572626955922 -0.05676732209733151 0.04534271375043203 -1.1435 0.024349435163576183 -0.8491768538396092 -0.5275469419021194 1.4724 0.0 0.0 0.0 1.0 
0.06751835456386314 -0.5250603385317889 0.8483825273412176 -0.0147 -0.9973934554280877 -0.05720867826839847 0.0439711519066977 -1.1441 0.02544733514943104 -0.8491400402946889 -0.5275543811799183 1.4716 0.0 0.0 0.0 1.0 
0.06432875901327903 -0.5255759585558553 0.8483111000994301 -0.016 -0.9975443829218162 -0.05745840347237986 0.040046672415297524 -1.1446 0.027695033217969123 -0.8488041256135006 -0.527981573046405 1.4709 0.0 0.0 0.0 1.0 
0.056916214845757096 -0.5247119227961133 0.8493750305743847 -0.0184 -0.9980348395390283 -0.05223790897327124 0.03460722370265901 -1.1452 0.026210752639656776 -0.8496755845272391 -0.5266539637222498 1.4691 0.0 0.0 0.0 1.0 
0.05450637768201273 -0.5238743655293054 0.8500498243828141 -0.02 -0.9982067702536057 -0.049685101959995745 0.03338614178202903 -1.1453 0.024744668352004673 -0.8503452474051303 -0.5256430933662658 1.468 0.0 0.0 0.0 1.0 
0.053098422184790356 -0.5280332149979761 0.8475620811600688 -0.0218 -0.9982406805280772 -0.0504926148524438 0.03108117732976623 -1.1454 0.026383731736192406 -0.8477213101628767 -0.5297853140616571 1.4673 0.0 0.0 0.0 1.0 
0.04870904505634194 -0.52576220226697 0.8492358539281564 -0.0236 -0.9984317057270528 -0.04912155670154565 0.026855198122243018 -1.1446 0.027596339044651197 -0.8492120932573927 -0.5273303165348358 1.4666 0.0 0.0 0.0 1.0 
0.051038349031979305 -0.5232547279038054 0.8506465638879666 -0.0252 -0.9982521148961755 -0.05214107225193103 0.027821281238141315 -1.144 0.02979600700434043 -0.8505796836926763 -0.5250013330038923 1.4655 0.0 0.0 0.0 1.0 
0.0469031792667593 -0.5271286723979905 0.8484901027770463 -0.0296 -0.998524871101213 -0.04800168631871943 0.02537557689719344 -1.1426 0.02735276159689104 -0.8484286657383115 -0.5286025213584706 1.4631 0.0 0.0 0.0 1.0 
0.04352993318971109 -0.5264660098988081 0.8490810828994646 -0.0313 -0.9987097463485821 -0.04517921785718659 0.023187945621886252 -1.142 0.026153154013425883 -0.848994922655631 -0.5277533835420755 1.462 0.0 0.0 0.0 1.0 
0.039952927085612794 -0.5301735283216739 0.8469473380820316 -0.0354 -0.9989879475407125 -0.03872046409072774 0.022886815614961864 -1.1409 0.020660210204310803 -0.8470045782211251 -0.5311839607770246 1.4596 0.0 0.0 0.0 1.0 
0.03623420386335317 -0.5259334945045477 0.8497535182796385 -0.0377 -0.9991296786422836 -0.03664693502265183 0.019922033270047268 -1.1405 0.020663197394311827 -0.8497358186587645 -0.5268036358661198 1.459 0.0 0.0 0.0 1.0 
0.036528535714790714 -0.5311609186719594 0.8464831625933817 -0.0418 -0.9990024861247352 -0.04117970715659805 0.017270333960149487 -1.1397 0.025684602296541903 -0.8462696439043864 -0.5321353126891801 1.4585 0.0 0.0 0.0 1.0 
0.038712572184496544 -0.5260180144347245 0.8495918933493952 -0.0432 -0.9988709045167169 -0.04380085585287652 0.01839568255084295 -1.1391 0.02753639164480337 -0.849344767168613 -0.5271197336644479 1.4579 0.0 0.0 0.0 1.0 
0.041002701091311 -0.5266397599141052 0.8490991354257937 -0.046 -0.998696346589638 -0.04746106166262741 0.01878975610182909 -1.1379 0.030403713781815334 -0.8487626351951824 -0.5278992359198899 1.4563 0.0 0.0 0.0 1.0 
0.039503861262341095 -0.5257918516107877 0.8496954594000519 -0.0484 -0.9986903637679864 -0.04844414033613095 0.016453649566600836 -1.1376 0.032511571206771284 -0.8492326501299823 -0.5270169861502325 1.4551 0.0 0.0 0.0 1.0 
0.04324797232271843 -0.5304043720965944 0.8466409008256046 -0.0507 -0.9984768427469358 -0.052005429051991944 0.01842362198997044 -1.1363 0.03425795364706524 -0.8461481178906776 -0.5318456121864501 1.4521 0.0 0.0 0.0 1.0 
0.04818063945060552 -0.5296978052205913 0.8468168994101497 -0.0523 -0.9982057578408384 -0.05571010654683424 0.021946504093777075 -1.1354 0.03555124464106074 -0.8463549014290809 -0.5314315476441369 1.449 0.0 0.0 0.0 1.0 
0.0496158085533949 -0.5367795876578294 0.8422623972465373 -0.0533 -0.9980999496414851 -0.05749523502277218 0.022153746304893696 -1.1347 0.0365343956739162 -0.8417612323120893 -0.5386123519834788 1.4464 0.0 0.0 0.0 1.0 
0.05105313515295058 -0.5366072629707797 0.84228630685656 -0.0539 -0.9980161502126352 -0.05852528369249968 0.023206789598374855 -1.1342 0.03684211321036529 -0.8418001167116342 -0.5385306139844546 1.4439 0.0 0.0 0.0 1.0 
0.05366578343804233 -0.5422471514491936 0.8385034349561226 -0.0546 -0.9979744825316943 -0.057851191572682564 0.026460760556300644 -1.1328 0.03416015081316581 -0.8382250690470049 -0.5442534498903665 1.4399 0.0 0.0 0.0 1.0 
0.05418850459268203 -0.5446462735507634 0.8369134021374467 -0.0551 -0.997842420276665 -0.060651523313407354 0.025137561858108892 -1.1324 0.03706899332887159 -0.8364698616370048 -0.5467577711441823 1.4377 0.0 0.0 0.0 1.0 
0.06320203344297076 -0.5503679178020726 0.8325266710579816 -0.0564 -0.9972791861651857 -0.06654472243860661 0.03171789332968877 -1.1316 0.0379437453393614 -0.8322661563284788 -0.5530762309300968 1.4336 0.0 0.0 0.0 1.0 
0.06409273443684452 -0.5549380901628578 0.8294189758371866 -0.0569 -0.9972730383035475 -0.06608794056239628 0.032846174587485566 -1.131 0.036586998581716546 -0.82926238320487 -0.5576605520710249 1.4316 0.0 0.0 0.0 1.0 
0.06648292020712808 -0.5554835522372431 0.8288655165433213 -0.0571 -0.997169764264887 -0.06621708436480069 0.03560560312836708 -1.1305 0.03510673093072836 -0.8288867962105073 -0.5583137079736072 1.4268 0.0 0.0 0.0 1.0 
0.061162720489386244 -0.5669289511897918 0.8214929615798178 -0.0581 -0.9976379023649845 -0.060506451708092185 0.032520532998245255 -1.1305 0.03126879254353865 -0.8215415592680257 -0.5692905488485912 1.4249 0.0 0.0 0.0 1.0 
0.06526361895958292 -0.5629312051699686 0.8239230050715809 -0.0573 -0.9975470290261079 -0.05774808619157219 0.03956113525160171 -1.1309 0.025309779167016544 -0.8244838487120878 -0.5653192003562408 1.4214 0.0 0.0 0.0 1.0 
0.06519725166910884 -0.5609793491198398 0.8252584372400416 -0.0573 -0.9975776961654621 -0.05673934744790643 0.04024160240838437 -1.1312 0.024249917278284128 -0.825883052442818 -0.5633197362064726 1.4198 0.0 0.0 0.0 1.0 
0.06264565563093828 -0.5632628077491992 0.82389958807919 -0.0579 -0.9978105086662834 -0.052888197303533335 0.03971180405264724 -1.1319 0.021206381721151912 -0.8245834390724032 -0.5653427645082456 1.417 0.0 0.0 0.0 1.0 
0.06784210550581078 -0.564260427144771 0.8228047271855815 -0.057 -0.9975340142509069 -0.053226566792328664 0.04574738243848964 -1.1318 0.017981633213089765 -0.823879301200062 -0.5664799713326919 1.4157 0.0 0.0 0.0 1.0 
0.06442248103402082 -0.5638991240237419 0.8233271050212535 -0.0572 -0.9978498733661432 -0.04636906911970451 0.04631997033833629 -1.1319 0.012057120742263172 -0.8245408948949888 -0.5656738799742991 1.4136 0.0 0.0 0.0 1.0 
0.05768031834032454 -0.5645347625840416 0.8233914516864616 -0.0566 -0.9983201860728659 -0.03712522082452448 0.0444806031677728 -1.1314 0.00545774271997207 -0.8245739626091222 -0.5657278437831149 1.4119 0.0 0.0 0.0 1.0 
0.06575841536510124 -0.565470589600497 0.8221428361942571 -0.0567 -0.9978185357872533 -0.04207919784720797 0.05086758051959389 -1.1314 0.005830990314917295 -0.8236943325077586 -0.5670040971161897 1.4111 0.0 0.0 0.0 1.0 
0.06568504824149862 -0.5639264208992506 0.8232086407766099 -0.0565 -0.9978349417166311 -0.03985155280380143 0.05231904842878371 -1.1311 0.0033020488911560952 -0.8248629253099495 -0.5653231384988885 1.4095 0.0 0.0 0.0 1.0 
0.06291623358191914 -0.5601030567875275 0.8260303343879895 -0.0565 -0.9980188078957223 -0.03524196072281903 0.052119701561053 -1.1309 -8.147556284088253e-05 -0.827672984929241 -0.5612106764665598 1.4086 0.0 0.0 0.0 1.0 
0.06098260992602861 -0.5610799590729546 0.8255122051267938 -0.0562 -0.9981383450789038 -0.03346578444510635 0.050989070933104896 -1.1304 -0.0009825323187367951 -0.8270848328908985 -0.5620762526847024 1.4074 0.0 0.0 0.0 1.0 
0.06052468096277841 -0.5604200553172975 0.8259940221287987 -0.0562 -0.9981618365043645 -0.031397893219684225 0.05183744252564215 -1.1298 -0.003116270300830115 -0.8276131547404995 -0.5612902590994161 1.4064 0.0 0.0 0.0 1.0 
0.05659207922891096 -0.5674297944017122 0.82147475006465 -0.0569 -0.9983922777491889 -0.029531881344633915 0.04838106773349482 -1.1286 -0.003193164470430221 -0.8228920320488449 -0.5681887954643137 1.4043 0.0 0.0 0.0 1.0 
0.058271994858943785 -0.5663226111821673 0.8221210827359742 -0.057 -0.9982890647098757 -0.029073099293999885 0.0507316289717043 -1.128 -0.004828860718706751 -0.8236707199853912 -0.567047817333694 1.403 0.0 0.0 0.0 1.0 
0.05573484151260284 -0.5677222840270743 0.8213312581782379 -0.0577 -0.9984138950862068 -0.025134070153119012 0.05037829509151037 -1.1266 -0.007957483292740875 -0.8228363669263898 -0.5682226603392596 1.3996 0.0 0.0 0.0 1.0 
0.055443820337369776 -0.5736768427472693 0.817203073221046 -0.0585 -0.9984348068630876 -0.025835772681411642 0.04960291618668522 -1.1252 -0.007342971514745056 -0.8186741677526409 -0.5742113616290211 1.3971 0.0 0.0 0.0 1.0 
0.05630560172582856 -0.5749158787464335 0.8162728781354361 -0.0589 -0.998357370403429 -0.023745213280394334 0.052141402046926466 -1.1244 -0.010594346390552567 -0.8178678971640132 -0.5753084934303266 1.3953 0.0 0.0 0.0 1.0 
0.0526304220887316 -0.574202345351515 0.8170200152160174 -0.0598 -0.9985215288726477 -0.019122283257427694 0.05088314712017228 -1.1237 -0.013593934257320528 -0.8184900762231893 -0.5743598176017936 1.3937 0.0 0.0 0.0 1.0 
0.0518442016243571 -0.5762702355189058 0.815613140166904 -0.0612 -0.9985733185048411 -0.019456730543492062 0.04972688615615323 -1.1222 -0.012786959300869372 -0.8170275707046506 -0.5764568000989279 1.3921 0.0 0.0 0.0 1.0 
0.05138483309088544 -0.5775170156863891 0.8147599005356788 -0.062 -0.9985997081025346 -0.019436819477536435 0.04920196160856388 -1.1215 -0.012578628929846514 -0.8161472334335791 -0.5777070810133458 1.3912 0.0 0.0 0.0 1.0 
0.050674347492437544 -0.5765031665435745 0.8155220472013294 -0.064 -0.9986003464287845 -0.016862894941919546 0.050129740538823075 -1.1199 -0.015147891553864146 -0.8169208907473291 -0.57655077802572 1.3898 0.0 0.0 0.0 1.0 
0.050733309204908275 -0.576858460043819 0.8152671024964719 -0.0649 -0.9986000492909543 -0.017065105213725146 0.05006719225349343 -1.1191 -0.014969064540676869 -0.8166658430838885 -0.5769166558930837 1.3892 0.0 0.0 0.0 1.0 
0.049203219190104924 -0.5710998144885633 0.8194046894620868 -0.0667 -0.998678886740987 -0.015960875304231653 0.04884395190098162 -1.1178 -0.01481635579733187 -0.820725442733836 -0.5711306533974827 1.3876 0.0 0.0 0.0 1.0 
0.04770113817227266 -0.5743708026098648 0.8172042477412668 -0.0677 -0.9987689245623141 -0.01627916414071824 0.04685748759289443 -1.1173 -0.013610170671540356 -0.8184333631543741 -0.5744402434806533 1.3865 0.0 0.0 0.0 1.0 
0.048279855235320274 -0.5779947355407535 0.8146110367934077 -0.07 -0.9987602161176743 -0.018033408278336466 0.04639856556449845 -1.1165 -0.012127913218388131 -0.8158412111882072 -0.5781487973246385 1.3841 0.0 0.0 0.0 1.0 
0.045349953820591676 -0.5809432858470126 0.8126796910946815 -0.0715 -0.9988976238040866 -0.016500145315271136 0.043946357791345814 -1.1162 -0.012121008498480967 -0.813776777644737 -0.5810511486255997 1.3826 0.0 0.0 0.0 1.0 
0.04782967364575917 -0.5828231378405371 0.8111901825815266 -0.074 -0.9988178447933518 -0.020854873922612108 0.04390885054332033 -1.1165 -0.008673825067630647 -0.8123313758752533 -0.5831316322472258 1.3799 0.0 0.0 0.0 1.0 
0.044651272523566155 -0.5852475376458541 0.8096243471768191 -0.0755 -0.9989694752467952 -0.019554169691156087 0.04095878382998769 -1.1166 -0.00813949551068216 -0.8106188710652829 -0.58551754413141 1.3784 0.0 0.0 0.0 1.0 
0.044156477921761056 -0.5821733089133454 0.8118647940676029 -0.0778 -0.9989951005024496 -0.01948311025844482 0.040363319818340126 -1.1168 -0.007680796159601988 -0.8128312535843731 -0.5824485887757054 1.3758 0.0 0.0 0.0 1.0 
0.041710345755584494 -0.5881347931200682 0.8076866423177766 -0.0794 -0.9991141415768279 -0.020034444338688978 0.03700747412669608 -1.1171 -0.005583830060782613 -0.8085147408437612 -0.58844943256001 1.3748 0.0 0.0 0.0 1.0 
0.039810401847540075 -0.5873940409366285 0.8083213300271594 -0.0818 -0.9991965239272016 -0.019654087775148377 0.034928833440645235 -1.1177 -0.004630170249024512 -0.8090623940746877 -0.5877045210117069 1.3725 0.0 0.0 0.0 1.0 
0.03767215723735187 -0.5851414474733605 0.8100557357477725 -0.0833 -0.9992774643789939 -0.01797396611652953 0.033488590987535816 -1.1181 -0.005035648257459113 -0.8107320290890341 -0.5853957800119547 1.3713 0.0 0.0 0.0 1.0 
0.0326134298537164 -0.5855443148756094 0.809984085960971 -0.0869 -0.999455091815479 -0.014981265018600642 0.029412261772171766 -1.1189 -0.005087596415698059 -0.8105019537393452 -0.5857138374218379 1.3684 0.0 0.0 0.0 1.0 
0.031554326091807916 -0.582076280655152 0.8125217092506247 -0.0894 -0.9994874034218675 -0.013976774695768024 0.028802433406172168 -1.1193 -0.005408780445266104 -0.8130140547787403 -0.5822189380519379 1.3662 0.0 0.0 0.0 1.0 
0.028993376913899818 -0.5857352145577893 0.8099837297884873 -0.0916 -0.9995741944645281 -0.014323666207660665 0.025421690481976233 -1.1195 -0.00328844274975576 -0.8103758948866335 -0.5859010967142573 1.3645 0.0 0.0 0.0 1.0 
0.029744138818888516 -0.5797424527293908 0.8142567007456756 -0.0945 -0.9995563764524622 -0.016005809588372916 0.0251170132110613 -1.1195 -0.0015285611360251194 -0.81464256122715 -0.5799613443481582 1.3624 0.0 0.0 0.0 1.0 
0.028764363742375232 -0.5782849793490146 0.8153275992126149 -0.0961 -0.9995857051525829 -0.01746880099770809 0.02287485620318408 -1.1193 0.001014609831514246 -0.8156477938736869 -0.5785478778077726 1.3612 0.0 0.0 0.0 1.0 
0.027807687985090507 -0.5710158886374509 0.8204679076066941 -0.099 -0.9996017983343611 -0.019820515156617716 0.020084619628911227 -1.1192 0.004793459672888967 -0.8206997027552216 -0.5713396718606681 1.3599 0.0 0.0 0.0 1.0 
0.028419017688021478 -0.5683997120218633 0.8222615926863608 -0.1003 -0.9995810676243166 -0.02067065356860308 0.02025866056969422 -1.1191 0.005481667691424719 -0.8224928519169694 -0.5687490306495574 1.3589 0.0 0.0 0.0 1.0 
0.025568676843625765 -0.5565149264755906 0.8304440856399271 -0.1028 -0.9996502720948703 -0.019843691136290115 0.01748031529291144 -1.1192 0.006751019561392846 -0.830600604702378 -0.5568276746022294 1.3581 0.0 0.0 0.0 1.0 
0.025956015744182673 -0.5593912823269855 0.8284972410957436 -0.1047 -0.9996392319827558 -0.020249472574040125 0.017645530351887095 -1.1189 0.006905876310354331 -0.8286563534524092 -0.55971506747214 1.3571 0.0 0.0 0.0 1.0 
0.027311923249064507 -0.5559485261781741 0.8307678948351057 -0.1058 -0.9995973698536925 -0.02158374570549927 0.018418471785156154 -1.1184 0.007691360739002007 -0.830936446523822 -0.5563141781478755 1.3557 0.0 0.0 0.0 1.0 
0.02918676906742665 -0.5505589225294224 0.8342859254084574 -0.1066 -0.9995247066382972 -0.02436192283764642 0.01889067323517868 -1.1181 0.009924380637119923 -0.8344407525635921 -0.5510082913442187 1.3544 0.0 0.0 0.0 1.0 
0.02920055827756829 -0.557421354961941 0.8297160721769056 -0.1083 -0.9994870179626508 -0.02720596700273871 0.016897818899891726 -1.1174 0.013154022974207757 -0.829783868481329 -0.5579298372445718 1.3523 0.0 0.0 0.0 1.0 
0.029486514997408494 -0.5535215787341572 0.8323126860194754 -0.1097 -0.999477597962632 -0.027349546663232 0.01722014715857395 -1.1169 0.013231651603441308 -0.8323856463040205 -0.554038860751557 1.3501 0.0 0.0 0.0 1.0 
0.02734258415323948 -0.5437912361788246 0.838774984454668 -0.11 -0.9995446249271582 -0.025587343144947094 0.015994706937271008 -1.1168 0.012764241890902639 -0.838830363855463 -0.5442432312882374 1.3474 0.0 0.0 0.0 1.0 
0.02740519283209568 -0.552152554204201 0.8332925730447936 -0.1117 -0.9995446540143451 -0.025666182736149804 0.01586605480570613 -1.1165 0.012626956766329633 -0.8333479489082166 -0.552604520442323 1.3453 0.0 0.0 0.0 1.0 
0.024689605060659064 -0.5570069997742697 0.830140726385843 -0.1133 -0.9996301497743911 -0.023225944167825904 0.01414634862927272 -1.1161 0.01140118695472403 -0.8301829664116094 -0.5573744299984021 1.3418 0.0 0.0 0.0 1.0 
0.02326448428081318 -0.5530316646360944 0.8328353628905163 -0.1143 -0.9996611862967661 -0.0225961769762143 0.012919961215176134 -1.1157 0.011673747594061146 -0.8328537630916305 -0.5533699783338633 1.3393 0.0 0.0 0.0 1.0 
0.019923129598378594 -0.555528598537639 0.8312587113010084 -0.1155 -0.9997561468225933 -0.018990017439927148 0.011270586855746667 -1.1156 0.009524484104027786 -0.8312805515855872 -0.5557714717022763 1.3359 0.0 0.0 0.0 1.0 
0.020151861428234108 -0.5549929958224933 0.8316108928272594 -0.1162 -0.9997439126505041 -0.019751725569640208 0.01104438569060806 -1.1153 0.01029619343439786 -0.8316204927279004 -0.5552489031738522 1.3333 0.0 0.0 0.0 1.0 
0.018921162497985408 -0.5576434212040267 0.8298649314181155 -0.1172 -0.9997748898638983 -0.01852218680961011 0.010348825702459041 -1.115 0.0095999587163072 -0.8298739322232374 -0.5578683513240259 1.3301 0.0 0.0 0.0 1.0 
0.019761246361367474 -0.5577953151915858 0.8297432611914147 -0.1179 -0.9997649038569376 -0.018431611618011615 0.011419838400377469 -1.1148 0.008923573172967103 -0.8297738619910136 -0.5580284112823867 1.3278 0.0 0.0 0.0 1.0 
0.017367883282249946 -0.553051501855873 0.8329660214710184 -0.1191 -0.9998194358072994 -0.016031052241033142 0.010202996913588391 -1.1145 0.007710539038716546 -0.8329928220933289 -0.5532300660021324 1.3251 0.0 0.0 0.0 1.0 
0.01547698671250114 -0.5522868995664936 0.8335104339176149 -0.1195 -0.9998532281345296 -0.014674176508783499 0.008842552388840852 -1.1143 0.007347453386132574 -0.8335249541021665 -0.5524329514228126 1.3235 0.0 0.0 0.0 1.0 
0.011268460472181982 -0.5517052214610687 0.8339630509867806 -0.1208 -0.9999171833772615 -0.011402355011962642 0.00596763663977784 -1.1137 0.006216766480262981 -0.8339612310609971 -0.5517880180846223 1.3216 0.0 0.0 0.0 1.0 
0.01219022075013354 -0.5492172830652017 0.8355906740148198 -0.1214 -0.9999141396409476 -0.010713182545474154 0.007545930416504809 -1.1133 0.004807480022464783 -0.8356109164570704 -0.5493007231322458 1.3203 0.0 0.0 0.0 1.0 
0.01182235852740271 -0.54795788566698 0.8364223737886393 -0.1219 -0.9999208739586758 -0.010074465974467206 0.007533323107844769 -1.1128 0.004298564942795902 -0.83644525264401 -0.5480336318773971 1.3194 0.0 0.0 0.0 1.0 
0.012088566949068874 -0.5465792821313534 0.8373201030035597 -0.1228 -0.9999196681595973 -0.009799294501837058 0.008039344181375196 -1.1123 0.003811007310177472 -0.8373500236890427 -0.5466538338393332 1.3184 0.0 0.0 0.0 1.0 
0.010512638328616167 -0.5437830000236097 0.8391600165169304 -0.1239 -0.9999387510001965 -0.008621549210101484 0.0069399666703443 -1.1115 0.003461023481486636 -0.8391815761648613 -0.5438403290874261 1.3172 0.0 0.0 0.0 1.0 
0.008497731733405067 -0.5409184941117154 0.8410320869522762 -0.1251 -0.9999523771321509 -0.008633239893706457 0.004550894054839993 -1.1108 0.00479916900595756 -0.8410307068691676 -0.5409660969783602 1.3163 0.0 0.0 0.0 1.0 
0.010440655974127147 -0.5414258114445908 0.8406836999754403 -0.1266 -0.9999199746655111 -0.011659517223418056 0.004909167245088497 -1.11 0.00714401622012123 -0.840667678907476 -0.5415042166710832 1.3153 0.0 0.0 0.0 1.0 
0.013568918993491969 -0.5391702685511861 0.8420874692974532 -0.1278 -0.9998891220202815 -0.012482956722661781 0.008119079810557761 -1.1087 0.00613417499408897 -0.8421042674763626 -0.5392798666696542 1.314 0.0 0.0 0.0 1.0 
0.014849379559019424 -0.5286109776260105 0.8487343107592535 -0.129 -0.9998688364519347 -0.013339153847022236 0.009185688155999572 -1.1077 0.006465741950153425 -0.8487593895256289 -0.5287397212931096 1.3133 0.0 0.0 0.0 1.0 
0.015751337879868016 -0.5277023140330959 0.849283323231482 -0.1307 -0.9998059496565308 -0.01836232250131077 0.007133592626458962 -1.1065 0.011830400939809638 -0.8492308831386631 -0.5278891443637854 1.3135 0.0 0.0 0.0 1.0 
0.017518923878289197 -0.5232241240550561 0.8520150252859195 -0.1322 -0.9997059584948591 -0.02345533237544767 0.006151742276165717 -1.1051 0.016765555643097396 -0.8518722694101368 -0.5234811866285183 1.3133 0.0 0.0 0.0 1.0 
0.017725058264012203 -0.5203852465591239 0.8537476310205125 -0.1332 -0.9996459362517045 -0.02617144623725727 0.00480182645492111 -1.104 0.019845010581760858 -0.8535304625878622 -0.5206648874175782 1.3131 0.0 0.0 0.0 1.0 
0.02082924211434485 -0.5161330877111949 0.8562550895864207 -0.1347 -0.999526623588193 -0.03014619149186852 0.006142953436413023 -1.1028 0.022642248371757323 -0.8559777116889452 -0.516516684803529 1.3134 0.0 0.0 0.0 1.0 
0.022701392459329103 -0.5184218978279133 0.8548235973772087 -0.1363 -0.9994887367477473 -0.031024971015681815 0.007727631452678463 -1.102 0.022514703968736505 -0.8545619854790996 -0.5188611578054572 1.3129 0.0 0.0 0.0 1.0 
0.025751400681104347 -0.5133822216992978 0.8577736063822752 -0.137 -0.999445769455173 -0.0313289055288717 0.011254048005940931 -1.1014 0.021095480111109344 -0.8575880095485571 -0.5139044527900354 1.3124 0.0 0.0 0.0 1.0 
0.02624371132307579 -0.5176536172039052 0.8551876988192146 -0.1383 -0.9994325172666416 -0.031657908215803277 0.011507400986483673 -1.1005 0.021116605931233656 -0.8550043914759224 -0.5181906787185895 1.312 0.0 0.0 0.0 1.0 
0.02685252278181595 -0.519607669209839 0.8539829109054649 -0.1397 -0.9994498015023268 -0.030593228544343765 0.012812050741145886 -1.0999 0.01946885454288977 -0.8538570866752542 -0.5201432872173164 1.311 0.0 0.0 0.0 1.0 
0.025352469681968914 -0.5165575759970855 0.855877048974349 -0.1408 -0.9995714798088271 -0.025630463318694563 0.014139876338230606 -1.0997 0.014632465062874689 -0.8558687691638738 -0.5169860161900894 1.3099 0.0 0.0 0.0 1.0 
0.029004246517856977 -0.5117950741160794 0.85861781707256 -0.1416 -0.9995082019405385 -0.025093540022906827 0.01880607621782021 -1.0992 0.011920903385359283 -0.8587410065669598 -0.5122711935126173 1.3091 0.0 0.0 0.0 1.0 
0.030822686683487435 -0.5136631710520924 0.8574381077898976 -0.1429 -0.9994611462118578 -0.02552544944390965 0.020636585075193115 -1.0985 0.011286239342262638 -0.8576121490134074 -0.5141731446372068 1.3081 0.0 0.0 0.0 1.0 
0.032339576306324974 -0.5129412755774705 0.8578143153464419 -0.1443 -0.9994264242126203 -0.025225004520295677 0.022594727980805362 -1.0981 0.010048601390388046 -0.8580529977547473 -0.5134628308399631 1.3073 0.0 0.0 0.0 1.0 
0.03272489235328177 -0.51293467126582 0.8578036514458838 -0.1458 -0.9994149474550216 -0.025331360191416935 0.022980099963434808 -1.0975 0.009942043247888221 -0.8580538125340846 -0.5134635435664145 1.3062 0.0 0.0 0.0 1.0 
0.03293293823323443 -0.5181170295292573 0.8546754736688684 -0.1471 -0.9994293498573373 -0.02349725587431392 0.024266306066576426 -1.0966 0.007509741877435527 -0.8549869137467284 -0.5185951996487997 1.3045 0.0 0.0 0.0 1.0 
0.03331712352361969 -0.5158045444722994 0.8560581996464001 -0.1482 -0.9994268720847828 -0.022329030379299245 0.025442911726991924 -1.0964 0.00599138005296268 -0.8564152534279408 -0.5162528615523763 1.3032 0.0 0.0 0.0 1.0 
0.038001852115593426 -0.5111373603661523 0.8586585223904241 -0.149 -0.9992606958755449 -0.024446079697494627 0.02967239231584151 -1.096 0.0058241663872211635 -0.8591513184680248 -0.5116884707129408 1.3021 0.0 0.0 0.0 1.0 
0.034877661187422804 -0.5128737695419456 0.8577552362218086 -0.1506 -0.9993841697713992 -0.021205806146747108 0.027957020513602104 -1.0958 0.0038509687647043656 -0.8582020801078858 -0.5132975352931977 1.3002 0.0 0.0 0.0 1.0 
0.03267976967263113 -0.5112507283241208 0.8588100636591308 -0.1517 -0.9994631998610188 -0.018704026407034918 0.026897425894286342 -1.0955 0.0023118775308097472 -0.8592280559806118 -0.5115875321370348 1.299 0.0 0.0 0.0 1.0 
0.03558964520383141 -0.5094475604637541 0.859765410034502 -0.1526 -0.9993636618101092 -0.020188478873505195 0.02940572689569787 -1.0953 0.002376679985975405 -0.8602648478569284 -0.5098418803255973 1.2979 0.0 0.0 0.0 1.0 
0.031046264286693256 -0.5098046704771347 0.8597297990843058 -0.1544 -0.9995128222728157 -0.01858989218949389 0.025070580779341545 -1.0953 0.0032011851041898187 -0.8600893057514917 -0.51013345170244 1.2967 0.0 0.0 0.0 1.0 
0.03125087118061917 -0.5059845433909643 0.8619762322128663 -0.1554 -0.9995073592339104 -0.018324060671808168 0.025480730714605826 -1.0953 0.0029020488808271794 -0.8623478826146285 -0.5063079176374392 1.2955 0.0 0.0 0.0 1.0 
0.029689885741536873 -0.5037901785004071 0.8633156819675999 -0.1567 -0.9995581833969169 -0.016170267689465362 0.02493913485079674 -1.0956 0.0013959544798008983 -0.8636746948298177 -0.5040476890351858 1.2939 0.0 0.0 0.0 1.0 
0.027114804172969895 -0.5095893356213715 0.8599904048392808 -0.1583 -0.9996314638270188 -0.012692502599418398 0.02399660194308262 -1.0953 -0.0013129819924485031 -0.8603241304291845 -0.5097456882402778 1.2922 0.0 0.0 0.0 1.0 
0.02754166471956944 -0.5056909352349122 0.8622749762840822 -0.159 -0.9996115472536391 -0.010250202468931352 0.025916943232788592 -1.0952 -0.004267470171014143 -0.8626538189625 -0.5057768058420172 1.291 0.0 0.0 0.0 1.0 
0.03026638649213005 -0.5102361059446336 0.8595016358560148 -0.1601 -0.999531406767368 -0.011515776698883623 0.028361131371436865 -1.0947 -0.004573044320303088 -0.8599572681694585 -0.510345553706669 1.2897 0.0 0.0 0.0 1.0 
0.028311773394300258 -0.5136855282064651 0.8575112953183264 -0.1616 -0.999591977333438 -0.011301232930405969 0.026232822663209754 -1.0943 -0.0037844864772508813 -0.8579041090037376 -0.513795890813274 1.2884 0.0 0.0 0.0 1.0 
0.02910185275926279 -0.5156679647075014 0.8562941272368981 -0.1629 -0.9995713045882949 -0.01226412913919972 0.026585676220682086 -1.094 -0.0032076797895200793 -0.8567007303083615 -0.5158038090974976 1.2874 0.0 0.0 0.0 1.0 
0.028874151566604472 -0.5161576688761449 0.8560067430994058 -0.1641 -0.9995798512217147 -0.012741686417419212 0.02603402502139618 -1.0937 -0.0025306921747381694 -0.8563988032964454 -0.5163087112469948 1.2866 0.0 0.0 0.0 1.0 
0.02792798542528746 -0.5162765376853518 0.8559664504323231 -0.1651 -0.9996066072462071 -0.012213695968023283 0.02524789853687054 -1.0934 -0.0025803836560380766 -0.8563348423755899 -0.5164145421594569 1.2853 0.0 0.0 0.0 1.0 
0.02697583453823063 -0.5157617737822823 0.8563072445424713 -0.1661 -0.9996290156743227 -0.010696264718446508 0.02504837206401822 -1.0933 -0.003759703838146833 -0.8566652687170332 -0.5158589749156475 1.2843 0.0 0.0 0.0 1.0 
0.03333053500965419 -0.5138124273471256 0.8572548424707934 -0.1664 -0.9994401919313378 -0.014650999454051822 0.03007741623291399 -1.0931 -0.0028945100139404767 -0.8577774406678296 -0.5140131166547477 1.2835 0.0 0.0 0.0 1.0 
0.0294963522064305 -0.5158473438840387 0.8561725778219579 -0.1678 -0.9995534905902359 -0.011131713895603107 0.02772912538508049 -1.0924 -0.0047733274965462424 -0.856608196758313 -0.5159453581447186 1.2824 0.0 0.0 0.0 1.0 
0.020508152766751345 -0.5187682521503554 0.8546688927479231 -0.1692 -0.9997771351906335 -0.0063577724739809355 0.020131037707455612 -1.092 -0.005009552884789159 -0.854891267524727 -0.5187830231318871 1.2817 0.0 0.0 0.0 1.0 
0.030086694900826966 -0.5151059412054129 0.8565983073324569 -0.1703 -0.9995438026327199 -0.013240064271455493 0.027145668468651407 -1.092 -0.002641478462293012 -0.8570242528849306 -0.5152693010053673 1.2815 0.0 0.0 0.0 1.0 
0.030441877398242265 -0.5142221191821943 0.8571166223124153 -0.1712 -0.9995343296165213 -0.013858267001482127 0.02718588519373305 -1.0917 -0.0021014324927512984 -0.8575450778702474 -0.5144045328357727 1.2809 0.0 0.0 0.0 1.0 
0.030848877160571817 -0.5166301860210902 0.85565273193612 -0.1718 -0.9995159648977745 -0.012499546467109851 0.02848854598935524 -1.0914 -0.004022771731405972 -0.8561174056342566 -0.5167657158497135 1.2802 0.0 0.0 0.0 1.0 
0.0329486974278384 -0.5142460796725015 0.8570095407165966 -0.1725 -0.9994357046588693 -0.011349261913194797 0.03161434021223608 -1.091 -0.006531124775875696 -0.8575675855554994 -0.5143298364023547 1.2795 0.0 0.0 0.0 1.0 
0.03555526157782822 -0.5169594690831583 0.8552711445497219 -0.1734 -0.9993511310623047 -0.013462135314245394 0.03340789962378965 -1.0904 -0.0057567541743998585 -0.8559040122806061 -0.517102679884117 1.2791 0.0 0.0 0.0 1.0 
0.035458185010767834 -0.5199373945933101 0.8534681147056771 -0.1742 -0.9993566830893668 -0.013850512292686495 0.03308146420352753 -1.0899 -0.005379319693167017 -0.8540920729129564 -0.5200940241022657 1.2786 0.0 0.0 0.0 1.0 
0.0359242344742081 -0.519047331903527 0.8539902321579982 -0.1752 -0.9993445971817677 -0.014850863858714508 0.03301254195393033 -1.0894 -0.00445257914609043 -0.8546164748508418 -0.5192406527348067 1.2781 0.0 0.0 0.0 1.0 
0.03486952775048248 -0.5218684195290555 0.8523130110075197 -0.1764 -0.9993846436287668 -0.014964379025527039 0.0317238307803977 -1.089 -0.003801330485668608 -0.8528947297636598 -0.5220690853018523 1.2773 0.0 0.0 0.0 1.0 
0.033395723672516 -0.5244738618346579 0.8507713522989764 -0.1773 -0.9994359318652094 -0.014508296441730531 0.030287413740351765 -1.0888 -0.003541713866100804 -0.8513029293891798 -0.5246625379005936 1.2762 0.0 0.0 0.0 1.0 
0.030262222558645538 -0.5196204197996785 0.8538611229075936 -0.1782 -0.9995343291975594 -0.012386523364984997 0.027887251469332852 -1.0887 -0.003914414566206725 -0.8543074349238302 -0.5197532914686249 1.275 0.0 0.0 0.0 1.0 
0.03504977884739241 -0.520349862548485 0.8532335750241674 -0.179 -0.9993794086272669 -0.015251869155920972 0.03175182040552632 -1.0884 -0.003508648537972503 -0.8538169599117971 -0.5205615125539089 1.2733 0.0 0.0 0.0 1.0 
0.031797200601466735 -0.5269522431501608 0.8492998713487032 -0.1799 -0.9994925572750186 -0.015158627579892614 0.028015066691650936 -1.0882 -0.0018883817817411108 -0.8497597010031177 -0.5271668469899624 1.2717 0.0 0.0 0.0 1.0 
0.028079345989814777 -0.523891820530606 0.8513218608199318 -0.1807 -0.9996034328538599 -0.012903472520574888 0.02502953103214922 -1.0882 -0.0021277583422052992 -0.8516870674009545 -0.5240463833158274 1.2701 0.0 0.0 0.0 1.0 
0.03019153794179169 -0.5249260776261828 0.8506121819399839 -0.1813 -0.9995432991561735 -0.014757233520137747 0.026370763561649024 -1.0878 -0.001290018876461685 -0.8510198805473483 -0.5251318870193236 1.2685 0.0 0.0 0.0 1.0 
0.029048289536238003 -0.5285500959162343 0.8484049699182332 -0.1821 -0.9995771111714019 -0.014222090604809001 0.025363969741803882 -1.0876 -0.0013400362880995331 -0.8487829688711761 -0.528739705391016 1.2673 0.0 0.0 0.0 1.0 
0.028456011779207438 -0.5319875560810243 0.8462738892158737 -0.1829 -0.9995946252455494 -0.014367854079968101 0.024579461941762415 -1.0871 -0.0009168281362439412 -0.8466302646043761 -0.5321807535810488 1.2664 0.0 0.0 0.0 1.0 
0.026193400763860758 -0.52681490123928 0.8495763447675974 -0.1834 -0.999656266971712 -0.012851903225267441 0.022851181318907454 -1.0868 -0.0011196698642914615 -0.8498828674680623 -0.5269704526096874 1.2651 0.0 0.0 0.0 1.0 
0.025149335451055202 -0.5275366776787744 0.849159916994444 -0.1838 -0.9996819517015585 -0.011680287510461726 0.02235098042225464 -1.0863 -0.0018725299819646324 -0.8494519554320383 -0.5276626470048384 1.2643 0.0 0.0 0.0 1.0 
0.028016724182803404 -0.5295448689565483 0.8478191404585398 -0.184 -0.9996045413524688 -0.012794236243712148 0.025041334358636536 -1.0856 -0.0024133117464738008 -0.848185439205798 -0.5296939084468334 1.2635 0.0 0.0 0.0 1.0 
0.029751428001544053 -0.5250975292639792 0.8505218617370947 -0.1842 -0.9995563810735579 -0.01445788501191815 0.02603863698649833 -1.085 -0.001376076669894477 -0.8509192407754373 -0.5252947287867564 1.2625 0.0 0.0 0.0 1.0 
0.02618244386822731 -0.5196374429003288 0.8539856014998699 -0.1846 -0.9996569404734221 -0.013017362036040203 0.022727728635734412 -1.0847 -0.0006935390429162469 -0.8542877010829724 -0.5198000026759962 1.2617 0.0 0.0 0.0 1.0 
0.026226294440061207 -0.5213244605630819 0.8529554433254736 -0.1849 -0.9996546420564459 -0.012254442197422985 0.02324704844553882 -1.0841 -0.001666761813345019 -0.8532705523250184 -0.5214658056287257 1.2607 0.0 0.0 0.0 1.0 
0.02558886074190335 -0.5255763055501858 0.8503615450207924 -0.1857 -0.9996725049991514 -0.013193871470417187 0.021927254829181175 -1.0836 -0.0003048846555887552 -0.8506441493361603 -0.5257417980772567 1.2602 0.0 0.0 0.0 1.0 
0.025519155140524025 -0.5254708276873807 0.8504288224010594 -0.1861 -0.9996743171634854 -0.0132609411484014 0.021803830938109448 -1.0832 -0.00017979052503935833 -0.8507082676742935 -0.5256380988721894 1.2599 0.0 0.0 0.0 1.0 
0.02601340138857737 -0.5259984518475285 0.8500876023106094 -0.1865 -0.9996615903891755 -0.013762037505448535 0.022075122293745586 -1.0829 8.745731506037968e-05 -0.8503741735128734 -0.5261784463216982 1.2595 0.0 0.0 0.0 1.0 
0.025672803085907525 -0.5259537153652991 0.8501256357004829 -0.1869 -0.9996701179651557 -0.012869179726043123 0.022226998463820646 -1.0826 -0.0007499528279191203 -0.8504158238806572 -0.5261106006004244 1.2589 0.0 0.0 0.0 1.0 
0.02862150793107507 -0.5291378700849579 0.8480530194072216 -0.1869 -0.9995902779648437 -0.014902779108487849 0.024437335636479873 -1.0822 -0.0002923729087262461 -0.8484049867939235 -0.529347610650397 1.2585 0.0 0.0 0.0 1.0 
0.029940533874980163 -0.5220584319280632 0.8523840437760981 -0.1869 -0.9995516786591343 -0.01570446638010929 0.025491399047971652 -1.0823 7.82367437867082e-05 -0.8527651279153763 -0.5222945820994931 1.2575 0.0 0.0 0.0 1.0 
0.02724704497620288 -0.5168750443665924 0.8556271308526265 -0.1872 -0.9996273281230332 -0.012654854594421089 0.024188003737378283 -1.0824 -0.0016743385769150132 -0.855967314309505 -0.5170272269659526 1.2568 0.0 0.0 0.0 1.0 
0.029316931514366512 -0.5178171997917774 0.8549888099422028 -0.1874 -0.9995692762669383 -0.014045817342179828 0.025767750355420116 -1.0822 -0.001333967679921333 -0.8553759773427078 -0.5180059438995235 1.2561 0.0 0.0 0.0 1.0 
0.0292183159942688 -0.5200739213616575 0.8536213483330695 -0.1877 -0.9995728628397861 -0.014674210179545871 0.025273690468164467 -1.0821 -0.0006179682298722566 -0.8539951896088847 -0.5202805341737781 1.2549 0.0 0.0 0.0 1.0 
0.028916801263221936 -0.5197074387851306 0.8538547866447217 -0.1881 -0.9995813773869007 -0.014228998719731253 0.025191379016249682 -1.0821 -0.000942648401996482 -0.8542257978232884 -0.5199013346272122 1.2536 0.0 0.0 0.0 1.0 
0.029476971253703327 -0.5220770595106231 0.8523887916311721 -0.1884 -0.9995651151774804 -0.014687947390636266 0.025570387593472965 -1.0822 -0.0008298710375006513 -0.8527718382628446 -0.5222829723242659 1.2526 0.0 0.0 0.0 1.0 
0.02831602605127871 -0.5191844813775929 0.8541929974925707 -0.1886 -0.9995977469308089 -0.01334279180550145 0.025026270950447294 -1.0826 -0.0015959321769625223 -0.8545580402778472 -0.5193534526668439 1.251 0.0 0.0 0.0 1.0 
0.02818478049453685 -0.5226277754749689 0.8520949632820043 -0.189 -0.9996026946363776 -0.014508735867934358 0.02416504622812421 -1.0827 -0.0002665035977985064 -0.8524375079063568 -0.5228290581922858 1.2495 0.0 0.0 0.0 1.0 
0.027676149370314568 -0.5218267239960982 0.8526024283800346 -0.1895 -0.9996169191441401 -0.014265249488494766 0.023717453864376292 -1.0829 -0.00021381489623839567 -0.8529322205078965 -0.5220216293437077 1.2485 0.0 0.0 0.0 1.0 
0.026383563711999347 -0.5237817783617932 0.8514438068492907 -0.1901 -0.9996518393202615 -0.014103672444688575 0.02229992303106043 -1.0833 0.0003281912143211496 -0.8517357190348015 -0.5239715232823217 1.2473 0.0 0.0 0.0 1.0 
0.02433916450565654 -0.5276244780788049 0.8491289744221638 -0.1909 -0.9997034780158602 -0.013482179568793384 0.020277743391895087 -1.0837 0.0007490755364604196 -0.8493707323460964 -0.5277961708081038 1.2461 0.0 0.0 0.0 1.0 
0.02371943746679156 -0.5271576529263206 0.8494363997660282 -0.1913 -0.9997185696072554 -0.012857694204444658 0.019936431028850177 -1.0842 0.00041215128541982615 -0.8496702234755305 -0.5273142720146686 1.2451 0.0 0.0 0.0 1.0 
0.02327991639566225 -0.5278640212624514 0.8490097882529068 -0.1918 -0.9997289348431219 -0.012563698537029017 0.019601283542363235 -1.0849 0.0003198906820189862 -0.8492359675235767 -0.5280134175702798 1.2435 0.0 0.0 0.0 1.0 
0.022643822221424886 -0.5314413311560889 0.8467924000924006 -0.1925 -0.9997400390440415 -0.009777549839041152 0.020597423415639304 -1.0852 -0.002666767223168276 -0.8470386715246175 -0.5315245782599223 1.2419 0.0 0.0 0.0 1.0 
0.02312083797723563 -0.5331539572408482 0.8457022435406294 -0.1932 -0.9997263513818274 -0.009320774766625087 0.021455663833323646 -1.0852 -0.0035565719462941625 -0.8459668912174835 -0.5332235645203777 1.2408 0.0 0.0 0.0 1.0 
0.02225409540439849 -0.5355104020808132 0.8442353726899732 -0.1941 -0.9997489406882103 -0.009715870361631684 0.02019052886671563 -1.0854 -0.002609756795879492 -0.8444727414939821 -0.535592175113775 1.2398 0.0 0.0 0.0 1.0 
0.020490484987263247 -0.537988123016013 0.8427033401611115 -0.1952 -0.9997856612656967 -0.00852903755828048 0.01886496874747645 -1.0856 -0.0029616806884880664 -0.8429092685526935 -0.5380475754386991 1.2386 0.0 0.0 0.0 1.0 
0.02178576427328896 -0.533921903853231 0.8452530869868324 -0.1958 -0.9997565583330081 -0.00868029287357494 0.02028488564836428 -1.0859 -0.003493500417480755 -0.8454892389033524 -0.5339810318292805 1.2377 0.0 0.0 0.0 1.0 
0.02160058775259087 -0.5330505776545309 0.8458076000314219 -0.1973 -0.9997647369546641 -0.009848896121289918 0.019325371591854712 -1.086 -0.001971129299119634 -0.8460260521445915 -0.533137912497248 1.2366 0.0 0.0 0.0 1.0 
0.022978863916446254 -0.5337139175387886 0.8453528411488945 -0.198 -0.9997359470822149 -0.012192084722536148 0.01947791523096326 -1.086 -8.902098368190892e-05 -0.8455772036281 -0.5338531490772971 1.2356 0.0 0.0 0.0 1.0 
0.023404224088650477 -0.5325309283902462 0.8460869060579005 -0.1984 -0.9997260310899918 -0.012741274120212892 0.01963473185062964 -1.086 0.0003241232184971743 -0.8463146402146284 -0.5326832311069339 1.2349 0.0 0.0 0.0 1.0 
0.02320159119757563 -0.5342378677890085 0.8450157316796856 -0.1991 -0.9997305809286599 -0.012966746590357625 0.019251728205688712 -1.086 0.0006721026296954702 -0.8452347390536639 -0.5343947830723461 1.2342 0.0 0.0 0.0 1.0 
0.023101049729754936 -0.5362291258547248 0.843756283583394 -0.1997 -0.9997331336198264 -0.012344184879588854 0.019526460056561945 -1.0861 -5.517304929919531e-05 -0.8439821951230582 -0.5363711879577411 1.2333 0.0 0.0 0.0 1.0 
0.023084108924126004 -0.5360208882410721 0.8438890515253954 -0.2001 -0.9997328156602167 -0.01137028024294065 0.020124960106608913 -1.0861 -0.0011921439823674995 -0.8441281443575077 -0.536140144641563 1.2328 0.0 0.0 0.0 1.0 
0.02311003937525362 -0.5333570436193167 0.8455744734213163 -0.2003 -0.9997313294221959 -0.01081692804427177 0.020500318032009468 -1.0862 -0.0017874707837369774 -0.8458210555958909 -0.5334637259072541 1.2322 0.0 0.0 0.0 1.0 
0.022330326660584307 -0.5338374594960054 0.8452922118120352 -0.2005 -0.9997498584177842 -0.01086165714377843 0.019551086867774903 -1.0861 -0.0012558283528702474 -0.8455173512370646 -0.5339464689013368 1.2322 0.0 0.0 0.0 1.0 
0.022124883338859522 -0.5337315961604053 0.8453644615178163 -0.2006 -0.9997548249763636 -0.01106491672014355 0.0191796129902701 -1.086 -0.0008828780901720679 -0.8455815459658766 -0.5338455484952885 1.2325 0.0 0.0 0.0 1.0 
0.02263857857993433 -0.5357432113525629 0.8440774290605828 -0.2007 -0.9997435880101753 -0.012556347134791937 0.018844001145493505 -1.0857 0.0005029835195092813 -0.844287598888124 -0.5358900982209929 1.2334 0.0 0.0 0.0 1.0 
0.02284900860132054 -0.5354633403220531 0.8442493316414802 -0.2007 -0.9997376617494621 -0.013581677143746168 0.018443040033609137 -1.0855 0.0015907500290883725 -0.844449257929162 -0.5356331956640037 1.2344 0.0 0.0 0.0 1.0 
0.02331652347433058 -0.5338464716610228 0.8452598916476208 -0.2006 -0.999724963760063 -0.014579680578580695 0.018369260985872826 -1.0852 0.002517254061779328 -0.8454557218502357 -0.5340395919992122 1.2357 0.0 0.0 0.0 1.0 
0.024574807296771056 -0.5299676817035549 0.8476616867572144 -0.2004 -0.9996945500335993 -0.01525336832212934 0.019445857860955595 -1.0849 0.0026240197113577834 -0.8478806467331288 -0.5301806516801283 1.2372 0.0 0.0 0.0 1.0 
0.025132429392574082 -0.5265181487323225 0.8497923276002882 -0.2 -0.9996801378441293 -0.015639345409188113 0.01987543396042485 -1.0844 0.002825419043324451 -0.8500200291349966 -0.5267427902464064 1.2392 0.0 0.0 0.0 1.0 
0.024832437719042796 -0.5275843047741691 0.8491396536453155 -0.2 -0.9996838796608174 -0.016449278346568813 0.019014783411164637 -1.0841 0.003935833231510089 -0.8493434067547905 -0.5278260003248608 1.2405 0.0 0.0 0.0 1.0 
0.022875483463418556 -0.5247652970540646 0.8509395367851199 -0.1993 -0.9997314794898111 -0.015156428797214724 0.01752859330432721 -1.0838 0.0036988070277333973 -0.8511120171128326 -0.5249710974450852 1.2418 0.0 0.0 0.0 1.0 
0.02325928957272866 -0.5238955590744961 0.8514648839679728 -0.1992 -0.9997229784477234 -0.01525698699358806 0.017921794315597595 -1.0835 0.00360164020760817 -0.8516458580477563 -0.5241052953919816 1.2432 0.0 0.0 0.0 1.0 
0.02187627723871724 -0.518409088204437 0.8548528796004721 -0.1991 -0.999755470194355 -0.014105405626765627 0.017030482922365142 -1.0832 0.003229289494508736 -0.8550164061578871 -0.5185908954949094 1.2444 0.0 0.0 0.0 1.0 
0.02521417471671175 -0.5198733358626587 0.8538711612722301 -0.1986 -0.9996755024749026 -0.016208865883599904 0.019651015707054298 -1.0828 0.003624244046219416 -0.8540895663370435 -0.5201133314281557 1.2454 0.0 0.0 0.0 1.0 
0.024046469405844248 -0.5206926447276033 0.8534054939099514 -0.1985 -0.9997017955770579 -0.01615588316683131 0.0183113997036356 -1.0827 0.004252908313190862 -0.8535913291298558 -0.5209258638282476 1.2466 0.0 0.0 0.0 1.0 
0.023603830422586722 -0.5197853755064661 0.8539707387252704 -0.1983 -0.9997126479079297 -0.015844683954297514 0.01798798497065357 -1.0826 0.004181004938744015 -0.8541499337938221 -0.5200100093245434 1.2484 0.0 0.0 0.0 1.0 
0.023488814267001057 -0.5196117461771784 0.8540795682130757 -0.1979 -0.9997102926704046 -0.01669822246502843 0.01733493857394597 -1.0827 0.005254172930575174 -0.8542393122546 -0.5198534322918372 1.2498 0.0 0.0 0.0 1.0 
0.022581295855318775 -0.5169795251623397 0.8556998630597158 -0.1974 -0.9997357801570899 -0.015354833147969454 0.017105524624899338 -1.0827 0.0042959226237890835 -0.8558600350886352 -0.5171896609435368 1.2512 0.0 0.0 0.0 1.0 
0.023708300068930988 -0.514104803211366 0.8573996546668563 -0.197 -0.9997138323109342 -0.01492773780871938 0.01869267584108525 -1.0825 0.0031890428073783617 -0.857597466157006 -0.5143115943152127 1.253 0.0 0.0 0.0 1.0 
0.022727806853594365 -0.5157473940522258 0.8564391819177612 -0.1966 -0.9997382826481397 -0.013961405641194038 0.0181230615589813 -1.0826 0.0026101730544735857 -0.8566269343657484 -0.5159297261408432 1.2548 0.0 0.0 0.0 1.0 
0.02229749281952627 -0.5141435029184385 0.8574142990531012 -0.1958 -0.9997507861157087 -0.012401755660916114 0.018562384479084926 -1.0828 0.0010897132584366531 -0.857614514139823 -0.5142918992767918 1.2561 0.0 0.0 0.0 1.0 
0.022323540408626746 -0.5122142313652585 0.8585675516408259 -0.1953 -0.9997491844895978 -0.009894022896990234 0.020091700358563613 -1.0828 -0.001796567841435559 -0.8588007274669787 -0.5123066297113281 1.2574 0.0 0.0 0.0 1.0 
0.02222675493482193 -0.5145659617222954 0.8571626697435419 -0.1949 -0.9997462249866701 -0.008293930668938396 0.020945079110880227 -1.0827 -0.0036683770211845546 -0.85741068441609 -0.5146197249029253 1.2592 0.0 0.0 0.0 1.0 
0.020485458082222296 -0.5151892585530655 0.8568315901498402 -0.1941 -0.9997807531242677 -0.006840132528111484 0.019790357987398643 -1.083 -0.004334938227130214 -0.8570491470496544 -0.5152164281658985 1.2608 0.0 0.0 0.0 1.0 
0.02082361489878616 -0.5109186783994916 0.8593767981072473 -0.1933 -0.999759613262225 -0.004741271187187118 0.02140644849797879 -1.0833 -0.006862415924011045 -0.8596159749621031 -0.5108945907304553 1.2622 0.0 0.0 0.0 1.0 
0.020343296974141722 -0.511430115110294 0.8590840399090728 -0.1927 -0.9997455665302921 -0.0020311475289500613 0.022465009297592153 -1.083 -0.009744355866199594 -0.8593224725316959 -0.511341310408973 1.2647 0.0 0.0 0.0 1.0 
0.022045832576122068 -0.5110403253977592 0.85927397672883 -0.1918 -0.9997110147787042 -0.003028565119179899 0.02384774042655452 -1.0831 -0.009584789833847807 -0.859551402541274 -0.5109594095357965 1.2668 0.0 0.0 0.0 1.0 
0.022377584335147055 -0.508211871681455 0.8609413088017999 -0.191 -0.9996926358198475 -0.0021827496853957518 0.024695535859287743 -1.0832 -0.01067134513029383 -0.8612293127186532 -0.5081045102213392 1.2684 0.0 0.0 0.0 1.0 
0.020218513170858807 -0.508400764343108 0.8608831944814019 -0.1904 -0.9997266260415646 -0.00016749629833162638 0.02338044329220318 -1.0833 -0.011742440492065243 -0.86112056923542 -0.5082651673398018 1.2707 0.0 0.0 0.0 1.0 
0.02093149432593744 -0.5070287328889509 0.8616749599299658 -0.1897 -0.9996275136255515 0.004483595990058653 0.02692083523584693 -1.0833 -0.01751303937301968 -0.861917491058177 -0.5067460232304701 1.2731 0.0 0.0 0.0 1.0 
0.019954166631247383 -0.5067036427177398 0.8618893488671415 -0.1892 -0.9996375533601718 0.005470962115715516 0.026359637433351346 -1.0835 -0.01807188828378886 -0.8621029445664254 -0.5064108211953579 1.2747 0.0 0.0 0.0 1.0 
0.018725571184419795 -0.5083104596904731 0.8609702837805013 -0.1885 -0.9996196487100446 0.007919418645313023 0.026416675058141048 -1.0834 -0.020246256360729353 -0.8611374799517091 -0.5079688275138499 1.2769 0.0 0.0 0.0 1.0 
0.020847349025147857 -0.5040487198448115 0.863423578587839 -0.1878 -0.9995627784187427 0.007603735320375407 0.02857333037958748 -1.0835 -0.020967594960487224 -0.8636417493567483 -0.5036698211423716 1.2792 0.0 0.0 0.0 1.0 
0.02057372278748977 -0.5005458174616368 0.8654655432495999 -0.1873 -0.9995689480559558 0.007835745339211456 0.02829344760344865 -1.0834 -0.02094373445624237 -0.8656745841923746 -0.5001688457614945 1.2811 0.0 0.0 0.0 1.0 
0.021075002929328374 -0.4992100914354518 0.8662246411067609 -0.1869 -0.9995875937610126 0.006382955656988293 0.02799821916033224 -1.0833 -0.01950606702023433 -0.8664574672112237 -0.4988696932700094 1.2835 0.0 0.0 0.0 1.0 
0.02269708168178411 -0.4951422696217685 0.8685153857686889 -0.1861 -0.9995549913394761 0.0055807332019930656 0.029303151797513083 -1.0834 -0.01935618173789294 -0.8687939849301054 -0.49479526066626545 1.2854 0.0 0.0 0.0 1.0 
0.024231088888608435 -0.4945281382957433 0.8688237880980345 -0.1856 -0.9995173107393769 0.004917578103584674 0.030675119525745642 -1.0831 -0.019442218587290894 -0.8691477077340428 -0.49417027660216745 1.2869 0.0 0.0 0.0 1.0 
0.025349368892002372 -0.49577585858246026 0.8680804729652668 -0.1851 -0.999510918154157 0.003337085521037203 0.031093220335931926 -1.0829 -0.018312126785567817 -0.8684441040775448 -0.49544879059852365 1.2888 0.0 0.0 0.0 1.0 
0.028111279367448505 -0.49463312594044195 0.8686471243806153 -0.1844 -0.9994812844402052 -0.00024815787576848436 0.032204044333380366 -1.0827 -0.015713625491365846 -0.8691018404882456 -0.4943835280769997 1.2908 0.0 0.0 0.0 1.0 
0.02783605787095153 -0.493493749546051 0.8693037863952882 -0.184 -0.9994650163953671 0.0011979604641347563 0.03268403115491214 -1.0826 -0.017170756652341745 -0.8697485177048053 -0.49319639198424825 1.2918 0.0 0.0 0.0 1.0 
0.02824014229315097 -0.4937707144998649 0.8691334626313472 -0.1836 -0.9994463399575064 0.0013551690571198538 0.03324420344016449 -1.0824 -0.017592836860694294 -0.8695910791970669 -0.49345906321808863 1.2932 0.0 0.0 0.0 1.0 
0.03186029717697851 -0.49504896183558267 0.8682807419546437 -0.1831 -0.9993644124973191 -0.0018801451253297186 0.035598259623131234 -1.082 -0.01599038766518096 -0.868863044696815 -0.49479421688465375 1.2952 0.0 0.0 0.0 1.0 
0.02995454005602273 -0.4921905892319085 0.8699719244904283 -0.1828 -0.9994321619416346 -0.0013126423951304866 0.033669431931846516 -1.0822 -0.015429815510979716 -0.8704864736694591 -0.4919504242825774 1.2964 0.0 0.0 0.0 1.0 
0.029465427617362663 -0.49014611133214153 0.8711421113235807 -0.1824 -0.9994476918718698 -0.0010497314736006014 0.0332145943197491 -1.0822 -0.015365538953064417 -0.8716396546795087 -0.4899063304376345 1.298 0.0 0.0 0.0 1.0 
0.030895367627769954 -0.48704668538623497 0.8728293089220975 -0.1818 -0.9994028865237803 -0.0015365717454829952 0.034518246699481614 -1.082 -0.015470832785607735 -0.8733745847009473 -0.48680333619580596 1.2999 0.0 0.0 0.0 1.0 
0.0328205361528837 -0.48657612873468964 0.8730214678644506 -0.1813 -0.9993512967590086 -0.003019525444575427 0.035886879666213733 -1.0819 -0.014825588444476623 -0.873632962640291 -0.4863595876670087 1.3014 0.0 0.0 0.0 1.0 
0.0327023430226239 -0.48701104700514347 0.8727833619265348 -0.1808 -0.9993659398823815 -0.0036305116408178184 0.035419452116461914 -1.082 -0.014081014304200223 -0.8733882638782021 -0.4868209789604235 1.3031 0.0 0.0 0.0 1.0 
0.03323934520007271 -0.48209926736373104 0.8754858321743555 -0.1803 -0.9993747390287897 -0.005468378663803952 0.03493175955956834 -1.0819 -0.012053087646269056 -0.8760995338670958 -0.4819795948336904 1.3054 0.0 0.0 0.0 1.0 
0.03476036484386408 -0.47974078178056623 0.8767214491116848 -0.1797 -0.9993263150231749 -0.006349658402617642 0.036146893924265566 -1.0819 -0.011774257434059243 -0.8773872942633378 -0.4796383040658192 1.3073 0.0 0.0 0.0 1.0 
0.03663423173420788 -0.4813450044216727 0.8757653337416045 -0.1797 -0.9992506093573401 -0.0066858027848758494 0.03812505396856469 -1.082 -0.012496109963847923 -0.8765057254572964 -0.48122921822801845 1.3092 0.0 0.0 0.0 1.0 
0.03648386998063784 -0.47522771668510355 0.8791061053851799 -0.1786 -0.9992477944336788 -0.005777562753964294 0.038346643765163835 -1.0818 -0.013144297267799865 -0.8798438708446442 -0.47508103559966347 1.3114 0.0 0.0 0.0 1.0 
0.0384701742616453 -0.47224977394155565 0.8806248898960487 -0.1782 -0.9991632724771948 -0.0059333997294848395 0.04046664923505161 -1.0816 -0.013885266469938484 -0.8814448058612628 -0.47208288847961755 1.3132 0.0 0.0 0.0 1.0 
0.038108757935056484 -0.4745552220496995 0.8794004001557012 -0.1783 -0.9991804693974133 -0.006081683959464013 0.040017529846076705 -1.0815 -0.013642292454412341 -0.8802047229739098 -0.47439807494446123 1.315 0.0 0.0 0.0 1.0 
0.03599422914089834 -0.4727646848511067 0.8804532743003378 -0.1778 -0.9992769876068288 -0.006232230628683388 0.03750548414315241 -1.0813 -0.012244080527906487 -0.8811666766616997 -0.4726471944622135 1.3168 0.0 0.0 0.0 1.0 
0.03748152665800279 -0.47156222837989725 0.8810358675586203 -0.1775 -0.9992292561616956 -0.007395996832064239 0.03855117198483654 -1.0811 -0.011663138082427693 -0.8818017713728212 -0.4714759879504201 1.3184 0.0 0.0 0.0 1.0 
0.03617340261315996 -0.4715697162506803 0.8810865381213353 -0.1774 -0.9992835569735212 -0.0072498130089900525 0.03714583386710052 -1.0811 -0.011129137690485458 -0.8817989810192499 -0.4714941138208181 1.32 0.0 0.0 0.0 1.0 
0.0353487495963081 -0.47159243290512265 0.8811078498847942 -0.1773 -0.9993035506516246 -0.006134178494281856 0.03680741106430235 -1.081 -0.01195322370884705 -0.8817952988538937 -0.47148082820210047 1.3217 0.0 0.0 0.0 1.0 
0.03646238536866121 -0.47160049638287976 0.8810581514659793 -0.1772 -0.9992470095635526 -0.0055045362928730635 0.03840721232396277 -1.0808 -0.013263043825787357 -0.8817951416806638 -0.4714460942428662 1.3232 0.0 0.0 0.0 1.0 
0.03646391260879271 -0.47144271680402317 0.8811425241410722 -0.1771 -0.9992357165581292 -0.004773631333204936 0.03879684521268195 -1.0808 -0.014084240548232818 -0.881883766273275 -0.4712564662175398 1.3248 0.0 0.0 0.0 1.0 
0.03286790278957921 -0.4665613213885304 0.8838779521802791 -0.1762 -0.9993541594670483 -0.002489676252081713 0.035847809808543685 -1.0807 -0.014524631565877077 -0.884485350300585 -0.4663418276131011 1.3267 0.0 0.0 0.0 1.0 
0.03631255345478385 -0.46938641146527615 0.8822458813694423 -0.1768 -0.9992258935695619 -0.0036851290565264594 0.0391667390006773 -1.0805 -0.015133145135889647 -0.8829851734630583 -0.4691568728716535 1.328 0.0 0.0 0.0 1.0 
0.03614052338209048 -0.46946988472384427 0.882208529717917 -0.1767 -0.9992150016641963 -0.002643394396003945 0.0395271162025137 -1.0804 -0.016224765603496838 -0.8829445281576003 -0.46919688530260306 1.3293 0.0 0.0 0.0 1.0 
0.03681058002876182 -0.46773265120242624 0.8831031356512645 -0.1764 -0.9991867846836333 -0.0026761158636584292 0.040231924108436845 -1.0802 -0.016454498215651148 -0.883865943117526 -0.4674507932236691 1.3309 0.0 0.0 0.0 1.0 
0.03366607897436541 -0.46077786380998415 0.886876741914681 -0.1751 -0.999254009772472 0.001281383213879883 0.03859769437020372 -1.0799 -0.01892139212976307 -0.8875145735590866 -0.46039098887804575 1.3325 0.0 0.0 0.0 1.0 
0.037900719662700116 -0.4655595250228778 0.8842046505812566 -0.1758 -0.9991210212060723 -0.0017971844100909407 0.04188024728116774 -1.0799 -0.01790866921870654 -0.8850147449555115 -0.46521842265558067 1.3333 0.0 0.0 0.0 1.0 
0.03699131081733263 -0.4673594014480884 0.8832931748870811 -0.1757 -0.9991414693144589 -0.000797641416976469 0.04142086508408316 -1.0798 -0.01865387949353653 -0.8840670526867599 -0.46698766486234533 1.3344 0.0 0.0 0.0 1.0 
0.03641666233159496 -0.46641899457017016 0.8838139782832009 -0.1756 -0.9991656461997882 -0.0006313704428670408 0.040836415434311324 -1.0796 -0.01848886580584047 -0.884563690683444 -0.4660528285137836 1.3356 0.0 0.0 0.0 1.0 
0.036431406490280135 -0.4651449545596877 0.8844845526456675 -0.1752 -0.999150037177374 0.00012699444526290127 0.04122119698484389 -1.0794 -0.019286156423517997 -0.8852345198421023 -0.4647449720549225 1.337 0.0 0.0 0.0 1.0 
0.03758246641150606 -0.462049376260469 0.8860575219000962 -0.1747 -0.9990992910024037 0.00010785628758666621 0.04243341944170276 -1.0792 -0.019701901860537996 -0.886854194478626 -0.46162915072463195 1.3384 0.0 0.0 0.0 1.0 
0.03709404699411112 -0.46071123836759337 0.8867745973579741 -0.1743 -0.9991019615052386 0.0010855644449597746 0.04235672397885182 -1.0791 -0.020476869731076486 -0.8875494219431582 -0.46025723396203355 1.3394 0.0 0.0 0.0 1.0 
0.03675378965316842 -0.46165336130052637 0.8862986702833622 -0.174 -0.9990669769177157 0.0031528990388628164 0.04307243736018207 -1.079 -0.022678945712416243 -0.8870548084687755 -0.4611067470703468 1.3402 0.0 0.0 0.0 1.0 
0.037420529315165804 -0.46180130132293307 0.8861936933211718 -0.1736 -0.9989763008394336 0.005269135679308867 0.0449286831584797 -1.0786 -0.02541759915756875 -0.886967752686443 -0.46113138187226715 1.3411 0.0 0.0 0.0 1.0 
0.036476030494947645 -0.46228637909570436 0.885980136855175 -0.1735 -0.9989655789120695 0.007221468159964939 0.04489568516559961 -1.0782 -0.027152741080886778 -0.8867012766993163 -0.4615447698236835 1.3416 0.0 0.0 0.0 1.0 
0.03580106419216936 -0.46386702704170896 0.8851811481421159 -0.1732 -0.9989736819719788 0.007980991245245012 0.04458572087665835 -1.0779 -0.02774646878534509 -0.8858688870268725 -0.46310522396936316 1.3422 0.0 0.0 0.0 1.0 
0.03610247598220731 -0.46447517463342464 0.8848499439889252 -0.1728 -0.9989857576980994 0.0070674963577025685 0.044469162479056745 -1.0777 -0.026908495764517093 -0.8855579386152461 -0.46374893014562046 1.3428 0.0 0.0 0.0 1.0 
0.03680398942778437 -0.466323376848524 0.8838483889032038 -0.1728 -0.9989486288867186 0.0070233918546815655 0.045302415081323544 -1.0775 -0.02733318875551244 -0.8845864458442969 -0.4655746090810906 1.3432 0.0 0.0 0.0 1.0 
0.04024697890066038 -0.466120921538768 0.8838051070191999 -0.1724 -0.9988319519627105 0.004900937431629754 0.04806987154811815 -1.0772 -0.02673784635551496 -0.8847074473045543 -0.4653792219858208 1.3437 0.0 0.0 0.0 1.0 
0.03565112942994929 -0.46866630310076984 0.8826555915577865 -0.1723 -0.9990240804852528 0.006330740938677137 0.04371279366229258 -1.077 -0.026074577292140577 -0.8833526012057837 -0.4679832244450772 1.3442 0.0 0.0 0.0 1.0 
0.0355332839433993 -0.46988908103714616 0.8820099983867891 -0.1723 -0.9990598020211541 0.00523246048796136 0.04303641879494802 -1.0767 -0.024837425745233566 -0.882709959657932 -0.4692613657686319 1.3449 0.0 0.0 0.0 1.0 
0.03438343354447575 -0.4689917267744018 0.8825330247162751 -0.1723 -0.999107615373816 0.005544500874369335 0.041871606275626805 -1.0763 -0.02453064205722333 -0.8831851554046971 -0.4683825667902697 1.346 0.0 0.0 0.0 1.0 
0.03513119074913658 -0.4692641082089349 0.882358768406265 -0.172 -0.9990844531378551 0.005077668978807848 0.04247908633639308 -1.0759 -0.024414236313693494 -0.8830432684894974 -0.4686560903696915 1.3472 0.0 0.0 0.0 1.0 
0.03850657624437945 -0.4723999838198293 0.8805427297257986 -0.1717 -0.9989991394409211 0.0018705697345105798 0.04469027148236415 -1.0755 -0.022758800105341037 -0.8813822985832501 -0.47185514807181217 1.3483 0.0 0.0 0.0 1.0 
0.03621889818283744 -0.4658851581657134 0.8841036199537524 -0.1715 -0.9990584380716349 0.004263254566962332 0.04317478405692743 -1.0753 -0.023883649894567927 -0.8848349247522982 -0.4652920880547058 1.3498 0.0 0.0 0.0 1.0 
0.036649698957887306 -0.46412363903842785 0.8850118910229532 -0.1713 -0.9990723704083102 0.0030196912236072626 0.04295672417252805 -1.075 -0.022609693784233775 -0.885765278812983 -0.46358243344236194 1.3515 0.0 0.0 0.0 1.0 
0.036802204824253004 -0.46338269720966935 0.8853937393311326 -0.1711 -0.9990801098812088 0.0024548670035370312 0.042812470937180214 -1.0747 -0.022012082132903454 -0.8861548677035448 -0.46286609152700686 1.3528 0.0 0.0 0.0 1.0 
0.03631269802588828 -0.46376406152453487 0.8852142583580249 -0.1709 -0.999109389190203 0.0022005537929030428 0.04213770277297896 -1.0742 -0.021489913775071978 -0.8859560106468447 -0.4632711201927744 1.3545 0.0 0.0 0.0 1.0 
0.03690044089176689 -0.4593771902501168 0.887474481064048 -0.1707 -0.9990825414104972 0.0023572619230562697 0.04276118292292924 -1.0739 -0.02173552186480293 -0.8882381664813408 -0.458868746696842 1.3567 0.0 0.0 0.0 1.0 
0.035890244871146004 -0.45998726396307077 0.887199868865442 -0.1703 -0.9991480673948504 0.0015813290822673798 0.041238802352505655 -1.0736 -0.02037227881766368 -0.8879241050844953 -0.4595386315269626 1.358 0.0 0.0 0.0 1.0 
0.037627141717118257 -0.45724024270275 0.8885468803947993 -0.1698 -0.9990549724946687 0.0021466280434874474 0.043411449200864316 -1.0731 -0.021756841220090084 -0.8893406279042766 -0.4567273666192453 1.3594 0.0 0.0 0.0 1.0 
0.03821857645258667 -0.45650485774146043 0.888899687969563 -0.1693 -0.9990297925937562 0.0020236577260176747 0.04399293488145356 -1.0727 -0.0218818172009016 -0.8897186182540278 -0.45598461202997786 1.3607 0.0 0.0 0.0 1.0 
0.03772201243591286 -0.45628364979427893 0.8890344654220088 -0.1688 -0.9990307995175921 0.0029748070279754513 0.0439159667818817 -1.0724 -0.022682843583331058 -0.8898294114343257 -0.4557292037530797 1.3617 0.0 0.0 0.0 1.0 
0.037741286090474974 -0.4557505207800515 0.8893070662785428 -0.1682 -0.9989915902184251 0.004449843163478823 0.0446766333633436 -1.0721 -0.024318675891156216 -0.8900964339354092 -0.45512299469304845 1.3627 0.0 0.0 0.0 1.0 
0.037329629216078825 -0.4550482687429789 0.8896839730469512 -0.1673 -0.9989633519629186 0.006217768246954497 0.045095019603473785 -1.0717 -0.02605225935692701 -0.8904450642639585 -0.45434443686519876 1.3635 0.0 0.0 0.0 1.0 
0.037277331933298324 -0.4563737293432334 0.8890069851746294 -0.1667 -0.9989147728693216 0.007840436010900259 0.045910827770694274 -1.0715 -0.027922698067451623 -0.889753643841096 -0.4555861896547412 1.3639 0.0 0.0 0.0 1.0 
0.036816467071605366 -0.4584175055283725 0.8879740640229925 -0.1662 -0.9989043463435252 0.008807032825165817 0.04596240886670999 -1.0713 -0.02889038955049872 -0.888693325505464 -0.45759099487824206 1.3646 0.0 0.0 0.0 1.0 
0.03639465537676413 -0.4578740310240315 0.8882718056843923 -0.1658 -0.998893010332677 0.00983994371049135 0.045999232779438515 -1.0711 -0.02980239870428525 -0.8889626241983285 -0.4570090478424822 1.3656 0.0 0.0 0.0 1.0 
0.03584108078609885 -0.46052512956783787 0.886922782413785 -0.1657 -0.9989120356747254 0.009986925087486359 0.04555223717308282 -1.071 -0.02983558131259023 -0.8875904834797537 -0.45966615246711034 1.3663 0.0 0.0 0.0 1.0 
0.03183059217353594 -0.4578098976831432 0.8884801128811115 -0.1646 -0.9989780344251112 0.013967069522588915 0.042986133870040355 -1.0707 -0.03208894105488519 -0.8889403908881077 -0.4568974516340345 1.3674 0.0 0.0 0.0 1.0 
0.03643593184934828 -0.4603796436401068 0.8869740732355584 -0.1651 -0.998835542641519 0.011308509917098364 0.04690070745177205 -1.0708 -0.03162248608650914 -0.8876501007295965 -0.4594315150797183 1.3681 0.0 0.0 0.0 1.0 
0.03643107090358465 -0.4621273581576182 0.8860649422672575 -0.1649 -0.9988245376941294 0.011530107338115853 0.04708077659597726 -1.0709 -0.031973738801190865 -0.8867386094374328 -0.4611640907096315 1.3689 0.0 0.0 0.0 1.0 
0.03876105091403394 -0.4617288653503321 0.886173818070888 -0.1646 -0.9987452863995788 0.010240054869821824 0.04902034445908049 -1.071 -0.03170857654741904 -0.886962003796419 -0.46075261257509814 1.3701 0.0 0.0 0.0 1.0 
0.03325704323415618 -0.46103407934430296 0.8867590127867164 -0.1644 -0.9988942985625878 0.01416587841564193 0.044827538275799717 -1.0707 -0.03322874319736613 -0.8872693534501592 -0.46005319806915723 1.372 0.0 0.0 0.0 1.0 
0.03245000729540938 -0.46149095289727443 0.8865512378991375 -0.1643 -0.9989098835283452 0.014806126255973218 0.04426989061065745 -1.0708 -0.033556543563294405 -0.8870213520650206 -0.46050741510297843 1.3732 0.0 0.0 0.0 1.0 
0.031884216758836195 -0.4635303777023 0.885507191201087 -0.1643 -0.9988818732919001 0.016162800624744456 0.04442709854164506 -1.0709 -0.034905585950386675 -0.8859336052002587 -0.4624967537684262 1.3744 0.0 0.0 0.0 1.0 
0.036575604595786335 -0.4587761379198713 0.887798783747635 -0.1636 -0.9987634187931722 0.01315301466633731 0.04794404536291852 -1.0711 -0.03367281439124392 -0.8884545309021247 -0.45772774450590015 1.3763 0.0 0.0 0.0 1.0 
0.036138615945698394 -0.4564095693339298 0.8890356041565187 -0.1632 -0.9987709793351456 0.013699780632817238 0.04763241384316924 -1.0712 -0.0339194822402048 -0.8896643305376639 -0.4553535414307513 1.3775 0.0 0.0 0.0 1.0 
0.03345225432192138 -0.4598581738185378 0.8873620493648922 -0.1633 -0.9988698637729495 0.014610470503692408 0.04522752920368589 -1.0714 -0.03376302603427339 -0.8878721721756688 -0.4588497182619477 1.3789 0.0 0.0 0.0 1.0 
0.033855914903843126 -0.4616771354063714 0.8864017146130705 -0.1636 -0.9988303865987602 0.015003634287698048 0.04596465778326553 -1.0715 -0.034520078693355216 -0.8869211428312713 -0.46062918987606133 1.3805 0.0 0.0 0.0 1.0 
0.036246086602693656 -0.457034305095539 0.8887102256482862 -0.1629 -0.9987691929844 0.013561877302700615 0.04770927194285007 -1.0717 -0.033857352986912004 -0.8893456692703148 -0.45598021908724884 1.382 0.0 0.0 0.0 1.0 
0.039469884822416576 -0.4551912956411581 0.8895184160907679 -0.1623 -0.998691058820089 0.011011674685674822 0.04994909462068253 -1.0717 -0.032531480521399536 -0.89032557381732 -0.454160847478011 1.3833 0.0 0.0 0.0 1.0 
0.03710573996166838 -0.45740346109523716 0.8884847988795278 -0.1623 -0.9987715282341185 0.012245053404428108 0.048015550147908925 -1.0718 -0.032842022635347856 -0.8891749729075941 -0.4563871920902236 1.3847 0.0 0.0 0.0 1.0 
0.03649323364801364 -0.4592268738913609 0.8875691084044552 -0.1628 -0.9987701905583619 0.01306717282811734 0.04782630496174084 -1.0719 -0.033561143453774145 -0.8882229040563232 -0.4581852489548601 1.3858 0.0 0.0 0.0 1.0 
0.04001393109245187 -0.45757998748249673 0.8882676625736448 -0.162 -0.9986357705318515 0.011533670960060277 0.05092712684258072 -1.0718 -0.03354822100773386 -0.8890936561969741 -0.4564942358644992 1.387 0.0 0.0 0.0 1.0 
0.03911468458402631 -0.4588648260801848 0.8876446996610154 -0.1618 -0.9986911567846242 0.01134459463473278 0.04987257295110292 -1.0718 -0.03295473881070249 -0.8884336618785759 -0.4578205037249238 1.3883 0.0 0.0 0.0 1.0 
0.03991497795670186 -0.45599298223770157 0.8890878441890222 -0.1615 -0.9986658560244217 0.010968478335026677 0.05045988995254558 -1.0718 -0.032761296459770384 -0.8899157783930911 -0.45494681537658194 1.3896 0.0 0.0 0.0 1.0 
0.04223452779186336 -0.45676919309757585 0.8885821002581515 -0.1612 -0.9985511767682249 0.010383518179394785 0.052798957612922304 -1.0719 -0.033343545657162965 -0.8895246409106425 -0.455668872291932 1.3909 0.0 0.0 0.0 1.0 
0.042045874080028425 -0.4555655066637651 0.8892087570481034 -0.1611 -0.9985164792071719 0.011658754462450849 0.053187537977400334 -1.0718 -0.03459747425115767 -0.8901259138922823 -0.4543994632400761 1.3921 0.0 0.0 0.0 1.0 
0.04281913373121843 -0.4529800657741122 0.8904917640258043 -0.1608 -0.9984249329420237 0.012939770137710471 0.05459135122433384 -1.0717 -0.03625155260431462 -0.891426734151531 -0.45171252204661366 1.3932 0.0 0.0 0.0 1.0 
0.043427396000132096 -0.4534808901325893 0.8902073598669031 -0.1604 -0.9984298286423783 0.011857769873533236 0.05474733391478648 -1.0718 -0.03538274372909084 -0.8911871159179651 -0.45225389535969795 1.3943 0.0 0.0 0.0 1.0 
0.04284606847032185 -0.45311809174479417 0.8904202431156836 -0.1604 -0.9984888356970896 0.01127780748266588 0.05378527722950488 -1.072 -0.034413070262725165 -0.8913791595005688 -0.45195014614794904 1.3954 0.0 0.0 0.0 1.0 
0.04617996044798939 -0.4506834718309729 0.8914885414134063 -0.16 -0.9982968106461294 0.01102756904261143 0.05728761275159122 -1.0719 -0.0356495316489287 -0.8926157073116017 -0.4494066198375597 1.3964 0.0 0.0 0.0 1.0 
0.04499008780232189 -0.454140148725464 0.8897935812957705 -0.1602 -0.998364829872689 0.011001664449234394 0.056094829107712185 -1.0721 -0.035264124444204514 -0.8908623286989747 -0.45290258647111287 1.3973 0.0 0.0 0.0 1.0 
0.04412986709579439 -0.4535867408692666 0.8901188815757727 -0.1599 -0.9983965709252234 0.011594417898169757 0.05540628699306588 -1.0723 -0.03545196743289292 -0.8911367111623218 -0.4523477865801243 1.3982 0.0 0.0 0.0 1.0 
0.045377515853841935 -0.45234469218923007 0.8906880264734476 -0.1595 -0.9983090688530483 0.011891799046938434 0.05689980809446499 -1.0725 -0.036330209202453445 -0.8917639062911538 -0.4510401881602659 1.399 0.0 0.0 0.0 1.0 
0.04738335465792655 -0.4528016495840768 0.8903513260703892 -0.1588 -0.9981940550157011 0.011485382125029503 0.058963671262516004 -1.0728 -0.03692487281864559 -0.8915372971061735 -0.451439698781516 1.3997 0.0 0.0 0.0 1.0 
0.04678312788071241 -0.45334595075543277 0.8901060542875494 -0.1584 -0.9982569408980253 0.010876096379634992 0.05800681405195185 -1.0731 -0.035978033501203655 -0.8912682870276457 -0.45204692416185355 1.4005 0.0 0.0 0.0 1.0 
0.04528182988266913 -0.45295357500243466 0.8903834088610314 -0.1583 -0.9983467967360562 0.011066477150690951 0.056402185510215586 -1.0735 -0.03540097921431756 -0.8914654182726254 -0.45170364033808774 1.4015 0.0 0.0 0.0 1.0 
0.04552925729947843 -0.4557429013753946 0.8889462832903321 -0.1578 -0.9982857580979583 0.012004613405855347 0.05728380605163064 -1.0738 -0.036778144441267924 -0.8900305034676697 -0.4544150866647628 1.4025 0.0 0.0 0.0 1.0 
0.04529068449501922 -0.4581321050954717 0.887729535488577 -0.1574 -0.9982654231477639 0.012705007207312324 0.05748676142798903 -1.0742 -0.0376151411746522 -0.8887933151597476 -0.45676202127777343 1.4036 0.0 0.0 0.0 1.0 
0.04680036874933481 -0.4557690740639246 0.8888668497653851 -0.157 -0.9981691028147812 0.012795341129283405 0.05911616894996086 -1.0744 -0.03831667614578976 -0.8900060844580213 -0.45433578106598704 1.4049 0.0 0.0 0.0 1.0 
0.04740797723061674 -0.4568863285024304 0.8882608662563438 -0.1563 -0.9981412901315186 0.012423397509148004 0.059662585670728185 -1.0749 -0.038294237549383436 -0.889438329521445 -0.4554481412286281 1.4063 0.0 0.0 0.0 1.0 
0.0477027911585137 -0.4586846879586539 0.8873177563578678 -0.1557 -0.9981458781515449 0.011732145316186021 0.05972572892281991 -1.0753 -0.03780541819328942 -0.8885216450928773 -0.45727457457929843 1.4075 0.0 0.0 0.0 1.0 
0.04903436545496939 -0.4567816842844877 0.8882263922596849 -0.1552 -0.9980437946260541 0.012124125617674925 0.06133179914558279 -1.0755 -0.03878421087060785 -0.889496204871181 -0.4552936266926112 1.409 0.0 0.0 0.0 1.0 
0.05015818520564086 -0.4548228912697586 0.8891683159188106 -0.1546 -0.9979309973102964 0.013031816941362018 0.06295948184732647 -1.0757 -0.04022289228976006 -0.8904865576325248 -0.45322820919667184 1.4108 0.0 0.0 0.0 1.0 
0.05150981563033889 -0.45360923607797576 0.8897108518156243 -0.154 -0.9978959195735659 0.011748296545250697 0.06376292987866905 -1.076 -0.03937604083901419 -0.8911232453892335 -0.45204965317407797 1.4122 0.0 0.0 0.0 1.0 
0.052404385995010835 -0.4508975331440752 0.8910360233644168 -0.1536 -0.9978199954158748 0.012197954956986029 0.06485727902965593 -1.076 -0.04011280439895998 -0.8924923666337179 -0.44927534811493486 1.4136 0.0 0.0 0.0 1.0 
0.05263193160180639 -0.4466021887538751 0.8931832761399594 -0.1528 -0.997782796280855 0.012966660498933524 0.06527907138940742 -1.0762 -0.04073538046736186 -0.8946386704786204 -0.44492952033150795 1.4155 0.0 0.0 0.0 1.0 
0.05410691802484094 -0.4462982404797802 0.8932470665871259 -0.1521 -0.9977277303448675 0.011803192097611631 0.06633295378005022 -1.0765 -0.04014744727541891 -0.8948064400757066 -0.4446454961835418 1.4168 0.0 0.0 0.0 1.0 
0.05481187055162075 -0.44643667528149633 0.8931349023581129 -0.1516 -0.9977393809156205 0.010342965541170979 0.06640143698692164 -1.0768 -0.03888170028106219 -0.8947554515214857 -0.44486053472502557 1.4178 0.0 0.0 0.0 1.0 
0.05462628600497428 -0.44525578743612265 0.893735560796336 -0.151 -0.9977328261561327 0.010896602037152675 0.06641138211586983 -1.077 -0.03930873297117199 -0.8953371140630116 -0.44365107426165307 1.4191 0.0 0.0 0.0 1.0 
0.05455586518731166 -0.44896207738883653 0.8918837988439773 -0.1505 -0.9976993186956911 0.011491646412645745 0.06681325869077542 -1.0773 -0.040245832676410576 -0.89347691359622 -0.44730222201857583 1.4199 0.0 0.0 0.0 1.0 
0.05485981705594571 -0.4506128550822097 0.8910322414521528 -0.15 -0.9976690357563378 0.011531625222180236 0.06725709414444037 -1.0775 -0.04058196108626466 -0.8926449890378562 -0.4489298697792321 1.4208 0.0 0.0 0.0 1.0 
0.05413028260836014 -0.447787724019569 0.8924998973233069 -0.1495 -0.9976991120583579 0.012286072597337133 0.06667483946810276 -1.0776 -0.04082149314642197 -0.8940554829749143 -0.4460923660631163 1.4218 0.0 0.0 0.0 1.0 
0.05438653995455005 -0.44986725339209394 0.8914379162887486 -0.1488 -0.9977171411371168 0.011309176208644717 0.06657784026731844 -1.0778 -0.040032618612212634 -0.8930238277106248 -0.4482252029818423 1.4229 0.0 0.0 0.0 1.0 
0.05504543230321528 -0.45059249400068185 0.8910310907778686 -0.1483 -0.9976901306785333 0.010753924058906128 0.06707276842346077 -1.078 -0.03980456668780685 -0.8926649749304503 -0.4489597298235279 1.4239 0.0 0.0 0.0 1.0 
0.05674452106183654 -0.4481972647327022 0.8921318687366722 -0.1477 -0.9975987635196046 0.010086041174042049 0.06851991533555513 -1.0781 -0.03970851739386533 -0.893877778927052 -0.4465487095343816 1.4254 0.0 0.0 0.0 1.0 
0.05782655000029656 -0.44665747997452426 0.892834355128582 -0.1468 -0.9975246051717901 0.009990450204215517 0.0696049781379307 -1.0781 -0.04000940129429492 -0.894649253332011 -0.44497411309035445 1.4267 0.0 0.0 0.0 1.0 
0.057518089584667004 -0.44579440280321797 0.8932855197527003 -0.1459 -0.9975751226987912 0.00945652150001211 0.06895251100294325 -1.0782 -0.03918601718753034 -0.8950854286773087 -0.4441694850240576 1.4277 0.0 0.0 0.0 1.0 
0.05709737698525824 -0.44386023922170903 0.8942751129151756 -0.1451 -0.9976099668202438 0.00954762322578323 0.06843388774320747 -1.078 -0.03891328362288049 -0.8960451612105191 -0.44225425428015913 1.4292 0.0 0.0 0.0 1.0 
0.05847907682235251 -0.44377713105194505 0.8942270715703646 -0.1446 -0.9975373931721158 0.00876794035325254 0.06958643865970904 -1.0783 -0.03872139973432048 -0.8960942925704116 -0.442171541401466 1.4309 0.0 0.0 0.0 1.0 
0.057678782794826286 -0.4432414002301863 0.894544699351179 -0.1437 -0.9975519185564574 0.009899244963723297 0.0692255352704425 -1.0779 -0.03953894029483257 -0.8963476256849973 -0.4415853327831776 1.4322 0.0 0.0 0.0 1.0 
0.05565208402896164 -0.4368249287823879 0.8978233830422857 -0.143 -0.9976542480891061 0.011570189285458193 0.0674694893241286 -1.0781 -0.039860341355706264 -0.8994721298151267 -0.43515634072462517 1.434 0.0 0.0 0.0 1.0 
0.05784848435304016 -0.4389138558858039 0.896665032199601 -0.1425 -0.9975428795109778 0.010141185655109158 0.06932070318783068 -1.0785 -0.03951906369086672 -0.8984719157908967 -0.43724873943790027 1.4357 0.0 0.0 0.0 1.0 
0.055908976301878244 -0.4352414047192655 0.8985761548065231 -0.1417 -0.9976275629750953 0.011854485556084537 0.06781383903432203 -1.0783 -0.04016754860890037 -0.9002357417866729 -0.43354604974391187 1.4368 0.0 0.0 0.0 1.0 
0.05702128631546237 -0.43785585894630696 0.8972350972255386 -0.1412 -0.997550366671954 0.011487022105663353 0.06900227732324621 -1.0783 -0.04051961080242805 -0.8989717988399502 -0.43612826786495285 1.438 0.0 0.0 0.0 1.0 
0.056125944230020486 -0.434465261009361 0.8989381599200004 -0.1409 -0.9975599676451709 0.013040572917996873 0.06858610945181132 -1.0786 -0.04152095056780447 -0.9005941818788515 -0.43267323724712586 1.4391 0.0 0.0 0.0 1.0 
0.057590506383626824 -0.43714087065036894 0.8975473206363633 -0.1405 -0.9974712213768648 0.012309731976186011 0.06999737869106143 -1.0787 -0.04164728201723167 -0.8993088066430306 -0.4353265144634144 1.4398 0.0 0.0 0.0 1.0 
0.05788223073884312 -0.43352569063588947 0.8992803361151461 -0.1397 -0.9974784004034558 0.011940478089523476 0.06995902880655541 -1.0789 -0.041066873429300266 -0.9010620958300646 -0.4317413709213806 1.4407 0.0 0.0 0.0 1.0 
0.05903492653538771 -0.43288177355295954 0.8995155627195148 -0.1394 -0.9974136844369004 0.01142893972362194 0.07095999883597054 -1.0788 -0.040997799294212045 -0.9013782499386358 -0.431087498068076 1.4415 0.0 0.0 0.0 1.0 
0.06054790203438705 -0.43661592717486736 0.8976082016651057 -0.1391 -0.9973655121543847 0.009527666722217915 0.07191146453697062 -1.0787 -0.03994980255590652 -0.8995975520776283 -0.43488878759021 1.442 0.0 0.0 0.0 1.0 
0.059428018256832915 -0.4350134404079718 0.8984606932473369 -0.1387 -0.9974657841868833 0.009393861913220614 0.07052492279188477 -1.0787 -0.03911930498502636 -0.9003749563502836 -0.43335276387109056 1.4427 0.0 0.0 0.0 1.0 
0.05862786646950091 -0.43081201468625774 0.9005352748644563 -0.1378 -0.997469664092846 0.011057071436648913 0.0702282734071521 -1.0778 -0.04021246681987112 -0.9023739519585061 -0.42907366306853206 1.4435 0.0 0.0 0.0 1.0 
0.0635743838447708 -0.4386547927263778 0.8964040777110156 -0.1377 -0.9972932531026522 0.005321755087775243 0.07333380011096857 -1.0781 -0.03693866584877559 -0.8986398899119515 -0.43712913792648067 1.4441 0.0 0.0 0.0 1.0 
0.061564736828231714 -0.43576976400721557 0.897950163403497 -0.1372 -0.9974367992682356 0.006006227984587387 0.07130046767683512 -1.0779 -0.03646388137333745 -0.900038131415827 -0.4342830267840297 1.4449 0.0 0.0 0.0 1.0 
0.06362978154748453 -0.43717286711911646 0.897123812611766 -0.1366 -0.9973758370531811 0.0032514340897506766 0.07232473877468842 -1.0776 -0.03453535236082467 -0.8993716208727134 -0.4358187662390207 1.446 0.0 0.0 0.0 1.0 
0.06457004551888285 -0.43628571763674395 0.8974884299019572 -0.136 -0.9973477456447907 0.0020575451315538174 0.07275466146773873 -1.0774 -0.03358844263944144 -0.8998058341076827 -0.43499572115922475 1.4467 0.0 0.0 0.0 1.0 
0.06411686791820781 -0.4342672460452906 0.8984992967501968 -0.1353 -0.9973967722199544 0.001882842859816769 0.0720842123351702 -1.077 -0.03299554535957483 -0.9007821123418274 -0.4330160274994679 1.4477 0.0 0.0 0.0 1.0 
0.06551093150881565 -0.4340523157475583 0.8985025904509288 -0.1347 -0.9973295426527914 0.0006486415004137158 0.07302987481968054 -1.0768 -0.03228159235263228 -0.9008874327341825 -0.4328507044429899 1.4487 0.0 0.0 0.0 1.0 
0.06479859411573713 -0.43274211739272794 0.8991859663245878 -0.1342 -0.9973895912098176 0.0006842687124002933 0.07220481370824555 -1.0766 -0.03186134879343894 -0.9015174937907684 -0.43156814391504283 1.4495 0.0 0.0 0.0 1.0 
0.0650086801006102 -0.43345309365189716 0.8988282856670546 -0.1337 -0.9974057247614261 -0.0003198481800638364 0.07198415041018413 -1.0764 -0.03091426409783732 -0.9011760723081486 -0.43234938993197136 1.4505 0.0 0.0 0.0 1.0 
0.06591388603500761 -0.43204124965216906 0.8994418926349584 -0.1332 -0.9973699358675239 -0.0012968217606691146 0.07246743600357614 -1.0761 -0.03014250579124711 -0.9018529130918818 -0.4309904320194491 1.4517 0.0 0.0 0.0 1.0 
0.06568810739661093 -0.4319261166572077 0.8995137032286257 -0.1328 -0.9973957490403116 -0.0015184005939089251 0.07210696399067601 -1.0759 -0.02977905879922227 -0.9019077137984026 -0.43090101351467225 1.4528 0.0 0.0 0.0 1.0 
0.06512182557102511 -0.43130923559959966 0.8998508160360726 -0.1321 -0.9974904620027164 -0.003028946536708238 0.0707361555110606 -1.0756 -0.027783557149943405 -0.9021990738020997 -0.43042409921231084 1.4542 0.0 0.0 0.0 1.0 
0.06659783334018479 -0.4284998771073928 0.9010841158922636 -0.1315 -0.9974205202224712 -0.004354085225960563 0.07164738502541351 -1.0752 -0.026777498642101494 -0.9035313482446496 -0.42768454298194825 1.4557 0.0 0.0 0.0 1.0 
0.0673907801690097 -0.42758266588006083 0.9014607848304399 -0.131 -0.9974439840797307 -0.007366779953789843 0.0710719999455951 -1.0752 -0.02374829196734851 -0.9039462342374202 -0.4269862108272594 1.457 0.0 0.0 0.0 1.0 
0.06739641841048763 -0.42612071052220096 0.9021523501324444 -0.1302 -0.9974756800277216 -0.00851263151435075 0.07049682870835317 -1.0746 -0.022360468212282325 -0.904626262701208 -0.4256187663773441 1.4582 0.0 0.0 0.0 1.0 
0.0687799813963623 -0.4254509650194534 0.9023640011232337 -0.1294 -0.9973863271083148 -0.009258640580908889 0.07165746347714669 -1.0739 -0.02213207302764736 -0.9049341157999342 -0.4249757844923514 1.4592 0.0 0.0 0.0 1.0 
0.0698613013011482 -0.4247708788861521 0.9026012957174372 -0.1286 -0.9973265924269783 -0.010307026427490484 0.07234247192497045 -1.0734 -0.021425839971919658 -0.9052422138060671 -0.42435535548050857 1.4599 0.0 0.0 0.0 1.0 
0.07224070527875787 -0.4193495003864804 0.9049460077962868 -0.1275 -0.9971680238987539 -0.011345434195152604 0.07434523008759597 -1.073 -0.020909629711732436 -0.9077539741849291 -0.4189815147912679 1.4604 0.0 0.0 0.0 1.0 
0.07337772511297677 -0.4190383975555066 0.9049986358174018 -0.1268 -0.9970864507400496 -0.011861899164957862 0.07535187521761871 -1.0724 -0.02084032648150297 -0.9078910268982254 -0.418687907718662 1.4609 0.0 0.0 0.0 1.0 
0.07400756084216592 -0.4182229957947867 0.9053244759348038 -0.1262 -0.9970312441204199 -0.011685276977400794 0.07610619258410922 -1.0719 -0.021250392605342727 -0.9082692222520785 -0.4178461926639079 1.4614 0.0 0.0 0.0 1.0 
0.0732875644131678 -0.4196236421830797 0.9047347300857819 -0.1255 -0.9970843402958427 -0.011495642270117734 0.0754365199727669 -1.0717 -0.021254440458171375 -0.9076253903069285 -0.4192426500619967 1.462 0.0 0.0 0.0 1.0 
0.07209305209280398 -0.42725731284442225 0.9012512304906483 -0.125 -0.9971568216081558 -0.01100871633375583 0.07454583345166571 -1.0714 -0.021928633342386594 -0.9040630491208266 -0.4268361960449099 1.4627 0.0 0.0 0.0 1.0 
0.07373715365326719 -0.4273220294463043 0.9010875181251854 -0.1244 -0.9969952591537725 -0.010083576724322668 0.07680348107570933 -1.0712 -0.023733634277468107 -0.9040432537386341 -0.42678157173623 1.4633 0.0 0.0 0.0 1.0 
0.07432396902226857 -0.4289442333511156 0.9002681779912032 -0.1234 -0.9969708490121527 -0.011217043476709265 0.07696300511043713 -1.0716 -0.02291448993026929 -0.9032613257582023 -0.42847859169481284 1.4641 0.0 0.0 0.0 1.0 
0.0745688043803609 -0.42948950204008757 0.8999879227248782 -0.1226 -0.9969364038770394 -0.010741935269045044 0.07747526993429843 -1.0716 -0.02360720309567027 -0.9030079614621531 -0.42897473293652916 1.4646 0.0 0.0 0.0 1.0 
0.07469503980063077 -0.42873465523861987 0.9003372959211474 -0.1219 -0.9968843845431704 -0.00916008364562046 0.07834294302353878 -1.0716 -0.025341169727666313 -0.9033840203728571 -0.42808309573236675 1.4652 0.0 0.0 0.0 1.0 
0.07404332044079637 -0.4279875399085337 0.9007464972905213 -0.1211 -0.9968015973243423 -0.004528279630239773 0.07978765728626497 -1.0713 -0.03006929114132323 -0.9037732903591651 -0.4269539522754494 1.4655 0.0 0.0 0.0 1.0 
0.07242229975733125 -0.4307729799501012 0.8995496930368932 -0.1204 -0.9968547837349295 -0.002163308749109555 0.07922032718969751 -1.0718 -0.032179972694922454 -0.9024577329937207 -0.4295747775617049 1.4658 0.0 0.0 0.0 1.0 
0.07195279774920904 -0.4323299606753253 0.8988401415149043 -0.1196 -0.9968219191847794 -0.0002799047323821524 0.07966167890594805 -1.072 -0.03418854089947382 -0.9017154355758876 -0.4309761210500559 1.4659 0.0 0.0 0.0 1.0 
0.07132911818446927 -0.4335227693153811 0.8983151815393908 -0.1186 -0.9966856828698469 0.0043373272370354765 0.08123322691304041 -1.072 -0.039112740396099244 -0.9011321745879244 -0.4317765596476325 1.4656 0.0 0.0 0.0 1.0 
0.06754972600483489 -0.42737212654925066 0.9015487230124855 -0.1168 -0.9967667059732137 0.01049926440328719 0.07966115308165489 -1.0724 -0.04351055481122623 -0.9040148399754073 -0.4252810843715697 1.4651 0.0 0.0 0.0 1.0 
0.06943317048129202 -0.42910411498263484 0.9005824189611329 -0.1164 -0.9965696987008743 0.010915689527918965 0.08203464727405357 -1.0728 -0.0450318827961273 -0.9031890755689529 -0.42687424764763693 1.4646 0.0 0.0 0.0 1.0 
0.06881528030207026 -0.42775210463403357 0.9012727634729134 -0.1154 -0.9964787150264509 0.013906640010657417 0.08268479825727942 -1.0732 -0.04790227234881994 -0.9037891028026221 -0.4252888782451884 1.4641 0.0 0.0 0.0 1.0 
0.06674283802725449 -0.4314645706422385 0.8996575558803341 -0.1148 -0.9965849188886111 0.015109727649618876 0.08118001954997817 -1.0736 -0.04861988292713343 -0.9020033372504024 -0.4289826180316503 1.4637 0.0 0.0 0.0 1.0 
0.06632512036415174 -0.4331508472402893 0.8988778125772714 -0.1143 -0.9965736470289742 0.01585839118379584 0.08117559655728507 -1.0739 -0.04941603440230907 -0.901181921125852 -0.4306149098438983 1.4635 0.0 0.0 0.0 1.0 
0.06608621911361134 -0.4331568664692129 0.898892507852769 -0.1138 -0.9965820326318349 0.01609763760481897 0.08102541761042847 -1.0741 -0.049566761833593376 -0.9011747860954147 -0.4306125184283609 1.4638 0.0 0.0 0.0 1.0 
0.06497211737773798 -0.4334186270490027 0.8988475497493502 -0.1133 -0.9967023816974482 0.01569245953989004 0.07961224172338627 -1.0743 -0.048610557311014435 -0.9010560695320498 -0.4309698055286081 1.4643 0.0 0.0 0.0 1.0 
0.06422329694577318 -0.43251270694386024 0.8993376042741174 -0.1129 -0.9967859311054811 0.015442262396869688 0.07860880410135251 -1.0742 -0.047887113920068725 -0.9014955878229023 -0.43013082830255916 1.465 0.0 0.0 0.0 1.0 
0.06310702556927325 -0.4290157243419194 0.9010899020581562 -0.1124 -0.9968663309693866 0.01605432286285477 0.07745822678740288 -1.0741 -0.04769718548753815 -0.9031543428367013 -0.4266581904894993 1.4661 0.0 0.0 0.0 1.0 
0.06230327104456723 -0.42772435140469534 0.9017594921222511 -0.112 -0.9969568871189751 0.015744337033864797 0.07634841895813893 -1.0739 -0.046853683347103436 -0.9037720924363604 -0.4254418142237698 1.4671 0.0 0.0 0.0 1.0 
0.06190071546909423 -0.42564746462438036 0.9027693710373935 -0.1115 -0.9970186746022807 0.015376438870138925 0.07561301225307981 -1.0737 -0.04606586500572596 -0.9047584213404757 -0.42342665846019245 1.4678 0.0 0.0 0.0 1.0 
0.062425049104543634 -0.42423805427460376 0.9033964725133663 -0.1107 -0.9970253156290625 0.014491618190495409 0.07570015189541462 -1.0732 -0.04520656190270678 -0.9054347388451136 -0.42207143998785035 1.4684 0.0 0.0 0.0 1.0 
0.062042309123395284 -0.42855933374236327 0.9013809679269573 -0.1102 -0.9970499659129948 0.014277805007451488 0.0754155803336754 -1.0724 -0.045189792559082564 -0.9034008200939774 -0.4264092411076433 1.4688 0.0 0.0 0.0 1.0 
0.06316935417174482 -0.42685260784003537 0.902112234632524 -0.1096 -0.9970349779212473 0.012807525485515975 0.07587634738517651 -1.0717 -0.04394184219059083 -0.904230511800558 -0.4247779373199583 1.4692 0.0 0.0 0.0 1.0 
0.06390930262888453 -0.4269276601609779 0.9020245972405423 -0.1092 -0.9971281224327837 0.009485168382094705 0.07513680213074636 -1.0712 -0.040633834315275674 -0.9042360336605902 -0.42509538569432015 1.4696 0.0 0.0 0.0 1.0 
0.06362211056546571 -0.4272397246821514 0.9018971364300451 -0.1088 -0.997205852534538 0.008236580277623834 0.07424719803599272 -1.0705 -0.03914990061368384 -0.9041008662748033 -0.42552192526718163 1.4698 0.0 0.0 0.0 1.0 
0.06462990359563325 -0.42533985067756125 0.9027230954101092 -0.1083 -0.997114866982022 0.008563739275751048 0.07542283747673328 -1.0697 -0.03981102365732281 -0.9049931899164805 -0.4235592149866996 1.4701 0.0 0.0 0.0 1.0 
0.06375263545634674 -0.4258304699770661 0.9025541603202997 -0.1079 -0.9972342432278076 0.00743773347534421 0.07394960618293772 -1.0693 -0.038202952847024796 -0.9047723973242445 -0.42417855136004606 1.4703 0.0 0.0 0.0 1.0 
0.06340526825144249 -0.4244336065558443 0.9032363398269365 -0.1072 -0.9972808346758861 0.007115473092777214 0.07335057485005514 -1.0686 -0.03755940289901044 -0.9054311037669649 -0.42282834293032556 1.4704 0.0 0.0 0.0 1.0 
0.06310144483360605 -0.4239762450278307 0.9034723854728557 -0.1068 -0.9972994695219418 0.007296908312004163 0.07307888354606823 -1.0683 -0.03757626579591122 -0.905643913898386 -0.4223708387988546 1.4703 0.0 0.0 0.0 1.0 
0.0627506379101366 -0.4241482773451379 0.9034160704055594 -0.1063 -0.9973319621652814 0.007181432672618754 0.07264560735734849 -1.068 -0.03730033090228996 -0.9055642803522677 -0.42256599421233487 1.4699 0.0 0.0 0.0 1.0 
0.061716075252315844 -0.42552671710168644 0.9028389330817053 -0.1056 -0.9974144699981492 0.0070729405816091495 0.07151467366799835 -1.0678 -0.036817130438992096 -0.9049182209151225 -0.423989990874841 1.4693 0.0 0.0 0.0 1.0 
0.06161821237166873 -0.4236447326318127 0.9037302343163249 -0.1049 -0.9973818944624311 0.00820060231549366 0.07184780247297035 -1.0674 -0.03784907532096088 -0.9057913063366103 -0.4220302795562958 1.4688 0.0 0.0 0.0 1.0 
0.061703831916226 -0.4231857661861679 0.903939403070958 -0.1041 -0.9973726671390585 0.00829485560250734 0.07196497908326122 -1.0672 -0.0379526016338117 -0.9060049683461782 -0.42156209194051775 1.4683 0.0 0.0 0.0 1.0 
0.06076956683235546 -0.4267670543404963 0.9023175389387836 -0.1039 -0.9974366279008835 0.008250918944337382 0.07107809548861072 -1.0674 -0.037778738315644766 -0.9043239484090364 -0.42517168681036155 1.4679 0.0 0.0 0.0 1.0 
0.06043696235694768 -0.42557009199850154 0.902905017361988 -0.1036 -0.9974497444149404 0.00865630895731656 0.0708454351515031 -1.0673 -0.03796552314449564 -0.9048840616960951 -0.42396161847594444 1.468 0.0 0.0 0.0 1.0 
0.060222995607565194 -0.42353193674922046 0.9038771428427128 -0.1032 -0.9974904730737038 0.008237338990357751 0.07031999981197923 -1.0672 -0.03722830814380379 -0.905843719854486 -0.4219729947199674 1.4683 0.0 0.0 0.0 1.0 
0.05865709699257754 -0.4243370440302255 0.9036024668160738 -0.1028 -0.9976143819851837 0.008087083458167721 0.06855759576779619 -1.0671 -0.036399036096073534 -0.9054682060375345 -0.4228503730948403 1.4685 0.0 0.0 0.0 1.0 
0.057694632898367265 -0.4226964993637737 0.9044329708498768 -0.1023 -0.9976428911130106 0.009299204095467 0.06798666497825023 -1.0669 -0.03714823207632656 -0.9062235895345047 -0.421163643522089 1.4689 0.0 0.0 0.0 1.0 
0.05673345120795542 -0.42352134621913384 0.9041078391490515 -0.1014 -0.9976934317340325 0.00975605185290035 0.06717615445240227 -1.0668 -0.03727105832685773 -0.9058335877792212 -0.4219909708302061 1.4691 0.0 0.0 0.0 1.0 
0.05418421928279388 -0.4244020682607993 0.9038511795847091 -0.1005 -0.9979210040339285 0.008618126704191431 0.06387016204791301 -1.0667 -0.034896132860680606 -0.9054328314944551 -0.4230527716057457 1.4691 0.0 0.0 0.0 1.0 
0.052571329699773406 -0.42248445729022294 0.9048442620925345 -0.0999 -0.9980704098160822 0.007750731745323147 0.061606681512396455 -1.0666 -0.03304107055099054 -0.9063370286519236 -0.42126176915458 1.4692 0.0 0.0 0.0 1.0 
0.05284259766191382 -0.42367018663170386 0.904273870479402 -0.0991 -0.9980829264851538 0.006809852184589654 0.061515020702709755 -1.0664 -0.03222005169412173 -0.9057909244812962 -0.422498129458755 1.4689 0.0 0.0 0.0 1.0 
0.053316546876693016 -0.42624506948003815 0.9030351524570364 -0.0984 -0.9980712828529077 0.006049076505213413 0.06178286993807508 -1.0663 -0.031797172413540686 -0.9045875023552954 -0.4251004474346175 1.4685 0.0 0.0 0.0 1.0 
0.05331311033709582 -0.4257964464806599 0.9032469753232653 -0.0977 -0.9980555454914364 0.00653075948908452 0.06198771889888571 -1.066 -0.03229303918766685 -0.9047954107669525 -0.4246203295593437 1.4683 0.0 0.0 0.0 1.0 
0.05119544981511942 -0.4278356129293698 0.9024055154017943 -0.0973 -0.9981596987639082 0.0074847530133103635 0.06017635944350197 -1.0658 -0.032499872027000165 -0.9038255732062908 -0.4266650812247804 1.468 0.0 0.0 0.0 1.0 
0.05171810165158183 -0.4273283764870853 0.9026160294446739 -0.0964 -0.9981910782567606 0.005625287615957125 0.059857559487864975 -1.0656 -0.030656308488828 -0.904078987029424 -0.4262644436986132 1.468 0.0 0.0 0.0 1.0 
0.051893416268989495 -0.4258421019316998 0.903308129914884 -0.0958 -0.9981759662124263 0.005825988516616781 0.06008991873594993 -1.0653 -0.030851480091272643 -0.9047787365318638 -0.424763021102334 1.468 0.0 0.0 0.0 1.0 
0.05144009938584648 -0.4258290802079277 0.9033401965065238 -0.095 -0.9982212842261091 0.005371626838442389 0.05937519130989444 -1.0649 -0.0301360895464603 -0.9047876767918422 -0.4247953342875471 1.4678 0.0 0.0 0.0 1.0 
0.051448223502356366 -0.42547596950279726 0.9035061038388763 -0.0941 -0.9982211291818401 0.005383455899346884 0.05937672656447157 -1.0644 -0.03012735556572832 -0.9049537102958551 -0.4244421334744957 1.4674 0.0 0.0 0.0 1.0 
0.051925173560909976 -0.4254648500592428 0.9034840550417784 -0.0934 -0.998205542032333 0.004906062524550281 0.059679363321344825 -1.064 -0.029824020631116277 -0.9049616521790141 -0.4244466231210039 1.4671 0.0 0.0 0.0 1.0 
0.05311003466840866 -0.42600516092697943 0.9031605212148607 -0.0925 -0.9981650584133173 0.0036937057905180593 0.06043899982852108 -1.0635 -0.029083335095193452 -0.9047131917912502 -0.42502729349846374 1.4666 0.0 0.0 0.0 1.0 
0.05395733941552569 -0.42659644423958887 0.9028311466079006 -0.0915 -0.9981630516314146 0.0019048720058959245 0.06055488271396936 -1.063 -0.02755227542434896 -0.9044400727658964 -0.4257100267719335 1.4661 0.0 0.0 0.0 1.0 
0.055784591451952664 -0.4259868549500229 0.9030079062590355 -0.0903 -0.9980854446747609 0.00040429000785910385 0.06184886157379521 -1.0625 -0.026711879097578606 -0.9047292611380368 -0.42514872639547974 1.4656 0.0 0.0 0.0 1.0 
0.059290871854941474 -0.4204364637019471 0.9053826663375446 -0.088 -0.9978562251393086 0.00020942265973583618 0.06544394618968608 -1.0617 -0.027704628952755328 -0.9073219583653591 -0.41952272572846305 1.4649 0.0 0.0 0.0 1.0 
0.056759864966797496 -0.4246845201607415 0.9035603887205279 -0.0875 -0.998047508991148 -0.0005065110151420138 0.06245729135301825 -1.0615 -0.02606698151906328 -0.9053412626089856 -0.42388407695035263 1.4644 0.0 0.0 0.0 1.0 
0.05800166807406135 -0.4255876421121652 0.9030564574720865 -0.0867 -0.997978741430571 -0.0011900514946991125 0.0635375119916885 -1.0611 -0.02596609622720375 -0.9049164285495361 -0.42479644441528946 1.464 0.0 0.0 0.0 1.0 
0.05723386536388661 -0.4254717585246554 0.903160045259668 -0.0857 -0.9980407182622455 -0.0014778707957187331 0.06255030446362259 -1.0606 -0.02527863418164089 -0.9049704959808624 -0.4247227237363953 1.4635 0.0 0.0 0.0 1.0 
0.05857625537047603 -0.4274721170453081 0.9021288219847401 -0.0844 -0.9979989930163559 -0.003523602734192083 0.06313156232908346 -1.0603 -0.023808239017452215 -0.9040216664287276 -0.42682314180736947 1.4633 0.0 0.0 0.0 1.0 
0.05867111452963103 -0.4271078173519861 0.9022951915402593 -0.0832 -0.9980028941672724 -0.0039015611885392376 0.0630476094236736 -1.0601 -0.023407766950286735 -0.904192286063708 -0.4264837467820861 1.4629 0.0 0.0 0.0 1.0 
0.05644373515808343 -0.4258571938237847 0.903028103233745 -0.0815 -0.9981646080419027 -0.004190548806905392 0.06041402613012309 -1.06 -0.021943564294762796 -0.9047806860058563 -0.4253121091819667 1.4623 0.0 0.0 0.0 1.0 
0.05702563821952672 -0.4270449957473597 0.9024304118284097 -0.0803 -0.9981389661661357 -0.004827872120117982 0.06078894530742912 -1.06 -0.021602796264684587 -0.9042174867021371 -0.4265255630505835 1.4618 0.0 0.0 0.0 1.0 
0.05764875547671208 -0.43030351064110123 0.9008415563915386 -0.079 -0.9980954110602367 -0.0049947743687902835 0.06148660544786749 -1.06 -0.021958401865416033 -0.9026704498093134 -0.4297719018602407 1.4612 0.0 0.0 0.0 1.0 
0.05622821151703555 -0.43022643281719986 0.9009681485685179 -0.077 -0.9981677383627185 -0.0040219752992491364 0.06037375097298281 -1.0601 -0.022350711877947516 -0.902712047233269 -0.429664293906847 1.4605 0.0 0.0 0.0 1.0 
0.05511014681107965 -0.43117051849994004 0.9005858402700733 -0.0755 -0.9982212184541585 -0.0032469123431670688 0.05953029974837121 -1.0602 -0.02274358692810774 -0.9022646183557951 -0.43058249815443617 1.4598 0.0 0.0 0.0 1.0 
0.05422204577398415 -0.43134327388038823 0.9005570219759723 -0.074 -0.9982834630944564 -0.003421573563831659 0.058467257046026455 -1.0604 -0.02213813596992331 -0.9021813969000332 -0.43078838195021185 1.4593 0.0 0.0 0.0 1.0 
0.05282264688654684 -0.4318063200582455 0.9004182749887162 -0.0719 -0.998371824406809 -0.0033970085807410733 0.05693997333439821 -1.0607 -0.021528311743348405 -0.9019599560348888 -0.4312827025316721 1.4585 0.0 0.0 0.0 1.0 
0.05164817623122356 -0.4321668206879345 0.9003134481881692 -0.0701 -0.998438754043627 -0.003142221861645339 0.055768995558301504 -1.0611 -0.02127252490416054 -0.9017882043685507 -0.43165439201512473 1.4573 0.0 0.0 0.0 1.0 
0.052844728271219804 -0.43593944044864336 0.8984231959134095 -0.0684 -0.9983654622307343 -0.0034523618323821503 0.05704809394353483 -1.0612 -0.02176783220150802 -0.8999693802897418 -0.4354093200910437 1.4564 0.0 0.0 0.0 1.0 
0.05271320719522793 -0.434667538656462 0.8990469668629812 -0.0661 -0.9983783797946648 -0.0035626762099653653 0.056814770058527087 -1.0615 -0.02149252302018856 -0.9005839428818151 -0.4341504730823986 1.4553 0.0 0.0 0.0 1.0 
0.05175794637056633 -0.4381187381169502 0.8974258110274704 -0.0647 -0.9984725214464414 -0.005306373932877889 0.05499514807753747 -1.0619 -0.01933232794795753 -0.8989014482725546 -0.43772416815800447 1.4544 0.0 0.0 0.0 1.0 
0.052600736518856134 -0.43913708990558076 0.8968789097681648 -0.0631 -0.9984220396071869 -0.005443132818155089 0.055890993297211033 -1.0619 -0.019661977120799312 -0.8984035777836049 -0.43873046176589936 1.4536 0.0 0.0 0.0 1.0 
0.051236980548286015 -0.4379622977067973 0.8975320593782027 -0.061 -0.9984897809041223 -0.004626844872986646 0.05474257699962215 -1.0619 -0.01982244319787063 -0.8989814336758598 -0.4375379442422831 1.4526 0.0 0.0 0.0 1.0 
0.0505528612795344 -0.4387548786443787 0.8971836850289958 -0.0592 -0.9985450679485457 -0.005325277508641313 0.053659935660509306 -1.0619 -0.018765806459787093 -0.8985910070133198 -0.43838572812387644 1.4517 0.0 0.0 0.0 1.0 
0.05125400630055754 -0.4421394566505713 0.8954807243659015 -0.0577 -0.9985251337776925 -0.006611907217172308 0.053887288827631885 -1.062 -0.017904861138347994 -0.8969219495338983 -0.4418262468345755 1.4511 0.0 0.0 0.0 1.0 
0.051917908130931 -0.4404317363896221 0.896283669602504 -0.0554 -0.9985238875524011 -0.008554979878412361 0.05363635247217935 -1.0618 -0.015955463094128708 -0.897745341341353 -0.44022576628060917 1.4503 0.0 0.0 0.0 1.0 
0.05201148490511945 -0.4417805848959166 0.8956141581322767 -0.0534 -0.9985323816786043 -0.009449343577778019 0.05332722236535087 -1.0617 -0.015095965594125071 -0.8970733664059876 -0.44162369400634516 1.4491 0.0 0.0 0.0 1.0 
0.05274528844747878 -0.443747025966559 0.8945985197240303 -0.0518 -0.9984108319407048 -0.0056325084390518865 0.0560721455996967 -1.061 -0.01984301413752032 -0.8961343938241171 -0.44333892564878635 1.4478 0.0 0.0 0.0 1.0 
0.052403036446972556 -0.44171093828413244 0.8956256856361862 -0.0497 -0.9983686144151505 -0.0028110908617485497 0.05702812919024891 -1.0605 -0.02267226327277444 -0.8971530219356776 -0.44113764712362935 1.4467 0.0 0.0 0.0 1.0 
0.05107657906490884 -0.44821220198704137 0.8924668089407887 -0.0483 -0.9984420470678161 -0.0028158468555295746 0.05572745870318774 -1.0602 -0.02246467711887723 -0.8939227556094622 -0.44765773229726613 1.4453 0.0 0.0 0.0 1.0 
0.052846429299385184 -0.45098385506129784 0.8909662268483332 -0.0468 -0.9983239677827018 -0.002782400478730934 0.05780582668017897 -1.0597 -0.023590469705116468 -0.8925277702803573 -0.4503750315209155 1.4442 0.0 0.0 0.0 1.0 
0.0554137396435468 -0.4488170977496254 0.8919038794771106 -0.045 -0.9981517022641434 -0.0025796882822572698 0.06071675613501648 -1.0592 -0.02494988428650302 -0.8936199180725379 -0.4481305002988757 1.4433 0.0 0.0 0.0 1.0 
0.05494293337016609 -0.4506251172332629 0.8910209188291762 -0.0434 -0.9981941589937098 -0.0030860429873581507 0.05999081004220852 -1.0587 -0.024283636950046483 -0.8927079477954636 -0.4499809161723306 1.4423 0.0 0.0 0.0 1.0 
0.052979663252000556 -0.45556359488061604 0.8886253239139399 -0.0427 -0.9983125750582604 -0.002977905778099088 0.05799253881079858 -1.0584 -0.023773046970252565 -0.8901982605558308 -0.45495263395338575 1.4416 0.0 0.0 0.0 1.0 
0.05702204523995237 -0.4494670388968025 0.8914751075055283 -0.0404 -0.9981197914528512 -0.005558700476064993 0.061040828624244814 -1.0577 -0.02248039738905544 -0.8932796212801217 -0.4489389155986285 1.4412 0.0 0.0 0.0 1.0 
0.05674288244702769 -0.4485816234401421 0.8919387716673209 -0.039 -0.9981754877027871 -0.0070218473272510296 0.059969904197154256 -1.0572 -0.020638339102405534 -0.8937142836342715 -0.44816162060932296 1.4407 0.0 0.0 0.0 1.0 
0.05564193219223898 -0.45020808628122977 0.8911883383600275 -0.0378 -0.9982661559950391 -0.00792032101774745 0.05832624031997924 -1.0568 -0.019200447307352597 -0.8928885415111835 -0.4498681976548564 1.44 0.0 0.0 0.0 1.0 
0.05803701111332127 -0.44912496560119136 0.891582004425146 -0.036 -0.9981486413909206 -0.009829932369699756 0.06002218022586925 -1.0564 -0.018193268823711528 -0.8934148743463677 -0.44886397412375656 1.4396 0.0 0.0 0.0 1.0 
0.05710893274974434 -0.4550260450711619 0.8886449617856854 -0.0351 -0.9981949138802269 -0.009452559145708583 0.05930904677402593 -1.056 -0.018587191929710478 -0.8904279574634288 -0.4547445094376339 1.4388 0.0 0.0 0.0 1.0 
0.061567429821673195 -0.4563137548526753 0.8876864360332455 -0.033 -0.9979485563642181 -0.012501687802355721 0.0627884276970272 -1.0557 -0.017553644514052835 -0.8897311194593254 -0.45614734969078724 1.4383 0.0 0.0 0.0 1.0 
0.05749720320198237 -0.4535112523976072 0.8893939597122883 -0.031 -0.9982011751956716 -0.010958720190267224 0.05894336510389475 -1.0555 -0.01698485978539599 -0.8911831744375255 -0.45332556086936615 1.4378 0.0 0.0 0.0 1.0 
0.05770546629362994 -0.4560297609414292 0.88809173867092 -0.0294 -0.9982039021663096 -0.0120143197057343 0.05869093475112486 -1.0553 -0.0160949948675706 -0.8898834267799975 -0.4559039787965241 1.4371 0.0 0.0 0.0 1.0 
0.05769541360869683 -0.45599866521675797 0.8881083585740295 -0.0276 -0.9981821138685552 -0.01081999265125183 0.059290769196644555 -1.055 -0.017427185700058467 -0.8899146841577356 -0.4557939755185601 1.4363 0.0 0.0 0.0 1.0 
0.05714162411796116 -0.4553662525786633 0.888468576149785 -0.0256 -0.9982254285695569 -0.011121603094100957 0.0585004589874451 -1.0549 -0.016757939917725728 -0.890234736435892 -0.4551936791000416 1.4357 0.0 0.0 0.0 1.0 
0.057608652498312624 -0.45831302003908353 0.886921878645455 -0.0239 -0.9982231305244036 -0.01289458417824127 0.05817483463603429 -1.0549 -0.015225795328597358 -0.8886973080647453 -0.4582414972425422 1.4351 0.0 0.0 0.0 1.0 
0.05675174089837079 -0.4615803566432177 0.885281206321542 -0.0225 -0.9982828514705524 -0.01334659084477316 0.057036978992980325 -1.055 -0.01451166306209073 -0.8869979948533946 -0.46154519687808493 1.4344 0.0 0.0 0.0 1.0 
0.05598788118450375 -0.460128145809789 0.8860854623534433 -0.0202 -0.9983293868355683 -0.013110263308874964 0.0562721634246478 -1.0549 -0.01427559249166882 -0.8877557155150382 -0.46009346553650843 1.4338 0.0 0.0 0.0 1.0 
0.05698108733402503 -0.4590693983463142 0.8865711720940319 -0.0182 -0.9982887045611425 -0.014505717985867445 0.05665021175027418 -1.0548 -0.01314602722759367 -0.8882819775542381 -0.4591103465622004 1.4332 0.0 0.0 0.0 1.0 
0.055462651167744625 -0.46052880096412074 0.8859103328260678 -0.0166 -0.998391082117453 -0.0150974516388368 0.054656327194150256 -1.0548 -0.011795824421637291 -0.8875163606585301 -0.46062519263458834 1.4325 0.0 0.0 0.0 1.0 
0.05379530854563849 -0.46232948022883696 0.885074864906813 -0.0146 -0.9984997729084679 -0.015842028092231036 0.05241405963730933 -1.0548 -0.010211184075219149 -0.8865666821267641 -0.4624881078065939 1.4319 0.0 0.0 0.0 1.0 
0.055566136167961355 -0.46147455014696237 0.8854115676215341 -0.0123 -0.9984118680789245 -0.017437529284194953 0.053569340593433545 -1.0546 -0.00928149721305871 -0.8869820585215473 -0.46171060380974843 1.4309 0.0 0.0 0.0 1.0 
0.055672949500184074 -0.464305125896918 0.883923793525096 -0.0106 -0.9983977644040978 -0.01691439793956251 0.053998214556051194 -1.0544 -0.01012060901572498 -0.8855137792311245 -0.46450287411916136 1.4297 0.0 0.0 0.0 1.0 
0.056966152222731076 -0.4666496528678077 0.8826057777849015 -0.0083 -0.9983185016543357 -0.017128125214386974 0.05537866539816777 -1.0543 -0.010725052707496241 -0.8842763871126462 -0.46684070563675845 1.4286 0.0 0.0 0.0 1.0 
0.05827762594576397 -0.462742030502651 0.8845753396519762 -0.006 -0.9982418509476414 -0.01741414585466944 0.05665646071525399 -1.0544 -0.010813201688327057 -0.8863219283818018 -0.4629433161185196 1.4272 0.0 0.0 0.0 1.0 
0.05949591321826132 -0.46925068071361775 0.8810584742002834 -0.0043 -0.9981773769255918 -0.01902972091626673 0.057269485031680556 -1.0543 -0.010107447960291227 -0.8828599370068024 -0.4695276042194694 1.4262 0.0 0.0 0.0 1.0 
0.05709423296615547 -0.4699293890284897 0.8808556169369169 -0.0023 -0.9983161739868145 -0.017814259413607036 0.055203884988946184 -1.0544 -0.01025013747880743 -0.8825242328054539 -0.47015520117596327 1.4247 0.0 0.0 0.0 1.0 
0.059004106789834934 -0.4662633636210763 0.8826760397375096 -0.0005 -0.9981992465383931 -0.017985925774519185 0.05722561213493338 -1.0544 -0.010806460665643725 -0.8844631039329981 -0.4664849817401291 1.4236 0.0 0.0 0.0 1.0 
0.05765825996161773 -0.47321132519226766 0.8790600473050609 0.0008 -0.9982811224343608 -0.018064400828811167 0.055753726457416386 -1.0546 -0.01050360173420889 -0.8807637135648094 -0.47343949478062686 1.4227 0.0 0.0 0.0 1.0 
0.055625572147680574 -0.4729999295095156 0.8793047608237068 0.0031 -0.9984133790999143 -0.01863501802257375 0.053136245046003394 -1.0548 -0.008747580095875285 -0.8808653715451025 -0.4732860414751048 1.4216 0.0 0.0 0.0 1.0 
0.056510151123691024 -0.4706247659607106 0.8805219659295296 0.005 -0.9983660138725765 -0.019146207672233573 0.0538398093974527 -1.055 -0.008479691277395396 -0.8821257010178299 -0.4709377267109125 1.4211 0.0 0.0 0.0 1.0 
0.05951491054361792 -0.4697922862100251 0.8807685185339809 0.007 -0.9982018357904147 -0.021691915078731583 0.055879833973121074 -1.0552 -0.007146359047209838 -0.8825104354271258 -0.4702385149204533 1.4207 0.0 0.0 0.0 1.0 
0.05388815303362926 -0.47134186652123883 0.8803027387364526 0.0092 -0.9985193135632833 -0.01887377498347753 0.0510192224458868 -1.0558 -0.0074328597278557895 -0.8817486180778216 -0.47166102988705594 1.4198 0.0 0.0 0.0 1.0 
0.05749996922669144 -0.4779641663097778 0.876495299053411 0.0108 -0.9983256420394568 -0.021989361244812294 0.05350121903798938 -1.0563 -0.006298093793784154 -0.8781040506203373 -0.47842827079795414 1.4185 0.0 0.0 0.0 1.0 
0.05810556093214622 -0.46711631618689264 0.8822845861402926 0.0131 -0.9982529363855354 -0.017700407141485824 0.05637171795042112 -1.0568 -0.010715352836786762 -0.8840186891344619 -0.46732872635284317 1.4171 0.0 0.0 0.0 1.0 
0.056936995838368046 -0.475870076561973 0.87767069492937 0.0154 -0.9983133816331229 -0.017152703776751183 0.055463292413861665 -1.0579 -0.01133889576370456 -0.8793483126645827 -0.47604408877415005 1.416 0.0 0.0 0.0 1.0 
0.05032037407598115 -0.47640317969104107 0.8777857770168751 0.0169 -0.9986723903177468 -0.01430891769355 0.04948445909048216 -1.059 -0.011014389220093734 -0.8791104966127439 -0.4764907323079888 1.4153 0.0 0.0 0.0 1.0 
0.049800831153110556 -0.46994680471301675 0.8812887596903102 0.0195 -0.9986986059440636 -0.013714254310645269 0.04912243595432947 -1.0597 -0.010998713644950864 -0.8825881938756766 -0.4700181999980722 1.4148 0.0 0.0 0.0 1.0 
0.05308655290901773 -0.4759999221954523 0.8778416098420951 0.0218 -0.998532864245915 -0.015906759750107607 0.05175996536997601 -1.0607 -0.010674123902542021 -0.8793014551700546 -0.47614600073374286 1.4141 0.0 0.0 0.0 1.0 
0.05014524812422051 -0.4775657763591091 0.8771638292480384 0.0238 -0.9986868498362178 -0.014752274182602165 0.04906063972935154 -1.0614 -0.010489521188894069 -0.8784721393743586 -0.4776784172309494 1.4135 0.0 0.0 0.0 1.0 
0.052347439863126205 -0.4738870080729146 0.8790283551282503 0.0263 -0.9985798066675527 -0.016108630670396223 0.050782691280764625 -1.0622 -0.00990531451136517 -0.8804383087971728 -0.4740572424790121 1.4134 0.0 0.0 0.0 1.0 
0.048528806542799105 -0.47280874147063856 0.8798277382104307 0.0288 -0.9987907067495665 -0.01602264557907962 0.046480091860367945 -1.0635 -0.007879025715951227 -0.8810193918510522 -0.47301453691844325 1.4131 0.0 0.0 0.0 1.0 
0.052086033117368674 -0.47357310933754226 0.8792130317883535 0.0316 -0.9986099275628996 -0.017577462117293746 0.04969150227489083 -1.064 -0.008078225480682877 -0.8805790952196669 -0.47383034868526086 1.4125 0.0 0.0 0.0 1.0 
0.0544542497285746 -0.4741057814158692 0.8787823636797372 0.0336 -0.9984728459205476 -0.01764688159936678 0.05235039187188656 -1.0646 -0.009311855122379697 -0.8802910289204735 -0.47434269653523053 1.4122 0.0 0.0 0.0 1.0 
0.049423940499319335 -0.4730714059226146 0.879636697167598 0.0361 -0.9987457761254832 -0.016346389504706654 0.04732515421703759 -1.0655 -0.008009293166423237 -0.8808724314272534 -0.4732859714532146 1.4117 0.0 0.0 0.0 1.0 
0.052118601718415994 -0.47789772288944393 0.8768679591660313 0.0387 -0.998615025688846 -0.01861963243708728 0.04920711083139301 -1.0661 -0.007189007120760815 -0.8782181253794479 -0.47820627602701493 1.4112 0.0 0.0 0.0 1.0 
0.05199466990672322 -0.4773225331443301 0.8771885507996391 0.041 -0.9986077756360738 -0.01702989802321528 0.04992487368528942 -1.0667 -0.0088918356071232 -0.87856313485486 -0.47754345701049766 1.4105 0.0 0.0 0.0 1.0 
0.054644061583262515 -0.4789670912698708 0.8761304423510029 0.044 -0.9984490835882142 -0.016850344786879856 0.0530612227753815 -1.0672 -0.010651479500051186 -0.8776711179941167 -0.47914502462554853 1.4095 0.0 0.0 0.0 1.0 
0.05031585921977638 -0.4804751673044384 0.8755637771828775 0.0463 -0.9986677643799119 -0.014157460918465314 0.04962119193218767 -1.0678 -0.011445990538373085 -0.8768940528388329 -0.4805474059824706 1.4083 0.0 0.0 0.0 1.0 
0.052766774843120715 -0.48318760818032924 0.8739252844343319 0.0492 -0.9985684642910648 -0.017856280151025167 0.05041998991027785 -1.0682 -0.008757259619299684 -0.8753347294379109 -0.4834381261793689 1.4076 0.0 0.0 0.0 1.0 
0.05093103587247472 -0.48301144420240055 0.8741315543752372 0.052 -0.9986362401309419 -0.014573339769615834 0.05013260082117604 -1.0689 -0.011475603779005916 -0.8754927541319064 -0.48309496786908956 1.4061 0.0 0.0 0.0 1.0 
0.05449914539093305 -0.4875560050542102 0.8713891123299837 0.0552 -0.99843627064172 -0.015732876208600532 0.05364224150106811 -1.0691 -0.012444139934604026 -0.87294995191121 -0.48765102772321123 1.4047 0.0 0.0 0.0 1.0 
0.05444278215697408 -0.4890438758516983 0.8705584822187173 0.0574 -0.9984363145540297 -0.015586439447945438 0.053684156742021594 -1.0695 -0.012685001015950936 -0.8721199174409928 -0.48912773418805555 1.4034 0.0 0.0 0.0 1.0 
0.05326861682172017 -0.4838134301105546 0.8735485214380254 0.0607 -0.9985030457357535 -0.014931110992595004 0.0526187189216033 -1.0704 -0.012414592958475634 -0.8750437856297172 -0.483884543163438 1.4017 0.0 0.0 0.0 1.0 
0.05736520774314133 -0.48768854996121797 0.8711309380209791 0.0636 -0.9982840874165126 -0.01774906984694094 0.05580189361077981 -1.0707 -0.011752180715365879 -0.8728372407020069 -0.4878698981205342 1.4002 0.0 0.0 0.0 1.0 
0.05556017115523616 -0.4916170198587099 0.8690372679962821 0.0661 -0.9983738644541442 -0.0162353152096133 0.054644682403163725 -1.0711 -0.012755161939348225 -0.8706601635111633 -0.4917196208395754 1.3988 0.0 0.0 0.0 1.0 
0.05862041009791576 -0.49293279514001576 0.8680903795086103 0.0692 -0.9981917542148158 -0.017358393522607818 0.05754917889825034 -1.0714 -0.013299223191626963 -0.8698942152065188 -0.4930590076377611 1.3977 0.0 0.0 0.0 1.0 
0.05612794601549234 -0.486200934640465 0.8720426049401602 0.0722 -0.9983399031168836 -0.01602227083326277 0.055323816588493224 -1.072 -0.012926388538707811 -0.8737001419206043 -0.48629309113667496 1.3967 0.0 0.0 0.0 1.0 
0.054366860562791094 -0.48611369388291004 0.872202798145052 0.0758 -0.9984470371056886 -0.0158320819785219 0.05341216411171501 -1.0722 -0.012155598192497341 -0.8737521512418368 -0.4862195179472383 1.3955 0.0 0.0 0.0 1.0 
0.05616727618952455 -0.4867664003222078 0.8717245600548431 0.0785 -0.9983290813033165 -0.01550986790230302 0.05566407658202022 -1.0729 -0.013575069411445873 -0.8733944787523066 -0.4868242002771239 1.3943 0.0 0.0 0.0 1.0 
0.05970684628437922 -0.4892823361070067 0.8700792424144156 0.0814 -0.9980904608618573 -0.015441184396640162 0.05980804093927755 -1.0733 -0.015827963966943193 -0.871988741554671 -0.4892699767598274 1.3934 0.0 0.0 0.0 1.0 
0.059527873191709546 -0.48628258434855237 0.8717715758572109 0.0845 -0.998076334332177 -0.013839608552306981 0.060432574669322614 -1.0739 -0.017322331232143495 -0.8736920014481143 -0.48617098169910555 1.3922 0.0 0.0 0.0 1.0 
0.05799177391434254 -0.4838030751372557 0.8732534217774374 0.0876 -0.9981459257716319 -0.011903234545039693 0.059691070294122905 -1.0746 -0.018484183069855442 -0.8750959361664874 -0.4835963580106236 1.3908 0.0 0.0 0.0 1.0 
0.05947934573951595 -0.486605130051973 0.8715948914705164 0.0911 -0.9980897940582529 -0.01438081075470124 0.060082903381840636 -1.0753 -0.01670240782501886 -0.8735036575133155 -0.4865309752561565 1.3897 0.0 0.0 0.0 1.0 
0.05819699284175611 -0.4869020858937473 0.8715156159108652 0.0938 -0.9981690468996972 -0.013967141083287837 0.05885127680271518 -1.0761 -0.016482227869036803 -0.8733448790267666 -0.48682343661968003 1.3886 0.0 0.0 0.0 1.0 
0.060290860253294956 -0.49012767326527074 0.869563037432876 0.0974 -0.998033547500249 -0.014634130927123234 0.060949817686976715 -1.077 -0.01714789298968067 -0.8715277999648545 -0.49004616481963675 1.3874 0.0 0.0 0.0 1.0 
0.05899859452009851 -0.48488714589015774 0.8725844495492397 0.1008 -0.9980851783903029 -0.01238510785329669 0.060601862851394794 -1.078 -0.018578011794862737 -0.8744890307224893 -0.4846893774612674 1.3865 0.0 0.0 0.0 1.0 
0.05611832128417203 -0.48688870370058895 0.8716594083843794 0.1036 -0.9982523484729868 -0.011167842443932985 0.058030406368678455 -1.0792 -0.01851979439445567 -0.8733926204771296 -0.4866645124844008 1.3858 0.0 0.0 0.0 1.0 
0.057133734497065075 -0.4867588176567018 0.8716659852350948 0.1076 -0.9982283045816812 -0.013323673182824652 0.057989065045914556 -1.0801 -0.01661289602690974 -0.8734347904488158 -0.4866576604957863 1.3852 0.0 0.0 0.0 1.0 
0.05638877476681392 -0.48822336026163166 0.8708950893047558 0.1108 -0.9982626253781184 -0.012639876658352645 0.05754966803768824 -1.081 -0.01708908580012447 -0.8726271735471585 -0.48808788054367147 1.3849 0.0 0.0 0.0 1.0 
0.05520347805319417 -0.4846208163880741 0.8729806643529894 0.1139 -0.998318444183941 -0.011301057027795797 0.05685569551249431 -1.0822 -0.017687849303560543 -0.8746513307789627 -0.48442975708930536 1.3848 0.0 0.0 0.0 1.0 
0.05775426689002862 -0.4855724542978189 0.8722865562893811 0.1176 -0.9981991132739069 -0.013894286333028694 0.058356482643163066 -1.0832 -0.01621650132369251 -0.8740860028821468 -0.48550044763144173 1.3846 0.0 0.0 0.0 1.0 
0.05673989616386828 -0.4841275893262133 0.8731558059341428 0.1209 -0.9982453726821661 -0.012675945950751 0.057840265498149634 -1.0844 -0.016933992499001738 -0.8749055935627812 -0.4839973576896891 1.3846 0.0 0.0 0.0 1.0 
0.055027478013534234 -0.4837129195219253 0.8734951563409183 0.1237 -0.9983437280875226 -0.011946908057593714 0.05627674454133036 -1.0853 -0.016786222081718094 -0.8751451781707071 -0.4835691676200877 1.3846 0.0 0.0 0.0 1.0 
0.05175290380676065 -0.4838429696902124 0.8736232698531585 0.1268 -0.9985138749239393 -0.010109882417763255 0.053552141524674246 -1.0868 -0.017078598652931598 -0.875096435233772 -0.48364713429234424 1.3842 0.0 0.0 0.0 1.0 
0.05405877157987134 -0.4831931237408548 0.8738432664870914 0.1305 -0.9983871242739499 -0.010955153046895455 0.05570578700378487 -1.0877 -0.01734356650943636 -0.8754452523095169 -0.4830060153967637 1.3836 0.0 0.0 0.0 1.0 
0.052793380439874346 -0.48880570891380104 0.8707937975864359 0.1325 -0.9984537256771048 -0.010637217323428594 0.054561958259603416 -1.0888 -0.017407373817990013 -0.8723278217166356 -0.4886114558582005 1.3834 0.0 0.0 0.0 1.0 
0.05082169645293866 -0.4823110508533744 0.8745245596290355 0.1361 -0.9985613558726678 -0.00954782009061883 0.05276417050666238 -1.09 -0.017098939364309285 -0.8759479946641983 -0.4821024133069496 1.3829 0.0 0.0 0.0 1.0 
0.04919479077834006 -0.4898262652654827 0.8704309865901744 0.1383 -0.9986646221810896 -0.01035889939104287 0.05061289961371257 -1.0911 -0.015774820575107817 -0.8717585233649714 -0.4896817660239636 1.3821 0.0 0.0 0.0 1.0 
0.045825736034254716 -0.48917138004711513 0.8709829865500931 0.1411 -0.9987802721205579 -0.006390601283284225 0.04896047628467676 -1.0918 -0.01838395876037363 -0.8721642741812112 -0.4888675780845544 1.3812 0.0 0.0 0.0 1.0 
0.049462851060568094 -0.48840389483752317 0.8712147048073156 0.1439 -0.9986010443341138 -0.00785877389264325 0.052289520247580046 -1.093 -0.01869172597107699 -0.8725823028118564 -0.48810935680416967 1.3798 0.0 0.0 0.0 1.0 
0.050372010808322085 -0.49089935039630433 0.8697588679097286 0.1466 -0.9985760913544683 -0.009440972109794221 0.05250388386447741 -1.0937 -0.01756275326817297 -0.8711651369436846 -0.4906759153163448 1.3787 0.0 0.0 0.0 1.0 
0.05019310131348609 -0.4965744950903933 0.8665416455117749 0.1488 -0.99858092932414 -0.009490168271751642 0.05240290351030413 -1.0942 -0.0177983193215126 -0.8679422259182314 -0.49634616176357693 1.3772 0.0 0.0 0.0 1.0 
0.05639213224950845 -0.495413945753956 0.8668246361132393 0.1518 -0.9981972921980733 -0.010110404602195255 0.059160337788199624 -1.0946 -0.020544908585533372 -0.8685981821712936 -0.4950910064421852 1.3755 0.0 0.0 0.0 1.0 
0.05768197594549039 -0.4982211603470045 0.865129160896515 0.1546 -0.9981437116682789 -0.011817318396548204 0.05974514074789883 -1.095 -0.01954278660006059 -0.8669694495011915 -0.4979779644959256 1.3741 0.0 0.0 0.0 1.0 
0.055771323361933356 -0.49976820408041833 0.8643617886514259 0.1569 -0.9982708739463737 -0.011810615908085631 0.05758273684199999 -1.0953 -0.018569375886173856 -0.8660786635993899 -0.49956273553688224 1.3731 0.0 0.0 0.0 1.0 
0.05399856867027826 -0.4973816185625286 0.8658496867803791 0.1599 -0.9983370216522369 -0.009365260165725864 0.05688130712781997 -1.0958 -0.02018280902407693 -0.8674813066678426 -0.49706019434445764 1.3715 0.0 0.0 0.0 1.0 
0.05905735700180825 -0.5025580730350506 0.8625239775283104 0.1622 -0.998027035957587 -0.011277146056160925 0.061764564877775985 -1.0958 -0.02131347183529586 -0.8644699006929764 -0.5022325424683284 1.3702 0.0 0.0 0.0 1.0 
0.05796056710803926 -0.5045066145100112 0.8614601839761145 0.1673 -0.9980872800081044 -0.010698017612749966 0.06088787978884408 -1.0963 -0.021502421876102906 -0.863341547902569 -0.5041616977901613 1.3681 0.0 0.0 0.0 1.0 
0.05938971173498987 -0.5080523012803333 0.8592762776335632 0.1695 -0.9980185030378421 -0.012298400483174987 0.06170751120941714 -1.0966 -0.020782919288196977 -0.8612384156023889 -0.5077759956482262 1.3672 0.0 0.0 0.0 1.0 
0.05932711083464033 -0.5011825064921505 0.8633055016077796 0.1725 -0.9979642371763593 -0.009503153267309827 0.06306402615584716 -1.0973 -0.023402462199983542 -0.8652894228315886 -0.5007260124047428 1.3656 0.0 0.0 0.0 1.0 
0.05576699377844646 -0.5077945158454673 0.8596713163076813 0.1746 -0.9981861610308302 -0.008795910067809165 0.05955686268274851 -1.0981 -0.02268105666514375 -0.861433318164178 -0.5073639798263235 1.3639 0.0 0.0 0.0 1.0 
0.0572297389274984 -0.5071904552999877 0.8599317409160341 0.1776 -0.9980777126940008 -0.008546720177344785 0.061382676690750704 -1.0987 -0.023783111777087473 -0.8617916196081283 -0.5067046160904766 1.3624 0.0 0.0 0.0 1.0 
0.059021389436202026 -0.5066192280201179 0.8601473323735418 0.1795 -0.9979671394083179 -0.009192112670085045 0.06306420320466832 -1.0996 -0.024042966751202266 -0.8621209096553456 -0.5061318730181299 1.3613 0.0 0.0 0.0 1.0 
0.05453696592563177 -0.5096098000237645 0.8586754748258302 0.1818 -0.9982555873536263 -0.008348771965938057 0.058447243937822135 -1.1006 -0.022616402563029325 -0.8603651258194973 -0.5091761469361146 1.36 0.0 0.0 0.0 1.0 
0.05646769481819959 -0.5078892053768984 0.8595696333070069 0.1845 -0.9981446816699526 -0.009080392884328714 0.06020582130538399 -1.1015 -0.02277265675998902 -0.8613745419541314 -0.5074596580787509 1.3588 0.0 0.0 0.0 1.0 
0.05676130196972891 -0.508175075553997 0.859381316520432 0.1864 -0.9981090925934436 -0.008546583079756698 0.060870314603704734 -1.1022 -0.023588002903900673 -0.8612113843321805 -0.5076992787228038 1.358 0.0 0.0 0.0 1.0 
0.06077532160062464 -0.5105379221804315 0.857704722092649 0.1894 -0.9978714879538738 -0.010725462647236228 0.06432307501763668 -1.1026 -0.02364008910859744 -0.8597883428301935 -0.5101030795047676 1.3575 0.0 0.0 0.0 1.0 
0.06116336534129736 -0.5117609494398934 0.8569479408741852 0.1917 -0.9978635056298375 -0.011596307938200462 0.06429579904110416 -1.1033 -0.022966646952888192 -0.8590496238696468 -0.5113768442715804 1.3569 0.0 0.0 0.0 1.0 
0.06043337199724315 -0.511245249600723 0.8573074724448266 0.1938 -0.997898700556424 -0.010838705034729529 0.06388040310588511 -1.1039 -0.023366449812563972 -0.8593665208942367 -0.5108259897355385 1.3565 0.0 0.0 0.0 1.0 
0.064876843758628 -0.5104835679845071 0.8574365993831413 0.1969 -0.9976692648945437 -0.014975488551473903 0.06657156019972349 -1.1042 -0.021143155599373298 -0.8597570945101016 -0.5102653284428103 1.3566 0.0 0.0 0.0 1.0 
0.06981982610366635 -0.5042445673183363 0.8607337615156025 0.1995 -0.9973409634894063 -0.01721994168281868 0.0708129660052711 -1.1047 -0.020885268226124187 -0.8633891879902045 -0.5041060559373778 1.3564 0.0 0.0 0.0 1.0 
0.0731690259940901 -0.5092961496479995 0.8574752040664493 0.2013 -0.9971198271246329 -0.020151290944216693 0.07311618034487238 -1.1048 -0.01995855681201769 -0.8603553669426396 -0.5093037390231663 1.3566 0.0 0.0 0.0 1.0 
0.07486673865414602 -0.5068314597886721 0.8587880080740388 0.2038 -0.9970323116571811 -0.022559243905441673 0.07360468752703392 -1.105 -0.017931563089405023 -0.8617499358183314 -0.5070162789913871 1.3566 0.0 0.0 0.0 1.0 
0.07750736778295227 -0.504700469186482 0.8598081439148523 0.2061 -0.9968210638743309 -0.02327063797916401 0.07619871406060658 -1.1052 -0.018449242689215217 -0.8629808305003002 -0.5048997045287379 1.3564 0.0 0.0 0.0 1.0 
0.07841030397452022 -0.5087005442403718 0.8573654882954951 0.207 -0.9967480292333182 -0.023975807201422006 0.07693196272380143 -1.1056 -0.018579301658551983 -0.860609619373726 -0.5089262152722052 1.3564 0.0 0.0 0.0 1.0 
0.08199247220181399 -0.5101654479383966 0.8561591267002006 0.2087 -0.9965025362363049 -0.02806884192843978 0.0787072765848752 -1.1057 -0.016122337821995125 -0.8596181453660756 -0.5106825965122974 1.3566 0.0 0.0 0.0 1.0 
0.08340302711467734 -0.5046297483284192 0.859297825070042 0.2103 -0.9963591107328156 -0.026932404998432913 0.08088985116016195 -1.1056 -0.017676468194216866 -0.862915675291043 -0.505038691398176 1.3563 0.0 0.0 0.0 1.0 
0.08752697515488499 -0.5063689117987468 0.8578633654516257 0.2117 -0.9960111152621757 -0.029489489647432893 0.08421536839871568 -1.1051 -0.017346091618390624 -0.8618125638235308 -0.506930190402465 1.3561 0.0 0.0 0.0 1.0 
0.08559588733634357 -0.5074429680313381 0.85742345329869 0.2128 -0.9961671525100109 -0.028032015961381412 0.08285656486506138 -1.1049 -0.01800967326747621 -0.8612292611591221 -0.5078974418050475 1.3552 0.0 0.0 0.0 1.0 
0.08688728869702243 -0.5094763219913071 0.8560867224721396 0.2139 -0.9960147996467724 -0.02706399884932431 0.08498269736177694 -1.1044 -0.020127542012870647 -0.8600589615232745 -0.5097974742542635 1.3543 0.0 0.0 0.0 1.0 
0.08784606148915897 -0.5103797322435126 0.8554505236399605 0.215 -0.9958935336244155 -0.02612718982124318 0.08668009942956445 -1.1039 -0.021889247723878957 -0.8595521501730331 -0.5105790457578507 1.3533 0.0 0.0 0.0 1.0 
0.09268493016485362 -0.5105355404292125 0.8548467498206846 0.2168 -0.995409634034196 -0.026938940842232334 0.09183656101034482 -1.1031 -0.02385716228398277 -0.8594345556381537 -0.5106888293107703 1.3516 0.0 0.0 0.0 1.0 
0.09268687861028603 -0.5129052656832049 0.853426816410126 0.2182 -0.9954184645543638 -0.027521343273051974 0.09156776773886827 -1.1026 -0.023478137867271265 -0.8580039417735139 -0.5131062394313654 1.3501 0.0 0.0 0.0 1.0 
0.09067372703026923 -0.5144102003928905 0.8527370174668074 0.2196 -0.9955905129519287 -0.026155113325770113 0.09008574008704961 -1.1017 -0.024037590281797416 -0.8571452944388496 -0.5145134968830091 1.3486 0.0 0.0 0.0 1.0 
0.09208006290698406 -0.5150377821398185 0.85220733685151 0.2215 -0.9954758630648116 -0.027474006294798403 0.09095595106139032 -1.1009 -0.023432201569944577 -0.8567270638579187 -0.5152374889145541 1.3465 0.0 0.0 0.0 1.0 
0.09101850113720471 -0.5182089694573373 0.8503970228221056 0.2229 -0.9956045182251301 -0.028422810087204098 0.08924005354353615 -1.1004 -0.02207432310271701 -0.854781614121824 -0.5185181929487582 1.3447 0.0 0.0 0.0 1.0 
0.09065546148207121 -0.5198885730389322 0.849410065237642 0.2244 -0.9956731254625828 -0.029834576925250877 0.08800525695242845 -1.0998 -0.020411137524507794 -0.8537129316364102 -0.520343747749237 1.3431 0.0 0.0 0.0 1.0 
0.09144756065293491 -0.5192812025449743 0.8496966378267441 0.2267 -0.9955903137699048 -0.02975843223244823 0.08896270476221696 -1.0988 -0.02091102049567123 -0.8540851646027532 -0.5197126714130774 1.3407 0.0 0.0 0.0 1.0 
0.09132655131706831 -0.5247290557947785 0.8463562364803906 0.2285 -0.9956212431529295 -0.031090633666498058 0.08815731779512348 -1.0981 -0.019944954428267492 -0.8507013521224329 -0.5252707951998838 1.3389 0.0 0.0 0.0 1.0 
0.09414558268239115 -0.52078692785058 0.8484795725539584 0.2304 -0.9953893985417422 -0.03353525163301618 0.08986285199468802 -1.0973 -0.018345422647134013 -0.8530277619619805 -0.5215429826869813 1.3375 0.0 0.0 0.0 1.0 
0.09088803699904341 -0.5193721653480498 0.8497010760215256 0.2322 -0.9956896300869639 -0.03155912754553064 0.08721342789874609 -1.0969 -0.018480402261459805 -0.8539652073300428 -0.5200018263448807 1.3356 0.0 0.0 0.0 1.0 
0.08986723308741323 -0.5225589990444119 0.847853745014383 0.2346 -0.9957956047671679 -0.03197394794168368 0.08584159935260255 -1.0956 -0.017748068728816013 -0.8520033797883226 -0.5232353647123562 1.3345 0.0 0.0 0.0 1.0 
0.08540052154912423 -0.5211265615481037 0.8491960066840801 0.2362 -0.9962134073183099 -0.03072051401587908 0.0813332471861507 -1.0951 -0.01629717762009386 -0.8529263490288308 -0.5217768154431245 1.3335 0.0 0.0 0.0 1.0 
0.08206417752145867 -0.5222394287456444 0.8488412394736422 0.2377 -0.9964607380121988 -0.02743599991560608 0.07945604765412606 -1.0946 -0.018206272762715636 -0.852357463140937 -0.522642599354507 1.3321 0.0 0.0 0.0 1.0 
0.07938766926119759 -0.517607037102024 0.8519275515627713 0.2395 -0.9966651232460191 -0.02503301872035621 0.07766582310607129 -1.094 -0.018874058235365365 -0.8552521868526324 -0.5178681944370767 1.3311 0.0 0.0 0.0 1.0 
0.07788045378079395 -0.514798621305387 0.8537663699285478 0.2414 -0.9968147409288655 -0.02545534282862122 0.07558040611425676 -1.0933 -0.017175773223241986 -0.8569331391792184 -0.5151413279777053 1.3302 0.0 0.0 0.0 1.0 
0.08258509070578801 -0.5182220051620456 0.8512494676409177 0.2429 -0.9964736254385995 -0.0302260962397225 0.07827321963073314 -1.0923 -0.014832956494600757 -0.854711844115861 -0.5188907851655236 1.3297 0.0 0.0 0.0 1.0 
0.08315365397015613 -0.5142348275095114 0.8536088167349697 0.2446 -0.9964555654396514 -0.03197287010780517 0.07780772250499746 -1.0913 -0.012719116940920872 -0.8570532525773022 -0.5150708167921288 1.329 0.0 0.0 0.0 1.0 
0.08294184622359278 -0.5132207578541979 0.8542394885818523 0.2463 -0.9965070678057599 -0.03435918197813781 0.07611248535529219 -1.0902 -0.00971153737511432 -0.8575685980266277 -0.5142779265343359 1.3286 0.0 0.0 0.0 1.0 
0.0819827873851495 -0.5151003775850687 0.8532001075857182 0.2477 -0.9965983692033231 -0.03515751862211472 0.07453616159698889 -1.0895 -0.008397206311515526 -0.8564085181127377 -0.5162305076514817 1.3278 0.0 0.0 0.0 1.0 
0.08343879818471645 -0.5196971860705594 0.8502663122503635 0.2485 -0.9964426363612727 -0.03337913544023019 0.07738155955173937 -1.0884 -0.011833824355920397 -0.8536982301185854 -0.5206335491432607 1.3269 0.0 0.0 0.0 1.0 
0.08500750921738971 -0.5176588347720045 0.8513536598612506 0.2505 -0.9963021228582113 -0.03345723464517386 0.07913718113579299 -1.0874 -0.012482121809890334 -0.8549327132777107 -0.5185887121821442 1.326 0.0 0.0 0.0 1.0 
0.08364793948986798 -0.5166543439957308 0.8520981815785317 0.252 -0.9963923703077088 -0.03107043912547741 0.07897387039480569 -1.0865 -0.014327128521966381 -0.855630128409987 -0.5173894246555721 1.3253 0.0 0.0 0.0 1.0 
0.08204504553524572 -0.5171603293845124 0.8519470665563809 0.2536 -0.9964938840403927 -0.028512336968588126 0.07865739450733333 -1.0858 -0.016387482210884374 -0.8554134908636248 -0.5176864012848855 1.325 0.0 0.0 0.0 1.0 
0.08436910434995873 -0.5174445914211862 0.8515473850820913 0.2549 -0.9963024362999161 -0.02988976911040006 0.08054847686566358 -1.085 -0.016226818974683588 -0.8551945372320199 -0.518053080132214 1.3247 0.0 0.0 0.0 1.0 
0.08602843313061082 -0.5150430967767121 0.852836278048575 0.2554 -0.996142633133887 -0.029610572706819216 0.08260186703132322 -1.0846 -0.017290550777180558 -0.856652684841779 -0.5156037377746531 1.324 0.0 0.0 0.0 1.0 
0.08384911483725302 -0.5184234259669971 0.8510032181781987 0.2562 -0.9963006444985991 -0.027482273661151385 0.08142327926391701 -1.084 -0.01882423206097361 -0.8546823246347471 -0.5188099577342936 1.3232 0.0 0.0 0.0 1.0 
0.07948928803549012 -0.5126753259298455 0.8548950013132244 0.2577 -0.9965630175367055 -0.020811461054790314 0.08018126443815377 -1.0831 -0.023315341853532512 -0.8583302938097268 -0.5125675580474844 1.3223 0.0 0.0 0.0 1.0 
0.08515833364111004 -0.5215676599555564 0.8489494886622848 0.2572 -0.996206461972767 -0.02925539971441324 0.08195612674627994 -1.0835 -0.01790930861791623 -0.852708213679237 -0.5220804142934239 1.3217 0.0 0.0 0.0 1.0 
0.08412754522886014 -0.5232212697076206 0.8480342322449675 0.2584 -0.9962668658370228 -0.02762887684961321 0.08178616753036189 -1.0825 -0.019362029052803598 -0.8517488761892054 -0.5235923640976673 1.3214 0.0 0.0 0.0 1.0 
0.08470468823599732 -0.5214709435020267 0.8490542802871608 0.2594 -0.9962493744007143 -0.029210453949822357 0.08144896184869893 -1.0817 -0.01767200602727398 -0.8527689044888722 -0.521989363627096 1.3207 0.0 0.0 0.0 1.0 
0.08508042946406476 -0.5197123090516338 0.8500943690805327 0.2604 -0.9962020572501553 -0.02851687996666155 0.08226936664108259 -1.081 -0.018514363417848068 -0.8538652723803597 -0.5201646998500049 1.3202 0.0 0.0 0.0 1.0 
0.08240171497758986 -0.5215364634824811 0.8492406458872177 0.2616 -0.9964279699672933 -0.027319321182102452 0.07990591565715005 -1.0801 -0.018473170697270447 -0.8527915172821172 -0.5219246784891989 1.3197 0.0 0.0 0.0 1.0 
0.08228915581200091 -0.5242736746697598 0.8475645160599958 0.2628 -0.9964915955301874 -0.030258203448097154 0.07803166768559278 -1.0801 -0.015264169595803956 -0.8510120769838465 -0.524924232584275 1.3185 0.0 0.0 0.0 1.0 
0.08401330970496312 -0.5260639554739559 0.8462851047628772 0.2649 -0.9963560655805188 -0.03181186221009269 0.07913656552842901 -1.0792 -0.014708989541338757 -0.8498498221296644 -0.5268196327519039 1.3176 0.0 0.0 0.0 1.0 
0.08509649212546694 -0.5220618773801264 0.8486518621992638 0.2668 -0.9962331829882287 -0.03032723100769702 0.08123856333385349 -1.0784 -0.01667429581970653 -0.8523682626926837 -0.5226761067938475 1.3161 0.0 0.0 0.0 1.0 
0.0824636316517251 -0.5244753950249158 0.8474227454277277 0.2679 -0.9965017984346126 -0.03182290041175895 0.07727527887989943 -1.078 -0.013561532781789842 -0.8508306899864637 -0.5252649063146774 1.3148 0.0 0.0 0.0 1.0 
0.08326172234896137 -0.52907756645151 0.8444787826045321 0.2693 -0.9964470684704748 -0.03342099724531797 0.0773063818822573 -1.0776 -0.012677749330280264 -0.8479150698158846 -0.5299804798773651 1.314 0.0 0.0 0.0 1.0 
0.08405198995413003 -0.5279372293239963 0.8451139242010234 0.2708 -0.9963744937854759 -0.03332880534667376 0.0782755317318275 -1.0769 -0.013157929870904028 -0.8486291726236295 -0.5288245420303852 1.3127 0.0 0.0 0.0 1.0 
0.08302780961368633 -0.5303972175365884 0.8436736184450706 0.2718 -0.996434918252567 -0.03147535830672604 0.07827359392837069 -1.076 -0.014961166991705965 -0.847164738081625 -0.5311196381544729 1.3115 0.0 0.0 0.0 1.0 
0.08146338047935855 -0.5349912505359435 0.8409209710138419 0.2722 -0.996539628494989 -0.029747577729445224 0.07761346827903115 -1.0754 -0.01650716450347578 -0.8443337275445166 -0.5355633203000718 1.3102 0.0 0.0 0.0 1.0 
0.0789277559557766 -0.5306605620155398 0.8439015210681498 0.2734 -0.996742279064976 -0.0279207464349486 0.07566545475230302 -1.075 -0.016590312358207293 -0.8471244299628401 -0.5311355398539909 1.3092 0.0 0.0 0.0 1.0 
0.07824780501037731 -0.5297846774871193 0.8445149356352004 0.275 -0.9967929472579005 -0.02732967162821054 0.07521242813260626 -1.0744 -0.01676607610522657 -0.8476917391060048 -0.5302241169010237 1.3083 0.0 0.0 0.0 1.0 
0.07972349080532073 -0.5334658663679572 0.842056016209194 0.2762 -0.9966762231065422 -0.02846212925041189 0.07633094714865207 -1.0741 -0.016753247681909444 -0.845342579442688 -0.5339618451474701 1.3075 0.0 0.0 0.0 1.0 
0.07770927026940383 -0.5361894529059007 0.8405130218543122 0.2775 -0.996844492880384 -0.028091687284618583 0.07424226639558418 -1.0738 -0.016196491232561228 -0.8436300893744686 -0.5366804877893171 1.3067 0.0 0.0 0.0 1.0 
0.07430210767517291 -0.534695481304517 0.8417719044180304 0.2792 -0.9971113558566571 -0.026500542377064645 0.07118051190754404 -1.0735 -0.01575248604905377 -0.8446291869964311 -0.5351199824871259 1.3056 0.0 0.0 0.0 1.0 
0.07672181482108138 -0.5368883032872493 0.8401575524411466 0.2809 -0.9969348714176398 -0.028362639415390245 0.07291380415865162 -1.0731 -0.015317482888952128 -0.8431764408940343 -0.5374187047723735 1.3051 0.0 0.0 0.0 1.0 
0.07692311538169826 -0.5367888845631059 0.8402026706274327 0.2821 -0.9969136640985778 -0.028153074589292393 0.07328404140545935 -1.073 -0.015683770386016205 -0.843246759733274 -0.5372977959621763 1.3046 0.0 0.0 0.0 1.0 
0.07616704987754694 -0.5346098073919084 0.8416596309395727 0.2838 -0.9969815455786618 -0.02809623574684031 0.07237678711051465 -1.0729 -0.01504587280732056 -0.8446318460591244 -0.5351361194445965 1.3039 0.0 0.0 0.0 1.0 
0.07306865433451774 -0.5396575972301346 0.838707725912633 0.2848 -0.9972187813261079 -0.027150212756923947 0.0694087034724441 -1.0727 -0.014685840943394202 -0.8414466968852223 -0.5401405209542547 1.3036 0.0 0.0 0.0 1.0 
0.07042556043978872 -0.5370141043570936 0.8406283912397261 0.2861 -0.9974173650314965 -0.0259970186041924 0.06695337898358572 -1.0725 -0.01410107692227991 -0.8431725841992501 -0.5374580475575654 1.3033 0.0 0.0 0.0 1.0 
0.0697654870404322 -0.5373405734441172 0.840474797331103 0.2877 -0.9974719823628146 -0.026168687424163645 0.06606696753819763 -1.0724 -0.01350633996344408 -0.842959256387427 -0.5378078382206308 1.3029 0.0 0.0 0.0 1.0 
0.07059008328373201 -0.538335614553846 0.839768900498779 0.2893 -0.9974316744339895 -0.027857423441280338 0.06598498916436091 -1.0724 -0.012128271839112192 -0.842269986442676 -0.5389194512726838 1.303 0.0 0.0 0.0 1.0 
0.06949430010512984 -0.530990540034854 0.8445232907660936 0.2913 -0.9975161948571645 -0.02723849035707121 0.06495772194859406 -1.0724 -0.011488396345063545 -0.8469398508964857 -0.5315645828240037 1.3027 0.0 0.0 0.0 1.0 
0.06761675203868663 -0.5293637552506657 0.8456961567079821 0.2928 -0.9976743669263867 -0.028574546517751764 0.061881765240969167 -1.0725 -0.008592579459763494 -0.8479136217317294 -0.5300647674199912 1.3024 0.0 0.0 0.0 1.0 
0.06418038497839038 -0.5342219113616226 0.8429044000390318 0.2939 -0.9979300908049259 -0.030928238554594728 0.05638242568373791 -1.0725 -0.004051178852846393 -0.8447783102572204 -0.5351011067722226 1.3023 0.0 0.0 0.0 1.0 
0.06344767041926289 -0.5308502028113063 0.8450872471488153 0.2963 -0.9979810162289638 -0.03130685747536846 0.05526094390816033 -1.0725 -0.0028782572804517126 -0.8468872078678549 -0.5317647720419393 1.3019 0.0 0.0 0.0 1.0 
0.064201509693829 -0.5352749105956297 0.8422344900559904 0.2981 -0.997935828837971 -0.03316853768102544 0.05499026849883892 -1.0726 -0.0014992246346643423 -0.844026432166045 -0.5362994817548791 1.301 0.0 0.0 0.0 1.0 
0.060533964515151334 -0.5344476628626909 0.843031040235581 0.2997 -0.9981661125586976 -0.03260253117284165 0.05100477135113046 -1.0727 0.00022556492549602458 -0.8445725372173377 -0.5354411064708544 1.3003 0.0 0.0 0.0 1.0 
0.058832445336074124 -0.5322074116518881 0.8445673533582596 0.3017 -0.9982678561284549 -0.031514119129920845 0.04968045607845595 -1.0728 0.00017548924777383013 -0.8460272639095402 -0.5331396045364301 1.2997 0.0 0.0 0.0 1.0 
0.05972697551109864 -0.5327987373459082 0.8441316211817337 0.3036 -0.9982095461467411 -0.029148479138158323 0.05223091178075284 -1.0729 -0.0032234108973351328 -0.8457398368567828 -0.5335857362932864 1.2984 0.0 0.0 0.0 1.0 
0.05702771066011017 -0.5324584574111523 0.8445329072026755 0.305 -0.9983662080175114 -0.02738818195464407 0.050147803321326956 -1.073 -0.0035714010698802423 -0.8460129305279888 -0.5331504163684415 1.2976 0.0 0.0 0.0 1.0 
0.05284807920727856 -0.5353457596486606 0.8429780531842452 0.3063 -0.9986024502462441 -0.027928926658090852 0.04486782163115449 -1.0736 -0.0004763258331479947 -0.844171127605017 -0.5360735774422902 1.2966 0.0 0.0 0.0 1.0 
0.05265454427916155 -0.5376576346716979 0.8415175380501518 0.3077 -0.9986058680314678 -0.025212266593155827 0.046375229879260405 -1.0731 -0.003717431892102774 -0.8427862181434094 -0.5382356093827841 1.2952 0.0 0.0 0.0 1.0 
0.04969865788123612 -0.5374313254908367 0.8418417985500397 0.3097 -0.9987554328753372 -0.02319907079201139 0.044151878967769564 -1.0732 -0.004198655356322856 -0.8429883590510305 -0.5379154188138218 1.2948 0.0 0.0 0.0 1.0 
0.048117812027996726 -0.5388951723098412 0.8409974253389749 0.3113 -0.9988232272315967 -0.020843902014710827 0.04379146596608874 -1.0732 -0.006069341669106276 -0.8421149119983256 -0.539263978105117 1.2938 0.0 0.0 0.0 1.0 
0.046853335730800666 -0.5371953354942738 0.8421555298483122 0.3129 -0.9988734523769418 -0.018847126434609382 0.043550108630485196 -1.0729 -0.007522703467908953 -0.8432472693986934 -0.5374732101083562 1.2931 0.0 0.0 0.0 1.0 
0.040949288137584874 -0.5432325798512172 0.8385830429893129 0.3133 -0.9991305702539439 -0.015688500958954396 0.038626086026020356 -1.0726 -0.007826837487369398 -0.8394356646735065 -0.543402710233483 1.2924 0.0 0.0 0.0 1.0 
0.04520476789217555 -0.5404852195966552 0.8401382364571734 0.3164 -0.9989468026119293 -0.01783787576206805 0.04227405516034316 -1.0723 -0.007862220501693107 -0.8411643939123028 -0.540722339008599 1.2918 0.0 0.0 0.0 1.0 
0.04270650691927251 -0.5444614094595822 0.8376979932386368 0.3181 -0.9990591645127666 -0.016939908902132234 0.03992274150706748 -1.0716 -0.007545864417467074 -0.8386148180754216 -0.5446726051808742 1.291 0.0 0.0 0.0 1.0 
0.04154407700387312 -0.5452676058124097 0.8372319437990281 0.3197 -0.9991127840365692 -0.01687722502800687 0.03858502364972494 -1.0712 -0.006909011549568911 -0.8380921174470959 -0.5454849844243665 1.2905 0.0 0.0 0.0 1.0 
0.04141331309124796 -0.5483666098313036 0.8352119483825221 0.3216 -0.9991281390927753 -0.018309719067063246 0.03751953971856248 -1.0706 -0.005281966661560555 -0.8360375681808848 -0.5486467765497014 1.29 0.0 0.0 0.0 1.0 
0.04083020281340931 -0.5486699390074012 0.8350414316474547 0.3233 -0.9991423548622789 -0.016658812511548576 0.0379082931027685 -1.07 -0.006888342215380594 -0.8358730657195026 -0.5488795575954749 1.2892 0.0 0.0 0.0 1.0 
0.039382763578795874 -0.5491267222943916 0.8348106616443725 0.325 -0.9991982828272183 -0.01562531469424079 0.03685974953583504 -1.0696 -0.007196494148904609 -0.8355930184024543 -0.5493018460455424 1.2889 0.0 0.0 0.0 1.0 
0.03802889408613484 -0.5500918404901833 0.834237837933948 0.3269 -0.9992554938665521 -0.015502965949272043 0.035328685572616425 -1.0692 -0.006500860873655201 -0.8349602535886953 -0.5502718543910845 1.2886 0.0 0.0 0.0 1.0 
0.03816984369078347 -0.5487173017339583 0.8351361480683406 0.329 -0.9992486792631526 -0.015340094269875482 0.03559155094452143 -1.0687 -0.006718632559255477 -0.8358672168984709 -0.5488905680469817 1.2881 0.0 0.0 0.0 1.0 
0.036403811601435396 -0.5496013932189251 0.8346334950579829 0.3305 -0.9993123288128508 -0.014132565424340673 0.03428031617654137 -1.0684 -0.007044997056359303 -0.8353074758233303 -0.549737927425544 1.2877 0.0 0.0 0.0 1.0 
0.03404246777670142 -0.5512456140966743 0.8336482371641247 0.3321 -0.9993827938923149 -0.011541133137127083 0.033178811279218734 -1.068 -0.008668428903968128 -0.8342631929943282 -0.5512982705897466 1.2871 0.0 0.0 0.0 1.0 
0.033085780823599545 -0.552529713771123 0.8328362663256766 0.3335 -0.9994144635249295 -0.011018813666741775 0.03239314499326723 -1.0678 -0.008721307497728925 -0.8334203628094159 -0.5525707535240637 1.2865 0.0 0.0 0.0 1.0 
0.030843123220873847 -0.5555340956924694 0.8309215187207106 0.3369 -0.9994679033947763 -0.008315566946682854 0.03153983877582861 -1.0673 -0.010611872296254765 -0.8314521753351214 -0.5554949759420534 1.2847 0.0 0.0 0.0 1.0 
0.029427755485912685 -0.5548819271404059 0.8314084761054644 0.3384 -0.9994967754527065 -0.00648183618396915 0.03105127468117902 -1.0671 -0.01184073759117965 -0.8319038602703039 -0.554793442824141 1.2837 0.0 0.0 0.0 1.0 
0.027784294484036506 -0.5554837970672171 0.8310630446457181 0.3396 -0.999540886780588 -0.005387353092244376 0.02981597022628818 -1.0669 -0.0120850582911195 -0.831509908312851 -0.5553784509176188 1.2829 0.0 0.0 0.0 1.0 
0.027289562790446573 -0.5551736509669194 0.8312866515437184 0.3415 -0.9995513119736898 -0.0048831838498313435 0.029552144544250147 -1.0667 -0.012347246429134873 -0.8317201282808718 -0.555057811149495 1.2821 0.0 0.0 0.0 1.0 
0.027549366473778952 -0.554910229492181 0.8314539491828927 0.3431 -0.9995419673056263 -0.004869747602583935 0.029868732030092326 -1.0667 -0.012525494069766718 -0.8318959807351048 -0.5547902209259696 1.2816 0.0 0.0 0.0 1.0 
0.025270868299099594 -0.5604385338848139 0.8278103846609137 0.3439 -0.9996119146152957 -0.004456592164738857 0.027498344412349274 -1.067 -0.011721918552547395 -0.8281840305894081 -0.560333657834446 1.2811 0.0 0.0 0.0 1.0 
0.02414139967380341 -0.5612397151345019 0.8273011392337939 0.3452 -0.9996325116794218 -0.0033452747120943926 0.026900757063540226 -1.0672 -0.012330223650878047 -0.827646537655323 -0.5611142257079885 1.2805 0.0 0.0 0.0 1.0 
0.022535302091044554 -0.5591109648072469 0.8287865160534256 0.3471 -0.999659395483287 -0.0016873414548379956 0.026043154586267103 -1.0677 -0.013162567441604378 -0.8290911179786722 -0.5589585538367052 1.2799 0.0 0.0 0.0 1.0 
0.022389075564598557 -0.5596857604273849 0.8284024256785967 0.3487 -0.9996698805341123 -0.0020866234158466584 0.025608122844799908 -1.0682 -0.012603937808344567 -0.8287022961097312 -0.5595477148324199 1.2791 0.0 0.0 0.0 1.0 
0.022073791568062315 -0.5624714473903746 0.826522001277877 0.35 -0.999663876067037 -0.0011739288105851037 0.02589897252354606 -1.0687 -0.013597154571359904 -0.8268158759734388 -0.562308300335179 1.2784 0.0 0.0 0.0 1.0 
0.018046083523338335 -0.5632868268082439 0.8260643374542737 0.3517 -0.999727990300134 0.002042952851698837 0.023232988488369466 -1.0692 -0.014774446856774981 -0.8262589043925306 -0.5630967400297493 1.2774 0.0 0.0 0.0 1.0 
0.018370102811369707 -0.5651534628781965 0.8247812453732705 0.3531 -0.9997465279640916 0.0003562688060340796 0.022511172698953807 -1.0701 -0.0130161110337913 -0.8249857189487106 -0.5650036675847646 1.2764 0.0 0.0 0.0 1.0 
0.019195058142645327 -0.5649918903402398 0.8248731500010551 0.3546 -0.9997304546899575 -6.91813628727056e-05 0.02321665736815015 -1.0708 -0.013060157285098628 -0.8250964544001518 -0.5648409273662691 1.2757 0.0 0.0 0.0 1.0 
0.01794250748390655 -0.5667609993129806 0.8236868555967989 0.3561 -0.9997747731285475 -0.0008310646579703651 0.021206422312492756 -1.0713 -0.011334436066760267 -0.8238818355743049 -0.5666482608900894 1.2751 0.0 0.0 0.0 1.0 
0.017041348188223338 -0.568792313821884 0.8223046249347472 0.3572 -0.9997922230744916 -0.0004936802151902508 0.020378100000025934 -1.0717 -0.01118495112611878 -0.8224810393054618 -0.5686825448801058 1.2746 0.0 0.0 0.0 1.0 
0.017183153788208283 -0.5672321828248745 0.8233786431488365 0.3586 -0.9997871511582592 -0.00034277423884182534 0.020628496907761473 -1.0722 -0.011418914341701725 -0.8235578505931137 -0.5671173380542228 1.2742 0.0 0.0 0.0 1.0 
0.017247856617379737 -0.5663460304860858 0.8239870661574484 0.3604 -0.9997883091238765 -0.000522677472600902 0.020568513497068286 -1.0727 -0.011218216494869038 -0.8241673983851294 -0.5662351552648078 1.2737 0.0 0.0 0.0 1.0 
0.017117536810179468 -0.5671285330575957 0.8234514053212199 0.3619 -0.9997897148302506 -0.00040726064522300653 0.020502689053232437 -1.0731 -0.011292300615854789 -0.8236292012372477 -0.5670162456368378 1.2732 0.0 0.0 0.0 1.0 
0.016150078257921058 -0.5680671123421048 0.8228237544259196 0.3636 -0.999812449775118 -0.0003781002934125366 0.01936291080508884 -1.0736 -0.010688322924609306 -0.8229821461705418 -0.5679666775767649 1.2728 0.0 0.0 0.0 1.0 
0.01711855968524012 -0.5679116320378362 0.8229114977386232 0.3655 -0.9997859812541497 -0.00016031906053015632 0.020687338772194752 -1.074 -0.011616651926419808 -0.8230895166954321 -0.5677928327340003 1.2721 0.0 0.0 0.0 1.0 
0.018885385400676025 -0.5702467264946962 0.8212563626178803 0.367 -0.9997459427974784 -0.0006619687668144025 0.02253023873226806 -1.0745 -0.01230414882261921 -0.8214732087654686 -0.5701143527419004 1.2716 0.0 0.0 0.0 1.0 
0.01836559369363032 -0.5718601178015604 0.8201455423498111 0.3688 -0.999756074162334 -0.0004388145224289014 0.022081657938940236 -1.075 -0.012267727735727707 -0.8203510304191738 -0.5717286854325238 1.271 0.0 0.0 0.0 1.0 
0.01855443893649894 -0.571441191380237 0.8204332377406993 0.371 -0.9997557509354739 -0.0007493871298473453 0.02208793540320747 -1.0754 -0.012007134012676668 -0.8206426769385473 -0.5713155218615512 1.2698 0.0 0.0 0.0 1.0 
0.019934209399232475 -0.5705919728930429 0.8209917342858286 0.3726 -0.999741204821817 -0.002373140882876587 0.02262502118831139 -1.0759 -0.01096132642744807 -0.8212302774936973 -0.5704916131290414 1.2688 0.0 0.0 0.0 1.0 
0.022001896168822324 -0.5664231322396609 0.8238208250759314 0.3753 -0.9996888383982518 -0.002777135045125098 0.02478939093433863 -1.0761 -0.011753422775119315 -0.8241098972738727 -0.5663079853474755 1.2676 0.0 0.0 0.0 1.0 
0.02005499484876412 -0.5719443271531004 0.8200472448700766 0.3765 -0.9997358307264654 -0.0022608037827895194 0.02287263710024795 -1.0771 -0.011227909123250002 -0.8202893242043585 -0.5718385774439121 1.2665 0.0 0.0 0.0 1.0 
0.021370639939124178 -0.5725514989789859 0.8195901883048067 0.378 -0.9997142820854867 -0.003458136825178995 0.023651542951743043 -1.0775 -0.010707471358454124 -0.8198614653138752 -0.5724618133556975 1.2654 0.0 0.0 0.0 1.0 
0.02407158793197585 -0.5760519923698544 0.8170585418078402 0.3792 -0.9996486977711694 -0.004801317133849334 0.026065847352146287 -1.078 -0.011092326123872398 -0.8173989536575768 -0.5759651993485894 1.2643 0.0 0.0 0.0 1.0 
0.02421886558225589 -0.5768437163944238 0.816495421546366 0.3809 -0.9996229865255384 -0.003405321706197728 0.027244973735361278 -1.0788 -0.012935662320571417 -0.8168474341272957 -0.5767087115693516 1.2627 0.0 0.0 0.0 1.0 
0.024726845462775912 -0.5736050378824598 0.8187587212539 0.3826 -0.999576453739986 -0.0016138438526121096 0.029056989462304283 -1.0794 -0.01534588681220711 -0.8191304267477072 -0.5734019948814841 1.2613 0.0 0.0 0.0 1.0 
0.024347709509694157 -0.5721852188813384 0.8197629317890305 0.3846 -0.9995371367019376 0.0010282195407474298 0.030404853531441955 -1.08 -0.018240104038188987 -0.8201237821562615 -0.5718953405531341 1.2602 0.0 0.0 0.0 1.0 
0.023079522669615382 -0.5752313160413275 0.8176651323608614 0.3861 -0.9996020970215912 -1.0909259152092066e-05 0.028207224447387713 -1.081 -0.016216758719915347 -0.8179907902454344 -0.5750026815678947 1.2583 0.0 0.0 0.0 1.0 
0.020808675453447473 -0.5741531915259599 0.818483421754178 0.3877 -0.9996586774385787 0.0009862651921292154 0.02610662564795535 -1.0817 -0.015796444144957955 -0.8187472991964768 -0.5739366972156861 1.2569 0.0 0.0 0.0 1.0 
0.02081844723934939 -0.5731172768360959 0.8192088740037671 0.3896 -0.9996586844701432 0.0010027656258359552 0.026105727810615376 -1.0824 -0.01578311813187494 -0.8194727460099434 -0.5729007869858077 1.2553 0.0 0.0 0.0 1.0 
0.020380798259557256 -0.5793757855202769 0.8148056959883534 0.3912 -0.9996633386309454 0.001279833219967788 0.025914695139254873 -1.0834 -0.016057162250369184 -0.8150595445608197 -0.5791546480524646 1.2535 0.0 0.0 0.0 1.0 
0.017945109345553226 -0.5774317601125181 0.8162417138715319 0.3931 -0.9996973752210832 0.003376636478994846 0.024367115179390886 -1.0842 -0.016826497753635983 -0.8164319694496587 -0.5771964208429385 1.2522 0.0 0.0 0.0 1.0 
0.01586084121792246 -0.5770768285109771 0.8165358336971944 0.395 -0.9997332519068629 0.004559198326077249 0.022641526943927348 -1.0852 -0.016788649367621755 -0.8166771379843665 -0.5768505816466472 1.2509 0.0 0.0 0.0 1.0 
0.01622459372262315 -0.5783650635942785 0.8156167088603088 0.3969 -0.9997304563152671 0.004164461429706903 0.022840139593887088 -1.086 -0.016606543114193906 -0.8157674365127517 -0.5781416022491461 1.2497 0.0 0.0 0.0 1.0 
0.015025853791289831 -0.5787309755023988 0.8153800842011564 0.3984 -0.9997413975790146 0.005225485119069381 0.022132154708235763 -1.0867 -0.01706931998064598 -0.8155017794580908 -0.578502796895647 1.2487 0.0 0.0 0.0 1.0 
0.013563283754889022 -0.5794035923462841 0.814927919824818 0.4003 -0.9997629701866777 0.006023053467039352 0.020921908862361782 -1.0875 -0.017030583586482073 -0.8150185273987051 -0.5791845640377079 1.2474 0.0 0.0 0.0 1.0 
0.014637817140162754 -0.5800760863885764 0.8144307633614312 0.4022 -0.9997381052204201 0.0058393565682573895 0.02212742382548477 -1.0882 -0.017591341041974018 -0.8145413653799181 -0.5798386920561299 1.2464 0.0 0.0 0.0 1.0 
0.013797631786816533 -0.5806887400692299 0.8140087299985704 0.4038 -0.9997670754916831 0.005499898699341144 0.02086973591361274 -1.0886 -0.016595786208624785 -0.8141070803469941 -0.5804775978528459 1.2456 0.0 0.0 0.0 1.0 
0.01232671629809734 -0.5806337426799771 0.8140715625341226 0.4057 -0.9998072125697403 0.005286855297034654 0.018909967070147027 -1.089 -0.015283643506443345 -0.8141477175688143 -0.5804566342274483 1.2444 0.0 0.0 0.0 1.0 
0.011900299367448242 -0.583141782124869 0.8122832294312106 0.4073 -0.9998450921747564 0.0035958837783462427 0.01722966261727732 -1.0894 -0.012968212252183697 -0.8123624385458034 -0.5830086568061384 1.2434 0.0 0.0 0.0 1.0 
0.01138965193624085 -0.5839665192743083 0.8116978379886325 0.4091 -0.9998475899740903 0.004090350695359554 0.01697250288532548 -1.0897 -0.01323150224935532 -0.8117674380004645 -0.583830929251258 1.2422 0.0 0.0 0.0 1.0 
0.010712894279325341 -0.5841308630842041 0.8115887928555094 0.4111 -0.9998251626599719 0.006182262342383754 0.017647202166091225 -1.0898 -0.015325730263871573 -0.8116359494409011 -0.583962505274993 1.2409 0.0 0.0 0.0 1.0 
0.00784224243938042 -0.5855614347654018 0.8105900969966302 0.4125 -0.9998698925683781 0.006834979740956981 0.014610988578503403 -1.0899 -0.014095998326561665 -0.8105992161157234 -0.5854316473028707 1.2398 0.0 0.0 0.0 1.0 
0.007446203540592056 -0.5882756942940912 0.8086261568584319 0.4137 -0.9998607250572504 0.007698268682938492 0.014807671905961661 -1.0899 -0.014936014890906846 -0.8086237964357037 -0.5881364393549241 1.2385 0.0 0.0 0.0 1.0 
0.007067023492191654 -0.5875573524060748 0.8091516636654247 0.4158 -0.9998745433696171 0.007319016810038298 0.014047402405217124 -1.0901 -0.014175849193629797 -0.8091494235470345 -0.5874319157767489 1.2375 0.0 0.0 0.0 1.0 
0.00567374469419947 -0.5875540198116284 0.8091650526464556 0.4175 -0.9998868233237076 0.007941698480793416 0.012777713757334441 -1.09 -0.013933741951437706 -0.80914597152086 -0.5874424632309057 1.2365 0.0 0.0 0.0 1.0 
0.004199850175139699 -0.5892367885302932 0.8079494837556449 0.4187 -0.9999033481549162 0.008233847184142898 0.011202593857516652 -1.0898 -0.0132535130095634 -0.8079184431630799 -0.589145256782952 1.2357 0.0 0.0 0.0 1.0 
0.0030041256517625153 -0.5888760645051004 0.8082177651363854 0.4206 -0.9999015947283735 0.009306322831187888 0.010497295604946222 -1.0895 -0.013703141564047838 -0.8081697674426747 -0.5887901586328778 1.2344 0.0 0.0 0.0 1.0 
0.004532843954930463 -0.5885757491373317 0.808429366644427 0.4228 -0.9998797422012818 0.009322294550801566 0.01239338371093357 -1.0894 -0.014830861781386484 -0.8083883239828104 -0.5884627118068607 1.2333 0.0 0.0 0.0 1.0 
0.003359243230747294 -0.5914295033759279 0.8063497119869395 0.424 -0.9999072323961874 0.008657406379193183 0.010515508384418337 -1.0893 -0.013200079041958301 -0.8063102330066816 -0.5913455555443005 1.2324 0.0 0.0 0.0 1.0 
0.001661660996375991 -0.5892267433687539 0.8079660164770457 0.4262 -0.9999265477457504 0.008721237654783609 0.008416598305401979 -1.089 -0.012005748456420107 -0.8079206550849046 -0.5891689715957382 1.2313 0.0 0.0 0.0 1.0 
0.002985436392913113 -0.5890766901268838 0.8080716183103446 0.4285 -0.9999331035826267 0.007271547559557459 0.008995162905977572 -1.0885 -0.011174771995877575 -0.8080444157007982 -0.589015574264039 1.2304 0.0 0.0 0.0 1.0 
0.002796511462378956 -0.5882065544569314 0.8087058976027972 0.4322 -0.9999411882868149 0.006829268936604113 0.00842502542099055 -1.0875 -0.010478525239440262 -0.8086818969036569 -0.5881528628928961 1.2285 0.0 0.0 0.0 1.0 
0.003067087100958127 -0.5872376324380115 0.8094087694269896 0.4348 -0.9999241487274473 0.0078541563007761 0.0094873083902966 -1.0864 -0.011928527503625497 -0.809376473143 -0.5871690003348213 1.2268 0.0 0.0 0.0 1.0 
0.0045251570330986784 -0.5927988015693896 0.8053378817687153 0.438 -0.9999601471198324 0.003515484064033389 0.008206433078918551 -1.0863 -0.007695916183862617 -0.8053429221329825 -0.59275926871235 1.2248 0.0 0.0 0.0 1.0 
0.0032558043074379373 -0.5943772968776633 0.8041797241255924 0.4404 -0.9999572620437291 0.005023499776240781 0.007761348852297845 -1.0859 -0.008652966215155655 -0.8041706245607335 -0.594335538874531 1.2232 0.0 0.0 0.0 1.0 
0.0029314660166147033 -0.5957486162588381 0.8031656072894763 0.4421 -0.9999609191198986 0.004952631533262142 0.007323364922178055 -1.0855 -0.008340667831839621 -0.8031556870660728 -0.595710815407563 1.2218 0.0 0.0 0.0 1.0 
0.001277880125435893 -0.5972676342037139 0.8020409840869003 0.4442 -0.9999703990705308 0.005322167116047549 0.005556574476438536 -1.0851 -0.007587358243048903 -0.8020243435643879 -0.5972431534350178 1.2203 0.0 0.0 0.0 1.0 
0.004489427550463804 -0.6002090353673079 0.799830581375653 0.4457 -0.9999648311159087 0.002971475715075639 0.007842631153313517 -1.0845 -0.007083895228004511 -0.7998376611510116 -0.6001745864603717 1.2197 0.0 0.0 0.0 1.0 
0.00014411452375498457 -0.5949794364045087 0.803740909427147 0.4487 -0.9999841495024528 0.0044381093122512205 0.003464668755952305 -1.0839 -0.005628496678510675 -0.8037286690429213 -0.5949693660884013 1.2188 0.0 0.0 0.0 1.0 
0.0016526268329374733 -0.5963018023748603 0.8027586370192751 0.4502 -0.9999921506799867 0.0019053049434327035 0.0034739590509274 -1.0838 -0.0036010280429406016 -0.8027580770677837 -0.5962939730531145 1.2177 0.0 0.0 0.0 1.0 
0.0006976682094072539 -0.5989376379539184 0.800795366558305 0.4521 -0.9999953400787525 0.0019621468397184594 0.0023387604749480206 -1.0834 -0.0029720497723588757 -0.8007932665937942 -0.5989334780242211 1.2169 0.0 0.0 0.0 1.0 
0.003291445903801399 -0.5990407143910972 0.8007118013902792 0.4539 -0.9999850693835146 0.0015210728050960853 0.0052485567129066935 -1.083 -0.004362040108636056 -0.8007171216099511 -0.5990267638150779 1.2161 0.0 0.0 0.0 1.0 
0.00013232572705747236 -0.5972644096036478 0.8020443924813068 0.4561 -0.999994159747234 0.0026600351263203065 0.002145852872512344 -1.0826 -0.003415107805865847 -0.8020399922908665 -0.5972605694374453 1.2152 0.0 0.0 0.0 1.0 
0.0020243188237352855 -0.5995956801919432 0.8003005200725919 0.4575 -0.9999956403471156 0.0005066796581656013 0.0029090483815679136 -1.0823 -0.0021497488369975892 -0.8003029198815191 -0.599592040481737 1.2147 0.0 0.0 0.0 1.0 
0.0038576771284789396 -0.6002010222026906 0.7998398910244586 0.4589 -0.9999905101792628 -0.0006962368480858544 0.004300558762444895 -1.082 -0.0020243217605619424 -0.7998488908544517 -0.6001980122595484 1.2141 0.0 0.0 0.0 1.0 
0.004300988383291071 -0.5997948710153505 0.8001422462303849 0.4604 -0.9999893995356997 -0.0012643753796415247 0.004427433921605717 -1.0816 -0.0016438720015937158 -0.8001528066929332 -0.5997939509750526 1.2136 0.0 0.0 0.0 1.0 
0.0029094970365724088 -0.5988336713879318 0.8008681344884714 0.4623 -0.9999956703466751 -0.0013894587460383384 0.002593972300637959 -1.081 -0.00044058472238123203 -0.800872214161812 -0.5988351212718397 1.2128 0.0 0.0 0.0 1.0 
0.003162512982569865 -0.6018669462732765 0.7985901185810631 0.4636 -0.9999949504103803 -0.0021529950260941177 0.002337470033810407 -1.0805 0.00031251460193820746 -0.798593478308018 -0.6018707159669134 1.2119 0.0 0.0 0.0 1.0 
0.006262518802765987 -0.6019569456282194 0.7985039865073873 0.4651 -0.9999798205194199 -0.0046222210240308426 0.0043581678207602614 -1.0798 0.001067432524286871 -0.7985151662196216 -0.6019737451957985 1.2109 0.0 0.0 0.0 1.0 
0.007089613397363331 -0.6033108596568758 0.79747460398558 0.4671 -0.9999706791174415 -0.006585758231322819 0.003907517616280276 -1.0786 0.0028945271252664995 -0.7974789241156159 -0.603339860529802 1.2093 0.0 0.0 0.0 1.0 
0.006975011376649604 -0.6055228008061169 0.7957973906216402 0.4686 -0.9999629946342219 -0.00823119352306087 0.0025013626975910475 -1.078 0.0050357301808762744 -0.7957853888813878 -0.6055578058818528 1.2081 0.0 0.0 0.0 1.0 
0.00907343808795888 -0.6059007954488029 0.795488465532827 0.4703 -0.9999283455137127 -0.011709943159541353 0.0024861756594581896 -1.0771 0.007808748905768992 -0.7954540233764037 -0.6059636293828357 1.2064 0.0 0.0 0.0 1.0 
0.010735676822256554 -0.6086457634662976 0.7933694472675991 0.4718 -0.9999053366773172 -0.01336286903670332 0.003278935090621715 -1.0762 0.008605982069970763 -0.7933295458670598 -0.6087316064793874 1.2045 0.0 0.0 0.0 1.0 
0.01031361311264363 -0.6112526724154163 0.7913683085956715 0.4728 -0.9999019025514605 -0.013804918207439384 0.002368439835636782 -1.0755 0.009477059593134829 -0.7913151045558888 -0.6113350886732828 1.2031 0.0 0.0 0.0 1.0 
0.009377754976117453 -0.6119564801137779 0.7908358389440647 0.4745 -0.9998983124160538 -0.014235781811040932 0.0008410373093444834 -1.0748 0.010743488220088415 -0.7907633078001174 -0.6120277514115524 1.2012 0.0 0.0 0.0 1.0 
0.009779743008740752 -0.612344731055517 0.7905303833346503 0.4762 -0.999865805139261 -0.01637897380755947 -0.0003176951815644924 -1.0741 0.013142615413230918 -0.7904211912427181 -0.6124227396941937 1.1993 0.0 0.0 0.0 1.0 
0.00943148295033612 -0.6146399345487719 0.7887514171063272 0.4773 -0.9998500672657404 -0.01725192397176424 -0.0014879878921068013 -1.0738 0.014522056261153604 -0.7886191235172745 -0.6147104911296 1.1977 0.0 0.0 0.0 1.0 
0.009647561091896448 -0.6180247002480107 0.7860994812670561 0.4784 -0.9998537725672797 -0.017062416757221657 -0.001143423535445942 -1.0733 0.01411942094976476 -0.7859735007096355 -0.6180989387907765 1.1958 0.0 0.0 0.0 1.0 
0.008165081174385524 -0.6187302401768741 0.7855610869563758 0.4798 -0.9998299185159795 -0.018042986587661458 -0.0038189887832316693 -1.0729 0.01653679200282432 -0.7853962952074987 -0.6187723280695332 1.1936 0.0 0.0 0.0 1.0 
0.007089068728662079 -0.6183446128699781 0.7858751076597588 0.4811 -0.9998336565101136 -0.017590189042166277 -0.004821261150058875 -1.0725 0.016804892566646135 -0.7857102042000842 -0.6183664533281908 1.1923 0.0 0.0 0.0 1.0 
0.0069348114562540475 -0.6204294900699333 0.7842315705463716 0.4823 -0.9998173420598594 -0.018269704184040864 -0.00561252397641715 -1.0723 0.01780985419436182 -0.7840494026275322 -0.6204428606511525 1.1907 0.0 0.0 0.0 1.0 
0.00760591208275381 -0.6226483773152229 0.78246479047182 0.4837 -0.999795481288468 -0.01939847778958985 -0.005717923977078931 -1.072 0.018738881945043695 -0.782261271753988 -0.6226685771879638 1.1892 0.0 0.0 0.0 1.0 
0.006542134975579358 -0.6225588760000136 0.7825456193625782 0.4848 -0.9997857255584672 -0.01944149835280458 -0.007108523850083315 -1.0717 0.019639333987959195 -0.7823314349145108 -0.6225526664508889 1.188 0.0 0.0 0.0 1.0 
0.005338827129218127 -0.62292053794808 0.7822668983968057 0.4859 -0.9998011515967524 -0.01835552260515344 -0.007793077421588301 -1.0715 0.019213385716512654 -0.7820697399799879 -0.6228946681558144 1.1867 0.0 0.0 0.0 1.0 
0.0025666285090129304 -0.6284261470385264 0.7778650205121764 0.4868 -0.9998053364611508 -0.016829920520972402 -0.0102977162061621 -1.0713 0.019562760589999117 -0.7776871681425441 -0.6283470115346522 1.1853 0.0 0.0 0.0 1.0 
0.0024622694267185663 -0.6276388043294536 0.778500782613071 0.4874 -0.999838653798327 -0.015397403214077121 -0.009251288829779325 -1.0711 0.017793358311997187 -0.7783523953031537 -0.6275754497475374 1.1844 0.0 0.0 0.0 1.0 
0.003194897826925988 -0.626648448505466 0.7792955245691888 0.4883 -0.9998521284316366 -0.015169815017147828 -0.008099258180298496 -1.0709 0.016897156524135093 -0.7791544126153924 -0.6266042510256064 1.1837 0.0 0.0 0.0 1.0 
0.0038485338353998616 -0.6266408215207836 0.7792987037016519 0.4893 -0.9998278519057621 -0.016556454955575103 -0.008375580744835687 -1.0708 0.018150904683432 -0.77913231520908 -0.6265966645746781 1.1831 0.0 0.0 0.0 1.0 
0.003551025243190717 -0.6246722675536343 0.7808789588464544 0.4904 -0.9998530822654714 -0.01531276387718096 -0.0077028012228051446 -1.0706 0.016769141419839262 -0.7807368810372943 -0.6246348681303334 1.1826 0.0 0.0 0.0 1.0 
0.0032129049361411532 -0.6230452963151342 0.7821791584934096 0.4914 -0.9998593284002201 -0.014877966837145457 -0.007743998570122035 -1.0705 0.016462097464556957 -0.7820442473686382 -0.6230054530296569 1.1824 0.0 0.0 0.0 1.0 
0.0020249021119310567 -0.6232018853645883 0.7820583800775105 0.4922 -0.9998482783431996 -0.01479208152953028 -0.009198620448935269 -1.0704 0.017300868925488655 -0.7819210985783965 -0.6231372846591486 1.1823 0.0 0.0 0.0 1.0 
0.001962348919407053 -0.6231026439828083 0.782137612091601 0.4928 -0.9998461979223449 -0.014853584891842075 -0.009324779680598694 -1.0701 0.01742784229184341 -0.7819990192305193 -0.6230359574178334 1.1823 0.0 0.0 0.0 1.0 
0.0014034693617022004 -0.6241954085988026 0.7812669979961551 0.4933 -0.9998492011430551 -0.0143989708558009 -0.009707966413614655 -1.07 0.017309108796955353 -0.7811355589924627 -0.6241214891591118 1.1823 0.0 0.0 0.0 1.0 
0.0009801912849356775 -0.6255800978283477 0.7801593301538603 0.4937 -0.9998452055893452 -0.01431826800722899 -0.010225070233176814 -1.0699 0.017567130814255705 -0.7800285433254017 -0.625497296167303 1.1823 0.0 0.0 0.0 1.0 
0.001109258103550545 -0.6248385223333386 0.78075322000921 0.4942 -0.9998326353741147 -0.014950486648296471 -0.010544391392206809 -1.0698 0.018261182527773034 -0.7806108530870355 -0.6247505304162762 1.1824 0.0 0.0 0.0 1.0 
0.0023138944976226483 -0.6249280685971218 0.7806789064472827 0.4948 -0.9998285955929259 -0.015786254894502805 -0.009673344358773428 -1.0698 0.01836914061494166 -0.7805227115439224 -0.6248574809003984 1.1823 0.0 0.0 0.0 1.0 
0.0025667174592936826 -0.623937208005352 0.7814702633037102 0.4954 -0.9998137938116407 -0.016547391274900708 -0.009927816777590526 -1.0697 0.019125628498384728 -0.7812992668040084 -0.6238634995141648 1.1824 0.0 0.0 0.0 1.0 
0.0029365297492788267 -0.6222015857092646 0.7828515590671761 0.496 -0.999796759325241 -0.017441137904577908 -0.01011171357088908 -1.0695 0.019945346218549487 -0.782662758440358 -0.622126345459467 1.1825 0.0 0.0 0.0 1.0 
0.0032651862703466927 -0.6218012964759311 0.7831682362426804 0.4968 -0.9997697761612448 -0.018638610366869063 -0.010629998969237997 -1.0694 0.02120691474764541 -0.7829532233182536 -0.6217190015291818 1.1825 0.0 0.0 0.0 1.0 
0.0028269268621113064 -0.6209613707328787 0.7838360699419626 0.4974 -0.9997447502833274 -0.019324988549262873 -0.011703807008774214 -1.0693 0.022415235119089105 -0.78360291020077 -0.6208575008481741 1.1825 0.0 0.0 0.0 1.0 
0.0025890339865372175 -0.6209627024088096 0.7838358368435097 0.498 -0.9997191539065693 -0.02007183080083351 -0.012599004747843923 -1.0692 0.02355653232863525 -0.7835830803593523 -0.6208402741117872 1.1823 0.0 0.0 0.0 1.0 
0.0006796473018002569 -0.6233098054600723 0.7819746955604585 0.4986 -0.9996957512078677 -0.019704271774041104 -0.014837341095755796 -1.0689 0.02465650211368664 -0.7817266965450147 -0.623133556159782 1.1816 0.0 0.0 0.0 1.0 
-0.002045712514188336 -0.6244218632024761 0.7810845996529809 0.4989 -0.9997291851051806 -0.016829565626109322 -0.016072403982218986 -1.0689 0.02318127497012329 -0.7809059498272405 -0.6242183320082605 1.1814 0.0 0.0 0.0 1.0 
-0.004984569584758042 -0.6257180720195372 0.7800333636545353 0.4992 -0.9997836552090391 -0.012634031827562647 -0.016523438402280266 -1.0688 0.02019398036318054 -0.7799469697280283 -0.6255197259632649 1.1813 0.0 0.0 0.0 1.0 
-0.004412394768669378 -0.6244763126788688 0.7810312834166178 0.4994 -0.9998399927281238 -0.01078478611939647 -0.014271556669958885 -1.0685 0.01733550442964943 -0.7809692844736997 -0.6243288051938715 1.1818 0.0 0.0 0.0 1.0 
-0.002960520782519363 -0.6230875377968134 0.7821465051759809 0.4995 -0.9998300484738875 -0.012388020155526938 -0.013653245963141103 -1.0681 0.01819641408080286 -0.7820539989022055 -0.6229449681277384 1.1825 0.0 0.0 0.0 1.0 
-0.0010934962930001235 -0.6237194377625894 0.7816475338814656 0.4993 -0.9998018442960159 -0.014854557953183772 -0.013251952697665381 -1.0675 0.01987652907684967 -0.7815071369252715 -0.6235796007942549 1.1833 0.0 0.0 0.0 1.0 
0.0012112382122817233 -0.6208789796752014 0.7839054952604136 0.499 -0.9998011068618136 -0.01635693568571886 -0.011410406340981227 -1.0671 0.019906773216324003 -0.7837357611162417 -0.620775303252038 1.1842 0.0 0.0 0.0 1.0 
0.0028180411989019993 -0.6206677698383782 0.7840686054980489 0.4987 -0.9998476004855428 -0.01525754908025262 -0.008484279543143847 -1.0667 0.017228884093400176 -0.7839252047739742 -0.6206161767735181 1.1851 0.0 0.0 0.0 1.0 
0.005206684080212964 -0.6213443667615008 0.7835203049919242 0.4982 -0.9998655014445144 -0.015420554383245966 -0.005584400023543823 -1.0665 0.015552152969877164 -0.7833858464360091 -0.6213410867967276 1.186 0.0 0.0 0.0 1.0 
0.007210326946463286 -0.6188426920140634 0.7854818481200647 0.4976 -0.9998473368887258 -0.01696386572358355 -0.004186905329130519 -1.0662 0.015915844364908227 -0.7853317450609643 -0.6188705325814542 1.1874 0.0 0.0 0.0 1.0 
0.008734550835085772 -0.6193219244536003 0.785088569215473 0.4968 -0.9998334990309645 -0.017988104690769183 -0.0030663178459698903 -1.0661 0.016021293243926538 -0.7849310682988176 -0.6193759247678823 1.1888 0.0 0.0 0.0 1.0 
0.008681789399187914 -0.613893544902596 0.7893410809401421 0.4952 -0.9998283587107952 -0.0182493238468147 -0.003196137796006915 -1.0661 0.01636702937325929 -0.7891778492241517 -0.6139466122094301 1.1918 0.0 0.0 0.0 1.0 
0.008107794831468923 -0.6132508073889142 0.7898466375821422 0.4942 -0.9998299065420002 -0.018056797094684912 -0.0037563363663182803 -1.0664 0.01656567678020887 -0.78968183423169 -0.6132928982446215 1.1932 0.0 0.0 0.0 1.0 
0.00776418940633411 -0.6106533288110092 0.791859980915121 0.4933 -0.9998323828193207 -0.017871199406425953 -0.0039782530857831455 -1.0664 0.016580821110588895 -0.7916963636671631 -0.6106897281987715 1.1948 0.0 0.0 0.0 1.0 
0.010962262215411397 -0.612858532322039 0.7901166041586498 0.4914 -0.9997756448949353 -0.021039613180080866 -0.00244837745222104 -1.0674 0.018124256730595645 -0.789912497709277 -0.6129516761382212 1.1971 0.0 0.0 0.0 1.0 
0.011382445858788448 -0.6112051431194612 0.7913903669811698 0.4902 -0.9997809466156251 -0.020858272260306343 -0.0017295267211878684 -1.0679 0.01756413136582957 -0.7911973239986557 -0.6113086747190244 1.1987 0.0 0.0 0.0 1.0 
0.010432578626566658 -0.6059557816693422 0.7954299164380836 0.4887 -0.9998191871984534 -0.01896854297284234 -0.0013368946521413738 -1.0683 0.015898245595788063 -0.7952721452678848 -0.6060441079228408 1.2009 0.0 0.0 0.0 1.0 
0.00898827930394748 -0.6063697384200113 0.7951320337928798 0.4862 -0.9998056702312526 -0.019401446912278117 -0.003493655842549681 -1.0689 0.0175451591212607 -0.7949461140141244 -0.6064262883527168 1.204 0.0 0.0 0.0 1.0 
0.009105001679522676 -0.604850186990454 0.7962872284810483 0.4844 -0.9997619138784232 -0.021297703060417214 -0.0047458826895709905 -1.0693 0.019829636975213727 -0.7960544322732984 -0.6049000961774332 1.2058 0.0 0.0 0.0 1.0 
0.007121465559951565 -0.6027522745337532 0.7978965974815694 0.4827 -0.9997355028208168 -0.021740844199962542 -0.007500672841947165 -1.0698 0.021867993229544247 -0.797632140298935 -0.602747674930607 1.2079 0.0 0.0 0.0 1.0 
0.004655631299136265 -0.6026285120453254 0.7980082716158048 0.4806 -0.9997170290380928 -0.02142107581083852 -0.010344049611055395 -1.0704 0.023327814909591738 -0.7977343003664464 -0.6025577143066052 1.2099 0.0 0.0 0.0 1.0 
0.0061780205432244995 -0.6028095596305212 0.7978611827130233 0.4789 -0.9996908349514477 -0.022940038601927587 -0.009591097070684618 -1.0711 0.024084571331969284 -0.7975552579269971 -0.6027649160134955 1.211 0.0 0.0 0.0 1.0 
0.007699266462172727 -0.6030414776232715 0.7976726757021866 0.4773 -0.9996849255911855 -0.023699966036368758 -0.008268080528198551 -1.0719 0.023890810821114328 -0.7973576913003451 -0.6030339470398771 1.2122 0.0 0.0 0.0 1.0 
0.005669287080519947 -0.6026133501933216 0.7980131636463021 0.4755 -0.9996846351816623 -0.02293867573215025 -0.010219948011702673 -1.0728 0.02446404230100363 -0.7977035585506914 -0.6025533530815825 1.2138 0.0 0.0 0.0 1.0 
0.00713156163219833 -0.6029433761646363 0.7977521080936587 0.4741 -0.9996452419085988 -0.02477146672950889 -0.009785947351603264 -1.0734 0.025661861939182684 -0.7973993099917125 -0.6029061363649866 1.2149 0.0 0.0 0.0 1.0 
0.009143897520957137 -0.6021532046750415 0.798328195191491 0.4726 -0.9996107581935398 -0.026548091162680962 -0.008575019495839609 -1.074 0.02635756517325305 -0.7979390433831366 -0.6021615744988568 1.2159 0.0 0.0 0.0 1.0 
0.009848485015147429 -0.5988541713394719 0.8007975329708634 0.4708 -0.9996018894989167 -0.027071114083217857 -0.007950930290803293 -1.0745 0.026439929143290575 -0.8004004224459206 -0.598882370666636 1.218 0.0 0.0 0.0 1.0 
0.009011833813889175 -0.5980061575164879 0.8014408414996557 0.4693 -0.9996080133267069 -0.026632755683111936 -0.008632266084737494 -1.0748 0.026506726398121738 -0.8010488948229622 -0.5980117570404163 1.2193 0.0 0.0 0.0 1.0 
0.009241211452671164 -0.5964327115906327 0.8026098806739996 0.4672 -0.9996270921861936 -0.026135678501362045 -0.007912197965696754 -1.0752 0.025695847490634693 -0.8022374628836018 -0.596451822503561 1.2208 0.0 0.0 0.0 1.0 
0.009668304477151585 -0.5953119983174564 0.8034364620477548 0.4651 -0.9996452435049938 -0.025695346129980062 -0.007009730743860354 -1.0754 0.024817554802558484 -0.8030836655333843 -0.5953492379495289 1.2225 0.0 0.0 0.0 1.0 
0.010140162417695761 -0.5932161780673473 0.8049793433283314 0.4611 -0.999625873384228 -0.02646432006300449 -0.006910356316572719 -1.0759 0.025402566149148986 -0.8046081069954316 -0.5932625926099386 1.2253 0.0 0.0 0.0 1.0 
0.009927548425679736 -0.5916430577749467 0.8061389061253442 0.4593 -0.9996421432198448 -0.025898565836133522 -0.006696998317646141 -1.076 0.024840074095921705 -0.8057839390769354 -0.5916884435617842 1.2267 0.0 0.0 0.0 1.0 
0.010800029977057743 -0.5906109315370698 0.8068841843173095 0.4573 -0.9996452648172585 -0.026023395803701846 -0.005668103675624259 -1.0762 0.024345510488145594 -0.8065367384191244 -0.5906824745151265 1.2277 0.0 0.0 0.0 1.0 
0.010155990094906281 -0.5898037648744183 0.807482739632962 0.455 -0.9996519410862112 -0.02565164693867808 -0.006163577849228774 -1.0766 0.024348563566712944 -0.8071390908321161 -0.5898589962888949 1.229 0.0 0.0 0.0 1.0 
0.009904878924814453 -0.5856132073585045 0.8105301134077441 0.4532 -0.9996600247501983 -0.025350154508751832 -0.00609955595232653 -1.0769 0.02411904413358701 -0.8101941378667634 -0.5856652035731801 1.2302 0.0 0.0 0.0 1.0 
0.0058939186246455555 -0.5832093573346827 0.8123005030409081 0.4518 -0.9997132734722581 -0.022289420075122968 -0.008749434044353688 -1.077 0.023208458945562227 -0.8120160264859191 -0.5831735077688208 1.231 0.0 0.0 0.0 1.0 
0.009625124260401213 -0.5920105765677621 0.8058727158893506 0.4483 -0.9996831921637976 -0.024440543071090753 -0.006014578920426061 -1.0776 0.023256661157004255 -0.805559518028492 -0.5920582662420417 1.2317 0.0 0.0 0.0 1.0 
0.008961615001069206 -0.5897254782417619 0.8075540537754098 0.4465 -0.9996964449115212 -0.023818654614168294 -0.006299978066354961 -1.0779 0.02295010866724173 -0.8072524586552189 -0.5897599176845317 1.2324 0.0 0.0 0.0 1.0 
0.00865442980985584 -0.5903423848909094 0.8071065415705538 0.4442 -0.9996992540213664 -0.023628885402681515 -0.006563328709654315 -1.0783 0.022945639101805526 -0.8068070056562107 -0.5903693363228391 1.2332 0.0 0.0 0.0 1.0 
0.008539625659330224 -0.5914141736643466 0.8063227331425775 0.4421 -0.9996872025026518 -0.02400473309950099 -0.007019255034792782 -1.0788 0.02350684891728899 -0.8060105755991913 -0.59143417222565 1.2342 0.0 0.0 0.0 1.0 
0.007206971387014691 -0.5907719534196862 0.8068063947541037 0.4402 -0.9997167595524801 -0.022557395640685 -0.007587131987668583 -1.0794 0.022681715837110983 -0.806523194306647 -0.5907671934121655 1.2351 0.0 0.0 0.0 1.0 
0.007289970835856349 -0.5913887093865058 0.8063536759607259 0.4379 -0.9997600482483737 -0.020967950744735134 -0.0063396346878844545 -1.0799 0.0206567725364305 -0.8061139742317642 -0.5913996603792134 1.2361 0.0 0.0 0.0 1.0 
0.007941801064552764 -0.5927081194738376 0.8053781800530966 0.4359 -0.999768035518435 -0.02083111442778786 -0.005471729827547345 -1.0803 0.02002006372268411 -0.8051479055313273 -0.592736068808923 1.2371 0.0 0.0 0.0 1.0 
0.00868105730542583 -0.5914218503950904 0.8063155921345605 0.4339 -0.9997475105490091 -0.021845967275487224 -0.0052601202321765905 -1.0807 0.02072569408050129 -0.8060663425482082 -0.5914621687105913 1.2382 0.0 0.0 0.0 1.0 
0.00887772955970384 -0.5915245271073586 0.8062381284386644 0.4315 -0.9997662226383508 -0.021146915916382236 -0.004506441907855652 -1.081 0.019715120829154942 -0.8060096412436026 -0.5915739786645882 1.239 0.0 0.0 0.0 1.0 
0.009382300038295918 -0.5915168239233576 0.8062380662444654 0.4293 -0.9997565435118846 -0.02165142701052976 -0.004250813284174093 -1.0809 0.019970632217348627 -0.8060018999506336 -0.5915759554992142 1.2401 0.0 0.0 0.0 1.0 
0.011869807262441481 -0.5921570903875015 0.8057351227167404 0.4264 -0.9997805944868425 -0.02093632185221815 -0.0006582665384493036 -1.0812 0.017258927054941753 -0.8055505264917331 -0.5922756779623854 1.2409 0.0 0.0 0.0 1.0 
0.009465919235762496 -0.5916826770312997 0.8061153801250147 0.4241 -0.9998212705808707 -0.018793828920055947 -0.0020539933245216635 -1.0814 0.016365306812752722 -0.8059518606564531 -0.5917548267968129 1.2417 0.0 0.0 0.0 1.0 
0.010470800844179937 -0.5908539778228978 0.8067105671928069 0.4217 -0.9998131287471326 -0.01929690463696422 -0.0011563115073076613 -1.0816 0.01625022813844601 -0.8065477086709072 -0.5909456182451631 1.2424 0.0 0.0 0.0 1.0 
0.012786906640191234 -0.5937435951029806 0.8045526945407384 0.4188 -0.9998302392950016 -0.018267063765532318 0.002409766105984368 -1.0819 0.013266032182781995 -0.8044469265623269 -0.5938763800106479 1.2436 0.0 0.0 0.0 1.0 
0.010350567412358236 -0.5886262528434367 0.8083390379152406 0.4168 -0.9998733500316626 -0.015865746033563555 0.0012497996875501238 -1.0822 0.012089236977690765 -0.8082495979376005 -0.5887159228210193 1.2447 0.0 0.0 0.0 1.0 
0.011297460475227075 -0.5895300024298324 0.8076674709445049 0.4139 -0.9998470105562716 -0.017446796171064025 0.0012509136869555126 -1.0829 0.013353758590657183 -0.8075580384953438 -0.5896369150528614 1.2463 0.0 0.0 0.0 1.0 
0.009404809631883088 -0.5903165777837511 0.8071170222151607 0.4109 -0.9998625576046876 -0.016572413048386053 -0.00047013398748640967 -1.0835 0.013653404557125881 -0.8070016685976764 -0.590391303649169 1.2476 0.0 0.0 0.0 1.0 
0.012251379875975549 -0.5893693055247419 0.8077708371787247 0.4087 -0.9998479009947273 -0.01724880719280078 0.0025794431304419496 -1.084 0.012412838820033967 -0.8076795777755612 -0.5894909847289598 1.2491 0.0 0.0 0.0 1.0 
0.011854354699541811 -0.5878367242141121 0.8088927369805463 0.4058 -0.9998428635167146 -0.01763132541093733 0.0018397388266450099 -1.085 0.013180385022983188 -0.8087874393371076 -0.5879533616037674 1.2507 0.0 0.0 0.0 1.0 
0.011268364950800414 -0.5874260185572187 0.8091994171237087 0.4028 -0.9998247451016258 -0.018718093170704164 0.0003347693568035437 -1.0862 0.014950017852999042 -0.8090613732653829 -0.5875339915750645 1.2522 0.0 0.0 0.0 1.0 
0.008419787535813142 -0.5885784063023785 0.8083962931708706 0.4 -0.9998230821914533 -0.018553347579967225 -0.003094771519701278 -1.0872 0.016819973098492036 -0.8082272161515778 -0.588630491545279 1.2533 0.0 0.0 0.0 1.0 
0.009604534079295832 -0.5851415685762974 0.8108742798049462 0.3974 -0.9998449178350531 -0.017590245559828036 -0.0008506118745417179 -1.0885 0.014761206066436716 -0.8107403579353969 -0.5852197696679847 1.2545 0.0 0.0 0.0 1.0 
0.00818341040853296 -0.5883861543799043 0.8085386602557186 0.3943 -0.9998662208107016 -0.016266261426455847 -0.0017173295929826526 -1.0897 0.014162354176133762 -0.8084164409963673 -0.5884405540502423 1.2554 0.0 0.0 0.0 1.0 
0.006144187714300406 -0.5868706652026087 0.8096573789461683 0.392 -0.9998773418423256 -0.015270390638732437 -0.0034808677173668867 -1.0908 0.014406603612813595 -0.809536680759055 -0.5868925048745768 1.2563 0.0 0.0 0.0 1.0 
0.0042241587216198945 -0.5843244904909533 0.811509116581929 0.3891 -0.9998874242981404 -0.014152159670543688 -0.004985489654005082 -1.092 0.01439775029389373 -0.8113967008739607 -0.5843184907200245 1.258 0.0 0.0 0.0 1.0 
0.004643423267036345 -0.5828805548231956 0.8125445818103565 0.3866 -0.9998703501879923 -0.015234527909934653 -0.005214592438840926 -1.0935 0.015418217643584475 -0.8124150219982181 -0.5828757248301989 1.2591 0.0 0.0 0.0 1.0 
0.0048195602210045485 -0.5843120060035769 0.8115147882074316 0.384 -0.9998227924931296 -0.017583720347715548 -0.006722826040763963 -1.0947 0.018197677063767015 -0.8113385806300657 -0.5842932073288835 1.2601 0.0 0.0 0.0 1.0 
0.004477974613239441 -0.578804253497333 0.8154542193629011 0.3816 -0.9997839314418717 -0.019144374310309423 -0.008098355567759785 -1.0957 0.02029872345735778 -0.8152417611148621 -0.5787649201189894 1.2618 0.0 0.0 0.0 1.0 
0.0048690173192779684 -0.5796264051804589 0.8148677948525902 0.3788 -0.9997846358686726 -0.019260885140879813 -0.0077265894504375265 -1.0969 0.020173610269120068 -0.814654680659952 -0.5795953560265483 1.2631 0.0 0.0 0.0 1.0 
0.004836274090563045 -0.5813283952150532 0.8136546610015899 0.3765 -0.9998011613437454 -0.018551891614583302 -0.007311982851378407 -1.098 0.019345496339433832 -0.8134575122489263 -0.5813025266908525 1.2641 0.0 0.0 0.0 1.0 
0.00549156210289127 -0.5769902269799932 0.8167325882534906 0.3745 -0.9998117268999577 -0.018368398073138156 -0.006254015154374459 -1.0991 0.018610574923803358 -0.8165444751645818 -0.5769824664400149 1.2656 0.0 0.0 0.0 1.0 
0.005275709564216663 -0.5771440025033361 0.8166253530616248 0.3716 -0.9997745621551857 -0.019840050329118925 -0.007562887698793541 -1.1001 0.02056676338174207 -0.8164013552030442 -0.5771185627465402 1.2673 0.0 0.0 0.0 1.0 
0.005092442060028651 -0.5780752637887987 0.8159675584417411 0.3695 -0.9997677640433082 -0.020030038783554832 -0.00795081921396218 -1.1007 0.020940033756158827 -0.8157375723490001 -0.5780430157388382 1.2684 0.0 0.0 0.0 1.0 
0.005295540596234896 -0.5805446057264606 0.814211224444678 0.3665 -0.9997339071042223 -0.021354384842360005 -0.008723831390534509 -1.1016 0.02245155308480279 -0.8139483712189075 -0.5805032099430352 1.2702 0.0 0.0 0.0 1.0 
0.006959443710104096 -0.574126271028754 0.8187371929122702 0.3647 -0.9997813495692589 -0.02013996967574022 -0.005624471080208027 -1.1017 0.01971849884544269 -0.8185190324824941 -0.5741409010575753 1.2718 0.0 0.0 0.0 1.0 
0.006217573475291366 -0.5762561870811557 0.8172454641237035 0.3627 -0.9997752797529097 -0.020145609200951126 -0.0065988199637253 -1.1019 0.020266518573017367 -0.8170207838730976 -0.5762519474538189 1.273 0.0 0.0 0.0 1.0 
0.00568944565620301 -0.5749153945236528 0.8181930819481658 0.3602 -0.9997706973538475 -0.020161792667087494 -0.0072149032599835294 -1.1024 0.020644198234047673 -0.8179644193093989 -0.5748982743260858 1.2743 0.0 0.0 0.0 1.0 
0.007313967809061919 -0.5753177688343784 0.8178972861786014 0.3578 -0.9998087547639188 -0.01904247565193161 -0.004453989051132756 -1.1028 0.018137248201147427 -0.8177082908864741 -0.575347018105779 1.2759 0.0 0.0 0.0 1.0 
0.008682514163180208 -0.5779898842013417 0.8159977375634846 0.356 -0.99981116359767 -0.01920532817480526 -0.002965217558797084 -1.1031 0.01738537009324631 -0.8158179019429627 -0.5780474892049123 1.2768 0.0 0.0 0.0 1.0 
0.007667542505270311 -0.5752188771567114 0.8179636007515876 0.3539 -0.9998487106053867 -0.017181695563141017 -0.002710210014278125 -1.1031 0.015612965531116296 -0.8178190708831312 -0.5752635940220592 1.278 0.0 0.0 0.0 1.0 
0.008150111315593761 -0.5752085148804925 0.8179662218542532 0.351 -0.999819915217164 -0.018706759278840995 -0.003192850204157882 -1.1037 0.017138051834620083 -0.8177928965002457 -0.5752573907504815 1.2791 0.0 0.0 0.0 1.0 
0.010252706275819076 -0.5765778587320202 0.8169778790359137 0.3488 -0.9998012410414968 -0.019881535820752264 -0.001484232222623172 -1.1039 0.01709855040359587 -0.8168002799665328 -0.5766670982644051 1.2797 0.0 0.0 0.0 1.0 
0.010332604053089 -0.5741045407998042 0.8187168091144388 0.347 -0.9998420648939581 -0.017771344547569234 0.00015678506886124266 -1.1038 0.014459687481696293 -0.8185891249864108 -0.5741974938049749 1.28 0.0 0.0 0.0 1.0 
0.011236604458229854 -0.5764738477008984 0.8170383354758639 0.3439 -0.999830519434983 -0.01839390601125243 0.0007724169995456109 -1.1042 0.01458324815057549 -0.8169085427014278 -0.5765828316337629 1.2806 0.0 0.0 0.0 1.0 
0.010668397813897584 -0.5768409337078872 0.8167868280568052 0.3417 -0.9998341073905093 -0.01821315649295166 0.0001965430916227584 -1.1045 0.014762892220294699 -0.8166534259583902 -0.576939545259047 1.281 0.0 0.0 0.0 1.0 
0.011197486285119185 -0.5784391993613319 0.8156486430707252 0.3389 -0.9998384131854837 -0.01794861539298398 0.000997358615537014 -1.1047 0.014062852471238396 -0.815528012914146 -0.5785467105884159 1.2814 0.0 0.0 0.0 1.0 
0.011142226599543614 -0.5785446541303013 0.8155746035548521 0.3359 -0.9998460319815682 -0.017503324732210668 0.0012433639979053113 -1.1051 0.013555925535238378 -0.81546288499267 -0.5786506027667424 1.2821 0.0 0.0 0.0 1.0 
0.011696880522195266 -0.5752869865360468 0.8178680004183583 0.3339 -0.9998501106340321 -0.017170297369642082 0.002221970601064216 -1.1053 0.012764766005039785 -0.8177714008269745 -0.5754015960512486 1.2829 0.0 0.0 0.0 1.0 
0.012155832804508174 -0.5775038600552224 0.8162974502901174 0.3309 -0.9998439548420811 -0.017484847445183846 0.002519141831029026 -1.1057 0.012818022256769424 -0.816200693292487 -0.5776262862563373 1.284 0.0 0.0 0.0 1.0 
0.011524792542383533 -0.5751387361887725 0.8179747021100569 0.3282 -0.9998667414141491 -0.016086986484539267 0.002776378882091368 -1.1057 0.01156194493611229 -0.8178976971486271 -0.5752474931959864 1.2851 0.0 0.0 0.0 1.0 
0.012873702274529344 -0.5765751379842399 0.8169427018146387 0.3257 -0.9998586766817286 -0.01625690171205217 0.004282500553112967 -1.106 0.010811773860450236 -0.8168823803982918 -0.5767029409850544 1.2864 0.0 0.0 0.0 1.0 
0.013102412101073227 -0.5723792283098693 0.8198843490374312 0.3232 -0.9998573401778713 -0.016240868183774557 0.004640419492882075 -1.1064 0.010659553910286834 -0.819828185170549 -0.5725103673387915 1.2878 0.0 0.0 0.0 1.0 
0.01323437835529849 -0.5726918358893285 0.8196639020569705 0.3204 -0.9998582771924323 -0.01611007241382513 0.004887851941513921 -1.107 0.010405611915195456 -0.8196124246694478 -0.572823879188131 1.2893 0.0 0.0 0.0 1.0 
0.012595235798630505 -0.5739896455065248 0.8187656849712688 0.3179 -0.9998564436951394 -0.01651073501368075 0.003806262026815388 -1.1073 0.011333668271378716 -0.8186960867627266 -0.5741152022746936 1.2907 0.0 0.0 0.0 1.0 
0.01213723698892695 -0.5738879275619619 0.8188439009218487 0.3151 -0.9998517638378455 -0.016966766152379506 0.002929026575369198 -1.1078 0.012212199991130712 -0.8187580689342647 -0.5740087862798007 1.2923 0.0 0.0 0.0 1.0 
0.013133788017571216 -0.571490110107336 0.820503843782474 0.3124 -0.9998402734293295 -0.017453395275603453 0.0038479373847842835 -1.1082 0.012121519750970977 -0.8204233255112012 -0.571628057145613 1.2934 0.0 0.0 0.0 1.0 
0.013530832904083315 -0.5735595442619448 0.8190521141825786 0.3098 -0.9998366268256591 -0.01757889155786295 0.004207401749815987 -1.1088 0.011984832865302553 -0.8189752326887711 -0.5737036970628336 1.2945 0.0 0.0 0.0 1.0 
0.011232254122331156 -0.5769875978458585 0.8166756690384485 0.3047 -0.9998211991671186 -0.01890540072010509 0.00039435978117408066 -1.1096 0.015212040078705191 -0.8165340762979082 -0.577096782247974 1.2964 0.0 0.0 0.0 1.0 
0.014208795040373423 -0.5760213493919364 0.8173111495557815 0.3026 -0.999795683522416 -0.019937496277564137 0.0033297825945479698 -1.1099 0.014377112138586723 -0.8171914716190292 -0.5761869465370416 1.2969 0.0 0.0 0.0 1.0 
0.016368176529116638 -0.5743940578252518 0.8184152669226992 0.3003 -0.9997818941895098 -0.020020761304987034 0.005944170892948075 -1.1102 0.012971000267809452 -0.8183340610360845 -0.5745964824990164 1.2979 0.0 0.0 0.0 1.0 
0.01461776838634865 -0.5731353052640935 0.8193303623735895 0.2977 -0.9998313079014027 -0.01749205453015079 0.0056021217841744075 -1.1107 0.011120997597947602 -0.8192740383340293 -0.5732943166683916 1.299 0.0 0.0 0.0 1.0 
0.013993908344372336 -0.5744914845518161 0.818390924135098 0.2956 -0.9998404837805344 -0.017124394151858596 0.005075639707339041 -1.1111 0.011098536964673833 -0.8183314055456885 -0.5746394810442993 1.2998 0.0 0.0 0.0 1.0 
0.014180401033010173 -0.5738156093454139 0.8188617482201097 0.2934 -0.999838455887087 -0.01718289747656969 0.005273534264182256 -1.1116 0.011044381189945052 -0.8188042467561225 -0.5739665731889534 1.3005 0.0 0.0 0.0 1.0 
0.012327151246672191 -0.5737297504003791 0.8189519002039503 0.2911 -0.9998501550902319 -0.017027151587660633 0.0031214539642088757 -1.112 0.012153547144003574 -0.8188676630654859 -0.57385367619062 1.3015 0.0 0.0 0.0 1.0 
0.013462378146559942 -0.5723685992870151 0.8198859377528432 0.2888 -0.9998397003772135 -0.017385413646381007 0.004280296946225615 -1.1125 0.011804148603040576 -0.8198121333223634 -0.5725108978291967 1.3022 0.0 0.0 0.0 1.0 
0.012793453808174052 -0.57285373812339 0.8195577601717383 0.2868 -0.9998647645472776 -0.015799230476777823 0.004564748969953403 -1.1129 0.010333448430952352 -0.8195053258121024 -0.5729783947140805 1.3028 0.0 0.0 0.0 1.0 
0.011156181389175485 -0.5741130137308578 0.8187000592901428 0.2842 -0.9998834238202966 -0.01494088201615576 0.0031478268663021614 -1.1133 0.010424892623558002 -0.81863973609241 -0.5742127690188856 1.3038 0.0 0.0 0.0 1.0 
0.012063491009512387 -0.5695338851379925 0.8218793256094761 0.2825 -0.9998655585399656 -0.01599953375493661 0.0035888389747912863 -1.1137 0.011105720608125813 -0.8218121248796761 -0.5696503264025446 1.3048 0.0 0.0 0.0 1.0 
0.010307990629126684 -0.5718895902670607 0.8202658361003237 0.2799 -0.9998850217388118 -0.015018569084188749 0.0020942504718963195 -1.1143 0.01112153908258312 -0.8201931108750162 -0.5719786466657629 1.3058 0.0 0.0 0.0 1.0 
0.011481687261063245 -0.5721454064630259 0.8200718290009101 0.2777 -0.9998919512739849 -0.014097898546286625 0.004163536247187349 -1.1145 0.009179141307451955 -0.820031025705636 -0.5722454545429088 1.3069 0.0 0.0 0.0 1.0 
0.01105109301550622 -0.5679873096547207 0.8229631154640864 0.2761 -0.9998828419823137 -0.014994226297691093 0.00307822791638368 -1.1149 0.01059130079519055 -0.8229007165198765 -0.5680864679769618 1.3083 0.0 0.0 0.0 1.0 
0.009912555382144708 -0.5690379836021291 0.8222514910073555 0.2743 -0.9998909987312254 -0.01463869039435621 0.0019233823881711354 -1.1151 0.010942207367293788 -0.8221809301860276 -0.5691210645691915 1.3095 0.0 0.0 0.0 1.0 
0.010059027807567691 -0.5714288828381904 0.8205899388963187 0.2724 -0.9998924065481374 -0.014510036919153133 0.0021527089861311244 -1.1154 0.01067667021785057 -0.8205233029517822 -0.5715133576970506 1.3108 0.0 0.0 0.0 1.0 
0.012351965019800432 -0.5654686625194891 0.8246772827406912 0.2699 -0.9998616336404189 -0.01617464444510472 0.003885157781498838 -1.1155 0.011141926855904427 -0.8246111644802625 -0.5655902093215928 1.3136 0.0 0.0 0.0 1.0 
0.010783782042300682 -0.5653858978979632 0.824756022410857 0.2683 -0.9998869689927469 -0.014738667391622329 0.00297000370650502 -1.1154 0.010476606481188366 -0.8246948272795416 -0.5654809303371824 1.3149 0.0 0.0 0.0 1.0 
0.011811515707857698 -0.5653784825006888 0.8247470276526627 0.2667 -0.9998828095674271 -0.014711758932000898 0.004234534292620329 -1.1153 0.009739364878251389 -0.8247003914600414 -0.5654859937234725 1.316 0.0 0.0 0.0 1.0 
0.011584974202429696 -0.5632466995676982 0.826207567018618 0.2654 -0.9999005503072994 -0.013170889301952052 0.005041544421627742 -1.1151 0.008042255149431632 -0.8261838070920361 -0.5633432692692978 1.3172 0.0 0.0 0.0 1.0 
0.01152049942913723 -0.5649692119196407 0.8250315555636666 0.2636 -0.9998977522238891 -0.013498956397698172 0.00471839737485702 -1.1152 0.00847131574888238 -0.8250015562161523 -0.5650669597936244 1.318 0.0 0.0 0.0 1.0 
0.009788078053406049 -0.566125850992429 0.8242607077655217 0.2618 -0.9999026328571465 -0.013739967964049901 0.0024368187650246065 -1.1151 0.00994576962165944 -0.8242043036277142 -0.5662052168147057 1.3191 0.0 0.0 0.0 1.0 
0.01136133381408004 -0.5649636970603108 0.825037539205284 0.26 -0.9998855931839418 -0.01465874204720892 0.0037311961608109123 -1.1149 0.009986022089005342 -0.8249855406524038 -0.5650656042242345 1.3203 0.0 0.0 0.0 1.0 
0.012847387560273288 -0.565633406013442 0.8245567261471515 0.2586 -0.9998797591948143 -0.014428866624569187 0.005681105565857492 -1.1146 0.008683995934830824 -0.8245305681474537 -0.5657507670388445 1.3211 0.0 0.0 0.0 1.0 
0.012456204935640383 -0.5650594639240515 0.8249561474335865 0.2573 -0.999880795742024 -0.014566360310390367 0.0051201028900753065 -1.1144 0.009123445889487158 -0.8249215861990591 -0.5651735479991347 1.3221 0.0 0.0 0.0 1.0 
0.012414511845761575 -0.5616595594507046 0.8272752982975333 0.2553 -0.9998719578195363 -0.015327133971928322 0.004598579164770411 -1.1143 0.010096923380889133 -0.82722646128001 -0.5617779222222901 1.3234 0.0 0.0 0.0 1.0 
0.012513835706237916 -0.5680760048729648 0.8228809492286772 0.2533 -0.9998692645078021 -0.015536622693519256 0.004479648190020391 -1.1141 0.010240010182827719 -0.8228294270642311 -0.5681961599206784 1.3244 0.0 0.0 0.0 1.0 
0.014080809904560981 -0.5668570278326489 0.8236958424012879 0.252 -0.999844700074782 -0.016712978126431993 0.005590357279733782 -1.1143 0.010597477284773282 -0.823646639256715 -0.5670043272465545 1.3255 0.0 0.0 0.0 1.0 
0.014090167062158779 -0.5653530947958376 0.8247286495550696 0.2504 -0.9998540540137335 -0.015935749849299505 0.006158128696482634 -1.1136 0.009661152336152667 -0.8246950527810317 -0.5654951211584663 1.327 0.0 0.0 0.0 1.0 
0.014569016706074411 -0.5672814754995983 0.8233950882214545 0.2485 -0.9998581375003828 -0.015226728294952585 0.007200806878217225 -1.1132 0.008452728937083931 -0.8233831880117728 -0.5674228379904053 1.3279 0.0 0.0 0.0 1.0 
0.014332950782915035 -0.5612388433600135 0.8275297742231204 0.2458 -0.9998763009425866 -0.013405737848277519 0.008226117316986081 -1.1128 0.006476830646550358 -0.8275453141047064 -0.5613615624248942 1.3303 0.0 0.0 0.0 1.0 
0.015431478260318321 -0.5618587470646883 0.8270892441723567 0.2427 -0.9998651808417347 -0.013313574391108474 0.009610872866593845 -1.1124 0.005611561193351877 -0.8271260466723505 -0.5619884458751284 1.3323 0.0 0.0 0.0 1.0 
0.01611619374848834 -0.5622671640287449 0.8267985876585262 0.2411 -0.99985133858177 -0.014131674816177761 0.009879094246559084 -1.1122 0.00612935847407986 -0.8268348880048316 -0.5624113254040444 1.3334 0.0 0.0 0.0 1.0 
0.015210931456912963 -0.5620109486130273 0.8269899160227399 0.2397 -0.9998602690679946 -0.014284545277917143 0.008682977915462742 -1.1124 0.0069332462447525 -0.827006436132929 -0.562149699538496 1.3345 0.0 0.0 0.0 1.0 
0.013214168722473857 -0.5610823636127914 0.827654497352402 0.2361 -0.9998783536597927 -0.014274063964213907 0.006287207689264773 -1.1126 0.00828635188466037 -0.8276368964350422 -0.5612027298862816 1.3362 0.0 0.0 0.0 1.0 
0.014195574369108205 -0.5642498037329924 0.825482068040009 0.2347 -0.999845470387869 -0.01657156840536325 0.005866725274519424 -1.1129 0.010369233973222758 -0.8254377881511517 -0.5643978533613877 1.3374 0.0 0.0 0.0 1.0 
0.015473098370313548 -0.5629338489486189 0.8263571049701917 0.2335 -0.9998355270328643 -0.016530653149271227 0.007460320996674097 -1.1128 0.009460555466648202 -0.8263366258458791 -0.5630970419704854 1.3385 0.0 0.0 0.0 1.0 
0.01660878270417382 -0.5562688445880682 0.8308363983828231 0.2317 -0.9998282286275467 -0.016075978447067818 0.009223673697152823 -1.113 0.008225665723069153 -0.8308468784665589 -0.5564402959579646 1.3395 0.0 0.0 0.0 1.0 
0.01585093457619606 -0.55916081612073 0.8289076725355243 0.2299 -0.9998361033054826 -0.01611648162481845 0.008247760116845582 -1.113 0.00874725099498641 -0.828902552013948 -0.5593246328070977 1.3404 0.0 0.0 0.0 1.0 
0.017736548583360226 -0.5615950479957835 0.8272221085723979 0.2264 -0.9997954903098575 -0.018001322288683508 0.009215744784385527 -1.1126 0.00971557514623217 -0.8272163891403945 -0.5617994776938703 1.3423 0.0 0.0 0.0 1.0 
0.019823618798746376 -0.5614065850783027 0.8273026473839188 0.2246 -0.9997564046376454 -0.01916155858194482 0.010952901840128426 -1.1125 0.009703376924080631 -0.827318246446571 -0.5616496804707006 1.3432 0.0 0.0 0.0 1.0 
0.019095140842435437 -0.5611665013189981 0.8274826483942745 0.2234 -0.9997827118248226 -0.017638160131325714 0.011109655412552544 -1.1125 0.008360904999549945 -0.8275149866344274 -0.5613813696258649 1.3438 0.0 0.0 0.0 1.0 
0.021405619020862923 -0.5598380929822476 0.828325485011981 0.222 -0.9997482576488622 -0.0175589015058476 0.013968045889519887 -1.1122 0.006724641432631462 -0.8284159550756538 -0.560073017180523 1.3446 0.0 0.0 0.0 1.0 
0.022332988761041575 -0.5613529656401695 0.8272750966758191 0.2188 -0.999736685512437 -0.016903470028920953 0.015518773842936817 -1.1123 0.005272310082500675 -0.8274038437594837 -0.5615826582778585 1.3456 0.0 0.0 0.0 1.0 
0.02283199550712553 -0.563485616868711 0.8258103048298991 0.2172 -0.999722355283579 -0.017680193545916795 0.01557636358180109 -1.1125 0.00582342918014267 -0.8259366624253142 -0.5637328421640135 1.3464 0.0 0.0 0.0 1.0 
0.02452001153825492 -0.5597663981387114 0.8282876001419903 0.2159 -0.9996929438627663 -0.01669316999992139 0.01831272962586139 -1.1126 0.003575895015240693 -0.8284822976926951 -0.5600038351517539 1.347 0.0 0.0 0.0 1.0 
0.024587356818014952 -0.5598701170967236 0.8282154996538065 0.2142 -0.9996917336156416 -0.016628533806571894 0.0184371799361136 -1.1127 0.003449583345354834 -0.8284135101780659 -0.5601063796540784 1.3481 0.0 0.0 0.0 1.0 
0.021535395303977772 -0.5631536984686284 0.8260715094047284 0.2118 -0.9997586478721249 -0.015720785875805915 0.015346103621026896 -1.1126 0.00434427830619144 -0.8262026196960113 -0.563356333463507 1.3496 0.0 0.0 0.0 1.0 
0.022975698880416506 -0.5647937420782512 0.824912205128644 0.2096 -0.9997222956622582 -0.017303910287078658 0.01599706987423144 -1.1122 0.0052391618357079395 -0.8250506672914231 -0.5650344658383563 1.3512 0.0 0.0 0.0 1.0 
0.023751654854069104 -0.5595903972291796 0.8284289023329535 0.2057 -0.9996965455009441 -0.01870957394344315 0.01602400562698897 -1.1121 0.006532672131074446 -0.8285581085064244 -0.5598649703482833 1.3552 0.0 0.0 0.0 1.0 
0.024701581004624412 -0.5652660583416568 0.8245387287342896 0.2033 -0.9996673394477834 -0.020087873345869686 0.016176766853432945 -1.112 0.007419052315626784 -0.824664028942288 -0.5655742188532032 1.3572 0.0 0.0 0.0 1.0 
0.027163397690351365 -0.5631850038193047 0.8258842541778877 0.2014 -0.9996042380729815 -0.021349501766217194 0.01831846065772208 -1.112 0.007315535007778762 -0.8260549922658806 -0.5635420416438918 1.3594 0.0 0.0 0.0 1.0 
0.028261193609998264 -0.5560341752573845 0.8306788193288537 0.2001 -0.9995707982746089 -0.02213396897855531 0.01919131714909489 -1.1121 0.007715191015067957 -0.8308646600759335 -0.5564210568126483 1.3621 0.0 0.0 0.0 1.0 
0.030125262229211816 -0.5582658393463744 0.8291150228976127 0.198 -0.9995223059902827 -0.022552337193691693 0.021131775007541542 -1.1122 0.006901333457278447 -0.829355559881279 -0.5586785541709306 1.3643 0.0 0.0 0.0 1.0 
0.029336753011623307 -0.5586617651135609 0.8288765813575235 0.1963 -0.999553485404049 -0.021102515022863963 0.02115451905213611 -1.1121 0.005673159556402463 -0.8291270807662177 -0.5590313937523878 1.3668 0.0 0.0 0.0 1.0 
0.03522671801320704 -0.553017875502025 0.8324243555502473 0.1946 -0.9993761604123284 -0.021596320990326198 0.027944389762431132 -1.1119 0.00252355652400843 -0.8328894454217255 -0.5534336485682456 1.3694 0.0 0.0 0.0 1.0 
0.03603150174353477 -0.5517742495364808 0.8332148032953799 0.1924 -0.9993447527118648 -0.017028620477237064 0.03193886835664722 -1.1116 -0.0034345464572007045 -0.8338196469459658 -0.5520262677242249 1.3722 0.0 0.0 0.0 1.0 
0.03703590011327179 -0.5567347525166066 0.829864300619729 0.1901 -0.9993132584200635 -0.021600157976260873 0.03010722041762981 -1.1123 0.0011634640840732513 -0.8304094463068643 -0.5571524009062976 1.3747 0.0 0.0 0.0 1.0 
0.039783667764180825 -0.5462240157021268 0.8366938415271574 0.189 -0.9992070137979598 -0.02039584511229499 0.03419580499299302 -1.1118 -0.0016134919252404623 -0.8373907894002645 -0.5466022891201692 1.3768 0.0 0.0 0.0 1.0 
0.03835841884739288 -0.5466935028654082 0.8364537319112626 0.1866 -0.9992607775803887 -0.018845046891300496 0.03350764982958493 -1.1114 -0.002555404657852256 -0.837120707026421 -0.5470122409732895 1.3792 0.0 0.0 0.0 1.0 
0.039540212842033295 -0.5471559656255991 0.8360962389873101 0.1847 -0.9992179800061072 -0.02165239919744283 0.03308477053735448 -1.1115 9.59963166236033e-07 -0.8367505738804802 -0.5475842191935096 1.3813 0.0 0.0 0.0 1.0 
0.042892047654584056 -0.5460692102574962 0.83664131493535 0.1824 -0.9990797101422464 -0.023503047917005457 0.035879513941748875 -1.1115 7.092307167833045e-05 -0.83741030824045 -0.5465747621529489 1.3836 0.0 0.0 0.0 1.0 
0.04202072940517462 -0.5477407597955235 0.8355921962051104 0.1804 -0.9991166414840422 -0.022667161919167983 0.03538554055229187 -1.1113 -0.0004415992581132677 -0.8363409949471285 -0.5482093990082096 1.3861 0.0 0.0 0.0 1.0 
0.04102077296840233 -0.5473783875895124 0.8358792957030221 0.1781 -0.999154535526724 -0.02017813007692082 0.03581978786893236 -1.1113 -0.0027404965701939843 -0.8366419448405061 -0.5477433211021787 1.3879 0.0 0.0 0.0 1.0 
0.044080006197717694 -0.5431656838530227 0.8384676457312394 0.1759 -0.9990154913238704 -0.019765144944799737 0.03971633341884501 -1.1114 -0.005000114852178661 -0.8393928632826164 -0.543502180236359 1.3901 0.0 0.0 0.0 1.0 
0.044568005849443454 -0.5446689959080175 0.8374660457303065 0.1738 -0.9989849394112646 -0.018809730909643954 0.040930243739541405 -1.1114 -0.006540923793735776 -0.8384401462952848 -0.5449544360735727 1.3925 0.0 0.0 0.0 1.0 
0.0452828851649832 -0.543048209470844 0.83847963749971 0.1715 -0.9989364315945448 -0.01731617528708955 0.04273354310824157 -1.1115 -0.008687113691675408 -0.8395229551739112 -0.5432547669296338 1.3947 0.0 0.0 0.0 1.0 
0.04510124677239484 -0.5442134034907081 0.8377336384559444 0.1689 -0.9989211567687307 -0.015281075909785627 0.04385215249973551 -1.1117 -0.011063457840848445 -0.838807641941881 -0.5443154781195412 1.397 0.0 0.0 0.0 1.0 
0.045097777757112184 -0.5450810935237527 0.8371695120609208 0.166 -0.9988708018866534 -0.012068395457228848 0.045950788561265665 -1.1118 -0.014943613340966944 -0.8382964602776503 -0.5450098467975398 1.3988 0.0 0.0 0.0 1.0 
0.046731989350603284 -0.5455186222532581 0.8367948099422238 0.164 -0.9987991036950489 -0.013179597431620782 0.04718737828601621 -1.1121 -0.014712974862422734 -0.8379950662065068 -0.5454794197623318 1.4007 0.0 0.0 0.0 1.0 
0.0467268902217558 -0.549086139821203 0.8344585123218857 0.1612 -0.9987833849799839 -0.012502899446307211 0.047701440160243025 -1.1124 -0.015759048769824313 -0.8356722375200019 -0.5490023349860949 1.4025 0.0 0.0 0.0 1.0 
0.04760739359914709 -0.550862658326325 0.8332369817382987 0.159 -0.9986971261893993 -0.010906189975961739 0.049850829092835 -1.1126 -0.018373519416015505 -0.8345246471386345 -0.5506641690744065 1.4039 0.0 0.0 0.0 1.0 
0.050685474710683964 -0.5496556368585819 0.8338523031826075 0.1569 -0.9985289573575638 -0.011789811615919868 0.05292373437766601 -1.1127 -0.019258867354266573 -0.8353081354875265 -0.5494446421766099 1.4056 0.0 0.0 0.0 1.0 
0.05315039706653145 -0.5513631119491 0.8325705700260333 0.1542 -0.9983850312167799 -0.012592856705236258 0.05539629412036862 -1.1129 -0.020059031231319413 -0.8341703295741255 -0.5511419930691686 1.4072 0.0 0.0 0.0 1.0 
0.05657333744670573 -0.5523026068747651 0.8317218813578728 0.15 -0.9981814827240857 -0.013922632265006521 0.05865055718029316 -1.1137 -0.020813097724428353 -0.8335274385106657 -0.5520858848159056 1.4101 0.0 0.0 0.0 1.0 
0.0568580885045885 -0.5432364819549043 0.8376522443382238 0.1478 -0.9981832790706653 -0.014180728388559674 0.05855807652326339 -1.114 -0.019932364519515855 -0.8394599642720485 -0.5430558619783349 1.4119 0.0 0.0 0.0 1.0 
0.05610364640556678 -0.549204341685531 0.833802717633951 0.1449 -0.9982521526042929 -0.01531906717458971 0.05707859495289358 -1.1146 -0.018574732323649035 -0.8355476750339644 -0.549103871835231 1.4135 0.0 0.0 0.0 1.0 
0.055737656394699214 -0.5536430606447292 0.830886680034987 0.1427 -0.9982697048146453 -0.015288204035515313 0.0567791094210659 -1.115 -0.01873259482579409 -0.8326137353042555 -0.5535372233859143 1.4153 0.0 0.0 0.0 1.0 
0.05918952196321296 -0.5504469723228091 0.8327693144865623 0.1406 -0.9980300317822073 -0.01524800503278198 0.06085683201848935 -1.1152 -0.020800388231297817 -0.8347308721996407 -0.550265131410536 1.4171 0.0 0.0 0.0 1.0 
0.061700400621769624 -0.5514369309544187 0.8319317109851534 0.1383 -0.9978787435656966 -0.01674261649587505 0.06291023710509025 -1.1156 -0.02076231448706417 -0.8340485573229198 -0.5513002179617712 1.4189 0.0 0.0 0.0 1.0 
0.062106305127781924 -0.551822852319568 0.8316455654431587 0.1366 -0.9978740414402024 -0.017839644434275992 0.06268288846452341 -1.1159 -0.01975358912127434 -0.8337705240318555 -0.5517576542037935 1.4205 0.0 0.0 0.0 1.0 
0.06475803685236332 -0.5532878398553785 0.8304691222021425 0.1343 -0.9976944109038098 -0.018964774144824142 0.06516287127602416 -1.1167 -0.02030416495027143 -0.8327742212687692 -0.5532403069877206 1.4218 0.0 0.0 0.0 1.0 
0.06430075196632126 -0.5536127351543609 0.8302881143142258 0.1324 -0.9976844712041195 -0.017186344394490696 0.06580520864270728 -1.1173 -0.022160984064836076 -0.8325968826756807 -0.5534359237924629 1.4231 0.0 0.0 0.0 1.0 
0.059188089109253425 -0.5499591850287365 0.8330916305606024 0.1304 -0.9979427494268803 -0.01200026163186664 0.06297827075337775 -1.1182 -0.02463816092800114 -0.8351053158274679 -0.5495380537349449 1.4241 0.0 0.0 0.0 1.0 
0.06568138350951697 -0.5528340056718898 0.8306988130682799 0.1285 -0.9975049198053084 -0.014783727680813083 0.06903170546976894 -1.119 -0.025882249216038322 -0.8331602508333151 -0.5524256561808895 1.4259 0.0 0.0 0.0 1.0 
0.06371221598922457 -0.5541008975908427 0.8300078004589866 0.1264 -0.9976249784626282 -0.013548291937908005 0.06753403684813764 -1.1199 -0.026175482444126874 -0.8323392571990027 -0.5536480877274205 1.4272 0.0 0.0 0.0 1.0 
0.06302708455444046 -0.5537564967238741 0.8302899065679826 0.1246 -0.9976633745232119 -0.012976896859361237 0.0670775020618607 -1.1206 -0.026370016069863 -0.8325775294133294 -0.5532804711613015 1.4284 0.0 0.0 0.0 1.0 
0.06318540206956177 -0.5579786252536294 0.8274463479437066 0.1228 -0.9976772241305751 -0.01417132197410223 0.06662829792675484 -1.1217 -0.025451157467154706 -0.8297343113271719 -0.5575779866440262 1.43 0.0 0.0 0.0 1.0 
0.061299750400762326 -0.5615598454381491 0.825162335902631 0.1191 -0.997912479829885 -0.01764818327266314 0.062122654699748314 -1.1238 -0.02032297223768975 -0.8272478961101423 -0.5614694071637114 1.4333 0.0 0.0 0.0 1.0 
0.062320081878291134 -0.558777912055967 0.8269724616896605 0.1181 -0.9978741920380534 -0.019060541941011297 0.062320081878291134 -1.1245 -0.01906054194101131 -0.8290982696516069 -0.558777912055967 1.4353 0.0 0.0 0.0 1.0 
0.06328429284833716 -0.5592912510724224 0.8265521125449565 0.1163 -0.9978402901090719 -0.020851902046017917 0.06228927368421061 -1.1251 -0.017602662120518087 -0.8287089324092676 -0.5594029421010968 1.4375 0.0 0.0 0.0 1.0 
0.06311069900926615 -0.5608888408559675 0.8254821305599601 0.1144 -0.9978706767720859 -0.021816643575266234 0.061466629170056186 -1.1257 -0.0164666969663384 -0.8276036142177963 -0.561071390844926 1.4397 0.0 0.0 0.0 1.0 
0.06292492448434402 -0.5574099151367391 0.8278494068282545 0.1131 -0.9978663148744953 -0.020665219834353807 0.061933563824411675 -1.126 -0.017414692573635815 -0.8299802016894446 -0.5575209352895322 1.4418 0.0 0.0 0.0 1.0 
0.06294904351826706 -0.56559910395161 0.8222743286332557 0.1106 -0.9978714470421846 -0.02161111297457824 0.06152670130875593 -1.1256 -0.01702918371714196 -0.8243971211771278 -0.565755595197071 1.4448 0.0 0.0 0.0 1.0 
0.06477714155807966 -0.5613990471362983 0.8250060798600336 0.1088 -0.9977403178541423 -0.02165840023679122 0.0636016652887117 -1.1251 -0.017837602413969755 -0.8272617624268866 -0.5615334329908432 1.4474 0.0 0.0 0.0 1.0 
0.06466602762653047 -0.5618887051130982 0.8246813857104637 0.1063 -0.9977344386121606 -0.021038652927953747 0.06390121352723821 -1.1244 -0.018555184673869074 -0.8269452570450494 -0.5619761978699948 1.4507 0.0 0.0 0.0 1.0 
0.06636696845869453 -0.5589082603551139 0.8265694054369679 0.1017 -0.9975485909682611 -0.018746126708335517 0.06741951787629169 -1.1221 -0.022186350642663777 -0.829017574747517 -0.5587822711977407 1.4566 0.0 0.0 0.0 1.0 
0.06997476917407071 -0.5561112741800083 0.828156858577482 0.0992 -0.9972749284073992 -0.01954777542815006 0.07113790582964852 -1.1207 -0.023371967162668428 -0.8308779303879112 -0.5559636822178664 1.4598 0.0 0.0 0.0 1.0 
0.07044945033256292 -0.554217450655392 0.8293852496499307 0.0968 -0.9971863343784783 -0.017775364891900527 0.0728247961327288 -1.1194 -0.02561814740869206 -0.832182103744125 -0.5539103327537306 1.4626 0.0 0.0 0.0 1.0 
0.07144812100761319 -0.5533429273762072 0.8298835886600066 0.0942 -0.9970752798384996 -0.016991443306887205 0.07451293303397877 -1.1177 -0.027130284544376493 -0.8327802204525984 -0.5529385608577708 1.4652 0.0 0.0 0.0 1.0 
0.07089399405071056 -0.5540106900960776 0.8294855012999358 0.0916 -0.9970926777204022 -0.01607288544410984 0.07448392034431761 -1.116 -0.027932662671072805 -0.8323543822271667 -0.5535394735186783 1.4675 0.0 0.0 0.0 1.0 
0.07741520234331478 -0.5522850595810996 0.8300530702368643 0.089 -0.9966129874040256 -0.019703877081692855 0.07983927959076831 -1.1145 -0.0277387776184706 -0.8334224440171086 -0.5519398427589571 1.47 0.0 0.0 0.0 1.0 
0.07901127499913359 -0.5506916355347824 0.8309608540569391 0.0868 -0.9964996968062585 -0.0207988566578913 0.08096765914091386 -1.1131 -0.027305176945883414 -0.8344495971080284 -0.5504073920272177 1.472 0.0 0.0 0.0 1.0 
0.0767464397172834 -0.5457453400763682 0.834429150842449 0.0839 -0.9966386360668579 -0.01793386110203815 0.07993626038767254 -1.112 -0.028660305119003304 -0.8377591541791124 -0.5452872513635209 1.4738 0.0 0.0 0.0 1.0 
0.07544728108578515 -0.5434940490228056 0.8360155061083248 0.0815 -0.9967520832555378 -0.01742888111780269 0.07862263432833266 -1.111 -0.02816011900734333 -0.8392320613392801 -0.5430437872931745 1.4758 0.0 0.0 0.0 1.0 
0.07709532828217783 -0.5396267889219427 0.8383670073630376 0.0788 -0.996672107772841 -0.019382197038055077 0.07917726962720867 -1.1099 -0.026476781237622482 -0.8416812099101241 -0.5393252459690014 1.4778 0.0 0.0 0.0 1.0 
0.0757601651442749 -0.5399306768502025 0.8382930642522308 0.0766 -0.9968215048735364 -0.020233169504377646 0.07705521574472263 -1.109 -0.024643149128526887 -0.8414662697030045 -0.5397473780882495 1.4794 0.0 0.0 0.0 1.0 
0.07628525933735252 -0.5296081520154179 0.8448051636481908 0.0752 -0.9968316220729734 -0.021370275401650374 0.0766161116516757 -1.1081 -0.02252279829855275 -0.8479731815618176 -0.5295603902377246 1.4811 0.0 0.0 0.0 1.0 
0.06436361110125244 -0.5284678723956631 0.8465099133569602 0.0722 -0.9977051786189495 -0.016212352994583457 0.06573839188259417 -1.1073 -0.02101671056414961 -0.8487984845980703 -0.5282986186060706 1.4829 0.0 0.0 0.0 1.0 
0.060957138921692494 -0.5310655527244732 0.8451352589520398 0.0685 -0.9980361090807666 -0.02019051225924831 0.05929812969760112 -1.1067 -0.014427480216789912 -0.8470901498212331 -0.531253353768647 1.4842 0.0 0.0 0.0 1.0 
0.06181331562635743 -0.5383521492950532 0.8404499255521849 0.0657 -0.9980124850258905 -0.022999056100379972 0.05866961011407923 -1.1059 -0.012255355715882488 -0.8424060818678176 -0.5387038142508263 1.4858 0.0 0.0 0.0 1.0 
0.06120225324534298 -0.5382948229188661 0.8405313604003357 0.0622 -0.9980814158858763 -0.02510103216345351 0.05659881136184186 -1.105 -0.009368642427640794 -0.8423827050712018 -0.5387982987500862 1.4878 0.0 0.0 0.0 1.0 
0.060606180311741406 -0.5311231898345242 0.8451242796938332 0.0592 -0.9981442549574332 -0.027234311840872716 0.05446410335280105 -1.1045 -0.005910770126742071 -0.8468568057697559 -0.5317881282220907 1.4899 0.0 0.0 0.0 1.0 
0.05983291885754624 -0.5363108258713007 0.8418970957749106 0.0554 -0.9982040043647875 -0.029641832741722968 0.05205888417757598 -1.1036 -0.0029643702685119844 -0.8434998872584124 -0.5371211713421433 1.4924 0.0 0.0 0.0 1.0 
0.05843559581518766 -0.5374138340144953 0.841291657008177 0.0512 -0.9982872484167035 -0.029092415471161467 0.05075629035558088 -1.1032 -0.0028019261822418984 -0.8428167074589192 -0.5381934102511619 1.4947 0.0 0.0 0.0 1.0 
0.06463301796078003 -0.5314027670962719 0.8446500293682033 0.0449 -0.9978839393203466 -0.028406650339275585 0.05848680075887808 -1.1008 -0.0070863697185547525 -0.8466428770969063 -0.5321142941373446 1.4983 0.0 0.0 0.0 1.0 
0.06891864367768301 -0.5329564065882324 0.8433313045477364 0.0406 -0.9975694870566247 -0.028119404346788807 0.063752784980455 -1.0993 -0.010263481242292871 -0.8456753323680077 -0.53359900035237 1.5 0.0 0.0 0.0 1.0 
0.06948175226279023 -0.5257543072859556 0.8477940165351234 0.0339 -0.9975136712585366 -0.02658105546182385 0.06526808671051615 -1.0973 -0.011779717942644652 -0.8502210629364579 -0.5262940075512844 1.5023 0.0 0.0 0.0 1.0 
0.07105869318161921 -0.52990222886196 0.8450764994782707 0.0299 -0.9973936029526834 -0.02711552893660682 0.06686365888547402 -1.0965 -0.012516505598029026 -0.8476251388070173 -0.5304478873084514 1.5035 0.0 0.0 0.0 1.0 
0.07115971476958677 -0.5258117428192726 0.847619198760428 0.0262 -0.9973677757168311 -0.025647659422367408 0.06782121738670627 -1.0957 -0.013921743984561308 -0.8502142134071349 -0.5262527685104516 1.5044 0.0 0.0 0.0 1.0 
0.07270352860255425 -0.5249122566172328 0.8480455882685445 0.023 -0.9972507545072404 -0.026049746302224785 0.06937105558032752 -1.0954 -0.014322344901472606 -0.8507576232809164 -0.5253630524370068 1.5058 0.0 0.0 0.0 1.0 
0.06939182871990936 -0.5203453188666827 0.8511319070745953 0.0192 -0.9975077891028192 -0.025273404736571692 0.06587462100253078 -1.0953 -0.012766549499077351 -0.8535818672784421 -0.5208022763653551 1.5068 0.0 0.0 0.0 1.0 
0.06946617187867592 -0.5215970237919343 0.8503593333032329 0.0162 -0.9974962295641074 -0.024990813601639766 0.06615686843342522 -1.0952 -0.013256054085273417 -0.8528258931381743 -0.5220270807373539 1.508 0.0 0.0 0.0 1.0 
0.07005160178901336 -0.5235004090361934 0.8491407979986192 0.0129 -0.9974628446249552 -0.02594375143103156 0.06629325270626918 -1.0953 -0.012674647114847726 -0.8516303443986851 -0.523989608503729 1.5096 0.0 0.0 0.0 1.0 
0.06961936693673243 -0.5187165641707416 0.8521069591326138 0.0101 -0.9974679077340869 -0.02376131814801996 0.06703113306853786 -1.095 -0.014522974485691842 -0.8546160107409466 -0.5190573738974511 1.5108 0.0 0.0 0.0 1.0 
0.06788310646769993 -0.5160823679610651 0.8538447595060799 0.0046 -0.9976046000703855 -0.023700645458207353 0.06498723969573389 -1.0949 -0.013302096628025784 -0.8562109955405646 -0.5164550177321685 1.5129 0.0 0.0 0.0 1.0 
0.06940879758541713 -0.5152295125481751 0.8542370679250093 0.0017 -0.9974985482775723 -0.02435836578781031 0.06635748789912965 -1.0948 -0.01338151717416608 -0.856706028585954 -0.5156313756770434 1.5143 0.0 0.0 0.0 1.0 
0.06835909990060031 -0.51597159727652 0.8538737285247135 -0.0008 -0.9975937355890567 -0.0254294157339785 0.06449870951344283 -1.0948 -0.011565992142948123 -0.8562281562874143 -0.5164683651555091 1.5153 0.0 0.0 0.0 1.0 
0.06927935780757738 -0.5113680910780002 0.8565646770729061 -0.0036 -0.99751691921514 -0.02461022199256585 0.0659873688899068 -1.0947 -0.012663588010736748 -0.859009320322381 -0.5118033031722007 1.5162 0.0 0.0 0.0 1.0 
0.06891790310069272 -0.5111859316573012 0.8567025539286435 -0.0061 -0.9975534021398355 -0.025216524080625774 0.06520227597661471 -1.0947 -0.01172742561020701 -0.8591001514311052 -0.511673135213887 1.5171 0.0 0.0 0.0 1.0 
0.07066720142832601 -0.508339339169656 0.8582524470660399 -0.0083 -0.9974398373885129 -0.02656516300829853 0.0663932444207917 -1.0948 -0.010950681835614207 -0.8607470060168085 -0.5089151935248496 1.5176 0.0 0.0 0.0 1.0 
0.06654341637667625 -0.510182799196409 0.8574878921250356 -0.0111 -0.9977105774625292 -0.02363015904835511 0.06336575733577127 -1.0949 -0.012065544177810805 -0.8597413139936139 -0.5105872067103007 1.5184 0.0 0.0 0.0 1.0 
0.06679951326026777 -0.5059676617177861 0.8599619470209292 -0.0132 -0.9977007512645869 -0.02398363680899976 0.06338766513678418 -1.095 -0.011447093704098521 -0.8622189457795799 -0.5064064114764736 1.5194 0.0 0.0 0.0 1.0 
0.06806539622402139 -0.5049848358693654 0.8604402462570293 -0.0156 -0.9976396996240986 -0.02661630913847693 0.06329772366983927 -1.0951 -0.009062647008753977 -0.8627177334620144 -0.5056045695989698 1.5204 0.0 0.0 0.0 1.0 
0.06764847478637884 -0.5070099548652593 0.8592814379041388 -0.0177 -0.9976710978529875 -0.026847220295408286 0.06270253002251497 -1.0949 -0.008721488857485249 -0.8615219860397862 -0.5076453517980553 1.5213 0.0 0.0 0.0 1.0 
0.06884877144434302 -0.4981548600770975 0.8643503815306453 -0.0225 -0.9975575062892792 -0.024142304777848345 0.06554518110378488 -1.0946 -0.011784240175721605 -0.8667519163529902 -0.49860028798818407 1.5229 0.0 0.0 0.0 1.0 
0.06738109985776011 -0.4998651422583421 0.8634782145121009 -0.0249 -0.9976695426218015 -0.024443266931616664 0.06370251507213143 -1.0945 -0.010736438271790105 -0.8657582608654434 -0.500347242059431 1.5243 0.0 0.0 0.0 1.0 
0.0670846169911166 -0.500673309412887 0.863032960786958 -0.0275 -0.9977152028930532 -0.02672523131089516 0.06204946355491864 -1.0948 -0.00800175475937731 -0.8652236700720379 -0.5013222243905052 1.5258 0.0 0.0 0.0 1.0 
0.06550733925397173 -0.49857957116366575 0.8643652004344695 -0.03 -0.997835593199357 -0.027749825092531488 0.05961607293189958 -1.0949 -0.0057373729487208425 -0.8663996528309492 -0.4993182593557522 1.5275 0.0 0.0 0.0 1.0 
0.06225474364202668 -0.4922523235149691 0.8682234717445616 -0.0326 -0.9980303593649686 -0.02396643765156911 0.05797423265662782 -1.0952 -0.007729727026027533 -0.8701225545062072 -0.4927747877678965 1.5288 0.0 0.0 0.0 1.0 
0.06392273587424505 -0.4907933648378267 0.8689279353718096 -0.035 -0.9979311624447538 -0.025437172651083 0.05904528151496813 -1.0957 -0.006875962479126196 -0.8709046005612113 -0.49140400676154716 1.5301 0.0 0.0 0.0 1.0 
0.05872917633782031 -0.4957193837314281 0.8664947642309297 -0.0381 -0.9982540869265056 -0.02368708542965134 0.05410822412884303 -1.0959 -0.006297760015268439 -0.8681596711301336 -0.4962450237957138 1.5316 0.0 0.0 0.0 1.0 
0.058252329413650064 -0.497539848734281 0.8654829663484732 -0.0414 -0.9982944432615648 -0.02568305497794135 0.05242695146661097 -1.0964 -0.003856250895097446 -0.8670608280902032 -0.49818736407155606 1.5332 0.0 0.0 0.0 1.0 
0.05710620229330045 -0.4966158803482335 0.8660898042614207 -0.0462 -0.9983644795774538 -0.026066842319046213 0.05088109324252316 -1.0969 -0.0026921325519001504 -0.8675789227024038 -0.4972922333043821 1.5358 0.0 0.0 0.0 1.0 
0.05371873494618708 -0.49496265979355264 0.8672521334224976 -0.0488 -0.9985555939906456 -0.02574739665602721 0.047157155081987256 -1.0973 -0.0010115462276626408 -0.868532691944022 -0.49563085032986015 1.5372 0.0 0.0 0.0 1.0 
0.05332917533446961 -0.4972840778329231 0.8659471952677051 -0.0536 -0.9985765060357952 -0.025706368656037537 0.04673482859564321 -1.0978 -0.0009801283026507623 -0.8672068545303246 -0.49794709639090295 1.5394 0.0 0.0 0.0 1.0 
0.05179738879081225 -0.49262018708179234 0.8687015493217178 -0.0564 -0.998657535841077 -0.025895454433637666 0.04486147063464646 -1.0978 0.00039575533008712194 -0.8698590556631431 -0.4933001790578871 1.5414 0.0 0.0 0.0 1.0 
0.049940768738702 -0.5038596694455322 0.8623406247672822 -0.0612 -0.9987520750291377 -0.02559284686082719 0.042887047165199865 -1.0979 0.0004606981433865065 -0.8634063004726092 -0.5045090168286621 1.5437 0.0 0.0 0.0 1.0 
0.04717669181067814 -0.5004554274507931 0.864475982827079 -0.0635 -0.9988861817779338 -0.022883014366115118 0.041264555088121324 -1.0981 -0.0008692542209990384 -0.8654598389229647 -0.500977555992816 1.5453 0.0 0.0 0.0 1.0 
0.05166251591243551 -0.5028850823414859 0.8628079614885312 -0.0677 -0.9986627084425821 -0.02433319462709896 0.045614585445516775 -1.098 -0.0019440205050305082 -0.8640106999323777 -0.5034696924211419 1.548 0.0 0.0 0.0 1.0 
0.051202760289051755 -0.5079378990965321 0.8598705530486451 -0.0703 -0.9986837537207808 -0.023450104505674446 0.04561636387135365 -1.0978 -0.003006225698895526 -0.8610744353771478 -0.5084700378065291 1.5494 0.0 0.0 0.0 1.0 
0.05090444196752168 -0.5077057693815611 0.8600253423734978 -0.0726 -0.9986935204343673 -0.022022588371174823 0.04611136350015599 -1.0975 -0.0044710211792092225 -0.8612490100650977 -0.5081635097402254 1.551 0.0 0.0 0.0 1.0 
0.052728953913115675 -0.5055858796765835 0.8611635011372023 -0.0751 -0.9986001129052811 -0.023086268189698222 0.047590321774850786 -1.0971 -0.004179943156196686 -0.8624673573490935 -0.5060954312997525 1.5525 0.0 0.0 0.0 1.0 
0.05662601649840106 -0.5044716398563764 0.8615694161448287 -0.0776 -0.9983891563316047 -0.025545452692515958 0.050660856350841055 -1.0965 -0.003547784518390773 -0.8630502849934949 -0.5051055521350545 1.5542 0.0 0.0 0.0 1.0 
0.06291650467249131 -0.5005318661557029 0.8634288415396407 -0.0821 -0.9980112761144243 -0.0281959652721816 0.056378012476747785 -1.0958 -0.0038737821640843495 -0.8652588274643949 -0.50131043805878 1.5566 0.0 0.0 0.0 1.0 
0.06053283777447484 -0.5036728108317019 0.8617711269123965 -0.0845 -0.9981566144875447 -0.026759570352453688 0.054472913905128484 -1.0951 -0.004375900562463841 -0.8634799505625159 -0.5043641804002568 1.5581 0.0 0.0 0.0 1.0 
0.06890348276696917 -0.501813870086529 0.8622268552135004 -0.0893 -0.997620347409678 -0.032545319251555405 0.06078194328094649 -1.094 -0.002439773919003685 -0.8643631424254477 -0.5028622132549131 1.5609 0.0 0.0 0.0 1.0 
0.07419131762259866 -0.49978663752467667 0.8629652167620667 -0.0916 -0.9972393214448354 -0.034523925309205145 0.06574065975854937 -1.0932 -0.0030633566014435787 -0.8654602333631641 -0.5009682627804983 1.5625 0.0 0.0 0.0 1.0 
0.07706782869209397 -0.494496278006059 0.8657563056766264 -0.0969 -0.9970173525975653 -0.03463763179176313 0.06896834841577876 -1.0916 -0.004116843454403496 -0.8684893007412426 -0.49569081704017803 1.5665 0.0 0.0 0.0 1.0 
0.08349995239455384 -0.4926211558602304 0.8662286965628869 -0.1016 -0.9964771969913357 -0.03446634294963341 0.07645434637722548 -1.0897 -0.0078072931543368695 -0.8695610777872989 -0.49376368656574326 1.5705 0.0 0.0 0.0 1.0 
0.08387793087957267 -0.4937710175897851 0.8655372175127478 -0.105 -0.9964526377117369 -0.03560945871406257 0.0762502934250967 -1.0886 -0.006828873163524929 -0.8688625602697123 -0.495006280619627 1.5737 0.0 0.0 0.0 1.0 
0.08712606962496199 -0.49436750134060936 0.8648756104839292 -0.1101 -0.9961879159635966 -0.03946927934452235 0.077793393524969 -1.0872 -0.0043225085092911675 -0.8683564645963471 -0.49592173406085016 1.5784 0.0 0.0 0.0 1.0 
0.09048981564588009 -0.4932127138446974 0.8651894660514097 -0.1124 -0.9958521367965285 -0.0365315951879909 0.08333045176170095 -1.0858 -0.009492886924589106 -0.869141335718748 -0.4944726722912678 1.5807 0.0 0.0 0.0 1.0 
0.09054635656000999 -0.48846687849060183 0.867871802705535 -0.1169 -0.9958010344735888 -0.03261337137415432 0.0855375224620269 -1.084 -0.013478021184053612 -0.8719727499327368 -0.4893688448600944 1.5853 0.0 0.0 0.0 1.0 
0.09317940587842093 -0.49629345208365516 0.8631398541018909 -0.1206 -0.995568961129668 -0.03542763264793922 0.08710526092123494 -1.0837 -0.012650768962329584 -0.8674316643193581 -0.4973954822681951 1.5872 0.0 0.0 0.0 1.0 
0.09059847829712088 -0.4980673078389473 0.8623925281403528 -0.1234 -0.9958158045992098 -0.03491646334710141 0.08444953462132815 -1.0837 -0.01194985525747011 -0.8664351086200246 -0.4991466753469682 1.5888 0.0 0.0 0.0 1.0 
0.08875761726998922 -0.49298851774208796 0.8654966243440891 -0.1284 -0.9959242298253118 -0.029938659454878475 0.08507999245947723 -1.0834 -0.01603165067652107 -0.869520556424346 -0.49363649392248354 1.5924 0.0 0.0 0.0 1.0 
0.0937807362673002 -0.4963118254258868 0.8630641606784442 -0.1333 -0.995405580701881 -0.02992747112176522 0.0909509559037569 -1.0838 -0.019310707203888222 -0.8676283296519772 -0.49683818107368294 1.5945 0.0 0.0 0.0 1.0 
0.09132440163847644 -0.49523697717270965 0.8639445526804437 -0.1358 -0.9955255394680964 -0.024264252144467924 0.09132440163847638 -1.0841 -0.024264252144467646 -0.8684190132123475 -0.49523697717270976 1.5961 0.0 0.0 0.0 1.0 
0.08872456617466853 -0.4991318943601979 0.8619717532434089 -0.1384 -0.9957099592210834 -0.02162949473281925 0.08996578274850153 -1.0845 -0.02626077807424032 -0.8662560343166461 -0.49890966571608164 1.5974 0.0 0.0 0.0 1.0 
0.08921834534004817 -0.49528413880818273 0.8641375519556018 -0.141 -0.995587867021255 -0.0190271022512723 0.09188453852518974 -1.0849 -0.029066920973012556 -0.8685226486539981 -0.49479644590497246 1.5995 0.0 0.0 0.0 1.0 
0.09505001466534153 -0.488191174854374 0.8675453138058116 -0.1434 -0.9949293818545971 -0.017804234838671718 0.0989875464098312 -1.0845 -0.032878866077579616 -0.8725550905336094 -0.48740803660725285 1.6023 0.0 0.0 0.0 1.0 
0.09502604219916663 -0.484144878009199 0.8698125018654423 -0.149 -0.9950393158990076 -0.020353216402453383 0.0973781618090509 -1.0852 -0.029441656189776233 -0.8747510981299382 -0.48367727381103015 1.6067 0.0 0.0 0.0 1.0 
0.09744430974443094 -0.48019664801966466 0.8717314871731485 -0.152 -0.9948329394832938 -0.021917802191780106 0.09913138991313902 -1.0853 -0.02849612284961245 -0.8768869876886987 -0.4798512079851206 1.6093 0.0 0.0 0.0 1.0 
0.09702315902940169 -0.4769809517095665 0.87354203008109 -0.1545 -0.9949600600361879 -0.024156286075834255 0.09731882025491384 -1.0854 -0.025317692326537244 -0.8785816100677608 -0.47692071553456367 1.6114 0.0 0.0 0.0 1.0 
0.0969038670141411 -0.4780168127328065 0.8729888700908361 -0.1576 -0.9950469995816912 -0.02699948949572431 0.0956686792552523 -1.0856 -0.022160983308051108 -0.8779356208240667 -0.47826555019892547 1.6133 0.0 0.0 0.0 1.0 
0.09563278912146292 -0.4813680126828594 0.8712859496230871 -0.1605 -0.9952325070023496 -0.029401041920590093 0.09299374032590696 -1.0858 -0.019147497242938183 -0.8760253507175113 -0.481884797695044 1.615 0.0 0.0 0.0 1.0 
0.09802298806441645 -0.4824998802632071 0.8703937955643495 -0.1658 -0.9950449465423966 -0.032890252205181714 0.0938284907174739 -1.0855 -0.016644764082521746 -0.8752782968038627 -0.4833330683625598 1.6175 0.0 0.0 0.0 1.0 
0.09803629609492706 -0.4838902660199972 0.8696200866465106 -0.1689 -0.9950369780410743 -0.032700985239433294 0.0939790290184861 -1.0853 -0.01703810373471404 -0.874517498976131 -0.4846945914755583 1.6187 0.0 0.0 0.0 1.0 
0.09444163782061929 -0.4824665655735421 0.8708081247608053 -0.1713 -0.9954175292414076 -0.03259285764564504 0.08989798723788223 -1.085 -0.014990647907635102 -0.8753077851442668 -0.48333379950211175 1.6199 0.0 0.0 0.0 1.0 
0.09446013134531381 -0.48321890705980125 0.8703888622024969 -0.178 -0.9954593712589601 -0.035532784575071835 0.0883066327806542 -1.0844 -0.01174409464121573 -0.8747782056500222 -0.4843812209002177 1.6223 0.0 0.0 0.0 1.0 
0.08714103458616365 -0.4850721646635008 0.8701215059748373 -0.1839 -0.9961680508730251 -0.035888963766710885 0.0797571106522173 -1.0844 -0.007460195110810586 -0.8737373617674922 -0.4863407942384552 1.6243 0.0 0.0 0.0 1.0 
0.08230517346901818 -0.4825503897091667 0.8719925342637782 -0.1869 -0.9965904985797529 -0.03478951152628146 0.07481355511083887 -1.0845 -0.005765115852662428 -0.8751770171109925 -0.4837684902511855 1.6254 0.0 0.0 0.0 1.0 
0.075922141170024 -0.4880301391857955 0.8695184941831036 -0.1903 -0.9971075167185532 -0.03407612304000879 0.06793686732490684 -1.0852 -0.003525419623074566 -0.872161338907461 -0.4892056523913292 1.6262 0.0 0.0 0.0 1.0 
0.06851515506493627 -0.4833916791101411 0.8727188310638803 -0.1956 -0.9976489618353155 -0.034504813649089694 0.05921120488520881 -1.0857 0.0014907968823148487 -0.8747239006693024 -0.4846193094817164 1.6283 0.0 0.0 0.0 1.0 
0.06754822390975043 -0.4835861475526607 0.872686470241068 -0.198 -0.997714502950192 -0.03426061558419227 0.05824071447573009 -1.0862 0.0017343729384221573 -0.8746260047099952 -0.48479515657186795 1.6289 0.0 0.0 0.0 1.0 
0.0575321191514893 -0.479238110476381 0.8757972874660933 -0.2031 -0.9983326791584894 -0.031730736634207835 0.04821848273103413 -1.0874 0.004681558519481432 -0.8771111638895486 -0.4802646033075413 1.6308 0.0 0.0 0.0 1.0 
0.05937221752985093 -0.4830512590156133 0.8735767973962101 -0.2058 -0.9982318601047715 -0.03122439047377429 0.05057856177580766 -1.0877 0.002844865085725623 -0.8750351527812881 -0.4840510181165532 1.6317 0.0 0.0 0.0 1.0 
0.056148665072822485 -0.4895407106165185 0.8701707993604556 -0.2102 -0.9984209395174365 -0.029030998121010038 0.04809187749732363 -1.0887 0.0017189949562688156 -0.8714970417604251 -0.4903977480160042 1.6327 0.0 0.0 0.0 1.0 
0.05475583962246637 -0.4923676339208174 0.8686632898277992 -0.2128 -0.998499559747531 -0.027569982163310358 0.0473130559941104 -1.0894 0.0006536139730916046 -0.8699505785679615 -0.49313848322559806 1.6334 0.0 0.0 0.0 1.0 
0.05339890971367624 -0.48338400362722095 0.8737782679139539 -0.2149 -0.9985724317201039 -0.026976356462867335 0.046101787390366855 -1.091 0.0012864874616271282 -0.8749926749575148 -0.4841344479797982 1.6348 0.0 0.0 0.0 1.0 
0.04830521251445341 -0.4863628008899155 0.8724206739609337 -0.2182 -0.9988324002501145 -0.024103110506931813 0.041867365268017986 -1.0917 0.000665322875377905 -0.8734244477769137 -0.48695922968053945 1.6356 0.0 0.0 0.0 1.0 
0.04470749417136623 -0.4907816101898311 0.8701348464832297 -0.2219 -0.9989999542624817 -0.021461695488402682 0.03922355173008313 -1.0931 -0.0005756287663832294 -0.8710182585492909 -0.49125030475846365 1.6376 0.0 0.0 0.0 1.0 
0.040904714663219446 -0.4831727221600241 0.8745689937785315 -0.2235 -0.9991629986046711 -0.019494657945212962 0.035961931690626725 -1.0939 -0.00032640104589137797 -0.8753079908649706 -0.4835657293380974 1.6394 0.0 0.0 0.0 1.0 
0.04401497004970065 -0.48524704521914197 0.8732685655155669 -0.2253 -0.9990281827405239 -0.019350747192515533 0.03960099333675576 -1.0949 -0.0023178657619412624 -0.8741629445870966 -0.4856271963236062 1.6409 0.0 0.0 0.0 1.0 
0.04318701526073296 -0.4849407559369826 0.8734800197738568 -0.2274 -0.9990621119323105 -0.018226111431863395 0.03927728813735604 -1.0956 -0.003127013626579578 -0.8743570621281338 -0.4852730671410046 1.6432 0.0 0.0 0.0 1.0 
0.04206999034261076 -0.4806091948848496 0.875925178142922 -0.2285 -0.9991059380333962 -0.016572455007763914 0.038893165484740255 -1.0959 -0.004176182345203117 -0.8767782818518903 -0.480876703505033 1.6449 0.0 0.0 0.0 1.0 
0.042989239710157 -0.4789997969213239 0.8767617235135626 -0.2307 -0.9990609261227615 -0.015864776561656746 0.040318417123920314 -1.0964 -0.0054028847731912855 -0.8776716375809228 -0.4792319954073899 1.6473 0.0 0.0 0.0 1.0 
0.04261008545499345 -0.48008063013081687 0.8761888889906764 -0.2322 -0.9990849922690586 -0.017242533214084643 0.03913915266195722 -1.0971 -0.003682233052505035 -0.8770548920230471 -0.4803760584564848 1.6489 0.0 0.0 0.0 1.0 
0.04244618372501649 -0.47603714868068503 0.878400224591926 -0.2329 -0.9990878203336607 -0.01611068013318087 0.03954710162049535 -1.0974 -0.004674264446691112 -0.8792775893093205 -0.47628675416210414 1.6499 0.0 0.0 0.0 1.0 
0.041057321991088344 -0.47560379635278693 0.878700930468232 -0.2344 -0.9991358016419768 -0.013842493699262076 0.039192285534657645 -1.0977 -0.006476587694483338 -0.879550688853691 -0.4757611160538795 1.6525 0.0 0.0 0.0 1.0 
0.04026942646421103 -0.474717220117005 0.8792166594285087 -0.2353 -0.9991853485085759 -0.016799975865140843 0.03669332550650328 -1.0984 -0.0026481348226669033 -0.8799780234388319 -0.47500701641833387 1.6541 0.0 0.0 0.0 1.0 
0.041938971577360734 -0.47592380852944194 0.8784859993977503 -0.2358 -0.9991128669889531 -0.016614387364079913 0.038696784745384516 -1.0987 -0.003821214485952351 -0.8793295688235141 -0.4761983911275897 1.6551 0.0 0.0 0.0 1.0 
0.04302203590766643 -0.4770946929642437 0.8777982446847984 -0.2362 -0.9990623637180549 -0.016281386367259815 0.04011620445721087 -1.0988 -0.004847455874188222 -0.8787010699909917 -0.4773478100591159 1.6557 0.0 0.0 0.0 1.0 
0.0450720675881955 -0.48184226470913216 0.8750980177461836 -0.237 -0.9989502672023939 -0.014568263948121135 0.04342959062440971 -1.099 -0.008177553398852011 -0.8761368600997863 -0.4819930808579066 1.6571 0.0 0.0 0.0 1.0 
0.04764141852486249 -0.48371618375484315 0.8739273132329652 -0.2383 -0.9988162180585811 -0.014467386020565853 0.046441977615996055 -1.0993 -0.009821292383980162 -0.8751053355541734 -0.4838328160641087 1.6578 0.0 0.0 0.0 1.0 
0.046180085916839045 -0.4765185913980879 0.8779507000490947 -0.239 -0.9988844439136813 -0.013350872519581808 0.04529483315149413 -1.1001 -0.00986242221612832 -0.8790630160886921 -0.47660355262322884 1.6602 0.0 0.0 0.0 1.0 
0.050400163953609425 -0.48125074610622937 0.8751328715376009 -0.2416 -0.9986874730727968 -0.016284384427771387 0.04856078614767617 -1.101 -0.009118914459576466 -0.8764317076623862 -0.4814398271882716 1.6627 0.0 0.0 0.0 1.0 
0.0491298924064868 -0.4777364462721025 0.8771283495449393 -0.2434 -0.9987460949967037 -0.015042460092177246 0.047748948922570866 -1.1021 -0.009617244977750128 -0.8783744146420008 -0.4778764445977225 1.6649 0.0 0.0 0.0 1.0 
0.05356650442550538 -0.4741705298871893 0.8788019903198527 -0.2457 -0.9985416756295624 -0.019513501325948535 0.050336321845246335 -1.1037 -0.006719496598579844 -0.8802167527674671 -0.4745243055028449 1.6683 0.0 0.0 0.0 1.0 
0.05392639564049416 -0.47618631635666153 0.8776893163118134 -0.2469 -0.9985328086142959 -0.021388195541588134 0.04974711260285147 -1.1047 -0.004916703577692083 -0.8790842605837897 -0.47664104819012476 1.6704 0.0 0.0 0.0 1.0 
0.0592683827064944 -0.47121298795344646 0.8800258966617638 -0.2483 -0.9982258542772994 -0.022949698532422097 0.05494046950678966 -1.1049 -0.005692333766747659 -0.8817208352541386 -0.4717371789620063 1.6731 0.0 0.0 0.0 1.0 
0.059944198575659 -0.4747313230404058 0.8780870480660944 -0.2503 -0.99819913248737 -0.026501921775631737 0.053815797342973204 -1.1057 -0.0022770504130610325 -0.8797316744704058 -0.47546503128506956 1.675 0.0 0.0 0.0 1.0 
0.06024588789702144 -0.4721082704137043 0.8794795131203912 -0.2525 -0.9981825212811297 -0.029769535586140483 0.05239684112456294 -1.1068 0.001444714624660004 -0.8810377720381608 -0.47304371578289356 1.6776 0.0 0.0 0.0 1.0 
0.06507124568868991 -0.47296342200928065 0.8786758983981482 -0.2546 -0.9978761857071377 -0.03346677679777879 0.0558846387600509 -1.1076 0.0029750601835724644 -0.8804462370253157 -0.4741366603890331 1.6796 0.0 0.0 0.0 1.0 
0.06576561878358546 -0.46983483427702627 0.8803011484065504 -0.2579 -0.9978151470504486 -0.0365441993346691 0.05504047430464043 -1.1097 0.006309968518457498 -0.8819975906967474 -0.4712116661357494 1.6826 0.0 0.0 0.0 1.0 
0.06648638502339327 -0.4693883511505737 0.8804851710339399 -0.2608 -0.9977585079674267 -0.037983679643887325 0.05509264796072644 -1.1115 0.007584219480942067 -0.8821744815425436 -0.47086161845069596 1.6846 0.0 0.0 0.0 1.0 
0.06498796011860986 -0.46929930993239544 0.880644492821365 -0.2638 -0.9978647176381494 -0.03633297941122948 0.054276329095097886 -1.114 0.0065245944362982145 -0.8822913760793996 -0.4706584296104353 1.6866 0.0 0.0 0.0 1.0 
0.06690057645898581 -0.4695174015130322 0.880384985415986 -0.2666 -0.9977394773041488 -0.03709128707522294 0.056037236298267235 -1.116 0.006344154656046153 -0.8821437785868889 -0.47093747525775287 1.6879 0.0 0.0 0.0 1.0 
0.06592930208204062 -0.46585212020652106 0.8824030423939302 -0.2708 -0.9978208870475553 -0.03309200413570057 0.05708236710152054 -1.1192 0.0026085433876043562 -0.8842435871191672 -0.4670187085546179 1.6897 0.0 0.0 0.0 1.0 
0.06487044509960863 -0.46121952517002074 0.8849115068494247 -0.274 -0.997893475437546 -0.02939518914363501 0.0578319508090957 -1.1213 -0.0006610837726092056 -0.8867990034146129 -0.4621548339151014 1.6913 0.0 0.0 0.0 1.0 
0.0641833724013014 -0.4575627787775155 0.8868578229821249 -0.279 -0.9979206371790071 -0.0241674478860317 0.05975229162902562 -1.1236 -0.005907334376861362 -0.8888488273829662 -0.4581624880547136 1.6935 0.0 0.0 0.0 1.0 
0.06574831113383905 -0.4546209092389386 0.8882550244528926 -0.2824 -0.9977942390972898 -0.02178673523216068 0.06270561850571527 -1.1249 -0.009155108263066702 -0.8904185347636719 -0.45505056525841947 1.6955 0.0 0.0 0.0 1.0 
0.06132109765346416 -0.44712664683490877 0.8923662278867042 -0.2871 -0.9980682526592878 -0.0185343261066081 0.05929790712504229 -1.1266 -0.00997426770297205 -0.8942786145525032 -0.4473994563450482 1.6987 0.0 0.0 0.0 1.0 
0.060735651496306636 -0.4444821457613516 0.8937263578616801 -0.2902 -0.9981012036750444 -0.017845193332602954 0.05895367925201622 -1.1279 -0.010255138211977766 -0.8956099436553319 -0.4447220041396047 1.7011 0.0 0.0 0.0 1.0 
0.060077970596123215 -0.4344366609580255 0.8986965144389362 -0.2951 -0.9981086494998237 -0.014393321604854264 0.05976584381415034 -1.1293 -0.013029245668477185 -0.9005873749441644 -0.43447971051418455 1.7055 0.0 0.0 0.0 1.0 
0.05717806777918499 -0.4311144956322324 0.9004837367886247 -0.298 -0.9982887934715599 -0.013618369037205813 0.05686848735340305 -1.1301 -0.012253709403140745 -0.9021944533638702 -0.4311554417206527 1.7077 0.0 0.0 0.0 1.0 
0.0577993456602372 -0.42826501674472706 0.9018028116356076 -0.3039 -0.998258631600585 -0.014127723964636296 0.05727226074206049 -1.1313 -0.011787284512386142 -0.9035427399122954 -0.4283358227788172 1.7115 0.0 0.0 0.0 1.0 
0.05855568926132912 -0.43361598335230134 0.8991931996164939 -0.3069 -0.9982000217707693 -0.013739023195628391 0.05837769932488018 -1.1317 -0.012959467271720593 -0.9009930178547707 -0.4336399819954181 1.7127 0.0 0.0 0.0 1.0 
0.059318867336986825 -0.4378616666162856 0.8970832920559084 -0.3111 -0.9981879464505397 -0.01692159607786131 0.05774498373913589 -1.1327 -0.010104233702380172 -0.898883096122175 -0.4380720077419934 1.7153 0.0 0.0 0.0 1.0 
0.0596564819824269 -0.4420045719708813 0.8950268501639034 -0.3152 -0.9981686956414956 -0.017415801449607304 0.05793051787463238 -1.1331 -0.010017943842706378 -0.8968437144880406 -0.4422340925171402 1.7169 0.0 0.0 0.0 1.0 
0.05740606910043872 -0.44552628313222226 0.893426479498354 -0.3179 -0.9983006334775206 -0.016635672277256097 0.0558488997766744 -1.1333 -0.010019402617768403 -0.895114286248561 -0.4457241592340631 1.7176 0.0 0.0 0.0 1.0 
0.05755313179781865 -0.44617684155915743 0.8930923037830734 -0.3202 -0.9983193384874047 -0.019634597671137927 0.054525049072544185 -1.1338 -0.006792306113075519 -0.8947294052564647 -0.44655700190130176 1.7187 0.0 0.0 0.0 1.0 
0.058193856647030084 -0.45086834228536626 0.8906914241045496 -0.3254 -0.9982793115305988 -0.019843676237108865 0.05517829902588789 -1.1342 -0.0072035559648282455 -0.892369859664838 -0.45124731837787024 1.7198 0.0 0.0 0.0 1.0 
0.05666291618870731 -0.4487394580180363 0.8918644587305131 -0.3297 -0.9983737729174295 -0.019870833403081184 0.053431821328534024 -1.1349 -0.00625487646631967 -0.893441687407492 -0.4491356451261079 1.7213 0.0 0.0 0.0 1.0 
0.05434786325847796 -0.44916488073157385 0.8917943819494654 -0.3329 -0.9984949368357641 -0.01786349066301074 0.05185322376358309 -1.1354 -0.007360086452037673 -0.8932702869897351 -0.44945970176278877 1.7218 0.0 0.0 0.0 1.0 
0.051176315043090115 -0.4510173950081621 0.8910467407373542 -0.3388 -0.9986713465921087 -0.017711912278956687 0.048392454570177046 -1.1368 -0.006043697089901823 -0.892339395949475 -0.45132457961206973 1.7228 0.0 0.0 0.0 1.0 
0.04812511083882312 -0.44787809181881877 0.8927985151060036 -0.3422 -0.9988155226500184 -0.015155136354188942 0.04623714475891544 -1.1371 -0.007178120932524623 -0.8939661832031567 -0.4480769329803292 1.7239 0.0 0.0 0.0 1.0 
0.04510498320565534 -0.44674313234721336 0.8935245459362701 -0.3482 -0.9989551661055884 -0.013583800658493544 0.043635495535475244 -1.1384 -0.007356398641571782 -0.8945591394984853 -0.4468890570810117 1.7253 0.0 0.0 0.0 1.0 
0.044003361405104385 -0.4441654561489962 0.8948635380598577 -0.3519 -0.9990021216064953 -0.012707520778950793 0.042816818440588045 -1.1389 -0.007646254689291476 -0.8958546570061503 -0.444281406666563 1.7268 0.0 0.0 0.0 1.0 
0.04085182557165515 -0.4456956538034906 0.8942519290044288 -0.3582 -0.9991334335180826 -0.011083602905349571 0.04011902009027024 -1.1402 -0.00796933961066043 -0.8951159354671971 -0.4457622143013631 1.7282 0.0 0.0 0.0 1.0 
0.03837065829162736 -0.44144514987730016 0.8964674406982527 -0.3614 -0.9992439433825286 -0.01132719004583524 0.037191885929585444 -1.1407 -0.006263720587712629 -0.8972167377035906 -0.4415460240891378 1.7292 0.0 0.0 0.0 1.0 
0.03918786390355461 -0.4453856649536394 0.8944808107368661 -0.3672 -0.999219332989266 -0.012984412930357847 0.03731125301220323 -1.1416 -0.005003589028204858 -0.8952446673813024 -0.44554679846473877 1.7303 0.0 0.0 0.0 1.0 
0.03738591928780702 -0.4503662547537119 0.8920608329133838 -0.3709 -0.9992845651314473 -0.011744401605906035 0.0359503396503163 -1.142 -0.005714099146802987 -0.8927666579851834 -0.4504831222819635 1.7307 0.0 0.0 0.0 1.0 
0.036160936800570254 -0.4512781596177448 0.8916503851295788 -0.3761 -0.99933433233315 -0.012021446680463732 0.034443824409691015 -1.1431 -0.004824818127351915 -0.8923023632557128 -0.45141246511179556 1.7315 0.0 0.0 0.0 1.0 
0.03194906017483232 -0.4545001606448158 0.8901735008007045 -0.3795 -0.999481569002098 -0.010980482124829521 0.030265859270981743 -1.1438 -0.00398130368717553 -0.8906789730234699 -0.4546153497571409 1.7321 0.0 0.0 0.0 1.0 
0.034231016602898234 -0.4563369161905642 0.8891483883042346 -0.3845 -0.9994025515785505 -0.011381359429254168 0.03263440754518182 -1.1446 -0.004772567507641823 -0.8897342769497127 -0.45645387392392334 1.7342 0.0 0.0 0.0 1.0 
0.03401103427024957 -0.4564417581128056 0.8891030148406645 -0.3875 -0.9994117153323845 -0.011604913877574868 0.03227304185035629 -1.1453 -0.004412800046306731 -0.8896776087014807 -0.4565679355484419 1.7358 0.0 0.0 0.0 1.0 
0.029390191178117503 -0.4544426830022857 0.8902909999141841 -0.3925 -0.9995655204162852 -0.011372004319774226 0.027192791557177298 -1.1474 -0.0022331720566853286 -0.8907033879936885 -0.45457946231558916 1.74 0.0 0.0 0.0 1.0 
0.033944517252411516 -0.45584758332077735 0.8894103386677645 -0.3948 -0.9994214640815775 -0.013592069046866412 0.031176798938653105 -1.1482 -0.0021229417176937826 -0.8899540642300771 -0.4560452353427575 1.7422 0.0 0.0 0.0 1.0 
0.036853869619157986 -0.4554553306140501 0.8894954941478568 -0.3993 -0.9993186741418199 -0.015019760489994483 0.03371341433699654 -1.1498 -0.0019949449939550834 -0.8901319276433517 -0.4556985534148661 1.746 0.0 0.0 0.0 1.0 
0.03658178893774325 -0.4495980624671234 0.8924815712068919 -0.4021 -0.999326036652018 -0.013740734378951708 0.034039164033450975 -1.1501 -0.003040589989376785 -0.8931252848534382 -0.4497977104965972 1.7485 0.0 0.0 0.0 1.0 
0.03865917196673738 -0.4456901923932589 0.8943521235102572 -0.407 -0.9992504306791271 -0.015441391995656445 0.035498453498928606 -1.1517 -0.0020112708483309705 -0.8950540854147846 -0.44595306812699276 1.7525 0.0 0.0 0.0 1.0 
0.03206584337479351 -0.43701905777830724 0.8988804841730762 -0.4085 -0.9994649037195227 -0.008210600134805623 0.031662158460085243 -1.1514 -0.006456618432928274 -0.8994147703834905 -0.437048490323928 1.7551 0.0 0.0 0.0 1.0 
0.03752410443461196 -0.44094976384781454 0.8967470364316443 -0.415 -0.9992903229657994 -0.013607741386564953 0.03512377828857055 -1.152 -0.0032851199808578424 -0.8974286239790399 -0.4411474502360841 1.7595 0.0 0.0 0.0 1.0 
0.0383806696832624 -0.43349413039366813 0.9003386935530994 -0.4174 -0.9992492941859457 -0.011898101195055827 0.036868458834641404 -1.1518 -0.005269939615758501 -0.9010778402014943 -0.43362536092144854 1.7629 0.0 0.0 0.0 1.0 
0.03965016483438402 -0.42601314276942037 0.9038477010073809 -0.4213 -0.999198526252333 -0.011932163550006009 0.03820901213302946 -1.1518 -0.005492682748189814 -0.9046382844323677 -0.42614481667091814 1.7687 0.0 0.0 0.0 1.0 
0.04225621770931984 -0.41456918723659997 0.9090361934812538 -0.4234 -0.9990881325655332 -0.011970555045751424 0.040983035253774114 -1.1517 -0.006108635822998365 -0.9099390610397388 -0.4146969854755401 1.7722 0.0 0.0 0.0 1.0 
0.04314702115736804 -0.4055096429532266 0.9130718832803867 -0.4272 -0.9990230469905297 -0.008771935965245364 0.043312870156334726 -1.151 -0.009554378420573273 -0.9140486762811748 -0.4054919619938577 1.777 0.0 0.0 0.0 1.0 
0.04308402657747873 -0.4026024672035818 0.9143604431817137 -0.4299 -0.9990275383401848 -0.008780175274301583 0.0432074780576619 -1.1506 -0.00936719231263583 -0.9153328148404499 -0.4025892370449522 1.7791 0.0 0.0 0.0 1.0 
0.0404952426876069 -0.3984620640755303 0.9162904118304087 -0.4319 -0.9991545522404366 -0.00963838445828119 0.039966014090062674 -1.1505 -0.007093381202539828 -0.9171341695944506 -0.3985154939339411 1.781 0.0 0.0 0.0 1.0 
0.03656940396948863 -0.4036239195265187 0.9141938581501008 -0.4343 -0.9993138619133999 -0.009394287633422066 0.03582670439192781 -1.1501 -0.005872314794217959 -0.914876756151292 -0.4036905212821409 1.7824 0.0 0.0 0.0 1.0 
0.037339045638373786 -0.39781960942166283 0.9167035256997822 -0.4362 -0.9992896622748462 -0.010186574614994365 0.03628229000817268 -1.1493 -0.005095737575605552 -0.917407102685176 -0.39791738011973266 1.7837 0.0 0.0 0.0 1.0 
0.03828945997086641 -0.39813788671250155 0.916526126424797 -0.4377 -0.9992606899601697 -0.012077204008430487 0.03649951566342269 -1.1485 -0.0034627670243761455 -0.9172460762017149 -0.39830596899505893 1.785 0.0 0.0 0.0 1.0 
0.03578719741088826 -0.4031711941894972 0.9144245538464555 -0.4395 -0.9993577816799691 -0.012774150957602981 0.03347902721113416 -1.1475 -0.0018167820908422394 -0.9150354142016184 -0.4033694213245561 1.7858 0.0 0.0 0.0 1.0 
0.0414779564074515 -0.4002095822721165 0.9154844998086202 -0.4399 -0.9991384135471577 -0.015314091465880308 0.038573425788273275 -1.1464 -0.0014176412558644658 -0.9162956776391301 -0.40049996433597457 1.7869 0.0 0.0 0.0 1.0 
0.037681684410595495 -0.40706808060225663 0.912620221348823 -0.4423 -0.9992895735067018 -0.014744414763950942 0.03468357700789382 -1.1455 -0.0006625260554881662 -0.9132788073682993 -0.4073344830371749 1.7879 0.0 0.0 0.0 1.0 
0.03706145572221342 -0.4071782342466562 0.9125964793135712 -0.4435 -0.9993129627871494 -0.014894807158984502 0.033937400095851444 -1.1445 -0.00022562207260728995 -0.9132272610229458 -0.40745051088347956 1.7887 0.0 0.0 0.0 1.0 
0.03610210682820522 -0.4090953325933291 0.9117771913866446 -0.4447 -0.9993470197722412 -0.016124311755839976 0.032334820901623096 -1.1439 0.0014737553746872467 -0.9123491740670091 -0.4094103230554179 1.7894 0.0 0.0 0.0 1.0 
0.03481647337669849 -0.408352064151906 0.9121602956084456 -0.4463 -0.999391362142245 -0.01620977028855683 0.030889296247402498 -1.1432 0.0021722009753284977 -0.9126805766806203 -0.4086678926620648 1.79 0.0 0.0 0.0 1.0 
0.03215779848182551 -0.4154669775373715 0.9090396397147724 -0.4488 -0.9994807955242136 -0.015190845793710911 0.02841439040972682 -1.1421 0.0020038400851815075 -0.9094814065059453 -0.4157397693808955 1.7906 0.0 0.0 0.0 1.0 
0.033826061120806605 -0.40727008244997653 0.9126811477894354 -0.4509 -0.9994267793067332 -0.015047143201869673 0.030326494786461877 -1.141 0.001382169896333274 -0.9131838059353944 -0.4075456123966076 1.7912 0.0 0.0 0.0 1.0 
0.030947962960064773 -0.4124058052811893 0.9104744232316448 -0.454 -0.9995175482390511 -0.01516212534175751 0.02710683893996213 -1.14 0.002625709583840008 -0.9108740646903362 -0.4126760762676782 1.7922 0.0 0.0 0.0 1.0 
0.029173334015498292 -0.4027194732861343 0.9148584275277564 -0.4569 -0.9995693701608834 -0.014647784823446947 0.025426691407673285 -1.1393 0.0031608256192363626 -0.9152062435516406 -0.40297337498338553 1.7929 0.0 0.0 0.0 1.0 
0.029395297586818886 -0.40320159807893224 0.9146389384813973 -0.4606 -0.9995662829202212 -0.013485291050761489 0.02618001096883188 -1.1385 0.0017783500314241807 -0.9150118131652023 -0.40342312680273346 1.7939 0.0 0.0 0.0 1.0 
0.027312279924229854 -0.4009662359407251 0.9156855994285744 -0.4632 -0.9996256093223281 -0.012455689853322627 0.024361793391344533 -1.1382 0.0016372392327431151 -0.9160081513970304 -0.4011563112078511 1.7943 0.0 0.0 0.0 1.0 
0.025407772941711537 -0.4094080718491571 0.9119975196122507 -0.4669 -0.99967491015025 -0.012345473561382436 0.022308368354382324 -1.1376 0.002125815192350944 -0.9122678444334759 -0.40958864842969867 1.7948 0.0 0.0 0.0 1.0 
0.0251201835398612 -0.40949126597195235 0.9119681351185531 -0.4703 -0.9996836371339828 -0.011444751920844182 0.02239739493874421 -1.1369 0.0012657114582065865 -0.9122422489372866 -0.4096492124102601 1.7953 0.0 0.0 0.0 1.0 
0.026551607374756148 -0.41070908117583144 0.9113797577220599 -0.4731 -0.9996474270726128 -0.01074142452702398 0.024282572891587917 -1.1365 -0.00018355631786032278 -0.9117031712343848 -0.41084947835946406 1.7954 0.0 0.0 0.0 1.0 
0.024793494550824108 -0.41483231051491204 0.909560023737201 -0.4763 -0.9996925844447728 -0.010414526975064758 0.02250053852724937 -1.1363 0.0001386870175629773 -0.9098382778168574 -0.4149629971276547 1.7954 0.0 0.0 0.0 1.0 
0.025082775434116494 -0.4151055197707214 0.9094274362654784 -0.4795 -0.9996848845544277 -0.01131886399826812 0.02240568925940778 -1.1364 0.00099296018153483 -0.9097028585058243 -0.4152586221337372 1.7957 0.0 0.0 0.0 1.0 
0.024682773377420086 -0.41871312343568545 0.9077830583135661 -0.483 -0.9996951990988244 -0.010809782659018552 0.022195889205582298 -1.1364 0.0005192274652070505 -0.908054221322492 -0.41885231471396 1.7957 0.0 0.0 0.0 1.0 
0.022287484369392957 -0.4190246981215971 0.9077012561435556 -0.4861 -0.9997515502857173 -0.009636638917865287 0.020099076886061495 -1.1366 0.0003251796260434481 -0.9079236958877498 -0.4191353679943268 1.796 0.0 0.0 0.0 1.0 
0.024727456288357708 -0.4218789958819573 0.9063148822231373 -0.4894 -0.9996940042533411 -0.011044046487753922 0.022134292333336636 -1.1368 0.0006713906676697468 -0.9065848784701894 -0.4220229938803852 1.7968 0.0 0.0 0.0 1.0 
0.02451094353648689 -0.4196491836021649 0.9073553748939758 -0.4925 -0.9996995239839954 -0.010039798623273838 0.022362115055976184 -1.137 -0.0002745780831774902 -0.907630852905321 -0.41976917402452923 1.7975 0.0 0.0 0.0 1.0 
0.023948042922437934 -0.42265250404322147 0.9059753595248492 -0.4963 -0.9997126949261925 -0.009209602641582632 0.022129410805394767 -1.1372 -0.0010093778256123898 -0.9062450242871289 -0.4227516257937116 1.798 0.0 0.0 0.0 1.0 
0.02276688040824132 -0.42297024300655406 0.905857517873232 -0.5035 -0.9997359736435669 -0.006816392275501515 0.02194355940350501 -1.1371 -0.0031067924657932067 -0.9061179340060115 -0.4230137557021656 1.7988 0.0 0.0 0.0 1.0 
0.021845606328277783 -0.4219363680164448 0.906362218337261 -0.5075 -0.9997589955173165 -0.007249494840604026 0.02072186542669696 -1.137 -0.0021726404111117037 -0.906596462694206 -0.4219930490707124 1.7995 0.0 0.0 0.0 1.0 
0.0197762655234264 -0.41924349334241784 0.9076584118554697 -0.5116 -0.9998028336337763 -0.0066701070699267395 0.01870303530305928 -1.137 -0.0017869470665655696 -0.9078493283368789 -0.419292742434757 1.8001 0.0 0.0 0.0 1.0 
0.018462840335408126 -0.41635746303311044 0.9090135238286507 -0.5159 -0.9998292644357099 -0.007004638019504239 0.017099035767050796 -1.1369 -0.0007520004630280352 -0.909174019658969 -0.41641570152007445 1.801 0.0 0.0 0.0 1.0 
0.017028662199154693 -0.41768106162127694 0.9084341227775573 -0.5208 -0.999854988570199 -0.007261492350827264 0.015403654116017462 -1.1364 0.0001627728297546316 -0.9085646930691076 -0.41774414659363446 1.8017 0.0 0.0 0.0 1.0 
0.018073506964967567 -0.415076831051094 0.9096068231222592 -0.5255 -0.9998364469059393 -0.0069079930539237555 0.016714038125892394 -1.136 -0.0006540523634323003 -0.9097601353964397 -0.41513379561167674 1.8026 0.0 0.0 0.0 1.0 
0.01583829817633703 -0.4146970792775298 0.9098216752471682 -0.5302 -0.9998744014418715 -0.006046410587206619 0.014649991818093955 -1.1356 -0.0005741534087187472 -0.9099394338952989 -0.4147407587760892 1.8036 0.0 0.0 0.0 1.0 
0.014750833674510133 -0.41284285758001277 0.9106828140747338 -0.5349 -0.9998911968011861 -0.0061691413727564814 0.013399113933949713 -1.135 8.640254023478677e-05 -0.9107813769724831 -0.41288893893480466 1.8048 0.0 0.0 0.0 1.0 
0.014485363955781122 -0.41151640780972737 0.9112872326190282 -0.5406 -0.9998947867988772 -0.006661449537130909 0.012885667328177253 -1.1344 0.0007678303828007049 -0.9113780067532038 -0.41156960437216555 1.8063 0.0 0.0 0.0 1.0 
0.011502416354737921 -0.4082785653626185 0.9127849185232219 -0.5448 -0.9999335897323669 -0.00534879155562995 0.010208161138889449 -1.1339 0.000714522879527224 -0.9128417187521268 -0.4083129755012914 1.8074 0.0 0.0 0.0 1.0 
0.008513728897250578 -0.4054995493496508 0.9140555956272539 -0.5492 -0.9999637479608227 -0.0035790513216370223 0.007726134595070988 -1.1335 0.0001385077910633914 -0.9140882374633572 -0.4055153202367633 1.8088 0.0 0.0 0.0 1.0 
0.007921742376522656 -0.4035153210545963 0.9149385944815782 -0.5548 -0.9999619799885939 -0.0065316019594805486 0.005777261733178496 -1.133 0.0036448010934402864 -0.9149495744848722 -0.4035517210655164 1.8103 0.0 0.0 0.0 1.0 
0.009271945565057588 -0.3965755813834889 0.9179552490594441 -0.559 -0.9999542026397598 -0.005854222562611394 0.0075710436050466234 -1.1324 0.002371423311160248 -0.9179834074363953 -0.3966116993016522 1.8113 0.0 0.0 0.0 1.0 
0.007935817976677362 -0.39751947641608315 0.9175594196905856 -0.5631 -0.9999668419304628 -0.00483119872761012 0.006555498338886689 -1.1317 0.0018269736335950748 -0.9175810184331068 -0.39754463495135317 1.8121 0.0 0.0 0.0 1.0 
0.003668315773757841 -0.4044681392129984 0.9145447325423497 -0.5675 -0.9999914999634495 -0.0032052937827632133 0.0025934711519259857 -1.1311 0.0018824080943546928 -0.9145464725498317 -0.4044764592487746 1.813 0.0 0.0 0.0 1.0 
0.005644249714611693 -0.40464749038239234 0.9144553302225271 -0.5712 -0.9999840006527735 -0.0019407208185907021 0.005313383213964851 -1.131 -0.0003753446859367515 -0.9144706895958645 -0.40465197019961585 1.8138 0.0 0.0 0.0 1.0 
0.005590331939239412 -0.4060575920112316 0.9138303891635742 -0.5745 -0.9999720317913637 0.0022703045869911787 0.007126103573066311 -1.1305 -0.004968281781551898 -0.9138446682489987 -0.4060335435515354 1.8144 0.0 0.0 0.0 1.0 
0.006489532271436893 -0.4031925498529389 0.9150921558586234 -0.5777 -0.9999605367632252 0.0029357407894595733 0.008384887728491497 -1.1308 -0.006067197631549781 -0.9151104573597126 -0.4031575869852846 1.8158 0.0 0.0 0.0 1.0 
0.005515058288414726 -0.40046231734167503 0.9162966312943697 -0.5805 -0.9999645502038359 0.003621629175632385 0.00760145629162623 -1.1311 -0.006362583415145451 -0.91630607124009 -0.4004281475381515 1.8173 0.0 0.0 0.0 1.0 
0.0004132717015041809 -0.4027881520139075 0.9152931409137305 -0.5842 -0.99998304034055 0.005150776572406479 0.002718185418836727 -1.132 -0.005809323348787143 -0.9152787412028767 -0.4027791921938207 1.8186 0.0 0.0 0.0 1.0 
-0.0032998100785131823 -0.4007303567906647 0.9161900962135927 -0.5873 -0.9999818992864699 0.005931853833678141 -0.0010070796990815922 -1.1329 -0.005031138327472928 -0.9161768356908628 -0.4007426772763383 1.8199 0.0 0.0 0.0 1.0 
-0.0025606723668987197 -0.39904136388283945 0.9169293499869837 -0.5899 -0.9999761596986585 0.006901847239349168 0.00021104266757931978 -1.1334 -0.006412721056794191 -0.9169069497038441 -0.39904952398598315 1.8214 0.0 0.0 0.0 1.0 
-0.006475999347382799 -0.39574534874086953 0.9183374545244357 -0.5923 -0.9999535487853006 0.009118888458933105 -0.0031218816372047264 -1.1342 -0.00713874667822556 -0.9183150139376144 -0.3957860198044178 1.8226 0.0 0.0 0.0 1.0 
-0.009598219386314388 -0.39385863483784045 0.9191209114954816 -0.5949 -0.9999389081580811 0.008819695913831638 -0.006662800883446618 -1.135 -0.0054821652872832916 -0.9191287117306587 -0.393919226664684 1.8238 0.0 0.0 0.0 1.0 
-0.011455852691954538 -0.38575950816094035 0.9225282463439963 -0.5975 -0.9999231523968766 0.008791355797612643 -0.008740787374841796 -1.1357 -0.004738432208299448 -0.9225574854320293 -0.3858305759443362 1.8247 0.0 0.0 0.0 1.0 
-0.00883087582515385 -0.38806208650789753 0.9215909247856653 -0.5999 -0.9999570656932596 0.00601467333188177 -0.00704914709994553 -1.1362 -0.002807561626506694 -0.9216136070609242 -0.3880985401645639 1.8259 0.0 0.0 0.0 1.0 
-0.007764763999646124 -0.3828613680892942 0.9237731763072706 -0.6026 -0.9999692426777325 0.003994212263880276 -0.006749812361335761 -1.1365 -0.0011055037548430846 -0.9237971742180126 -0.38288060641440563 1.8271 0.0 0.0 0.0 1.0 
-0.0077673056454366785 -0.3792041689412552 0.9252804262603755 -0.6053 -0.9999697504842947 0.0025672488983451702 -0.007342162451979217 -1.1366 0.00040875345585716927 -0.9253094657954526 -0.37921263880565276 1.8279 0.0 0.0 0.0 1.0 
-0.005655870200592494 -0.37696127422064435 0.9262117516368609 -0.6083 -0.9999823489382886 0.000446176837536727 -0.005924756374095841 -1.1364 0.0018201494819913289 -0.926228912669097 -0.3769571439722099 1.8286 0.0 0.0 0.0 1.0 
-0.0030366204464429003 -0.36673233843233216 0.9303215416640731 -0.6105 -0.9999939502979478 -0.0004647271121898944 -0.0034472302239114683 -1.1362 0.0016965564445952652 -0.9303263814257149 -0.36672870861110096 1.8291 0.0 0.0 0.0 1.0 
-0.0009355248781132974 -0.36483472385487237 0.9310718280900464 -0.6129 -0.9999946703709952 -0.0025710310305299966 -0.0020122199293707843 -1.1359 0.0031279422639390875 -0.9310687483044302 -0.36483037415765485 1.8299 0.0 0.0 0.0 1.0 
0.003255670985922915 -0.3622687423467414 0.9320680012343209 -0.6147 -0.9999894006804764 -0.004213929465728433 0.00185508090380615 -1.1355 0.0032556309884905765 -0.932064161480833 -0.36227862171248615 1.8304 0.0 0.0 0.0 1.0 
0.0055631655408081016 -0.3611266420673917 0.9325001874414262 -0.6165 -0.9999779010108074 -0.0054033128524701435 0.00387320283970205 -1.1351 0.003639873512185643 -0.9325011273984325 -0.3611487210574985 1.8311 0.0 0.0 0.0 1.0 
0.007343349800480209 -0.36111294823071177 0.9324931709314715 -0.6184 -0.99995766236498 -0.007822903012637689 0.0048451693488402725 -1.1348 0.005545150247907138 -0.9324892711493133 -0.3611551058757857 1.8322 0.0 0.0 0.0 1.0 
0.0113538917607173 -0.37245316308142523 0.9279815356204707 -0.6208 -0.9998930968762907 -0.012779713423226285 0.007104487593127484 -1.1343 0.009213249211141972 -0.927962995078716 -0.3725584461577967 1.8333 0.0 0.0 0.0 1.0 
0.01270770545380534 -0.37177229016680324 0.9282369732381002 -0.6227 -0.9998531035791574 -0.015402323235548632 0.007519288668107638 -1.1341 0.011501542732432868 -0.9281961714546543 -0.3719134063349908 1.8344 0.0 0.0 0.0 1.0 
0.014365407154964455 -0.3695576067934376 0.9290967712452667 -0.6247 -0.9998079068577252 -0.017699668121848006 0.008418499459569184 -1.1339 0.013333583991051556 -0.9290392332993713 -0.36974088025057517 1.8354 0.0 0.0 0.0 1.0 
0.017845237537000402 -0.36639020808581657 0.9302901498543774 -0.627 -0.9997086177939993 -0.021665237556801276 0.010644105881595312 -1.1339 0.01625506092450224 -0.9302090264561182 -0.36667006980922423 1.8366 0.0 0.0 0.0 1.0 
0.01893172746358407 -0.3671975330465476 0.92995030051061 -0.6302 -0.9996555187880052 -0.023862318549146222 0.01092856395612174 -1.1341 0.018177828581229127 -0.9298368466983808 -0.3675227953067439 1.8376 0.0 0.0 0.0 1.0 
0.017789101613413988 -0.3674986881888919 0.9298538928472746 -0.6325 -0.9996591936091395 -0.024308852569251388 0.009517159213283943 -1.1347 0.019106137666002165 -0.929706294410342 -0.3678058749357843 1.8386 0.0 0.0 0.0 1.0 
0.01854142400405831 -0.36065552689782066 0.9325147754936418 -0.6343 -0.9996433312752895 -0.024616501625678217 0.010355582289516552 -1.1354 0.01922045349994883 -0.9323741838799315 -0.36098331734512046 1.8399 0.0 0.0 0.0 1.0 
0.020426007475774 -0.36167769131293126 0.9320794096133374 -0.637 -0.9995917370523416 -0.02601694784236347 0.011810065268671177 -1.1364 0.01997842424422308 -0.9319401086075842 -0.36206145408369833 1.8411 0.0 0.0 0.0 1.0 
0.018745976922874608 -0.35979511843809053 0.9328429991683098 -0.6396 -0.999605424695446 -0.026264947447125375 0.009957281508350069 -1.1377 0.020918491069956247 -0.9326615813271821 -0.36014551426838015 1.8424 0.0 0.0 0.0 1.0 
0.020753622144903866 -0.36403744185180203 0.9311530637321999 -0.6429 -0.9995637400750867 -0.027131367238604737 0.011671265521290608 -1.1391 0.021014678083926486 -0.930989060001115 -0.36444170104869883 1.8436 0.0 0.0 0.0 1.0 
0.018818601484698105 -0.3618864840800356 0.9320322059233523 -0.6453 -0.9996213656037891 -0.025526742204215414 0.010271847976649984 -1.1405 0.020074502897357127 -0.9318726082853974 -0.3622298389983828 1.8449 0.0 0.0 0.0 1.0 
0.018015266051951556 -0.35905328926729746 0.9331431753248866 -0.6481 -0.9996527733751697 -0.024418219410188208 0.00990369850953332 -1.1415 0.019229739270443247 -0.9329975809331825 -0.35936851712472034 1.8461 0.0 0.0 0.0 1.0 
0.020015443028967905 -0.36014862600498315 0.932680196652141 -0.6517 -0.9995982556668617 -0.025932697695098594 0.011437764555262853 -1.1431 0.020067618396838682 -0.9325344295933404 -0.3605229927687019 1.847 0.0 0.0 0.0 1.0 
0.020876863467777007 -0.36244613524010466 0.9317708707730992 -0.6552 -0.9996000957977975 -0.025347054003708347 0.012536958736742654 -1.1442 0.019073674338771107 -0.9316599840622354 -0.362830358493296 1.8478 0.0 0.0 0.0 1.0 
0.023173437387346008 -0.36373275270442323 0.9312150537924724 -0.6587 -0.9995654083007013 -0.02540611474320842 0.014950714441354263 -1.1455 0.018220491988602983 -0.931156814904835 -0.3641634244785924 1.8487 0.0 0.0 0.0 1.0 
0.024804530150904086 -0.36662171605959115 0.930039382283091 -0.6619 -0.9995194512171094 -0.026395527473755093 0.01625246959789789 -1.1467 0.018590371772539804 -0.9299955878620623 -0.36710026509722926 1.8494 0.0 0.0 0.0 1.0 
0.02497764561310281 -0.364172139313701 0.9309966542191805 -0.6653 -0.9995152087177914 -0.02641237021838591 0.01648436353872368 -1.1481 0.018586682368193774 -0.9309570557480775 -0.36465531065845536 1.8506 0.0 0.0 0.0 1.0 
0.02612439051225951 -0.3601010810445062 0.9325474398929747 -0.6679 -0.9994982109865596 -0.02612439051225951 0.017912075676215722 -1.1488 0.017912075676215722 -0.9325474398929747 -0.3606028700579469 1.8517 0.0 0.0 0.0 1.0 
0.025289380777563486 -0.3615932932460343 0.9319928848973982 -0.6718 -0.9994824845405831 -0.02768536715988923 0.016379363290592697 -1.1503 0.019879897295270177 -0.9319247881265471 -0.362106308918831 1.8529 0.0 0.0 0.0 1.0 
0.026808645566612166 -0.36053928002440006 0.9323586885326757 -0.6747 -0.999442209702011 -0.02824743792426604 0.017814368264861102 -1.1513 0.019913964669174278 -0.9323162069867723 -0.361095450263435 1.8539 0.0 0.0 0.0 1.0 
0.025575971679077047 -0.361305384827071 0.9320967163163024 -0.6769 -0.9994315041735516 -0.029730066540663846 0.015899421652379342 -1.1522 0.021966750739777163 -0.9319734663811251 -0.36186035956358453 1.8548 0.0 0.0 0.0 1.0 
0.026146079405010014 -0.3608822218049362 0.9322448200536593 -0.6793 -0.9993962662662854 -0.03078058101049863 0.016113932036102507 -1.1531 0.02287980561007702 -0.9321033085542552 -0.3614691365489674 1.8557 0.0 0.0 0.0 1.0 
0.027504780821815233 -0.36380058963902406 0.9310706836810201 -0.6823 -0.9993356230716758 -0.03228810270085675 0.01690535074833699 -1.1542 0.023912329286150114 -0.9309170797671923 -0.36444696610869654 1.8566 0.0 0.0 0.0 1.0 
0.02662367562781981 -0.365893677180043 0.9302757638978516 -0.6844 -0.9993462102846851 -0.03251342314946787 0.015812314971000496 -1.1549 0.024460823487836902 -0.9300885411157211 -0.3665200864884852 1.8571 0.0 0.0 0.0 1.0 
0.026869996920639544 -0.3652074217175399 0.9305383078562169 -0.6868 -0.9992914561054542 -0.03435536370868228 0.015371881442595048 -1.1559 0.026355056822664258 -0.9302920230265714 -0.365871784745699 1.8578 0.0 0.0 0.0 1.0 
0.025910132909123196 -0.3638056793232745 0.9311144358803392 -0.6888 -0.9993196281070993 -0.033882272262119095 0.014569574676165264 -1.1567 0.026247778811173628 -0.9308584314053809 -0.3644360503421598 1.8582 0.0 0.0 0.0 1.0 
0.026396699022202347 -0.36720220180913193 0.9297665068538752 -0.6916 -0.9993312985305789 -0.03323416504741003 0.015246181515021107 -1.1574 0.025301582122838173 -0.9295472194892132 -0.367833925409218 1.8584 0.0 0.0 0.0 1.0 
0.02846107952359811 -0.36905291797205286 0.9289725026547693 -0.6946 -0.999274909436675 -0.03401800065271554 0.017100614080132026 -1.1583 0.025290755676278087 -0.9287856153967424 -0.36975351020567443 1.8589 0.0 0.0 0.0 1.0 
0.026275585652330735 -0.36096002590694914 0.9322110561969759 -0.6964 -0.9993372064158417 -0.032987120684671745 0.015394730979004012 -1.159 0.025194076121343167 -0.9319976982622807 -0.3615875398326144 1.8595 0.0 0.0 0.0 1.0 
0.029023091483154656 -0.3600718722819448 0.9324730060179409 -0.6989 -0.9992861673358128 -0.033020718407809485 0.018351782669099814 -1.1596 0.024182967809228018 -0.9323400017950569 -0.3607732045492444 1.86 0.0 0.0 0.0 1.0 
0.03149159733321613 -0.3624021575270691 0.9314896432688494 -0.7021 -0.9992256944943769 -0.03340686042198229 0.02078444463960638 -1.1601 0.023585816916809277 -0.9314229210710202 -0.3631735829378221 1.8605 0.0 0.0 0.0 1.0 
0.03521059300769375 -0.35945534592618766 0.9324977578660075 -0.705 -0.9990880275224422 -0.03521059300769375 0.024152171773201947 -1.1607 0.024152171773201947 -0.9324977578660075 -0.3603673184037453 1.8613 0.0 0.0 0.0 1.0 
0.03761058042042628 -0.3562923408591692 0.9336172728080452 -0.7069 -0.999012351827149 -0.03552616427659608 0.026687310628475402 -1.1611 0.023659356230190998 -0.9336989126570114 -0.3572766090382733 1.8619 0.0 0.0 0.0 1.0 
0.04102165483797271 -0.3560272600192009 0.9335747500642757 -0.7092 -0.9988833036237281 -0.03653171003021094 0.029959637915302262 -1.1611 0.023438634262722358 -0.9337612244495321 -0.35712827686758364 1.8623 0.0 0.0 0.0 1.0 
0.04337703867169859 -0.35209276154974467 0.934959421461888 -0.7113 -0.998799025508698 -0.03662190215079833 0.03254754869006582 -1.1612 0.02278023614778424 -0.935248375324508 -0.3532584567903779 1.8628 0.0 0.0 0.0 1.0 
0.047412010890227924 -0.3516692436259507 0.9349229082180504 -0.7135 -0.9986665410686513 -0.03582883390442429 0.03716765275108658 -1.1608 0.020426477261659304 -0.9354384200729631 -0.35289902419541774 1.863 0.0 0.0 0.0 1.0 
0.04956356357487507 -0.3496484503108089 0.9355690323867123 -0.7155 -0.9985791209430235 -0.03570696020733616 0.03955694893960576 -1.1609 0.019575300314891353 -0.9362002852958344 -0.3509214063427598 1.8632 0.0 0.0 0.0 1.0 
0.054575507773383214 -0.34961430324201526 0.9353028134887 -0.7179 -0.998313713522733 -0.03766054465431273 0.04417479789191486 -1.161 0.01977987218685684 -0.9361364870279019 -0.35108009671773033 1.8638 0.0 0.0 0.0 1.0 
0.05552494573858968 -0.3487640644586645 0.9355643258178452 -0.7196 -0.99827800904337 -0.03714792209021178 0.0453987725030614 -1.1607 0.018920810266260857 -0.9364740568892724 -0.3502261322520295 1.8643 0.0 0.0 0.0 1.0 
0.06012153029814679 -0.34679038889831426 0.936013796779922 -0.7212 -0.9979596136719205 -0.04107459093164392 0.04888238393930128 -1.161 0.021494442872523167 -0.9370428507531308 -0.3485522697932776 1.8653 0.0 0.0 0.0 1.0 
0.0633179254987056 -0.34620143935898173 0.9360210487463997 -0.7232 -0.9977542783953007 -0.04249003433975998 0.05177834417668303 -1.161 0.02184582922238021 -0.937197503393802 -0.34811434813579767 1.8661 0.0 0.0 0.0 1.0 
0.06478763409641719 -0.34365132550663285 0.936859823530566 -0.725 -0.9977078824321857 -0.04068391190171439 0.054072179954737565 -1.1611 0.01953314621029445 -0.9382156392801753 -0.34549945066413557 1.8667 0.0 0.0 0.0 1.0 
0.06708462311032795 -0.34301081313753506 0.9369328873579326 -0.7265 -0.997547731273442 -0.0418385227701826 0.05610759167543794 -1.1609 0.01995437729807703 -0.9383992327805559 -0.3449763799791373 1.8674 0.0 0.0 0.0 1.0 
0.06893389425679114 -0.34052452646770265 0.9377052655800435 -0.7279 -0.997377702667533 -0.04429120945633053 0.057236413117256635 -1.1611 0.022041697852646203 -0.9391918524129359 -0.342684735459475 1.8685 0.0 0.0 0.0 1.0 
0.07240065148593056 -0.3418146303824252 0.9369743348251003 -0.7293 -0.997093768045062 -0.04713841983798539 0.05984970426725611 -1.1613 0.0237099850297931 -0.9385844276524643 -0.3442340900872299 1.8694 0.0 0.0 0.0 1.0 
0.0737190581214337 -0.34211649822264123 0.936761336794792 -0.7303 -0.9969836532686831 -0.048142469803983345 0.06087608492834029 -1.1615 0.024271291368994474 -0.9384234674415649 -0.3446335737710871 1.8699 0.0 0.0 0.0 1.0 
0.07355026052626448 -0.34220586687700466 0.9367419622561362 -0.7314 -0.9969778871319503 -0.04878418193084874 0.060458218326790936 -1.1618 0.025009033296604866 -0.938357740026849 -0.3447597714137682 1.8704 0.0 0.0 0.0 1.0 
0.07407093810885462 -0.342388710130538 0.9366341160254736 -0.7324 -0.9969519118074548 -0.048499897703718375 0.06111174573017408 -1.1621 0.024502687018668423 -0.9383057769713853 -0.3449375120670263 1.8706 0.0 0.0 0.0 1.0 
0.07493421380889564 -0.3434411639923732 0.9361800203360497 -0.7336 -0.9969234550406616 -0.04744445007723752 0.062391096693826975 -1.1624 0.02298887536685229 -0.9379750481928781 -0.34593976437659635 1.8708 0.0 0.0 0.0 1.0 
0.07314874413520916 -0.3436284528845078 0.9362525020525398 -0.7349 -0.99706502572949 -0.04646675074403911 0.06084550552294404 -1.1629 0.02259636471853327 -0.9379553973635903 -0.34601889667764685 1.871 0.0 0.0 0.0 1.0 
0.07231548977162924 -0.3417049638196395 0.937020910994044 -0.7358 -0.9970971089222522 -0.047214088689496975 0.059734288378674394 -1.1635 0.023829085546359208 -0.9386205556721199 -0.34412734147664725 1.8715 0.0 0.0 0.0 1.0 
0.07125906984620156 -0.34132940044477805 0.9372387024427995 -0.7368 -0.9972173064004393 -0.0450130552021174 0.05942616155216085 -1.1638 0.021904081357285055 -0.9388653073009884 -0.3435871737514571 1.8717 0.0 0.0 0.0 1.0 
0.06859396809563797 -0.34201946416297224 0.9371859760338754 -0.7381 -0.997433373899924 -0.04284344032825829 0.05736814666217688 -1.164 0.02053124865926731 -0.938715678869013 -0.3440804296585016 1.8718 0.0 0.0 0.0 1.0 
0.066919704043959 -0.3422694099589153 0.9372157724969448 -0.7393 -0.9975535817560902 -0.041981391555692776 0.05589646043036306 -1.1643 0.02021397378707307 -0.938663525321733 -0.3442414581283201 1.8721 0.0 0.0 0.0 1.0 
0.06517470834362646 -0.34410392931721684 0.9366668261557971 -0.7409 -0.9976743084958757 -0.04124177937273568 0.054268681589349776 -1.1648 0.019955740016317836 -0.9380253735707909 -0.34599157067445846 1.8723 0.0 0.0 0.0 1.0 
0.06345793271257144 -0.34393124130670205 0.9368481157738848 -0.7424 -0.997826921751204 -0.03854782983064181 0.053436869704961754 -1.1648 0.01773485281483711 -0.9382032647931787 -0.34563001739874555 1.8726 0.0 0.0 0.0 1.0 
0.06317486214363585 -0.3392257322145814 0.938581290776997 -0.7435 -0.997865762768546 -0.03703644144318477 0.05377937801400634 -1.1647 0.01651836213068497 -0.9399756404336799 -0.34084151610948576 1.8732 0.0 0.0 0.0 1.0 
0.06031275124396207 -0.33890843672499266 0.9388841481002892 -0.7451 -0.9980443897017033 -0.03595212468864717 0.051135515205451065 -1.165 0.016424622441289283 -0.9401321801996747 -0.34041403544899185 1.8737 0.0 0.0 0.0 1.0 
0.05915677070704292 -0.3363609072759507 0.939873298129069 -0.7471 -0.9981139694018369 -0.035398887366251214 0.050153991447745294 -1.1649 0.01640062695214406 -0.9410676165025182 -0.337820604176012 1.8748 0.0 0.0 0.0 1.0 
0.056035410137404124 -0.33521662470370106 0.9404732039420318 -0.7487 -0.9982592966194456 -0.03616572376108759 0.04658773591500387 -1.1655 0.01839591051245759 -0.9414466819459796 -0.3366596731557301 1.8758 0.0 0.0 0.0 1.0 
0.056416495391871546 -0.33148754314638723 0.9417713033356192 -0.75 -0.998223721131418 -0.036816783779170414 0.04683937449094089 -1.1655 0.019146321271819478 -0.9427409682255936 -0.33297580274071936 1.8771 0.0 0.0 0.0 1.0 
0.05456292695472942 -0.32995839475721545 0.9424172880053585 -0.752 -0.9983036308739183 -0.03723012241177215 0.04476358530274743 -1.1656 0.02031619024533754 -0.9432610326492059 -0.33143004797312703 1.8783 0.0 0.0 0.0 1.0 
0.05282092009751102 -0.3281909100505031 0.9431334353951593 -0.7539 -0.998396468941505 -0.036609840627443796 0.04317650257220512 -1.1656 0.02035782908826045 -0.9439017142316544 -0.32959841119968614 1.8791 0.0 0.0 0.0 1.0 
0.050096608542481824 -0.32413588437029506 0.9446831523193521 -0.7552 -0.9985519668122513 -0.0348211333529071 0.041005588002169524 -1.1656 0.019603555491949587 -0.9453694606530856 -0.32541094553897265 1.8802 0.0 0.0 0.0 1.0 
0.05037848897933683 -0.322620429120713 0.9451867892443937 -0.7573 -0.9985496932563437 -0.034263071811044266 0.041527725771263235 -1.1655 0.018987310125998802 -0.9459080825450421 -0.32387865232234875 1.8815 0.0 0.0 0.0 1.0 
0.04933902311540228 -0.3219949019576666 0.9454548872956821 -0.7587 -0.9986150570010779 -0.03321498038593296 0.04080113979653743 -1.1654 0.01826550652876341 -0.9461585745482811 -0.3231877520575508 1.8821 0.0 0.0 0.0 1.0 
0.04823748766247213 -0.3237748115699153 0.9449037073569341 -0.7604 -0.9987015739125007 -0.031147995923669486 0.04031089945204419 -1.1654 0.016380202950714517 -0.9456213162481082 -0.32485691497717656 1.8827 0.0 0.0 0.0 1.0 
0.04727908093412006 -0.3232525828746326 0.94513092012213 -0.7624 -0.9987790080825856 -0.02886715678935156 0.040089652935209996 -1.1653 0.014324158599775427 -0.9458723248535068 -0.3242227067258411 1.8834 0.0 0.0 0.0 1.0 
0.046026451925932466 -0.32013663796968234 0.9462526611601038 -0.7638 -0.9988463431060524 -0.027735286974477358 0.039201233655452195 -1.1653 0.013694837960917972 -0.9469653039504202 -0.3210438669828661 1.8843 0.0 0.0 0.0 1.0 
0.04473089795404395 -0.3180541712981178 0.9470167321056646 -0.7656 -0.9989098922676591 -0.026906124491807182 0.038145610424329124 -1.1653 0.01334817957768858 -0.9476906692506255 -0.3189109930956643 1.885 0.0 0.0 0.0 1.0 
0.04404989832609893 -0.31626048016077846 0.9476491519259298 -0.7677 -0.9989668881787059 -0.024549466508854506 0.03824238508099542 -1.1654 0.01116972604914096 -0.9483546975592013 -0.31701514922379126 1.8858 0.0 0.0 0.0 1.0 
0.041290156348220586 -0.3181648622082576 0.9471358104542031 -0.7695 -0.9991005289174746 -0.022309710629971502 0.036061196991086564 -1.1655 0.009656920086782983 -0.9477728616433411 -0.3187998535552206 1.8859 0.0 0.0 0.0 1.0 
0.03981838408928115 -0.31654781460159775 0.9477404588596346 -0.7709 -0.9991565698582371 -0.02213681894995914 0.03458482551493319 -1.1656 0.010032208014197241 -0.9483182178560787 -0.317162280992918 1.8862 0.0 0.0 0.0 1.0 
0.0400407832422677 -0.3163117267822792 0.9478099108879154 -0.7723 -0.9991637335168144 -0.02053619262731385 0.035356730860103325 -1.1655 0.008280658312335876 -0.9484330004235335 -0.3168694911245444 1.8861 0.0 0.0 0.0 1.0 
0.03822397989976639 -0.32172423751070933 0.9460615425852459 -0.7734 -0.9992457172393251 -0.018796388794783014 0.03398076436959757 -1.1655 0.006850105071384616 -0.9466468247273785 -0.32220003925214374 1.8857 0.0 0.0 0.0 1.0 
0.03713865393056229 -0.3209917672516919 0.9463535310553144 -0.7744 -0.9992964866350161 -0.016876401059455953 0.03349207199015458 -1.1656 0.005220362357081232 -0.946931609169277 -0.321392712071921 1.8854 0.0 0.0 0.0 1.0 
0.036976606437546994 -0.32045077493643276 0.9465432010315232 -0.7754 -0.9993071149070383 -0.01588083352464595 0.03366139068330565 -1.1657 0.004245076269563719 -0.9471320393531212 -0.32081595870259233 1.8852 0.0 0.0 0.0 1.0 
0.033946742213053965 -0.32616696098408376 0.9447024569966607 -0.777 -0.9994209655705373 -0.013266749724170829 0.03133252191909974 -1.1656 0.002313497606463988 -0.9452190787929342 -0.3264284620168124 1.8849 0.0 0.0 0.0 1.0 
0.03832628442379493 -0.3185526127084046 0.9471300485460881 -0.7767 -0.9992642598796979 -0.013570953312841527 0.0358715507506987 -1.1656 0.001426481456471007 -0.9478080302270231 -0.31883836498737805 1.8849 0.0 0.0 0.0 1.0 
0.03449925462953024 -0.32193558509989456 0.9461328027694611 -0.7789 -0.9994025296627491 -0.013096758985661816 0.03198528736419293 -1.1658 0.00209407108412063 -0.946670985057882 -0.3221950665603596 1.8856 0.0 0.0 0.0 1.0 
0.03420284207884272 -0.3209833177981244 0.9464670492357559 -0.7801 -0.9994137061332914 -0.012455862345203683 0.03189193450007677 -1.1656 0.0015522843327165914 -0.9470029362090417 -0.3212211531403321 1.8862 0.0 0.0 0.0 1.0 
0.035781510246683884 -0.3219336876919251 0.9460858228794811 -0.7816 -0.9993588251171485 -0.012733172604136506 0.03346348720480585 -1.1657 0.001273650242176294 -0.9466765905231372 -0.3221828840434411 1.8866 0.0 0.0 0.0 1.0 
0.03588190697650659 -0.3202307059105765 0.9466598035956442 -0.783 -0.9993558045607223 -0.012144009566937758 0.03377127362759563 -1.1656 0.0006816469182367446 -0.9472617473664036 -0.3204601649719149 1.8871 0.0 0.0 0.0 1.0 
0.03596756154866018 -0.3205481161794123 0.9465491216677946 -0.7845 -0.9993527431061191 -0.010915759495259608 0.03427741298460141 -1.1653 -0.0006552575971428554 -0.9471693361846507 -0.3207332524528907 1.8876 0.0 0.0 0.0 1.0 
0.03662651824627636 -0.3195912187015868 0.9468473747600452 -0.7861 -0.9993278128705274 -0.0102382532158998 0.03520086070673806 -1.1649 -0.001555822793007866 -0.9475002011081166 -0.3197513851659053 1.888 0.0 0.0 0.0 1.0 
0.03628202526478877 -0.31737163083612724 0.947606913536991 -0.7872 -0.9993400399259798 -0.009852024694331968 0.03496315503732145 -1.1649 -0.0017604668206848695 -0.9482500648825918 -0.3175196296400177 1.8883 0.0 0.0 0.0 1.0 
0.034903665634047926 -0.31585423528537293 0.9481655109618778 -0.7882 -0.9993895448294446 -0.009600311314636872 0.03359124451784107 -1.1647 -0.0015072527664309332 -0.9487591559900512 -0.31599650649041 1.8887 0.0 0.0 0.0 1.0 
0.03597498658060985 -0.3148022839835194 0.948475261848871 -0.7896 -0.9993511369544255 -0.009658740760862122 0.03469890192515385 -1.1643 -0.0017622169054694603 -0.9491081238329351 -0.3149454934840378 1.8889 0.0 0.0 0.0 1.0 
0.037126348871170556 -0.31401704445252504 0.9486911668255359 -0.7912 -0.9993082973479024 -0.009637438293047806 0.03591721919614271 -1.1638 -0.0021356664374856393 -0.9493684298397795 -0.3141576409263655 1.8892 0.0 0.0 0.0 1.0 
0.03681670977989085 -0.3121948686865055 0.949304426328456 -0.7924 -0.999319719612362 -0.00945679637546723 0.035646416316137464 -1.1634 -0.0021512496028431305 -0.9499710169095312 -0.3123306567678198 1.8896 0.0 0.0 0.0 1.0 
0.036572939975291374 -0.3096129192432087 0.9501590710503489 -0.7937 -0.9993294396936978 -0.009658276675214517 0.03531838973035406 -1.1629 -0.0017581305537151537 -0.9508136294402617 -0.3097585366823532 1.89 0.0 0.0 0.0 1.0 
0.038049794044092866 -0.3072764206673279 0.9508593031963652 -0.795 -0.9992749475207015 -0.010425394590060477 0.03661817042317517 -1.1626 -0.0013388169035674635 -0.9515631941439922 -0.30745031325367345 1.8905 0.0 0.0 0.0 1.0 
0.039360760686989515 -0.30552851762105454 0.9513690427160337 -0.7963 -0.9992248199397578 -0.01136834742628584 0.03768978499744746 -1.1622 -0.000699810331517503 -0.9521150590118171 -0.3057391448088118 1.8913 0.0 0.0 0.0 1.0 
0.04003818039647253 -0.30118592155886753 0.9527245062268919 -0.7974 -0.9991978176287 -0.01129023006999244 0.038422024296097645 -1.1618 -0.0008156939271558028 -0.953498595363256 -0.3013963557903693 1.8921 0.0 0.0 0.0 1.0 
0.04127385679915399 -0.2969963950565598 0.9539861686986508 -0.7983 -0.9991471269416261 -0.011103147407539898 0.039771080472382425 -1.1613 -0.0012196184719865388 -0.9548140454774712 -0.29720136454890056 1.8931 0.0 0.0 0.0 1.0 
0.04257122389073681 -0.2958646200224157 0.9542807854690548 -0.7992 -0.9990914369290567 -0.010696716154900587 0.04125385943804499 -1.161 -0.001997886752857281 -0.955169988474561 -0.29605118065299063 1.8939 0.0 0.0 0.0 1.0 
0.042749467836438876 -0.2938922523748853 0.9548821010961079 -0.8004 -0.9990855283928255 -0.011840455501571173 0.04108418880231035 -1.1606 -0.0007680857568307942 -0.9557652157342471 -0.29412966942615315 1.895 0.0 0.0 0.0 1.0 
0.04269242751636407 -0.2888700520423434 0.9564159396757321 -0.8015 -0.9990877096755427 -0.011336597114294994 0.04117317016148325 -1.1601 -0.0010511936255023224 -0.9573011932505473 -0.28909050553942406 1.8963 0.0 0.0 0.0 1.0 
0.04244353520237354 -0.28724208059284423 0.9569172030307631 -0.8023 -0.9990986393086685 -0.011555743473065205 0.040845730797133495 -1.1598 -0.00067472297431731 -0.9577883126920471 -0.28747363847739005 1.897 0.0 0.0 0.0 1.0 
0.043752228762358375 -0.2868707415527218 0.956969654753649 -0.8035 -0.9990402685048299 -0.014547844751926192 0.041314671956479365 -1.1597 0.0020698753884977328 -0.9578588298147415 -0.28723192329859637 1.8978 0.0 0.0 0.0 1.0 
0.04415140229087128 -0.28503676440695075 0.9574991888310747 -0.8042 -0.9990210366458332 -0.015245635292110482 0.041527568477154 -1.1593 0.002760799672994141 -0.9583953325955611 -0.28543084003696795 1.8986 0.0 0.0 0.0 1.0 
0.04361438369527851 -0.2859821752931801 0.9572418612604977 -0.8047 -0.9990432468101536 -0.015574156362072683 0.04086608198293962 -1.159 0.0032212634024020304 -0.9581083660360088 -0.28638781816603476 1.899 0.0 0.0 0.0 1.0 
0.043673339766383684 -0.28490156836904085 0.9575613482876754 -0.805 -0.9990364024967853 -0.016625887079525142 0.040618300864269596 -1.1587 0.004348089227632745 -0.9584125814176687 -0.28535314594444006 1.8998 0.0 0.0 0.0 1.0 
0.04346849980917142 -0.28168930702595235 0.958520539076539 -0.8052 -0.9990414912611543 -0.017207886414179502 0.040249066869257444 -1.1583 0.0051563808072448425 -0.9593513553189965 -0.2821673063708396 1.9006 0.0 0.0 0.0 1.0 
0.042022821331024 -0.2809558579426489 0.9588002338209409 -0.805 -0.9991102968601379 -0.01523946992040312 0.03932395280986467 -1.1581 0.0035633124235979197 -0.9595996896853685 -0.2813462961553192 1.9011 0.0 0.0 0.0 1.0 
0.04166022791080726 -0.2820940967056279 0.958481792218431 -0.8052 -0.9991182691976249 -0.016761345252824134 0.03849339502898935 -1.158 0.005206684738083112 -0.9592403129086848 -0.28254364711471874 1.9012 0.0 0.0 0.0 1.0 
0.04163333120161056 -0.2818803157343512 0.9585458535378262 -0.8049 -0.9991122865199784 -0.017916703896818265 0.03812650844614862 -1.1579 0.006426869990711348 -0.9592822730161213 -0.28237601884569846 1.9014 0.0 0.0 0.0 1.0 
0.04034000617938882 -0.2839991855341864 0.9579755458869322 -0.8043 -0.9991602458688424 -0.018350669129982733 0.03663408273447566 -1.1577 0.007175442617802563 -0.9586489010886107 -0.2845009621509881 1.9013 0.0 0.0 0.0 1.0 
0.037968063173427546 -0.28471811466737384 0.9578590822031782 -0.8031 -0.9992558152260205 -0.01734072520876223 0.03445453506021273 -1.1572 0.006800140869117843 -0.9584544300223619 -0.2851646255317615 1.901 0.0 0.0 0.0 1.0 
0.03804637797578464 -0.2883686575328174 0.9567632886329012 -0.8022 -0.9992395092466607 -0.01915843090021291 0.03396112021023984 -1.1574 0.00853676070979642 -0.9573277766147614 -0.28887826473866324 1.9006 0.0 0.0 0.0 1.0 
0.03838707727327542 -0.2943269293511806 0.9549335531633186 -0.8009 -0.9992207922114498 -0.02008378328508595 0.03397719913825398 -1.1571 0.009178273843073348 -0.9554937468699953 -0.29486854525635436 1.9 0.0 0.0 0.0 1.0 
0.03932004812808251 -0.2981902606536445 0.9536962316516284 -0.7996 -0.9991788976475405 -0.021065966582556356 0.03460860511185171 -1.1568 0.009770583966721036 -0.9542739614509315 -0.2987737307490319 1.8993 0.0 0.0 0.0 1.0 
0.0383160976674235 -0.3025632555714452 0.9523588362784003 -0.7981 -0.9992257663967095 -0.020118142705423336 0.03381017750608223 -1.1565 0.008929973597331109 -0.9529169621284388 -0.3030998496526489 1.8986 0.0 0.0 0.0 1.0 
0.036508149702217746 -0.3046230767099804 0.9517730486523905 -0.7969 -0.9992991953157275 -0.019003033980036527 0.03224907658976939 -1.1559 0.008262762652993028 -0.9522833957574284 -0.3051033610402242 1.8984 0.0 0.0 0.0 1.0 
0.039791049024874736 -0.3074230849665448 0.9507406161762271 -0.7961 -0.9991607994592092 -0.0214923094316104 0.03486800050661609 -1.156 0.009714383229700474 -0.9513301884545386 -0.30802029688564037 1.8983 0.0 0.0 0.0 1.0 
0.04181367048462126 -0.31086020059655284 0.9495354404368878 -0.7951 -0.9990800343331723 -0.02206797666529825 0.03677076831842313 -1.1556 0.009523757526880505 -0.9501994212221825 -0.3114969629893658 1.8979 0.0 0.0 0.0 1.0 
0.04228528885538438 -0.3111274480731054 0.949427019523846 -0.7944 -0.9990498115977822 -0.023207222499832675 0.03689036148208352 -1.1554 0.010555960063027836 -0.9500848045723918 -0.3118131424872714 1.898 0.0 0.0 0.0 1.0 
0.04283095533564821 -0.31031807159087266 0.949667417419992 -0.7936 -0.9990161792139454 -0.024241019004480363 0.03713551758619282 -1.155 0.011497083708737477 -0.950323664569996 -0.31105104022402463 1.898 0.0 0.0 0.0 1.0 
0.042014886704103305 -0.31389951854733933 0.9485261417330519 -0.7927 -0.9990466307713858 -0.02446535682465406 0.03615626999269356 -1.1547 0.011856594771837425 -0.9491409476843735 -0.3146281656006429 1.8977 0.0 0.0 0.0 1.0 
0.04069269332948294 -0.31628936343306474 0.9477896091900875 -0.7919 -0.9990880167115772 -0.025157509728163274 0.034499776341360644 -1.1544 0.012932114015859586 -0.9483291297241605 -0.31702463964760963 1.8975 0.0 0.0 0.0 1.0 
0.03980971930902044 -0.3152333154091175 0.948178856073427 -0.791 -0.9991033092038427 -0.026246756010942285 0.033221759989990274 -1.1541 0.014414013544723048 -0.9486511817602283 -0.31599552458611596 1.8976 0.0 0.0 0.0 1.0 
0.039503510120823454 -0.31609813908692824 0.9479037077435211 -0.79 -0.999116453705547 -0.026114569346104427 0.032929336505901574 -1.1536 0.014345195118414977 -0.9483670153129791 -0.3168504689019193 1.8975 0.0 0.0 0.0 1.0 
0.03842605234623381 -0.3192810911483095 0.9468806806225534 -0.7892 -0.9991582774061523 -0.025892689328886165 0.03181674606380497 -1.1535 0.014358801894843676 -0.9473062617097299 -0.32000729887563817 1.8973 0.0 0.0 0.0 1.0 
0.036174579141875995 -0.32142395772971255 0.9462441752641207 -0.7882 -0.9992283586872669 -0.026130041711752205 0.029324189934126 -1.1534 0.015299902583309488 -0.9465748043960973 -0.3221211769869084 1.8973 0.0 0.0 0.0 1.0 
0.03484987887019622 -0.3224727377319581 0.9459370060222764 -0.7873 -0.9992577787759167 -0.026787731439652046 0.027682286757742425 -1.1534 0.016412723678702945 -0.9461996358401183 -0.3231669408177044 1.8973 0.0 0.0 0.0 1.0 
0.03443074571946389 -0.32326062182371723 0.9456834005772468 -0.7864 -0.9992746839684075 -0.026537342425219795 0.027310720181747294 -1.1534 0.016267443838559548 -0.9459378097079904 -0.32393985620143906 1.8972 0.0 0.0 0.0 1.0 
0.033794221583105494 -0.32576490428194443 0.9448466424376856 -0.7853 -0.9993018990188718 -0.026079520230853165 0.026750200780658262 -1.1534 0.015926870529673398 -0.9450910462821581 -0.3264188245681105 1.8969 0.0 0.0 0.0 1.0 
0.0281182252344985 -0.3330860128565516 0.9424770943895597 -0.7844 -0.9994237566556106 -0.027301934662654598 0.020168267056515476 -1.1541 0.019013680391991417 -0.9425010941123628 -0.33366175620671595 1.8965 0.0 0.0 0.0 1.0 
0.026411033955786534 -0.33292228739708235 0.9425843239942413 -0.7833 -0.999456728937381 -0.027390751939452784 0.018330130659165722 -1.1541 0.019715584373206196 -0.9425563629101901 -0.333464838431786 1.8963 0.0 0.0 0.0 1.0 
0.028953674506776744 -0.33213900858863254 0.942785958585678 -0.7814 -0.9994386481372787 -0.0255228053581589 0.02170195880971093 -1.1533 0.016854475431898774 -0.9428850753832143 -0.3326915407363189 1.8956 0.0 0.0 0.0 1.0 
0.02847680674118047 -0.33569613517722374 0.9415397900805362 -0.7799 -0.999453479527343 -0.02538083076592046 0.021179133370335945 -1.1532 0.016787308852589555 -0.941628333397369 -0.33623543537940936 1.895 0.0 0.0 0.0 1.0 
0.026748355135931517 -0.33732322239600254 0.9410088039598243 -0.7789 -0.999461724943296 -0.026911102711831197 0.0187630734210677 -1.1533 0.018994364187652935 -0.9410041637438222 -0.3378614774517754 1.8948 0.0 0.0 0.0 1.0 
0.026179475450121864 -0.33837444404043526 0.9406473147176271 -0.7775 -0.9994847166230416 -0.026342090204170027 0.01834108831649084 -1.1531 0.018572460852413042 -0.9406427748640828 -0.3388897074180387 1.8942 0.0 0.0 0.0 1.0 
0.02946506820699471 -0.33623782742178326 0.9413160644365081 -0.7753 -0.9994278445022546 -0.02555625223470112 0.022155396753240353 -1.1522 0.016607028305338445 -0.9414302955516118 -0.3367984638154845 1.8936 0.0 0.0 0.0 1.0 
0.0290044431879736 -0.3353057477737605 0.9416627834767788 -0.7741 -0.9994258472812974 -0.026233528762611064 0.02144242884381653 -1.1522 0.01751336807745696 -0.9417440509387571 -0.3358741199616947 1.8932 0.0 0.0 0.0 1.0 
0.028357825300286493 -0.3360474484940925 0.9414180506580744 -0.7725 -0.9994280049046664 -0.02689178913150117 0.020505967170189432 -1.1522 0.01842543775644001 -0.9414610687850651 -0.33661782365995785 1.8927 0.0 0.0 0.0 1.0 
0.02812268086173461 -0.33912049976925857 0.9403224986446921 -0.7706 -0.9994420368084505 -0.026497471565537417 0.0203346763143486 -1.1521 0.01802026307590482 -0.9403696989146777 -0.33967646294936793 1.8918 0.0 0.0 0.0 1.0 
0.028343331162499624 -0.3389452396067842 0.9403790619354051 -0.7685 -0.9994541947510491 -0.025580023331879392 0.020903947016589042 -1.1518 0.016969625014853218 -0.9404582856002919 -0.33948526458833983 1.8913 0.0 0.0 0.0 1.0 
0.029816530939745234 -0.3376847591885648 0.9407868929223451 -0.7649 -0.9994334505034261 -0.024773013464642668 0.02278323547470812 -1.1509 0.015612574980911398 -0.9409332076272159 -0.3382320893806853 1.8905 0.0 0.0 0.0 1.0 
0.03047273683721008 -0.33970628400613456 0.940037793344711 -0.7634 -0.9994205487185616 -0.024624379257564333 0.023499079668550638 -1.1507 0.015165062107996563 -0.9402091685114133 -0.34025981299345 1.8901 0.0 0.0 0.0 1.0 
0.030183335779549014 -0.33845603281257863 0.9404979957947757 -0.7617 -0.9994267384946417 -0.024654824822334165 0.023202025664655068 -1.1504 0.015334947772401741 -0.9406591590293218 -0.3390061738539093 1.8899 0.0 0.0 0.0 1.0 
0.03025859299617714 -0.33760586377235663 0.9408010939068961 -0.7596 -0.9994260165035305 -0.0245636614342635 0.02332946790707785 -1.1501 0.015233354383595299 -0.9409670064797508 -0.33815534541207526 1.8896 0.0 0.0 0.0 1.0 
0.028020575313089963 -0.3369694241846374 0.9410985360331815 -0.7572 -0.9995161764990131 -0.02216009629152596 0.02182528462916078 -1.1497 0.013500380584155258 -0.9412547674763854 -0.3374273291051848 1.8892 0.0 0.0 0.0 1.0 
0.028568484723448778 -0.33951134763400825 0.9401680097239777 -0.7553 -0.9994652676135803 -0.024669166084263366 0.021461851709977553 -1.1493 0.015906618582216425 -0.9402784040232162 -0.3400345606152898 1.8888 0.0 0.0 0.0 1.0 
0.025684961197013245 -0.3397337780984448 0.9401708582950572 -0.7529 -0.9995286456699568 -0.024547803126641732 0.018436155966946033 -1.1493 0.01681574421457005 -0.9402012366406526 -0.3402041524818559 1.8883 0.0 0.0 0.0 1.0 
0.02833551230193454 -0.34057821767238805 0.9397891127214055 -0.7505 -0.9994665609649135 -0.024926186732343814 0.02110162856164255 -1.1487 0.016238603867208434 -0.9398857179796297 -0.3411028362273759 1.8877 0.0 0.0 0.0 1.0 
0.02627696750329575 -0.3462004097588006 0.9377925129055305 -0.7484 -0.9995024954521742 -0.02546872509864953 0.01860391428506808 -1.1482 0.01744369696215453 -0.9378148113165456 -0.3466974143422541 1.8871 0.0 0.0 0.0 1.0 
0.02375707401971347 -0.34539351540480306 0.938157194157959 -0.7455 -0.9995628218291401 -0.024727652159818897 0.01620828293280807 -1.1477 0.017600188947531403 -0.9381321136892049 -0.345829973562206 1.8866 0.0 0.0 0.0 1.0 
0.02451119490805076 -0.3466291286565712 0.9376819548711415 -0.7432 -0.9995418457025691 -0.025157643301177535 0.01682829976652045 -1.1472 0.01775668926575852 -0.9376648335894424 -0.34708696293004493 1.8862 0.0 0.0 0.0 1.0 
0.02405118484572477 -0.3492788056453343 0.9367101240162217 -0.741 -0.9995410525017298 -0.025663940914249506 0.016094921574336285 -1.1466 0.0184180582920922 -0.9366673251820619 -0.34973575319808303 1.8858 0.0 0.0 0.0 1.0 
0.02428225357301836 -0.3454796838820468 0.9381120189967598 -0.7382 -0.9995278612374077 -0.026061539652405458 0.016274236114785012 -1.1459 0.01882622563312447 -0.9380642750769839 -0.34594940244594097 1.8855 0.0 0.0 0.0 1.0 
0.023459535471357235 -0.34910323217622025 0.9367905761052383 -0.7361 -0.9995530936092387 -0.025556465457455962 0.015507421756131068 -1.1453 0.01852736494131857 -0.9367357153207291 -0.34954675851864686 1.8849 0.0 0.0 0.0 1.0 
0.02235764815452823 -0.3490117665069606 0.9368516010600024 -0.7333 -0.9995765331424642 -0.02526124947271624 0.014443810645748123 -1.1446 0.018624982144725744 -0.936777805092952 -0.3494287537186094 1.8841 0.0 0.0 0.0 1.0 
0.024493824054184682 -0.35146695182583754 0.9358798183300339 -0.7307 -0.9995189289050326 -0.02642590877609982 0.016235211914042313 -1.1438 0.019025334260907356 -0.9358272560251768 -0.35194514279451145 1.8834 0.0 0.0 0.0 1.0 
0.023959509295062964 -0.353381252825296 0.9351725146014314 -0.7284 -0.9995265108850644 -0.02653188179875554 0.01558246726762108 -1.143 0.019305334813709107 -0.935103068864519 -0.35384962151723365 1.8827 0.0 0.0 0.0 1.0 
0.023185908433086183 -0.3555535014034621 0.9343683006662152 -0.7258 -0.9995324759612707 -0.026877282409578568 0.014575362397127867 -1.1422 0.019930959557040717 -0.934269404042546 -0.35601044580338026 1.882 0.0 0.0 0.0 1.0 
0.021732202103105336 -0.35329297065416 0.9352602783600448 -0.7227 -0.9995425353247108 -0.027359559614699158 0.012890871744709154 -1.1411 0.021034054968041727 -0.9351125768505353 -0.35372593507905636 1.8814 0.0 0.0 0.0 1.0 
0.021939732211244706 -0.3557378293673619 0.9343282318904294 -0.7206 -0.9995174775595466 -0.02835843257960799 0.012673253513946492 -1.1403 0.021987728475215518 -0.9341554453401344 -0.35618835429850126 1.8809 0.0 0.0 0.0 1.0 
0.021470004449710672 -0.35669201501902376 0.9339752916060458 -0.718 -0.9995123116997395 -0.028846085004474636 0.011960022598531017 -1.1394 0.022675486093403863 -0.9337765845220062 -0.3571373860699054 1.8802 0.0 0.0 0.0 1.0 
0.01993703964335078 -0.3564272399878567 0.9341103452188603 -0.7155 -0.9995445122738158 -0.028277065605541246 0.010543981413085102 -1.1383 0.02265573732101933 -0.9338950851971429 -0.3568286527327399 1.8796 0.0 0.0 0.0 1.0 
0.02042602690108314 -0.35701030670825284 0.9338770895193413 -0.7133 -0.9995503509487598 -0.02780073134045674 0.011234556295086129 -1.1375 0.021951613682095028 -0.9336866499211689 -0.3574176358487884 1.8791 0.0 0.0 0.0 1.0 
0.019024891592259452 -0.35494272046240644 0.9346944520487157 -0.7102 -0.9995719041136817 -0.027535748616543565 0.009888935972869606 -1.1365 0.02222750562820247 -0.9344824491336756 -0.3553146355762392 1.8785 0.0 0.0 0.0 1.0 
0.019642069559016123 -0.3572899508896259 0.9337869564824341 -0.7081 -0.9994984720959201 -0.030220716278488463 0.009461109107079424 -1.1358 0.024839351468179116 -0.9335044720304791 -0.3577043574206728 1.8782 0.0 0.0 0.0 1.0 
0.01878589311574183 -0.3563643155072901 0.9341582118960708 -0.7058 -0.9995453890347835 -0.02873093299010368 0.00914050046887116 -1.1348 0.023581888795157768 -0.9339052457945285 -0.3567420446181161 1.8773 0.0 0.0 0.0 1.0 
0.017279917130346267 -0.35884219193482025 0.9332382791931451 -0.703 -0.999561520880376 -0.02864647585481983 0.007493023182236103 -1.1338 0.024045174968768013 -0.9329585525137295 -0.35917985585526435 1.8763 0.0 0.0 0.0 1.0 
0.01816222187652508 -0.35721547923143776 0.9338454021378284 -0.6999 -0.9995470881572359 -0.02890189132317697 0.008384463866843606 -1.1327 0.023994838046942746 -0.9335747329889545 -0.35757861467333785 1.8753 0.0 0.0 0.0 1.0 
0.014715116903546127 -0.36240791745695333 0.9319034106059643 -0.698 -0.9996369503231138 -0.026370286530445125 0.005529515078731617 -1.1318 0.02257061991214837 -0.9316464508346585 -0.36266438722869526 1.8742 0.0 0.0 0.0 1.0 
0.014052774785564881 -0.36563695622346576 0.9306514577243543 -0.6949 -0.9996577206003929 -0.025678394740114796 0.0050061649590712465 -1.1308 0.022067196578921866 -0.9304032654108703 -0.36587265892375315 1.8728 0.0 0.0 0.0 1.0 
0.015545099809613272 -0.36468021884291535 0.9310030546977774 -0.6911 -0.9995755016708653 -0.02861410771616346 0.0054817240942880985 -1.1301 0.024640745348858017 -0.9306930594048133 -0.3649702218597589 1.8719 0.0 0.0 0.0 1.0 
0.01584530329656403 -0.3661780179551124 0.9304099018872841 -0.6881 -0.9995872623602264 -0.02810239017524213 0.0059632703801347775 -1.1292 0.023963123557417032 -0.9301203765281697 -0.3664721733999297 1.871 0.0 0.0 0.0 1.0 
0.01599341637267787 -0.3682585282728922 0.9295858577813096 -0.6847 -0.9995955483215254 -0.027753545177212458 0.006203265743552788 -1.1283 0.023514897586824957 -0.929309096632751 -0.36855345949685664 1.87 0.0 0.0 0.0 1.0 
0.015287808501692646 -0.36790835429630686 0.9297363743288733 -0.6813 -0.999617595518588 -0.027051909270659036 0.005732096863174108 -1.1274 0.023042257720378767 -0.9294684701719554 -0.36818122890141014 1.8692 0.0 0.0 0.0 1.0 
0.012316981477750844 -0.3683243731967034 0.9296157529197384 -0.6779 -0.9996735359130746 -0.02534898380865136 0.0032016581515492692 -1.1263 0.02238556593717017 -0.9293517015259208 -0.3685163514805663 1.8684 0.0 0.0 0.0 1.0 
0.013878081107670553 -0.36782513080990364 0.9297914131725706 -0.6747 -0.9996482908485278 -0.02611985963874794 0.004587759373498923 -1.1253 0.022598528013698993 -0.9295280663202856 -0.3680582568758438 1.8677 0.0 0.0 0.0 1.0 
0.012357901255590109 -0.36897631463926117 0.9293566384934182 -0.6716 -0.9996570794101766 -0.0260181647512433 0.0029628850961623265 -1.1244 0.023086919709501885 -0.9290745580082398 -0.3691713149746617 1.8666 0.0 0.0 0.0 1.0 
0.012319944645777625 -0.36926642604700577 0.9292419090626488 -0.6687 -0.9996502959593827 -0.026294905740465502 0.00280423258993856 -1.1233 0.02339881946260136 -0.9289514974026206 -0.3694612438689414 1.8657 0.0 0.0 0.0 1.0 
0.010824266396670307 -0.37173349865425265 0.9282763819225622 -0.665 -0.9996800437037281 -0.02524714866462277 0.0015465137628156156 -1.1219 0.022861440844488712 -0.9279961139264405 -0.37188784204372527 1.8645 0.0 0.0 0.0 1.0 
0.012800539326718291 -0.3732284054031834 0.9276511756005821 -0.6626 -0.9996420602318237 -0.026573015177584175 0.0031026246706273297 -1.1208 0.02349250111035528 -0.9273588476229515 -0.3734349610400868 1.8635 0.0 0.0 0.0 1.0 
0.011210292881751655 -0.37474440488032834 0.9270603865684233 -0.6597 -0.999658854866069 -0.026072489576234675 0.001548927098703634 -1.1195 0.023590320501538586 -0.9267614883551141 -0.3749088428944415 1.8624 0.0 0.0 0.0 1.0 
0.007649398993077816 -0.37243040595402743 0.9280285983825949 -0.6556 -0.999688002881869 -0.024915912666965023 -0.0017590309926670544 -1.1181 0.02377779613643133 -0.927725600604452 -0.37250480049793155 1.8611 0.0 0.0 0.0 1.0 
0.0071525515057007105 -0.37017977018115805 0.9289326018369595 -0.6535 -0.9996989420411728 -0.024450734224021886 -0.002046186126858085 -1.1174 0.023470540869732825 -0.9286383038322998 -0.3702432097510378 1.8597 0.0 0.0 0.0 1.0 
0.004598397608833238 -0.3760722844424122 0.9265789181789625 -0.6498 -0.9997120001497599 -0.023553587752134286 -0.004598397608833238 -1.1161 0.023553587752134342 -0.9262909183287225 -0.37607228444241214 1.8585 0.0 0.0 0.0 1.0 
-0.00018015169478632909 -0.3693953057429835 0.9292723366378743 -0.6468 -0.9997596544215144 -0.020305546753394438 -0.008265480144562576 -1.1156 0.021922612443349643 -0.9290504791808105 -0.3693028651358736 1.8563 0.0 0.0 0.0 1.0 
0.00654980551020784 -0.37682401498545376 0.926261713436338 -0.6437 -0.9998000427356897 -0.01996906412899696 -0.0010540510067638675 -1.114 0.018893771288213068 -0.9260695968489918 -0.37687945977255677 1.8543 0.0 0.0 0.0 1.0 
0.007655300295322909 -0.38518371065697904 0.92280816284963 -0.6423 -0.9997627484412572 -0.021767393011771996 -0.0007921052041311993 -1.1134 0.020392233976977203 -0.9225831613713703 -0.3852589611513748 1.8528 0.0 0.0 0.0 1.0 
0.007572005596240772 -0.3882959367252792 0.9215036246558603 -0.6388 -0.999765229904886 -0.021648610890268427 -0.0009070390026770236 -1.1127 0.020301472963337508 -0.9212804150578475 -0.3883686998540937 1.8507 0.0 0.0 0.0 1.0 
0.0028786958924836292 -0.3860719932360187 0.9224641614440781 -0.6348 -0.9998074296400722 -0.019017987959522753 -0.004839397739749118 -1.1117 0.019411768246881567 -0.9222725910340928 -0.38605239421714554 1.8488 0.0 0.0 0.0 1.0 
0.005878991789729504 -0.39495691884055595 0.918680831255072 -0.6334 -0.9997801708727754 -0.02081133396384005 -0.00254917795555315 -1.111 0.020125789056329058 -0.9184638918534682 -0.3949924454673027 1.8473 0.0 0.0 0.0 1.0 
0.005002813560788133 -0.39759694160567693 0.9175465349955214 -0.6309 -0.9997935638828287 -0.020058141090011916 -0.0032404620789252547 -1.1098 0.019692675667561554 -0.9173409088238814 -0.397615210377102 1.8458 0.0 0.0 0.0 1.0 
0.0051032073197174455 -0.39827608542811943 0.9172513925043153 -0.6283 -0.9997533841820615 -0.021857241923496834 -0.003928331963212128 -1.1088 0.02161314626720151 -0.9170051367094685 -0.3982894062825191 1.8445 0.0 0.0 0.0 1.0 
0.005655796891544246 -0.41014248594306313 0.9120039216944004 -0.6265 -0.9997188917645088 -0.023318642680350582 -0.004286998097566663 -1.1081 0.023024973630039303 -0.9117233034906975 -0.41015907701932625 1.8433 0.0 0.0 0.0 1.0 
0.00598537084455858 -0.405733329125438 0.9139719038201568 -0.6235 -0.9997301667242452 -0.022942548271697116 -0.0036377493472862232 -1.1068 0.0224448006755672 -0.9137035105085182 -0.40576116843168264 1.8422 0.0 0.0 0.0 1.0 
0.004246265796549298 -0.4114482609809847 0.9114232264774187 -0.6214 -0.9997467550218477 -0.021889215936847894 -0.0052237964121170655 -1.1056 0.022099661763707146 -0.9111702314943093 -0.4114370112040677 1.8417 0.0 0.0 0.0 1.0 
0.008720919476226885 -0.4088896275910872 0.9125421732785348 -0.6193 -0.9997274868921198 -0.02332692202494946 -0.0008981432006879286 -1.105 0.021654041559398984 -0.9122856609402914 -0.4089816320165002 1.8408 0.0 0.0 0.0 1.0 
0.006430491560886709 -0.4183069463746187 0.9082829665875207 -0.6171 -0.9997087635162851 -0.023816964654670536 -0.0038910594159325407 -1.1041 0.023260200494095218 -0.9079934200253765 -0.4183382749206608 1.8402 0.0 0.0 0.0 1.0 
0.00840406076799477 -0.40988742534359657 0.9120974017657352 -0.6142 -0.9996895421106592 -0.02483970082974324 -0.0019515781482721262 -1.1034 0.023456153929999113 -0.9117978327501584 -0.4099689269138891 1.8395 0.0 0.0 0.0 1.0 
0.009744625571316307 -0.41129283800791794 0.9114511745978868 -0.6126 -0.9996320446856999 -0.027081807144813425 -0.0015332838152724015 -1.1027 0.02531437358422861 -0.911100860017794 -0.4114054026928601 1.8392 0.0 0.0 0.0 1.0 
0.00756966743704679 -0.4126102820307738 0.9108762019601662 -0.6104 -0.9996442384497939 -0.02641966987592037 -0.0036602701783884917 -1.1021 0.025575313664233434 -0.910524440202531 -0.4126634792719649 1.8386 0.0 0.0 0.0 1.0 
0.007837097091666079 -0.41467912052837236 0.909933957442512 -0.6086 -0.9996384361440167 -0.026654878688895767 -0.003537573409093553 -1.1015 0.025721137080624457 -0.9095772339058932 -0.4147380844188099 1.8382 0.0 0.0 0.0 1.0 
0.006453227632328529 -0.42203367706513495 0.906557185882946 -0.6069 -0.999593825113716 -0.027888305496315213 -0.005867470585671053 -1.1012 0.02775861393612572 -0.9061511009977449 -0.42204222716799283 1.8379 0.0 0.0 0.0 1.0 
0.004285367946540636 -0.4214265637128684 0.9068524064139247 -0.6045 -0.9996063517124338 -0.026949896619571062 -0.0078003005295960715 -1.101 0.027726832450179872 -0.9064619983592019 -0.4213761600908642 1.8375 0.0 0.0 0.0 1.0 
0.002573968968062307 -0.4209868512157649 0.9070630880965151 -0.6023 -0.9995812808864599 -0.02722560299617624 -0.009799461356548134 -1.1008 0.028820783909105085 -0.9066580599349072 -0.4208806538318608 1.8371 0.0 0.0 0.0 1.0 
0.0015763606830990207 -0.42245526408008516 0.9063824054658287 -0.6001 -0.999528000697445 -0.028473931615005277 -0.01153304123604082 -1.1008 0.030680464611296088 -0.9059364133698398 -0.4223007506763698 1.8366 0.0 0.0 0.0 1.0 
-0.00017112289113338508 -0.4261047180502894 0.9046738307104059 -0.5974 -0.9994811518744359 -0.02906545403590552 -0.013878992378342059 -1.1007 0.032208659778195425 -0.9042068174023965 -0.42587866065150826 1.8359 0.0 0.0 0.0 1.0 
-0.0022466600851411 -0.42652639314595475 0.9044723259825943 -0.5947 -0.9994833553811971 -0.028041610691999758 -0.01570638041504091 -1.1007 0.03206204663469703 -0.9040403221204798 -0.42624303061269375 1.8352 0.0 0.0 0.0 1.0 
-0.0026657699699797754 -0.4298647076940068 0.9028893768062694 -0.5925 -0.9994918380994746 -0.027534342978442677 -0.016060060064624737 -1.1005 0.031764118797804275 -0.9024733752504235 -0.42957286660252114 1.8344 0.0 0.0 0.0 1.0 
-0.002919984496776218 -0.4315319045591328 0.9020929492231415 -0.5892 -0.9995019792330477 -0.02708528171133373 -0.016192004935687676 -1.1005 0.031420808388044896 -0.9016909686040915 -0.43123790410637214 1.8337 0.0 0.0 0.0 1.0 
-0.0017303662882002802 -0.43523140573809144 0.9003169604599002 -0.5865 -0.9995189537714573 -0.027126166824631814 -0.015034364802457512 -1.1005 0.03096557579183351 -0.8999098813395967 -0.43497510110721643 1.8331 0.0 0.0 0.0 1.0 
-0.0017501697291111284 -0.43328730118427417 0.9012541547967299 -0.5838 -0.9995030760054298 -0.027607138604351933 -0.015213380747376881 -1.1005 0.0314728130551411 -0.9008329259804665 -0.43302367314948026 1.8326 0.0 0.0 0.0 1.0 
-0.0029927812827855726 -0.4367997067348944 0.8995538113178685 -0.5809 -0.9995099481525045 -0.026723170746353553 -0.01630140145628356 -1.1006 0.03115937747085301 -0.8991617698398722 -0.4365056756263971 1.8318 0.0 0.0 0.0 1.0 
-0.004618754697663013 -0.4364710938377331 0.8997064250905045 -0.5779 -0.9994724706304831 -0.02690879820361 -0.018185077152307827 -1.1008 0.03214727915144311 -0.8993157959378508 -0.4361165573786772 1.8309 0.0 0.0 0.0 1.0 
-0.0024074373560060425 -0.4336492495516135 0.9010785385351822 -0.5753 -0.9994505357094343 -0.028744605039930288 -0.016503767788705104 -1.1009 0.033057993216497494 -0.9006231598423512 -0.43334177393839757 1.8304 0.0 0.0 0.0 1.0 
-0.002763897512492286 -0.4387394451344993 0.8986100712509357 -0.572 -0.9994695004774494 -0.027949174845742553 -0.016720084951923564 -1.1009 0.03245117079394616 -0.8981795716383854 -0.43842944541349904 1.8297 0.0 0.0 0.0 1.0 
-0.004922229856242549 -0.43951285928000045 0.8982228109888772 -0.5685 -0.9993892561480673 -0.028913595524534402 -0.01962444112977646 -1.1016 0.034596045280562815 -0.8977708229394413 -0.43910211014020795 1.8285 0.0 0.0 0.0 1.0 
-0.0022814437832536227 -0.4427854645084378 0.8966246859384981 -0.5658 -0.999412109947119 -0.0296628489744733 -0.01719156426171653 -1.1014 0.034208617413029 -0.8961367907918768 -0.44245748121590667 1.8282 0.0 0.0 0.0 1.0 
-0.0008933662113646545 -0.4407618919539099 0.8976236162769016 -0.5616 -0.999353961045217 -0.03185685468011629 -0.016637348139794395 -1.1021 0.0359285741443654 -0.8970585796987283 -0.44044868276435223 1.8275 0.0 0.0 0.0 1.0 
-0.0024935812512255073 -0.44426649308142285 0.8958912128030261 -0.559 -0.9994166137445799 -0.02940878712897549 -0.017365350872333374 -1.1026 0.03406191750122384 -0.8954118640964817 -0.4439339809154095 1.8271 0.0 0.0 0.0 1.0 
-0.0025576074777781677 -0.4431136842976768 0.896461779125094 -0.5562 -0.999376933169184 -0.030425138370754168 -0.017890120303596435 -1.1029 0.03520233079422869 -0.8959489794308935 -0.4427597792973008 1.8271 0.0 0.0 0.0 1.0 
0.0010173785470112828 -0.44456334814292325 0.8957468361255014 -0.5537 -0.999446895155615 -0.030226305832782352 -0.013866297252838 -1.103 0.03323956535054329 -0.8952372869377465 -0.4443482095965391 1.827 0.0 0.0 0.0 1.0 
-0.0007698848932486957 -0.44515426096569993 0.8954535673173304 -0.5512 -0.9994398655421313 -0.029616569484431587 -0.015582489438481506 -1.1036 0.03345687436652889 -0.8949639896420724 -0.44488211337563 1.8266 0.0 0.0 0.0 1.0 
-0.0004167492974755105 -0.4414941370378338 0.8972640376618477 -0.5485 -0.999408558421657 -0.0306689560276088 -0.015554693494952587 -1.1043 0.034385457297648025 -0.8967398408108089 -0.4412202377827162 1.8261 0.0 0.0 0.0 1.0 
0.00023347476577167958 -0.44468266445614407 0.8956881563477981 -0.546 -0.9993667913168662 -0.03197266378368818 -0.015612981252973113 -1.1044 0.03558035838161566 -0.895117353592678 -0.44440855234195953 1.8257 0.0 0.0 0.0 1.0 
-0.0018180911954543133 -0.44777446036693214 0.8941446902976654 -0.544 -0.9993582878117168 -0.03117276362582347 -0.017642884967109917 -1.1051 0.03577299437339776 -0.8936029831256336 -0.44743044311102664 1.8251 0.0 0.0 0.0 1.0 
0.0024806725608719216 -0.444294656608564 0.8958772819827077 -0.5413 -0.9993005949168177 -0.03452834726571874 -0.014356679072546064 -1.1058 0.03731175769834333 -0.8952150866379409 -0.44406956819093557 1.8247 0.0 0.0 0.0 1.0 
-0.00225561138973171 -0.4473265073265044 0.8943678818362887 -0.5398 -0.9993125991013296 -0.032086392283333404 -0.018568594658329773 -1.1061 0.03700326329668535 -0.893794976084175 -0.44694664025147934 1.824 0.0 0.0 0.0 1.0 
-0.0008629224973881744 -0.4519639376472697 0.8920357921244741 -0.5378 -0.9993521881539027 -0.03170446212407618 -0.017030299863167897 -1.1064 0.03597859637020179 -0.8914726166000826 -0.4516437915608187 1.8233 0.0 0.0 0.0 1.0 
-0.0018818356184908125 -0.4519796932305556 0.8920262415433291 -0.5356 -0.9993494291715959 -0.031277637510734035 -0.01795627484063611 -1.1071 0.036016345027089 -0.8914797060499805 -0.45162678905477865 1.8229 0.0 0.0 0.0 1.0 
-0.0010037387352893057 -0.4455488386084634 0.8952570719760892 -0.5327 -0.9993221408541024 -0.03249871905161389 -0.01729427820920948 -1.1078 0.03680015363180633 -0.8946675727188582 -0.4452141990301094 1.8225 0.0 0.0 0.0 1.0 
0.0037630065814618363 -0.4533554575294832 0.8913218660560849 -0.5307 -0.999303035823959 -0.03480781087852097 -0.013485506844948147 -1.1086 0.03713869107127904 -0.8906499005951096 -0.45317046703799446 1.8219 0.0 0.0 0.0 1.0 
0.0023898690137462986 -0.4553055715094485 0.8903320308056716 -0.5284 -0.9993805606233852 -0.03234809523016666 -0.013859862303361503 -1.1094 0.03511101784604387 -0.8897474008320756 -0.4551008450205078 1.8213 0.0 0.0 0.0 1.0 
0.0020330126879005705 -0.45520503584310273 0.8903843227519734 -0.5262 -0.9994175622034427 -0.03125569521232496 -0.013697367488751888 -1.1101 0.03406469167244147 -0.8898378823470452 -0.45500345044998036 1.8213 0.0 0.0 0.0 1.0 
0.002770164597296454 -0.46325179964200064 0.8862223740780593 -0.5242 -0.9994209474002922 -0.031337299509312244 -0.013256830577705214 -1.1109 0.033913066591008956 -0.8856724811056914 -0.4630703619607742 1.8212 0.0 0.0 0.0 1.0 
0.001906079351933071 -0.46162958304594176 0.8870707383959489 -0.5223 -0.999365720215655 -0.032423828975898156 -0.014725914993188871 -1.1119 0.035560147909549755 -0.8864800185967936 -0.4613985831244818 1.8214 0.0 0.0 0.0 1.0 
0.0004816496560716699 -0.45816389567457255 0.8888676013411155 -0.5205 -0.9993847987576783 -0.03139170232275368 -0.015639214729472106 -1.1128 0.03506839069138645 -0.8883132362661152 -0.4578971524793939 1.8215 0.0 0.0 0.0 1.0 
-7.446114521239555e-05 -0.4600253551899628 0.8879057759908345 -0.5187 -0.9993204495485138 -0.03269366282853428 -0.017022441805154942 -1.1143 0.036859646901369336 -0.8873036667303942 -0.45971031034457316 1.8217 0.0 0.0 0.0 1.0 
-0.0006294579647304899 -0.45856876755262593 0.8886587023193642 -0.5145 -0.9993678019570678 -0.031300833325782956 -0.01685984117986733 -1.1155 0.03554715451578977 -0.888107506588238 -0.4582591587163898 1.8213 0.0 0.0 0.0 1.0 
-0.0011160779024695366 -0.45603001501078566 0.8899636957648205 -0.5121 -0.9993709335454195 -0.031037958849973013 -0.017157572525961617 -1.1164 0.03544702462368127 -0.8894229986455767 -0.45570850104605043 1.821 0.0 0.0 0.0 1.0 
-0.00031866123280843706 -0.46048137196836203 0.8876693103431897 -0.5098 -0.9994027289461955 -0.03052722608471936 -0.016194870869198075 -1.1173 0.03455551808201229 -0.8871442918362873 -0.4601966119305707 1.8204 0.0 0.0 0.0 1.0 
0.0017097638020303063 -0.45915937758089465 0.8883522627242342 -0.5063 -0.9994864598473112 -0.029210527492128435 -0.013174280455524656 -1.1178 0.03199833260703561 -0.8878735332597527 -0.4589735239065677 1.8203 0.0 0.0 0.0 1.0 
0.0023804101496566754 -0.459044783578414 0.8884099393393607 -0.5034 -0.9995689254056757 -0.02708954029716465 -0.01131901805951363 -1.1186 0.029262553047584794 -0.8880000244796932 -0.458911385251229 1.8199 0.0 0.0 0.0 1.0 
0.007941110552319663 -0.45190715738713155 0.8920296294773384 -0.4991 -0.9996096837352291 -0.02748170291887425 -0.005023563220810212 -1.1191 0.02678467744720059 -0.8916415631333932 -0.45194900591448195 1.8195 0.0 0.0 0.0 1.0 
0.007095278808203903 -0.4567173971022155 0.8895835408789955 -0.4969 -0.9996270653858322 -0.026699164020991845 -0.0057345260213478855 -1.12 0.026370194666387903 -0.8892110963234534 -0.45673650938861843 1.8195 0.0 0.0 0.0 1.0 
0.005272812045016867 -0.4559053004756823 0.8900126709498668 -0.494 -0.999666840283608 -0.024891473077376797 -0.00682810408719986 -1.1206 0.025266695283026885 -0.8896801512713521 -0.4558846592541346 1.8194 0.0 0.0 0.0 1.0 
0.010342892493805045 -0.4508023524081674 0.8925638709011945 -0.4909 -0.9996789232254077 -0.02531032062763716 -0.0011992200029560252 -1.1211 0.023131688951541662 -0.8922648859688409 -0.450919392168113 1.8194 0.0 0.0 0.0 1.0 
0.00763542834753031 -0.45221050900955534 0.8918785543869012 -0.4873 -0.9997371852560928 -0.022732275280643338 -0.002967166458038295 -1.1214 0.021616212669530788 -0.8916214999661481 -0.45226523207951963 1.8191 0.0 0.0 0.0 1.0 
0.009996667574146523 -0.44821854713732606 0.8938681114345206 -0.4836 -0.9997303559995789 -0.023216433434356087 -0.0004609897429781462 -1.1219 0.02095905366105605 -0.893622476899889 -0.44832977466251367 1.8189 0.0 0.0 0.0 1.0 
0.011146420855641576 -0.4490466518985107 0.8934387845402987 -0.4802 -0.9997174842638733 -0.023762823589273924 0.0005290294669412221 -1.1222 0.020993069313960888 -0.8931922708094839 -0.4491846595855388 1.8189 0.0 0.0 0.0 1.0 
0.01141693607387434 -0.4499608217094672 0.8929753146068633 -0.4758 -0.9997449315980469 -0.02253980246109316 0.0014244469212815747 -1.1224 0.0194865418866898 -0.8927638076398237 -0.45010338640554826 1.8182 0.0 0.0 0.0 1.0 
0.007503891335290086 -0.4539282050451342 0.8910066645538237 -0.4719 -0.9997779665303915 -0.020950870207712996 -0.0022535922200592196 -1.1227 0.019690334054629666 -0.8907919205415156 -0.45398463084423346 1.8174 0.0 0.0 0.0 1.0 
0.010502673465882462 -0.45280940942710524 0.8915454742100065 -0.4671 -0.9997569099197804 -0.022040437273344426 0.000583260192476065 -1.1224 0.019385946397362352 -0.8913348741405085 -0.4529308194671705 1.8165 0.0 0.0 0.0 1.0 
0.011608381982933208 -0.45527145229698457 0.8902770075606425 -0.4624 -0.9997150116042417 -0.02385788285322879 0.0008348645951110067 -1.1227 0.02086003453661739 -0.8900329803716016 -0.4554186566336244 1.8152 0.0 0.0 0.0 1.0 
0.015261120728162159 -0.4545865582845378 0.8905718158695224 -0.4568 -0.9996605666300122 -0.02574570259162351 0.00398877462713304 -1.122 0.021115153778337725 -0.8903303992479881 -0.4548251647125905 1.8144 0.0 0.0 0.0 1.0 
0.017758689417897017 -0.458835717292743 0.8883436347982759 -0.4525 -0.999613076308748 -0.0271718992199185 0.005948576749422119 -1.1216 0.021408564237702765 -0.888105552526971 -0.4591407202024707 1.8134 0.0 0.0 0.0 1.0 
0.018458317276983938 -0.4599123626800904 0.8877724422267903 -0.4472 -0.9996296865366631 -0.02624557924179155 0.007187444947695076 -1.1212 0.019994507193614508 -0.8875763562783093 -0.460226500168998 1.812 0.0 0.0 0.0 1.0 
0.020959433955235973 -0.4599775494456434 0.8876831394896811 -0.442 -0.9995863582107894 -0.02712995147046332 0.009543490561712331 -1.1209 0.019693009093769476 -0.8875159828077412 -0.460355911935148 1.8111 0.0 0.0 0.0 1.0 
0.024005705814298173 -0.45863736087490614 0.8882992160854688 -0.4371 -0.9995358376462655 -0.02768282835766911 0.012718894405489234 -1.1207 0.01875727456576587 -0.8881922270678914 -0.4590890245116338 1.8101 0.0 0.0 0.0 1.0 
0.023544596337471274 -0.46067345384274266 0.887257358891942 -0.4315 -0.9995527643160145 -0.02721497884852711 0.012394203261553605 -1.121 0.018437009831315354 -0.8871523622528844 -0.46110818992684055 1.8086 0.0 0.0 0.0 1.0 
0.02423876848067663 -0.4622927075711559 0.886396037123965 -0.4261 -0.9995320282566899 -0.0277568808749884 0.012856129011453221 -1.1214 0.018660294520922827 -0.8862928455598753 -0.46274916025614893 1.807 0.0 0.0 0.0 1.0 
0.02372631083039825 -0.46202294619004364 0.886550539658203 -0.4214 -0.9995438463178448 -0.027538563734238436 0.012398661039957959 -1.1218 0.018685862637507766 -0.8864403108508361 -0.46246558124488024 1.8056 0.0 0.0 0.0 1.0 
0.026416455821749896 -0.4659260672411839 0.8844292344370923 -0.4157 -0.9995159465411955 -0.02685472273698053 0.015706574310705212 -1.1219 0.016432999472869747 -0.884416035433485 -0.46640994071357533 1.8036 0.0 0.0 0.0 1.0 
0.02798027916563442 -0.4640030297163425 0.8853916039763807 -0.4106 -0.9994968338228305 -0.026224077217529368 0.01784312058543419 -1.1225 0.014939315779193274 -0.8854453603628765 -0.46450331608709267 1.8018 0.0 0.0 0.0 1.0 
0.02577208556448954 -0.46711528869714986 0.8838207435170522 -0.4062 -0.9995286626937332 -0.02679357303815419 0.014985222638533413 -1.1233 0.016680889045070313 -0.8837903662686234 -0.467585646092177 1.8007 0.0 0.0 0.0 1.0 
0.02725329477201821 -0.46719626477091974 0.8837335051406447 -0.4012 -0.9994937677434403 -0.02725329477201821 0.01641542463936635 -1.1246 0.01641542463936635 -0.8837335051406447 -0.4677024970274791 1.7997 0.0 0.0 0.0 1.0 
0.024913478043226578 -0.4712206898412915 0.8816634165469763 -0.3973 -0.9995493957949054 -0.026512495535078895 0.014074549603523834 -1.1256 0.01674287842126615 -0.8816167812865179 -0.47166887429230575 1.7991 0.0 0.0 0.0 1.0 
0.029094746606614902 -0.4669876073247844 0.8837850815243318 -0.393 -0.9994425569624635 -0.02807317936598966 0.018068534324006347 -1.1267 0.016372875502784934 -0.8838181211116674 -0.4675440703745608 1.7984 0.0 0.0 0.0 1.0 
0.031336414673702406 -0.459411103394359 0.8876708101505737 -0.3872 -0.9993899405314032 -0.02810297947843965 0.020735701316164257 -1.1278 0.015419983139956572 -0.8877790607028375 -0.4600114819192576 1.7978 0.0 0.0 0.0 1.0 
0.027164169259502435 -0.4658253389883541 0.884459643773997 -0.3853 -0.9994651691857207 -0.028771301755721457 0.01554309428136641 -1.129 0.018206688139234206 -0.8844088227463958 -0.4663577497536998 1.7975 0.0 0.0 0.0 1.0 
0.028094480908693736 -0.46900153132946143 0.8827503971979233 -0.3821 -0.999442528353376 -0.029114140502075697 0.016340114486645574 -1.1298 0.01803698037594803 -0.8827173559149302 -0.46955802293803056 1.7971 0.0 0.0 0.0 1.0 
0.02639931845166421 -0.4693720881869406 0.8826057550324035 -0.3785 -0.9994772912167498 -0.028874757973573972 0.014539349847789762 -1.1309 0.018660662563706576 -0.8825282381788127 -0.4698890172047917 1.7967 0.0 0.0 0.0 1.0 
0.029409867349241336 -0.4696761158684259 0.882348800580161 -0.375 -0.9993680287676558 -0.03144771132303703 0.016570592312655064 -1.1318 0.019965038931825885 -0.8822785204431147 -0.4703041670931258 1.7964 0.0 0.0 0.0 1.0 
0.0290830347603922 -0.46867733568731756 0.8828905549965769 -0.3719 -0.9993777512378128 -0.031268495290974974 0.01632150523361542 -1.1324 0.019957139574059257 -0.8828158563456344 -0.4692950845307734 1.7959 0.0 0.0 0.0 1.0 
0.035837800330705355 -0.46755923110259234 0.8832349729705055 -0.3683 -0.9991688317247011 -0.0339420530315421 0.022573939529915488 -1.1329 0.019424154482313827 -0.8833098564188883 -0.4683870192222352 1.7954 0.0 0.0 0.0 1.0 
0.033911323465628695 -0.47096936912647236 0.8814975187063331 -0.3654 -0.9992378358706969 -0.03303911296464063 0.02078856365783588 -1.1334 0.019333119387612507 -0.8815306406240921 -0.47173081321408494 1.7949 0.0 0.0 0.0 1.0 
0.03543463383141701 -0.47065450994262453 0.8816057616621508 -0.3628 -0.9991863034822908 -0.03368981985545713 0.02217491762109014 -1.1338 0.019264414307958666 -0.8816741622100391 -0.4714653264372648 1.7944 0.0 0.0 0.0 1.0 
0.03812960151349576 -0.4712112201607671 0.8811958462697287 -0.3593 -0.9990943406730909 -0.0346423091609136 0.02470645363061441 -1.1342 0.0188847007766616 -0.8813398302644678 -0.47210536076809706 1.7936 0.0 0.0 0.0 1.0 
0.03980462042228855 -0.47144996992901256 0.8809940510848926 -0.3567 -0.9990350627143242 -0.035156203403880426 0.026324605022887304 -1.1346 0.018561671811115732 -0.8811917879872451 -0.47239442960667755 1.7929 0.0 0.0 0.0 1.0 
0.04029076250836183 -0.4738975093574753 0.879657777252766 -0.3544 -0.9990206420295136 -0.03521839094803103 0.026784729566873666 -1.1352 0.01828691486920897 -0.8798754545751424 -0.47485236988010615 1.7921 0.0 0.0 0.0 1.0 
0.041501765423019865 -0.4735095550474814 0.879810379994183 -0.3514 -0.9989573795570196 -0.036427657934657964 0.027516896008965452 -1.136 0.019019918384296508 -0.8800350714693884 -0.4745276764199566 1.7911 0.0 0.0 0.0 1.0 
0.04325804630112928 -0.4720967925014502 0.8804847301004437 -0.3487 -0.998864800069223 -0.038032332653209266 0.028681925591320045 -1.1366 0.0199462430768238 -0.8807259279610187 -0.4732060726621352 1.79 0.0 0.0 0.0 1.0 
0.04411640078809845 -0.4749593159737821 0.8789012409544207 -0.3469 -0.9988120003355456 -0.03919476931762397 0.028954413201512486 -1.1372 0.020696163103569365 -0.8791344710724606 -0.4761241966177892 1.7889 0.0 0.0 0.0 1.0 
0.04707668159455608 -0.4769665577183204 0.8776597796802479 -0.3446 -0.9986655039234187 -0.041153839007713244 0.031202128265742923 -1.1378 0.02123669756410912 -0.8779574388051301 -0.4782674338937445 1.7875 0.0 0.0 0.0 1.0 
0.047993181853678984 -0.47635747928169314 0.8779408900535108 -0.3424 -0.9985951382050713 -0.0426456517948581 0.03144993380256994 -1.1388 0.022458950303921477 -0.878216886831142 -0.47773496338018107 1.7862 0.0 0.0 0.0 1.0 
0.04845717355296625 -0.4705675119222131 0.8810324165742118 -0.3398 -0.9985580472395246 -0.0432250992670164 0.031834212516474 -1.1403 0.02310256748599948 -0.8813046054098971 -0.4719835419364327 1.7851 0.0 0.0 0.0 1.0 
0.04897271078221868 -0.47135987257519185 0.8805802315090547 -0.337 -0.9985526971658744 -0.04272836798853283 0.032661866936757655 -1.142 0.022230262737968354 -0.8809053054074176 -0.47277019610341914 1.784 0.0 0.0 0.0 1.0 
0.049090769653946625 -0.4714541496317314 0.8805231860262419 -0.3351 -0.9985807989612508 -0.04139508008040185 0.03350873454857345 -1.1433 0.02065149584637377 -0.8809185161751103 -0.4728171777538851 1.7827 0.0 0.0 0.0 1.0 
0.05024583975283431 -0.47284140943238384 0.8797137927266625 -0.3332 -0.9985563778763433 -0.040529687371736844 0.035249179338346925 -1.145 0.018987253356137768 -0.8802149430494498 -0.47419525328965895 1.7816 0.0 0.0 0.0 1.0 
0.04987289956042937 -0.4744915819926205 0.8788460801002504 -0.3315 -0.9985894683550329 -0.039737462583953415 0.03521374387652765 -1.1469 0.018214488185181288 -0.8793626514047145 -0.47580411908118525 1.7806 0.0 0.0 0.0 1.0 
0.05035266308974792 -0.46922696257527186 0.8816408945325498 -0.3295 -0.9985688438392799 -0.03958428721994259 0.03596315223631791 -1.1489 0.018024245705544006 -0.8821899692229975 -0.47054859979503993 1.7798 0.0 0.0 0.0 1.0 
0.052427347911786215 -0.4684301215728571 0.8819436458154082 -0.3281 -0.9984599293499573 -0.04063288877234533 0.037772183316454266 -1.1505 0.018142289640895315 -0.8825656856876161 -0.46983898068735575 1.779 0.0 0.0 0.0 1.0 
0.05313524230628133 -0.4687449533128377 0.8817339818611953 -0.3269 -0.998465637108987 -0.03872335871658847 0.03958374669294806 -1.1525 0.015589019776683866 -0.8824843739316024 -0.4700833034994438 1.778 0.0 0.0 0.0 1.0 
0.05360723752506627 -0.467114626980239 0.8825702177991526 -0.3259 -0.9984478389134873 -0.03844402691081891 0.0402985082089557 -1.1543 0.015105530573871484 -0.883360618352433 -0.4684504679153276 1.7773 0.0 0.0 0.0 1.0 
0.052771334730214586 -0.46551153375129656 0.8834671460644745 -0.3248 -0.9984916378235464 -0.03802231563166089 0.03960748301089917 -1.1559 0.015153726513433996 -0.8842246973810006 -0.4668158621064993 1.7768 0.0 0.0 0.0 1.0 
0.05265571183793838 -0.465986526367708 0.8832236032028338 -0.3235 -0.9985111490809523 -0.03718311090207749 0.039911169172044514 -1.1578 0.014242934103468496 -0.8840101659525192 -0.4672506450725596 1.7759 0.0 0.0 0.0 1.0 
0.05339955637004529 -0.4614349571599641 0.8855655072834896 -0.3223 -0.9984838007881707 -0.03654164209448013 0.04116804533430535 -1.1588 0.01336364258317535 -0.8864211689167971 -0.4626866373184858 1.7751 0.0 0.0 0.0 1.0 
0.059802750167075314 -0.4689330458126208 0.8812068029795008 -0.3211 -0.9981361194509977 -0.038847526710962754 0.04706545140274854 -1.1596 0.012162159337791523 -0.8823789821915181 -0.47038219956425076 1.7744 0.0 0.0 0.0 1.0 
0.0618630620146938 -0.46880993900828527 0.8811300713545158 -0.3192 -0.9980154465940217 -0.03945124958159277 0.04907919382168241 -1.1607 0.011752868496734903 -0.8824176108813211 -0.47032013574649323 1.7737 0.0 0.0 0.0 1.0 
0.06349397600964621 -0.46639739943021535 0.8822935910541451 -0.3175 -0.9979120108340542 -0.04015790888101048 0.0505861738762618 -1.1615 0.011837805692838654 -0.8836632889053595 -0.4679733520162682 1.7734 0.0 0.0 0.0 1.0 
0.06767488536152591 -0.4608322955321292 0.8849032180334147 -0.3156 -0.997649059516805 -0.04085028344188088 0.05502370750824326 -1.162 0.010791845835585345 -0.8865465863322167 -0.4625134444815141 1.7725 0.0 0.0 0.0 1.0 
0.06843972607425919 -0.4634431069519421 0.8834797623678828 -0.3138 -0.9975966414078401 -0.041389604676355884 0.05556835139296368 -1.1631 0.01081410868621513 -0.8851595264377294 -0.4651619801852436 1.7712 0.0 0.0 0.0 1.0 
0.06670256982150652 -0.4685027314457019 0.8809403826633924 -0.3123 -0.9977171537382012 -0.04065152306314718 0.05392527059913016 -1.1639 0.010547431713457456 -0.8825262853312434 -0.47014477279204864 1.77 0.0 0.0 0.0 1.0 
0.06689291633821151 -0.46742675974270614 0.8814973409036488 -0.3099 -0.9977044877616283 -0.040668777153300834 0.054146150972732454 -1.1643 0.010540059016714065 -0.8830958469165676 -0.46907422900286755 1.769 0.0 0.0 0.0 1.0 
0.06546224990522836 -0.4716051693744192 0.8793766303789692 -0.308 -0.9977926392442509 -0.040792735540794045 0.05240039882568209 -1.1654 0.011159879360330971 -0.8808657769186086 -0.4732345508796232 1.7673 0.0 0.0 0.0 1.0 
0.06413412384542805 -0.47507688812165794 0.8776039907220234 -0.3056 -0.9978667133885638 -0.04128007597108441 0.05057645340400818 -1.1662 0.012199855314125763 -0.8789754864047482 -0.47671087446150323 1.7657 0.0 0.0 0.0 1.0 
0.06199035945079773 -0.4768124046214072 0.876816472321496 -0.3035 -0.9979921380396624 -0.04105100330952599 0.048233883715753656 -1.1669 0.012995681828378791 -0.8780459816697717 -0.47839979758292417 1.7643 0.0 0.0 0.0 1.0 
0.05782568305251898 -0.47864062332857715 0.8761046421970042 -0.3003 -0.9982736128915037 -0.03677227441323941 0.04579949387298421 -1.1671 0.010294862022082685 -0.8772405334536865 -0.47994068621220043 1.762 0.0 0.0 0.0 1.0 
0.054643666465596916 -0.4818117036984871 0.8745693522496416 -0.2975 -0.998458019870226 -0.03494516606734899 0.04313256223959849 -1.1682 0.009780197954235625 -0.8755777050311906 -0.48297829162426065 1.76 0.0 0.0 0.0 1.0 
0.051141872505111624 -0.48487428797652693 0.8730873001801867 -0.295 -0.9986484866248138 -0.03293297122046698 0.04020720791800397 -1.1691 0.009257917619022948 -0.8739635829174168 -0.48590322770641436 1.7584 0.0 0.0 0.0 1.0 
0.04642191300587711 -0.48101077563727745 0.8754848026743236 -0.291 -0.998876264827089 -0.03073196191040778 0.03607982929865705 -1.1705 0.009550578933120557 -0.8761758843051787 -0.4818968833724494 1.7566 0.0 0.0 0.0 1.0 
0.04369624825947288 -0.48459575727141413 0.8736461468595804 -0.2876 -0.9990058759548033 -0.028919956769458854 0.033924856790107816 -1.1718 0.008825967132456813 -0.8742600231824613 -0.48537770258756174 1.7554 0.0 0.0 0.0 1.0 
0.04132841266424675 -0.48402362111549335 0.874078426978323 -0.2845 -0.9991190568560708 -0.026399136199749818 0.032622014575179326 -1.1731 0.00728508982030307 -0.8746566296611219 -0.4846882582198146 1.7539 0.0 0.0 0.0 1.0 
0.04432148601784039 -0.47816995128699424 0.8771482791201064 -0.2795 -0.9990081471222002 -0.024976409730192523 0.03686327359931757 -1.1741 0.004281105072172275 -0.8779121121406079 -0.4788026686393655 1.7517 0.0 0.0 0.0 1.0 
0.0408235484091905 -0.48296585812622395 0.8746870399060931 -0.2767 -0.9991519149155292 -0.024441688151255525 0.03313690994870194 -1.1756 0.005374831710303285 -0.8752979971213903 -0.4835540584250835 1.75 0.0 0.0 0.0 1.0 
0.03252751681801398 -0.49826455309674716 0.8664146788789722 -0.276 -0.9994594747352838 -0.02034979820703467 0.025819451481457534 -1.1765 0.004766446425188309 -0.8667862024976123 -0.4986571569207082 1.7485 0.0 0.0 0.0 1.0 
0.03157556308744376 -0.5001205600100211 0.8653799219250315 -0.2723 -0.9994771716398658 -0.021823506725056563 0.023856192592188574 -1.1777 0.006954652146947515 -0.8656807494737793 -0.5005481723111479 1.7471 0.0 0.0 0.0 1.0 
0.03065464987532937 -0.49697385889685475 0.8672238903617622 -0.2698 -0.9994855815123901 -0.023423891133760116 0.021906475594961727 -1.1785 0.009426812285171893 -0.8674493096990292 -0.4974362575374028 1.7459 0.0 0.0 0.0 1.0 
0.028496736025897515 -0.4949177178144686 0.8684724455209782 -0.267 -0.9995403782897163 -0.0230980283163571 0.019634491497048268 -1.1789 0.010342543416452743 -0.8686327956514277 -0.49534846130220694 1.7449 0.0 0.0 0.0 1.0 
0.030033287763032906 -0.49918150361471536 0.865976805737368 -0.2642 -0.9994564624393927 -0.026779662505105578 0.019225747430146878 -1.1789 0.013593429084598596 -0.8660835272218639 -0.499714461028153 1.744 0.0 0.0 0.0 1.0 
0.029368837275259393 -0.5004950668004711 0.8652410990616959 -0.2614 -0.9994514878631691 -0.027956160545430847 0.01775321085482079 -1.1786 0.015303424623167416 -0.8652878949782843 -0.5010415791118067 1.7429 0.0 0.0 0.0 1.0 
0.03174426804384689 -0.49955645699402734 0.8656995135276067 -0.2586 -0.9993724781909772 -0.0294820057251316 0.01963316512557045 -1.1779 0.01571468360435585 -0.8657795086591029 -0.5001788591146342 1.7416 0.0 0.0 0.0 1.0 
0.03598101197654982 -0.5014337782191678 0.8644475304134971 -0.2546 -0.9991854612442461 -0.03386441126868807 0.02194574417850803 -1.1771 0.01826966927086382 -0.8645330344817806 -0.5022438167608017 1.7404 0.0 0.0 0.0 1.0 
0.03610187696568301 -0.5062671155856343 0.8616207182723482 -0.2521 -0.999205101828266 -0.032872224393883806 0.022551748130979377 -1.1761 0.016906181115783347 -0.8617499779750508 -0.5070514337817024 1.7385 0.0 0.0 0.0 1.0 
0.039858750708441595 -0.502984490840588 0.8633758636687712 -0.2479 -0.9990574113024036 -0.034928186742372386 0.02577422535460583 -1.1751 0.01719211777828289 -0.8635893837610118 -0.5039025772325175 1.7372 0.0 0.0 0.0 1.0 
0.046214579175093196 -0.5039783142273434 0.8624790266784661 -0.2432 -0.9987687557282191 -0.03889854017351346 0.030787597396914446 -1.1739 0.018032893632858038 -0.8628399401748477 -0.5051554734794936 1.7355 0.0 0.0 0.0 1.0 
0.04702380570238705 -0.5077600377391402 0.8602142208615307 -0.2395 -0.9987157420291273 -0.040156956552008696 0.03089151119141237 -1.1729 0.018858110204185874 -0.8605621203118496 -0.508996275785884 1.7338 0.0 0.0 0.0 1.0 
0.04807072849098397 -0.5086316128619447 0.8596412550941253 -0.2354 -0.9986518808532298 -0.041350134524889295 0.03137813319941213 -1.1717 0.019586371043472883 -0.8599907259803621 -0.5099336479358045 1.7325 0.0 0.0 0.0 1.0 
0.04974952523060089 -0.5055025691855765 0.8613896547359452 -0.231 -0.9985481677072089 -0.043008626736525446 0.03243169429452547 -1.1705 0.020652881346318985 -0.8617525228121004 -0.5069083229925064 1.731 0.0 0.0 0.0 1.0 
0.04858451972328545 -0.5049089148306677 0.8618042307669269 -0.2265 -0.9986218904155854 -0.04169876131320985 0.03186743302724887 -1.1692 0.01984601788923729 -0.8621648340250609 -0.5062390093073416 1.7298 0.0 0.0 0.0 1.0 
0.04847130527902298 -0.5010769261260294 0.8640442388377096 -0.2231 -0.9986227761081011 -0.04169974115254549 0.03183838290428054 -1.1683 0.0200769420653803 -0.8643975044456688 -0.5024080718951508 1.7282 0.0 0.0 0.0 1.0 
0.04969202276612958 -0.5052119758777106 0.8615634406723337 -0.2186 -0.9985308371360494 -0.0437922126838656 0.03191252726800764 -1.1668 0.02160717847824445 -0.861883461691887 -0.5066458608339939 1.7269 0.0 0.0 0.0 1.0 
0.05202628480827745 -0.49970258356985675 0.864633213370073 -0.214 -0.9984068055551361 -0.0449641321245364 0.03408925700973647 -1.1659 0.021842992245492243 -0.8650292219317781 -0.5012457769336973 1.7256 0.0 0.0 0.0 1.0 
0.05027051481508926 -0.4995599712068418 0.8648194670034 -0.2102 -0.9985043860689397 -0.04377209568297413 0.03275659690214766 -1.1649 0.0214910758529005 -0.8651727219505589 -0.5010132681390232 1.7247 0.0 0.0 0.0 1.0 
0.04908577112300953 -0.4996289501964487 0.864847673985919 -0.2057 -0.9985911987138595 -0.04202196523639529 0.032400189642788624 -1.164 0.02015452615362129 -0.8652196637636398 -0.5009877528565515 1.7238 0.0 0.0 0.0 1.0 
0.04992370910833327 -0.49747205358968394 0.8660422502200048 -0.2014 -0.998561262043008 -0.04185366056780221 0.033521292399764924 -1.1633 0.019571132208992426 -0.8664697496129556 -0.4988458116389475 1.723 0.0 0.0 0.0 1.0 
0.048453968645784995 -0.4935930124958491 0.8683421853956803 -0.198 -0.9986595554162464 -0.039783269625164985 0.033111687268344514 -1.1628 0.01820179382089876 -0.8687826134731311 -0.49485903571471507 1.7224 0.0 0.0 0.0 1.0 
0.04826035582301709 -0.493430035925047 0.8684455870708553 -0.1936 -0.9986679018510083 -0.03973012731578068 0.03292322578327578 -1.162 0.0182581452601428 -0.8688776189029607 -0.4946901287686877 1.7219 0.0 0.0 0.0 1.0 
0.049335192939098216 -0.4894192171995734 0.8706519790211349 -0.19 -0.9986073156826786 -0.04048652550822912 0.033827064863901135 -1.1614 0.018694057951579635 -0.8711083004357314 -0.490735021278566 1.7216 0.0 0.0 0.0 1.0 
0.047604059527875026 -0.4901835207809046 0.8703183150269235 -0.187 -0.9986830585163433 -0.04004496141628447 0.032071010236822406 -1.1609 0.019131182632252774 -0.870698867014311 -0.4914442804948357 1.7212 0.0 0.0 0.0 1.0 
0.04491479129774262 -0.48635641740989455 0.8726053499531691 -0.1835 -0.9988102000321636 -0.03847217881022952 0.02996791232807422 -1.1604 0.018995942577025193 -0.8729131266637054 -0.487505720442134 1.7205 0.0 0.0 0.0 1.0 
0.04697704499256333 -0.4820781959559054 0.8748678587236283 -0.18 -0.9987176918741733 -0.03921407687764816 0.032019183502360715 -1.1599 0.018871385250972705 -0.8752501751833779 -0.4833021846217703 1.7199 0.0 0.0 0.0 1.0 
0.043608380936289465 -0.48207042562547364 0.8750465209629654 -0.1772 -0.9988676369866795 -0.03771343730809176 0.029002421055061955 -1.1595 0.019019802647817663 -0.8753203992731362 -0.4831691688462281 1.7191 0.0 0.0 0.0 1.0 
0.04263559251803664 -0.48210955307625863 0.875072902724822 -0.174 -0.9989204081598568 -0.03674049326017867 0.02842805509955465 -1.159 0.0184451731458527 -0.8753402281328149 -0.4831555242362553 1.7181 0.0 0.0 0.0 1.0 
0.040421825553037 -0.477186221940707 0.8778720781576974 -0.1706 -0.9990245767577712 -0.03493167987373977 0.027012455926007206 -1.1584 0.01777557461562812 -0.8781076741101589 -0.4781327656790856 1.7172 0.0 0.0 0.0 1.0 
0.039631501894533294 -0.4800880314273843 0.8763246123085682 -0.1677 -0.9990423836339719 -0.035309208568732486 0.025837482330936135 -1.1578 0.0185380624806179 -0.8765094077478168 -0.48102764823764144 1.7163 0.0 0.0 0.0 1.0 
0.03943358189618926 -0.47918503170728965 0.876827633008062 -0.164 -0.9990332159270767 -0.03597269572012343 0.025270509235680028 -1.1572 0.01943260387183643 -0.8769764367132742 -0.4801402954933579 1.7151 0.0 0.0 0.0 1.0 
0.04108735657822579 -0.4730503067054731 0.8800768355406654 -0.1599 -0.9989499672100374 -0.037316378384558396 0.026579144367823826 -1.1567 0.020268007807352106 -0.8802447927878462 -0.47408681971702493 1.7139 0.0 0.0 0.0 1.0 
0.0392874407691679 -0.4725409161864671 0.8804326093049164 -0.1569 -0.9990170997523906 -0.03667535983685766 0.024894826433603856 -1.156 0.0205263586671231 -0.8805452858941961 -0.4735173366302203 1.7127 0.0 0.0 0.0 1.0 
0.042587766530745225 -0.4726609804974265 0.8802146781650113 -0.153 -0.9988820570654022 -0.038235160434846566 0.027797636218074906 -1.155 0.020516291446399937 -0.8804144876259892 -0.47376092257968416 1.7109 0.0 0.0 0.0 1.0 
0.04158472563016166 -0.47638999212986105 0.8782501272375518 -0.1493 -0.9989354023215484 -0.037392151063476736 0.027016458456521952 -1.1543 0.019969290997704947 -0.8784386162034077 -0.4774377707928981 1.7092 0.0 0.0 0.0 1.0 
0.03772695652893876 -0.473746503143963 0.8798527874081723 -0.1465 -0.9990630318756555 -0.03656731597991025 0.023149292461070392 -1.1539 0.02120695853927046 -0.8799017457426097 -0.47468219131185146 1.7081 0.0 0.0 0.0 1.0 
0.03933876011932394 -0.46869637426681415 0.8824829577399312 -0.1421 -0.9989692339272189 -0.03846492344864169 0.024102268170358265 -1.1535 0.02264799371114401 -0.8825214775931705 -0.46972642034233864 1.7064 0.0 0.0 0.0 1.0 
0.04150389056937723 -0.47107049762577546 0.8811186147927016 -0.1386 -0.9989298195128932 -0.03758031216746269 0.026961747445866102 -1.1525 0.02041182881428738 -0.8812946762598763 -0.472126096334926 1.7049 0.0 0.0 0.0 1.0 
0.03991279433177952 -0.47008377325446316 0.8817188979325981 -0.1347 -0.9990130735506291 -0.03598558742202651 0.02603682724175377 -1.1518 0.01948968248982813 -0.8818879087620706 -0.471056120494902 1.7038 0.0 0.0 0.0 1.0 
0.038289277119516074 -0.47192522297219813 0.8808067411074384 -0.1305 -0.9990261532748341 -0.03741803531733451 0.02338024178400072 -1.1511 0.021924331929445984 -0.8808441829038958 -0.47289834966281674 1.7028 0.0 0.0 0.0 1.0 
0.03956421178955691 -0.4693317082695943 0.8821351488055647 -0.1266 -0.9989868683256002 -0.03752650921221881 0.02483944482784073 -1.1505 0.021445513714555164 -0.882224182801112 -0.4703409202083412 1.7019 0.0 0.0 0.0 1.0 
0.03835329391195802 -0.46937769669004153 0.8821641585873083 -0.1237 -0.9990494343534422 -0.03631552755683415 0.024112448576108447 -1.1499 0.02071841123661794 -0.8822503954707075 -0.47032434247826277 1.7008 0.0 0.0 0.0 1.0 
0.03690211052815906 -0.4734138736539306 0.8800667806880045 -0.1198 -0.9990757751194135 -0.03690211052815906 0.022041547316621612 -1.1491 0.022041547316621612 -0.8800667806880045 -0.4743380985345172 1.6997 0.0 0.0 0.0 1.0 
0.03603338780566187 -0.471872373249335 0.8809302233022134 -0.1169 -0.9990997390618297 -0.03675949662788405 0.02117665729638618 -1.1487 0.022389872036945258 -0.8809002229377089 -0.4727721341814305 1.6982 0.0 0.0 0.0 1.0 
0.03471529460116696 -0.4727028111922047 0.880537847347711 -0.1137 -0.999087669184882 -0.03834307618957389 0.01880525966425517 -1.1482 0.024873230660163892 -0.8803873356649943 -0.4736026410369973 1.6967 0.0 0.0 0.0 1.0 
0.031153147198876546 -0.4744025285870337 0.8797566267382326 -0.1099 -0.999172224009232 -0.037818078014796835 0.014988653832545218 -1.1474 0.026160049465745794 -0.8794953290640579 -0.47518798171508325 1.6948 0.0 0.0 0.0 1.0 
0.03466554885969092 -0.4815178869448372 0.875750434926775 -0.1064 -0.9990054531088041 -0.041283675451730895 0.01684526046309126 -1.1464 0.028042902509005985 -0.8754634102538925 -0.48247011609580054 1.6934 0.0 0.0 0.0 1.0 
0.03371511925778675 -0.4829981461948196 0.8749720461282182 -0.1026 -0.9990547181515754 -0.040324132518011535 0.016236824681755857 -1.1457 0.027440132516251603 -0.8746923774156474 -0.48390110975121037 1.6919 0.0 0.0 0.0 1.0 
0.02925860946920683 -0.4821316956183953 0.8756100512511604 -0.0986 -0.999216730739409 -0.03745655105659046 0.012764473878412674 -1.145 0.026643175155677046 -0.875297683570039 -0.48284998328108886 1.69 0.0 0.0 0.0 1.0 
0.02917563591541096 -0.49015053137892556 0.871149378039087 -0.0952 -0.9991904601133355 -0.03845113461684112 0.011829398343884245 -1.1439 0.027698496122210536 -0.870789278089501 -0.49087557127742004 1.6887 0.0 0.0 0.0 1.0 
0.03077460618986158 -0.486499559547049 0.8731386500289553 -0.0914 -0.9991180340908286 -0.039939467594432926 0.012961206840085893 -1.1431 0.028567071399378363 -0.8727674475418987 -0.4872996049073528 1.6872 0.0 0.0 0.0 1.0 
0.02783352747755591 -0.490899668320481 0.8707713881329577 -0.0875 -0.9992191564237365 -0.0381007745015472 0.010459847906103492 -1.1418 0.028042328433864172 -0.8703825863522454 -0.491576831421888 1.6853 0.0 0.0 0.0 1.0 
0.02906935509154404 -0.4961503268620211 0.8677498635835514 -0.0841 -0.9991627778233689 -0.03942429623776181 0.010930154548180027 -1.1403 0.028787427930463405 -0.8673410966977568 -0.496880977671999 1.6839 0.0 0.0 0.0 1.0 
0.02860268244011943 -0.4913112586550806 0.8705142926316549 -0.0808 -0.9991709513778169 -0.03929264890389317 0.010653528282403513 -1.1392 0.028970614076651413 -0.8700973134430862 -0.4920278128918585 1.6827 0.0 0.0 0.0 1.0 
0.02909397931566056 -0.4957013853649235 0.868005574241822 -0.077 -0.9991470486864609 -0.03987928369048681 0.01071530837019824 -1.1375 0.029303847336393962 -0.8675769587071969 -0.4964388232719676 1.6814 0.0 0.0 0.0 1.0 
0.03051033276478292 -0.5017545359149465 0.8644718071072988 -0.0739 -0.9990999892990615 -0.040806691160103006 0.011576931336872598 -1.1361 0.029467456238991996 -0.8640469892577258 -0.5025479771897031 1.6804 0.0 0.0 0.0 1.0 
0.02961728858577717 -0.49650949402325745 0.8675258719839976 -0.0709 -0.9991329947251786 -0.04011043139814885 0.011154019210595223 -1.1348 0.02925876053975507 -0.867104074282795 -0.4972669798949594 1.6796 0.0 0.0 0.0 1.0 
0.029864204575042297 -0.49491988385054225 0.8684252632520923 -0.0675 -0.9991624389161908 -0.039096288101971244 0.012078945140074016 -1.1334 0.027974094161371477 -0.8680586321361095 -0.49567293776222776 1.6787 0.0 0.0 0.0 1.0 
0.02833606827417054 -0.49544910757687394 0.868174665050784 -0.0642 -0.9991719232370553 -0.03940823644447891 0.010122189244453406 -1.1321 0.029198202847538934 -0.8677425728299929 -0.4961555121621231 1.6777 0.0 0.0 0.0 1.0 
0.0299600698865735 -0.4984627975815037 0.8663932326834121 -0.0614 -0.9990892033796026 -0.04128150357471262 0.010798201374421834 -1.1309 0.03038351366618436 -0.8659276395229756 -0.4992455960821937 1.6769 0.0 0.0 0.0 1.0 
0.030053134351488722 -0.4944475343757947 0.8686877717945319 -0.0578 -0.9991011630056231 -0.040852139394260675 0.01131232901410345 -1.1295 0.029894400754368666 -0.8682469340323693 -0.49523084147388075 1.6754 0.0 0.0 0.0 1.0 
0.029845731235033965 -0.4998001694754828 0.8656263760533895 -0.0547 -0.9991201457505949 -0.04044519821098237 0.011095958587876154 -1.1278 0.029464668373420266 -0.865195918005831 -0.5005675346880691 1.6741 0.0 0.0 0.0 1.0 
0.028196354959850206 -0.4994180493450836 0.8659021755113734 -0.0522 -0.9991999697207462 -0.03865969703846803 0.010239547595151721 -1.1265 0.02836170088407325 -0.865498145470714 -0.5001085623239386 1.6727 0.0 0.0 0.0 1.0 
0.03166428578728503 -0.5013919779454709 0.8646406522119519 -0.0487 -0.9990730280275771 -0.04111790391895204 0.01274372963930126 -1.1248 0.029162607451819478 -0.8642426756584287 -0.5022291706953816 1.6713 0.0 0.0 0.0 1.0 
0.029704675815506815 -0.5026102750888939 0.8640026293997963 -0.0458 -0.9991571628869793 -0.03942938712467095 0.011414345474657639 -1.1232 0.028330126832360802 -0.8636134753499618 -0.5033578936578059 1.6699 0.0 0.0 0.0 1.0 
0.03358220019628724 -0.49415639163900554 0.8687241774189863 -0.0419 -0.9991452749124012 -0.03756190981377713 0.01725753607454411 -1.1217 0.02410301745008303 -0.8685612031016925 -0.49499543534899537 1.6682 0.0 0.0 0.0 1.0 
0.03094563468124828 -0.5087492293321056 0.8603584074954829 -0.0398 -0.9991225480901067 -0.04004945074406424 0.012254607012523344 -1.1203 0.028222359789842832 -0.8599827109594049 -0.5095421820210819 1.6671 0.0 0.0 0.0 1.0 
0.032066743201923 -0.4966320130829951 0.8673686457104348 -0.0357 -0.9991054532355108 -0.03986409200733591 0.014111962425376212 -1.1188 0.027568411189013042 -0.8670452685699648 -0.497466064123927 1.6657 0.0 0.0 0.0 1.0 
0.028152693765613718 -0.5106266513087728 0.8593415204718833 -0.0343 -0.9992190908270654 -0.038219185455447655 0.010025088022296957 -1.1178 0.0277242558145801 -0.8589526860289284 -0.5113038712969193 1.6644 0.0 0.0 0.0 1.0 
0.026567592975694457 -0.506986268965367 0.8615445932069068 -0.0307 -0.9991916720205998 -0.039478278469523995 0.007580771317009072 -1.1167 0.030168950398644923 -0.8610495854535087 -0.5076253006127499 1.6629 0.0 0.0 0.0 1.0 
0.02721456112554102 -0.5117535761524248 0.8587011383234266 -0.0284 -0.9991366772605443 -0.04089916603801366 0.00729097868286932 -1.1158 0.031388976018711656 -0.8581582228893455 -0.5124248205072597 1.6618 0.0 0.0 0.0 1.0 
0.025765304778075995 -0.5073306038502154 0.8613662446756716 -0.0254 -0.9991871189985928 -0.039793149489835075 0.006450308595083776 -1.1153 0.031004036785312772 -0.8608322505869861 -0.5079434870655982 1.6608 0.0 0.0 0.0 1.0 
0.02259768298631376 -0.5108051981511916 0.8593994381341961 -0.0224 -0.9993013452701074 -0.03713698141736416 0.004203088454908799 -1.1146 0.02976854153302616 -0.8588939947123442 -0.5112875314165878 1.6594 0.0 0.0 0.0 1.0 
0.02036928582503647 -0.5110422094729026 0.8593142337538882 -0.0194 -0.999409145479963 -0.03420761168822942 0.0033465256009207467 -1.114 0.02768487178926926 -0.8588746703912284 -0.5114370424933752 1.6579 0.0 0.0 0.0 1.0 
0.019963038159227522 -0.5132914881022064 0.8579821241431993 -0.0172 -0.9994512386092813 -0.03293332374095957 0.003552158463136945 -1.1135 0.02643291035484574 -0.8575822085544896 -0.5136672627499023 1.6567 0.0 0.0 0.0 1.0 
0.014671658085602848 -0.5194217880400545 0.8543920344656146 -0.0148 -0.9995433219271816 -0.030194792577975346 -0.0011925149675869329 -1.1134 0.026417608517692093 -0.853984356186017 -0.5196275871715822 1.6554 0.0 0.0 0.0 1.0 
0.012695017407282544 -0.518115762291565 0.8552162845725397 -0.0122 -0.999606769594671 -0.027962256640751568 -0.0021019952575763168 -1.1125 0.02500285410777975 -0.8548533026599283 -0.5182670047551531 1.6545 0.0 0.0 0.0 1.0 
0.00937780727875652 -0.5171989032691826 0.8558138531174855 -0.0101 -0.9996689439792932 -0.02535571522430309 -0.004369227481885729 -1.1118 0.023959532006425366 -0.8554895570155246 -0.517265462469141 1.6538 0.0 0.0 0.0 1.0 
0.009663175138117971 -0.513553250514594 0.8580033111428793 -0.0073 -0.999645225405669 -0.02625913005573423 -0.0044588577422078335 -1.111 0.02482028142264442 -0.857655826642955 -0.5136248014411784 1.6533 0.0 0.0 0.0 1.0 
0.0061012957672690465 -0.5142485514343083 0.8576194969435316 -0.0048 -0.9996293201593309 -0.025892542930514226 -0.008414184356534682 -1.1101 0.02653293175950555 -0.8572502572576501 -0.5142159079257839 1.6527 0.0 0.0 0.0 1.0 
0.006238180766005144 -0.5151781899901632 0.8570603932391168 -0.003 -0.9996267840559546 -0.026008456728323512 -0.00835779735099168 -1.1094 0.026596573062708018 -0.8566883871846693 -0.5151481627301506 1.6521 0.0 0.0 0.0 1.0 
0.004154339609105551 -0.5168323280733166 0.8560765655715193 -0.0005 -0.9996603826744542 -0.024170771363538457 -0.009741310120059188 -1.1086 0.025726654923946768 -0.8557453584273812 -0.5167572164531588 1.6511 0.0 0.0 0.0 1.0 
0.0013809313941530038 -0.516430899477503 0.8563277521447858 0.0015 -0.9996451616548575 -0.023492614568173156 -0.012555789134298279 -1.1082 0.026601575301443026 -0.8560065555389214 -0.5162800916807398 1.6501 0.0 0.0 0.0 1.0 
0.0005085113785607831 -0.5172068181421619 0.8558602974104116 0.0035 -0.9996800542998758 -0.021906726184146352 -0.012644539647213848 -1.1078 0.02528893930505982 -0.855580038696061 -0.517052479864154 1.6487 0.0 0.0 0.0 1.0 
-0.0004025044092137581 -0.5202462937789796 0.8540161777152916 0.0063 -0.9997093940365169 -0.02037520698837493 -0.012883261051504058 -1.1073 0.024103225206201895 -0.8537731810905147 -0.5200869059928759 1.6474 0.0 0.0 0.0 1.0 
-0.0007840359821945919 -0.5183010346368944 0.8551978851598638 0.009 -0.9997216678763259 -0.019758520757513304 -0.012891378361216899 -1.1069 0.023579059908227062 -0.854969963420821 -0.5181412834179926 1.6463 0.0 0.0 0.0 1.0 
-0.0025024726217555276 -0.5217766619587301 0.8530784563368029 0.0109 -0.9997525328185024 -0.017551609347703195 -0.013667996645262637 -1.1063 0.022104541473793482 -0.8529015512030159 -0.5216036169369636 1.6452 0.0 0.0 0.0 1.0 
-0.002816953688167742 -0.5226449553793838 0.852545784922077 0.0138 -0.999776548433062 -0.016389341466253093 -0.013350756142463116 -1.1055 0.020950369333061325 -0.8523928906923051 -0.5224820015292622 1.6442 0.0 0.0 0.0 1.0 
0.0003017429176142977 -0.5163388444659316 0.8563843218128169 0.0162 -0.9997664600021527 -0.018661088881214996 -0.010899046588184413 -1.1048 0.021608665066951527 -0.8561810331100275 -0.5162238895447113 1.6435 0.0 0.0 0.0 1.0 
0.0003540872894162578 -0.5220795702892966 0.8528967094019855 0.0177 -0.9997266452525115 -0.020123440996520706 -0.01190302039897545 -1.1043 0.023377540382819362 -0.8526593513291243 -0.5219439828148676 1.6433 0.0 0.0 0.0 1.0 
0.0021143673003934382 -0.5201148773035611 0.8540936973531774 0.0204 -0.9997312794070015 -0.020815916674497725 -0.010201303261878514 -1.1033 0.023084592830705797 -0.8538426154863098 -0.5200191242188489 1.6422 0.0 0.0 0.0 1.0 
-0.002131267210867191 -0.5200514562896047 0.8541322734279138 0.0216 -0.9997301483378253 -0.01864978042569508 -0.013849772362840351 -1.1022 0.023131973640504955 -0.8539313019799274 -0.5198713718741977 1.6417 0.0 0.0 0.0 1.0 
-0.0014074713662559357 -0.5206303739571463 0.853781021537487 0.0233 -0.9997407276429446 -0.018670959996880482 -0.013033523880764286 -1.1014 0.022726559711243877 -0.8535780040312876 -0.5204691100513599 1.6413 0.0 0.0 0.0 1.0 
0.002508725294580197 -0.5232959990880998 0.852147289871759 0.0254 -0.9996828347295971 -0.022666198051313355 -0.010976038123825471 -1.1006 0.02505865607715957 -0.8518494824816683 -0.5231868910354316 1.6405 0.0 0.0 0.0 1.0 
0.0023807071814970354 -0.5203200941218467 0.8539679923078782 0.028 -0.9996718879845379 -0.023017962917802157 -0.011237871530855481 -1.0997 0.025503893952596668 -0.8536610410673238 -0.5202041698767007 1.6397 0.0 0.0 0.0 1.0 
0.003709442849215608 -0.5206342820691279 0.8537717402023288 0.0301 -0.9996978376885819 -0.022677352467786557 -0.009485304730261157 -1.0989 0.02429965749805002 -0.8534785773640814 -0.520561086354005 1.6387 0.0 0.0 0.0 1.0 
0.005348476417515832 -0.5230366409261957 0.852293415467146 0.0329 -0.9996682897557239 -0.024269331157280652 -0.008620326098501774 -1.0982 0.025193337549390793 -0.8519645953992572 -0.5229929482596324 1.6371 0.0 0.0 0.0 1.0 
0.006394221395626856 -0.5269025470915062 0.8499016530171162 0.0357 -0.9996484682739791 -0.02523729391511298 -0.008125199894731594 -1.0979 0.02573040633629503 -0.8495509312950725 -0.5268786969744021 1.6358 0.0 0.0 0.0 1.0 
0.007430658403039733 -0.5263525382965467 0.8502339623565266 0.0382 -0.9996593560328045 -0.02518332400333184 -0.006853618622414126 -1.0974 0.02501913691108526 -0.8498934083877374 -0.5263603681578798 1.6345 0.0 0.0 0.0 1.0 
0.007567536779937475 -0.5273147367817295 0.8496363344160254 0.0413 -0.9996191392867868 -0.026538816074354057 -0.007567536779937489 -1.097 0.026538816074354044 -0.8492554737028118 -0.5273147367817295 1.6329 0.0 0.0 0.0 1.0 
0.009136819463432089 -0.5337305417469865 0.8456052432054575 0.0435 -0.9996152489720732 -0.027022677511771745 -0.006255311550587561 -1.0965 0.026189168612095692 -0.8452227420665887 -0.5337720896982572 1.6306 0.0 0.0 0.0 1.0 
0.008567730763247308 -0.5354029993397146 0.8445532678804848 0.0458 -0.9996455293430809 -0.02587639795177747 -0.006263201532177187 -1.0961 0.025207333336946358 -0.8442002371043724 -0.5354349166975957 1.6287 0.0 0.0 0.0 1.0 
0.009620170094451111 -0.5378442545422573 0.842989329815768 0.0485 -0.9996384964467884 -0.026339104491485188 -0.005397035870843503 -1.0955 0.025106348777916232 -0.8426326657746367 -0.5379032085985093 1.6264 0.0 0.0 0.0 1.0 
0.0107597596945634 -0.5377687208625488 0.8430237425085803 0.0512 -0.9996273434300644 -0.026936904897633368 -0.004424638006368109 -1.0952 0.02508788229936504 -0.8426619761306389 -0.5378581524392274 1.6249 0.0 0.0 0.0 1.0 
0.011637258165949058 -0.5342340260110099 0.8452565170848705 0.0539 -0.9996440334208385 -0.026511255226837296 -0.0029932912344712292 -1.0949 0.024007929283799634 -0.8449208003111087 -0.5343523748736774 1.6231 0.0 0.0 0.0 1.0 
0.007058165291041127 -0.5393195792973953 0.8420715965339319 0.0566 -0.9996671465460634 -0.02470247847418 -0.007442020806480987 -1.0947 0.02481488301757162 -0.8417387830816121 -0.5393144190888196 1.621 0.0 0.0 0.0 1.0 
0.005769616579369197 -0.5430098826826562 0.8397064837391068 0.0589 -0.9996658978817925 -0.024289393994757977 -0.00883843603568446 -1.0946 0.02519531973832717 -0.83937494163713 -0.5429686024209393 1.6194 0.0 0.0 0.0 1.0 
0.0033221777463087465 -0.5402213191937458 0.8415164225513314 0.0618 -0.9996312246710696 -0.024474362665137667 -0.011765212907256517 -1.0945 0.026951396951543916 -0.8411670059273035 -0.5401034070820662 1.618 0.0 0.0 0.0 1.0 
0.0022507848918979223 -0.5375153263869079 0.8432509756096025 0.0642 -0.9996230942991107 -0.024281364580425485 -0.012809554168042914 -1.0944 0.027360616061082532 -0.8429043179586213 -0.5373673859246296 1.6166 0.0 0.0 0.0 1.0 
0.002793259749257218 -0.5362835322592547 0.8440332758413674 0.0672 -0.9997011953754951 -0.021994294322645255 -0.010666348112397472 -1.0942 0.02428410312898477 -0.8437512809144563 -0.5361847240368146 1.6149 0.0 0.0 0.0 1.0 
0.00287368123280822 -0.5309912933783494 0.847372402378411 0.0731 -0.9998144744396267 -0.017665007276375946 -0.0076788162459272 -1.0935 0.019046224223854324 -0.8471931266684789 -0.5309435445209797 1.6124 0.0 0.0 0.0 1.0 
0.007241531420561734 -0.5365712570689509 0.8438239427215436 0.0747 -0.9998229621890533 -0.018540373495284798 -0.0032091790480224813 -1.0934 0.017366764298277992 -0.8436513146069893 -0.5366105243653976 1.6118 0.0 0.0 0.0 1.0 
0.006715646498149638 -0.5367422177772609 0.8437195575235052 0.0769 -0.9998450876119895 -0.01733179954770943 -0.0030674912569190194 -1.0932 0.01626963030573053 -0.8435682547251204 -0.5367754639974982 1.611 0.0 0.0 0.0 1.0 
0.006777027752598502 -0.535988998092859 0.8441977646370865 0.0792 -0.9998466134872087 -0.017266413131901664 -0.00293606466530566 -1.0932 0.01614996572754479 -0.8440483782941424 -0.5360237995705298 1.6104 0.0 0.0 0.0 1.0 
0.00757685664587239 -0.5306838794610007 0.8475359646195493 0.0814 -0.9998510028190266 -0.017166675206505153 -0.0018103657478799606 -1.0931 0.015510106548784153 -0.8473959672682991 -0.5307348784960989 1.61 0.0 0.0 0.0 1.0 
0.008255425513109996 -0.5309373686813775 0.8473708506240298 0.0832 -0.9998127946370766 -0.019211954119896374 -0.002297063101746988 -1.0935 0.017499246543663083 -0.847193255023073 -0.5309965772147821 1.6093 0.0 0.0 0.0 1.0 
0.005231875760434393 -0.5338106787045485 0.8455878350455481 0.0859 -0.9998536597693546 -0.016565488093272615 -0.004271258603688988 -1.0938 0.016287618667421067 -0.8454417448323812 -0.5338192293023206 1.6078 0.0 0.0 0.0 1.0 
0.00752563949244188 -0.5358129428590281 0.8443031771910952 0.0881 -0.9998093848155944 -0.01924321291434064 -0.0033004229116891937 -1.0947 0.018015515115934078 -0.8441174023922746 -0.5358556262591878 1.6062 0.0 0.0 0.0 1.0 
0.005554145701334556 -0.537019072227932 0.8435518167421492 0.0908 -0.9998414163975449 -0.01725581574865158 -0.004402144818225706 -1.095 0.016920210450239392 -0.8433935931024734 -0.5370297511237341 1.6045 0.0 0.0 0.0 1.0 
0.002887334902190411 -0.5423176702756136 0.8401685591617871 0.0933 -0.9998535083763911 -0.015740099981083264 -0.006723915526510138 -1.0951 0.016870835325636158 -0.8400260673094713 -0.5422836722196225 1.6026 0.0 0.0 0.0 1.0 
0.0014247952454996549 -0.5405174191571882 0.8413316168706373 0.0967 -0.9998617017256142 -0.01471047012742778 -0.007757544133865424 -1.0955 0.016569471351470966 -0.8412042092478393 -0.54046362593874 1.6008 0.0 0.0 0.0 1.0 
0.001535721996438616 -0.5391864009423212 0.8421850548405713 0.0999 -0.9998603998185197 -0.014840219292285045 -0.007677809981152917 -1.0961 0.01663798162937602 -0.8420556946724032 -0.5391339208740971 1.5995 0.0 0.0 0.0 1.0 
-0.0009521505520920237 -0.5387765064914117 0.8424481998688325 0.1026 -0.9998541437879841 -0.013852859993307043 -0.009989465451333501 -1.0968 0.017052406261982622 -0.8423348350406245 -0.5386847325827608 1.5977 0.0 0.0 0.0 1.0 
-0.0027974885487633133 -0.5415607178944384 0.8406569828958061 0.1052 -0.9998623618795461 -0.01223283418408165 -0.011207812653689808 -1.0977 0.016353328544213397 -0.8405726301762895 -0.5414519572815669 1.5957 0.0 0.0 0.0 1.0 
-0.006085331647834674 -0.5379917513531121 0.8429281370406064 0.1081 -0.9999096568578656 -0.00682941752714164 -0.01157744266345584 -1.0986 0.011985276847928827 -0.8429224368423535 -0.5379015882172381 1.5942 0.0 0.0 0.0 1.0 
-0.0073361980318972925 -0.5354243074875435 0.844551354951208 0.1109 -0.9999277507087656 -0.004114569636071777 -0.011294409201845712 -1.0998 0.009522266586564687 -0.8445731947369597 -0.5353554381631517 1.5928 0.0 0.0 0.0 1.0 
-0.008422888242875307 -0.5327994415549441 0.8461996277666326 0.1137 -0.9999203058535134 -0.003470630576908898 -0.012138231552187684 -1.1011 0.009404089294765994 -0.8462344295773707 -0.5327277478247193 1.5913 0.0 0.0 0.0 1.0 
-0.010288400319285781 -0.5311298956644612 0.8472279402559435 0.1164 -0.9999120517909141 -0.001626491816746109 -0.013162188558680066 -1.1022 0.008368841147632644 -0.84728884594088 -0.5310664497424189 1.5896 0.0 0.0 0.0 1.0 
-0.007903149134194723 -0.5273218591323682 0.8496288584522924 0.1199 -0.9999335874862864 -0.002959762026992732 -0.011138241582443864 -1.1036 0.008388137491004033 -0.8496604596483976 -0.5272634469214659 1.5881 0.0 0.0 0.0 1.0 
-0.007189869940263008 -0.5218271241023239 0.8530209600715215 0.1233 -0.999935630179592 -0.0037357995771190727 -0.010713510109306934 -1.1046 0.008777315511289685 -0.853043080009807 -0.5217666742709789 1.5865 0.0 0.0 0.0 1.0 
-0.0057436266991442025 -0.5227996284194483 0.8524362493916056 0.1264 -0.9999420805374926 -0.004756435860275202 -0.00965463040502984 -1.1054 0.0091019955334814 -0.8524423293351837 -0.5227420289539713 1.5847 0.0 0.0 0.0 1.0 
-0.003209947742908767 -0.5198746101818801 0.8542365515029935 0.1294 -0.9999671489996873 -0.004689352790792453 -0.006611421317779087 -1.106 0.007442926637116043 -0.854229711294709 -0.5198424792034918 1.5828 0.0 0.0 0.0 1.0 
-0.002020922422733523 -0.5140769710018271 0.8577416765892563 0.1326 -0.9999623021932584 -0.006204379029227963 -0.006074526584043338 -1.1068 0.00844452869732032 -0.857721617756279 -0.5140450528588247 1.5812 0.0 0.0 0.0 1.0 
-0.0005634860199073277 -0.5154261735661145 0.8569338026280088 0.135 -0.9999730692343585 -0.005980040012537741 -0.004254400952618975 -1.1075 0.0073173280316359834 -0.8569131220400596 -0.5154089230756832 1.5796 0.0 0.0 0.0 1.0 
-0.00203322467457602 -0.5129911464047151 0.8583914897689742 0.1377 -0.9999789424372024 -0.004247148435040274 -0.004906772090198186 -1.1081 0.0061628467121215835 -0.8583833907063597 -0.5129717086544403 1.5777 0.0 0.0 0.0 1.0 
0.000249462701105832 -0.5091117291673541 0.8607004037367401 0.1405 -0.9999889189916282 -0.004173179759358145 -0.0021786382560813333 -1.1087 0.004701027793529267 -0.8606903228193765 -0.509107128748716 1.5761 0.0 0.0 0.0 1.0 
0.0015033509389623806 -0.504088914149853 0.8636504539263419 0.1434 -0.9999957599127389 -0.002911779924430896 4.1160847090271346e-05 -1.1094 0.0024940113267531427 -0.8636468538522523 -0.5040911541959532 1.5748 0.0 0.0 0.0 1.0 
0.0013520217233904397 -0.5014069134173481 0.8652105403972769 0.146 -0.9999990199697565 -0.0003634512161045794 0.0013520217233903842 -1.1098 -0.0003634512161044823 -0.8652115204275206 -0.501406913417348 1.5733 0.0 0.0 0.0 1.0 
0.0045502834626336 -0.5012997860027133 0.8652617057711749 0.1487 -0.9999877505560022 -0.0005957429592270969 0.004913636970017898 -1.1102 -0.0019477315924630312 -0.8652734652374128 -0.501296356158394 1.5719 0.0 0.0 0.0 1.0 
0.006376776556540717 -0.4940489732135544 0.8694106905182272 0.1517 -0.999963900019494 0.0017320390646987927 0.008318575507969217 -1.1104 -0.005615636967555959 -0.8694323505065308 -0.49402009322914964 1.5709 0.0 0.0 0.0 1.0 
0.01113978813755076 -0.4864802542173397 0.8736205511415602 0.1546 -0.9999118023107798 0.0008987764520569097 0.013250652832895726 -1.1107 -0.007231370538091808 -0.8736911092929367 -0.48642733560380735 1.5701 0.0 0.0 0.0 1.0 
0.013350649953221883 -0.4815853586832222 0.8762974965431424 0.1576 -0.9998934443900911 -0.0012551482878905285 0.01454388079211133 -1.1111 -0.005904236745446156 -0.8763982923903535 -0.48155080010703566 1.5687 0.0 0.0 0.0 1.0 
0.015624675789014913 -0.4811097774208307 0.8765211073194796 0.1607 -0.9998731930370267 -0.004820434550592584 0.015177656495126979 -1.1119 -0.003076906308093874 -0.876647104301852 -0.48112408707811444 1.5676 0.0 0.0 0.0 1.0 
0.01881025284745086 -0.47829447435272077 0.8779980468039037 0.1635 -0.9998203930025115 -0.006965711384115392 0.01762556669207832 -1.1122 -0.002314330166303391 -0.878171893576974 -0.47833959611066457 1.5664 0.0 0.0 0.0 1.0 
0.021355609712170903 -0.47511288864275575 0.8796656643176188 0.1667 -0.9997637102244752 -0.006577863751029506 0.02071848031744372 -1.1123 -0.004057296145568656 -0.8799002640947491 -0.4751410986159564 1.5649 0.0 0.0 0.0 1.0 
0.025016869669354375 -0.4753542030576201 0.8794387630002454 0.1697 -0.9996796062797171 -0.008505433293507364 0.023839932737318215 -1.113 -0.0038524044928719414 -0.8797533968334222 -0.4754146818722354 1.5632 0.0 0.0 0.0 1.0 
0.02322270030916107 -0.4808053715545442 0.8765197663912934 0.1723 -0.999728259635777 -0.009389983685377246 0.021336238937746 -1.1136 -0.002028071983714519 -0.8767770656733016 -0.48089277810479114 1.5617 0.0 0.0 0.0 1.0 
0.026548336079501217 -0.4767061570994427 0.8786617242345836 0.1752 -0.9996448818284756 -0.010636673807333269 0.024432998269752704 -1.114 -0.002301322563918906 -0.8789983509391801 -0.47681925607158415 1.5607 0.0 0.0 0.0 1.0 
0.02548521921006139 -0.47415032394214246 0.8800749819801587 0.1779 -0.9996739483469181 -0.010695144224381253 0.02318643755523836 -1.1146 -0.0015813280173330169 -0.8803789435212437 -0.4742682945402534 1.5594 0.0 0.0 0.0 1.0 
0.02607788747902065 -0.4800741551056294 0.8768402074404706 0.1803 -0.9996588161995041 -0.013823528491247322 0.022162158167874424 -1.1155 0.001481546232064923 -0.8771189860330626 -0.48027085000142833 1.5581 0.0 0.0 0.0 1.0 
0.028305293224724776 -0.4751355426645423 0.8794572340212645 0.1828 -0.9995968437931326 -0.01541447324683451 0.023844158473934673 -1.116 0.002227162829663565 -0.879777591275996 -0.4753803000065703 1.5569 0.0 0.0 0.0 1.0 
0.02823115313676891 -0.4719959767842661 0.8811485685694752 0.1856 -0.999598542464335 -0.01544595467930035 0.023752397504722966 -1.1163 0.0023991447946446476 -0.8814653824079037 -0.47224254755447725 1.5559 0.0 0.0 0.0 1.0 
0.026449882917184225 -0.47887734569860035 0.8774832713336082 0.188 -0.9996444787786309 -0.015624954689893195 0.02160501882290572 -1.1168 0.003364482288045534 -0.8777427576275421 -0.47912037286190545 1.5542 0.0 0.0 0.0 1.0 
0.026214955309387528 -0.4828798204059325 0.8752941535066145 0.1906 -0.9996513328802172 -0.015431235105820923 0.02142637752662918 -1.1173 0.003160504537502662 -0.8755506587444515 -0.48311598522841814 1.5521 0.0 0.0 0.0 1.0 
0.028200997264135053 -0.47900880425353615 0.8773569793424486 0.1935 -0.9996020307442026 -0.012903105871191922 0.025085653089828686 -1.1172 -0.0006956186991931013 -0.8777152586724662 -0.4791820539295592 1.5507 0.0 0.0 0.0 1.0 
0.02651636687058423 -0.48045054138396964 0.8766208756194638 0.1958 -0.9996471457833922 -0.014121898756690232 0.02249790885001085 -1.1177 0.0015704187665042668 -0.8769081190520227 -0.4806554738329124 1.5493 0.0 0.0 0.0 1.0 
0.03274612867879184 -0.4820827708799922 0.8755135025099388 0.1982 -0.9994628765995883 -0.016920407043464036 0.028065247634026236 -1.1183 0.0012842724896725555 -0.8759622719307905 -0.48237791076916015 1.5476 0.0 0.0 0.0 1.0 
0.03239948345794355 -0.4810457406531258 0.876096609325218 0.2015 -0.9994749975823966 -0.015548423917701254 0.028424913743816782 -1.1183 -5.176221024638661e-05 -0.8765576090099045 -0.48129695137982387 1.5459 0.0 0.0 0.0 1.0 
0.032920588086483016 -0.4743706579905972 0.8797094484644392 0.2046 -0.9994483264509127 -0.011758209958721455 0.03106102466172339 -1.1184 -0.004390630308927945 -0.8802466832292721 -0.47449604743280605 1.5441 0.0 0.0 0.0 1.0 
0.029791225146557382 -0.48444072659440784 0.874316684800736 0.2059 -0.9995544960156301 -0.012850613380754022 0.026938285592784827 -1.1187 -0.0018144969570595415 -0.874729697765213 -0.4846077418370165 1.5427 0.0 0.0 0.0 1.0 
0.03121695164545127 -0.4899794301516302 0.8711748733510677 0.2085 -0.9995125512234961 -0.015653970708533443 0.02701135220150591 -1.1187 0.0004023389901290919 -0.8715934323004848 -0.49022925952455854 1.5407 0.0 0.0 0.0 1.0 
0.03512892116882606 -0.4856228905452115 0.873462287151556 0.2113 -0.9993821214122172 -0.01605973337672459 0.031264362547223756 -1.1184 -0.0011551186649582101 -0.8740208768344045 -0.48588699566718996 1.5388 0.0 0.0 0.0 1.0 
0.035665015720650436 -0.48776664731065145 0.8722452088862243 0.2133 -0.9993635423765996 -0.01677941643108624 0.031479538635869664 -1.1184 -0.0007189034293825225 -0.872812780013881 -0.48805464266032805 1.5371 0.0 0.0 0.0 1.0 
0.034482720688323296 -0.49028625395037634 0.870879056563676 0.2156 -0.9994036490621188 -0.018497519447907756 0.029157983736809 -1.1184 0.0018133436664961033 -0.871365153630544 -0.4906317160795517 1.5352 0.0 0.0 0.0 1.0 
0.036818094139949756 -0.49407067250949444 0.8686418125498669 0.2177 -0.9993143280439832 -0.02160545633683586 0.030067890223289984 -1.1185 0.003911740009833631 -0.8691532516320084 -0.4945273738304104 1.5333 0.0 0.0 0.0 1.0 
0.040238875666095034 -0.4960314368737945 0.867371688792093 0.2202 -0.9991656135213548 -0.026051275614540514 0.031454853287685824 -1.1183 0.006993542852027024 -0.8679136735135438 -0.4966658289902808 1.5317 0.0 0.0 0.0 1.0 
0.03996076376623238 -0.494751044794817 0.8681155113426191 0.2228 -0.9991664760188593 -0.027034017451896486 0.030586191336376245 -1.1185 0.00833609976393207 -0.8686141638120162 -0.49541895791933344 1.5296 0.0 0.0 0.0 1.0 
0.041085898526840275 -0.4998239074930295 0.8651520157987505 0.2249 -0.999116387778038 -0.028225236105045265 0.031141286424606507 -1.1186 0.008853960447569142 -0.8656670246377725 -0.5005419161660479 1.5274 0.0 0.0 0.0 1.0 
0.04402128795703819 -0.4947410161145969 0.8679247969614072 0.2277 -0.998988034298522 -0.029818330738157317 0.03367156783348957 -1.1187 0.00922136296753101 -0.8685287526189829 -0.4955529964989971 1.5257 0.0 0.0 0.0 1.0 
0.04181582103301994 -0.503088074241498 0.8632229298780909 0.2297 -0.9990557377518674 -0.03125163151454993 0.030182252943586008 -1.1186 0.011792793409801827 -0.8636699167411469 -0.5039198397959084 1.5242 0.0 0.0 0.0 1.0 
0.04639478507671618 -0.5061029006540754 0.8612243481620898 0.2325 -0.998840430375572 -0.034601087189023716 0.03347475784049009 -1.1186 0.012857626718301762 -0.861778752763648 -0.5071213491071975 1.5224 0.0 0.0 0.0 1.0 
0.045211373240371985 -0.5098111527094786 0.8590975033735997 0.2348 -0.9989084057775242 -0.033181426295849276 0.032878409571908296 -1.1185 0.011744300606030322 -0.8596461955490791 -0.5107548236495368 1.5211 0.0 0.0 0.0 1.0 
0.0463847415136447 -0.5072910810292097 0.8605255457352372 0.237 -0.9988645864354211 -0.032922133528734965 0.03443357502657729 -1.1185 0.010862491422650222 -0.8611456858349414 -0.5082421805084275 1.52 0.0 0.0 0.0 1.0 
0.04633263094633651 -0.507175746750908 0.8605963334904754 0.2394 -0.9988907926308038 -0.030763246413771622 0.035648380993955564 -1.1186 0.008394742818885581 -0.8612934369758918 -0.5080385258179348 1.5185 0.0 0.0 0.0 1.0 
0.04583801979754483 -0.5129346412234991 0.8572029688317465 0.2413 -0.9989014874557419 -0.03189462215232303 0.03433003694240422 -1.1188 0.009731099616496541 -0.857834941530526 -0.513833162407384 1.5172 0.0 0.0 0.0 1.0 
0.048270764937939206 -0.5090483791025925 0.8593833143512443 0.2439 -0.9987832963416342 -0.033293229201587865 0.03637977237792811 -1.119 0.010092581495610653 -0.8600937789696853 -0.510036107718268 1.5161 0.0 0.0 0.0 1.0 
0.04644967016799176 -0.5124371100748633 0.8574675716080504 0.2461 -0.9988805011763948 -0.031521585701106386 0.03527228380020264 -1.1193 0.008953910368046492 -0.8581460236189469 -0.5133276045919514 1.5145 0.0 0.0 0.0 1.0 
0.04550130188659224 -0.5162286782083658 0.8552412427624552 0.2482 -0.9989497588833354 -0.0281291142385261 0.03616810969738771 -1.1197 0.0053861631567864166 -0.8559887293226468 -0.5169664249436797 1.5126 0.0 0.0 0.0 1.0 
0.047704999966449585 -0.5143206780880486 0.8562700935272997 0.2515 -0.9988460576643562 -0.029325123485570065 0.03803406658417169 -1.1203 0.005548519313671507 -0.8570964223607549 -0.5151261366984011 1.5113 0.0 0.0 0.0 1.0 
0.04612004813308683 -0.5170164578248533 0.8547320770267393 0.253 -0.9989195745823294 -0.028762300438027258 0.0365022408869774 -1.121 0.005711801507407521 -0.8554920878720941 -0.5177843787830854 1.5096 0.0 0.0 0.0 1.0 
0.04810655650463057 -0.5161299916585034 0.8551582256704662 0.2563 -0.9988344546016272 -0.02823147184185648 0.03914992079573543 -1.1219 0.003935927074613765 -0.8560448678125672 -0.516886537617133 1.5079 0.0 0.0 0.0 1.0 
0.04526955725870578 -0.517291363872447 0.8546112051971845 0.2584 -0.9989741225259638 -0.024443811541060984 0.03812089454387757 -1.1222 0.0011703457100787906 -0.855460194831021 -0.517867246840916 1.506 0.0 0.0 0.0 1.0 
0.04105083678251942 -0.5179721734217808 0.8544118774690412 0.2607 -0.999155011593241 -0.02301228427145985 0.034054332774554386 -1.1231 0.0020227722475647525 -0.8550878681944485 -0.5184791664658362 1.5045 0.0 0.0 0.0 1.0 
0.039469100321532155 -0.5202012476139244 0.853131204505336 0.2635 -0.9992151774663842 -0.02340980385456759 0.031953250293407176 -1.1242 0.003349513491730516 -0.8537228139533388 -0.5207169458496252 1.5027 0.0 0.0 0.0 1.0 
0.04068756848322795 -0.525839892181806 0.8496098690346938 0.2654 -0.999167163950004 -0.024035827399891088 0.032973587692406214 -1.1246 0.0030822483723397798 -0.8502438984147017 -0.526379913136455 1.501 0.0 0.0 0.0 1.0 
0.03772003473597271 -0.5241320439368314 0.8508012690976176 0.2682 -0.9992840623179887 -0.022277309035525966 0.030579148114259214 -1.1254 0.0029260513965314594 -0.8513455949382338 -0.5245970989268715 1.4993 0.0 0.0 0.0 1.0 
0.03042789916676014 -0.5325600841235381 0.8458450802307873 0.2725 -0.9995350860243861 -0.017852690663257675 0.024716254617250633 -1.1272 0.0019377199282167856 -0.8462038987350575 -0.532855709368932 1.4951 0.0 0.0 0.0 1.0 
0.02961331738362266 -0.5358749340410499 0.8437778774654128 0.2745 -0.9995557654904573 -0.01871769731389457 0.023193091256907716 -1.128 0.0033649826630545165 -0.8440898665863521 -0.5361911730137969 1.494 0.0 0.0 0.0 1.0 
0.02700673667580944 -0.535752202528639 0.8439432526300781 0.2769 -0.9996283687166765 -0.017607018353941184 0.020811471872994147 -1.1287 0.0037095324449231692 -0.844191666856761 -0.5360286083584008 1.4926 0.0 0.0 0.0 1.0 
0.02625647953233949 -0.5436464274480736 0.8389035458296232 0.279 -0.9996479794147412 -0.017477315542878305 0.019961480241710794 -1.1294 0.0038097945605223837 -0.839132352709846 -0.5439139454923411 1.4908 0.0 0.0 0.0 1.0 
0.02453830789181051 -0.5421830783580766 0.8399020067769613 0.2814 -0.9996907835187616 -0.016691649664927033 0.018431662407606297 -1.1299 0.0040260145865773644 -0.8400945770409564 -0.5424250112530999 1.4896 0.0 0.0 0.0 1.0 
0.02044030624164686 -0.5545130749274563 0.8319239410037701 0.2854 -0.9997815519638475 -0.014968495433226078 0.01458740885919435 -1.1312 0.004363740769970481 -0.832040379956984 -0.5546979032658494 1.4863 0.0 0.0 0.0 1.0 
0.02118003936345511 -0.5550782710675886 0.8315284233994527 0.2878 -0.9997628097958335 -0.015978872734007152 0.01479864099471817 -1.1318 0.0050724827947113416 -0.8316446288017301 -0.5552850450926355 1.4852 0.0 0.0 0.0 1.0 
0.020649781139900666 -0.559794843219847 0.8283739011118958 0.2898 -0.9997646945173821 -0.017067877681550075 0.01338817194440639 -1.1326 0.006643954804146979 -0.8284554430118221 -0.5600155683627428 1.4834 0.0 0.0 0.0 1.0 
0.017225430503279723 -0.5622999076568983 0.8267539527531876 0.2921 -0.9998245726038198 -0.015770317994526467 0.010105497906594818 -1.1333 0.007355852198444257 -0.8267829890118656 -0.5624729153648552 1.4818 0.0 0.0 0.0 1.0 
0.017021203199280327 -0.5628394345940179 0.826390978597622 0.2941 -0.9998409668813656 -0.013980465973536887 0.011071924715191417 -1.1335 0.0053216151105560106 -0.8264480125434686 -0.5629878888356 1.4802 0.0 0.0 0.0 1.0 
0.015446118757018762 -0.5697830984876884 0.8216499486357391 0.2956 -0.9998616679513022 -0.013872175446918295 0.009176475903608095 -1.1342 0.006169471369870949 -0.8216780290516101 -0.5699185504937326 1.4785 0.0 0.0 0.0 1.0 
0.0132227686374181 -0.5702202702800268 0.8213854160814729 0.2982 -0.9998897427630462 -0.01309167192270179 0.007007884382417451 -1.1347 0.006757270662797299 -0.8213875160288482 -0.5703305075174815 1.4767 0.0 0.0 0.0 1.0 
0.012925061386053482 -0.5718868501460241 0.8202306830509488 0.3003 -0.999897822004572 -0.012401660429928685 0.00710945631495663 -1.135 0.00610641782719501 -0.8202387636832583 -0.5719887081164103 1.4751 0.0 0.0 0.0 1.0 
0.010217674047265216 -0.575487824030008 0.8177465154497879 0.3021 -0.999929191773746 -0.01086915772759904 0.004844878635790195 -1.1353 0.006100047193817848 -0.8177381156602027 -0.5755581322687866 1.4731 0.0 0.0 0.0 1.0 
0.012388738236544933 -0.5803717115493223 0.8142574504407168 0.3041 -0.9999058157560579 -0.012000100724538637 0.006660120105011935 -1.1357 0.005905826116524793 -0.8142632707029779 -0.5804657157851532 1.4714 0.0 0.0 0.0 1.0 
0.012253700772481071 -0.5808834675564665 0.8138944918949593 0.3064 -0.9999018950300023 -0.012642100448808577 0.006031385549992052 -1.136 0.006785803768818821 -0.8138885515940237 -0.580981392517345 1.4699 0.0 0.0 0.0 1.0 
0.011535943797309628 -0.5841125317831166 0.8115907048596742 0.3101 -0.9998797976680747 -0.015146893849740634 0.003310864230766042 -1.1366 0.01035916096772277 -0.8115313437080678 -0.5842170538108439 1.4674 0.0 0.0 0.0 1.0 
0.012082810255725357 -0.5842494411878246 0.8114841934184783 0.312 -0.9998463090278075 -0.01736903974260537 0.002382180070742479 -1.137 0.012702913830841545 -0.811388259053663 -0.5843695141347396 1.4665 0.0 0.0 0.0 1.0 
0.013790672938332013 -0.5800478489774761 0.8144656593353161 0.315 -0.9997890336265121 -0.020399139338794572 0.0024006987319887263 -1.1373 0.01522187833591132 -0.814326941719872 -0.5802067962451725 1.4653 0.0 0.0 0.0 1.0 
0.01042145754933689 -0.5865583003525616 0.8098399554912448 0.3159 -0.9998027208365443 -0.019807281986000555 -0.0014801986926857857 -1.1375 0.016908951191311083 -0.8096647651144522 -0.586649005370135 1.4641 0.0 0.0 0.0 1.0 
0.011881686239143138 -0.58791461313957 0.8088357269489671 0.3177 -0.9997653492843153 -0.021637075993081914 -0.0010408231745106522 -1.1376 0.018112755243903655 -0.8086335663323772 -0.5880337435029176 1.4628 0.0 0.0 0.0 1.0 
0.011969102108551233 -0.5903641490351422 0.8070482712506899 0.3197 -0.9997553509945262 -0.022079067766694604 -0.0013239805003163463 -1.1378 0.01860050409334607 -0.8068349808359612 -0.5904839836497745 1.4615 0.0 0.0 0.0 1.0 
0.011728084198857097 -0.5918925685648346 0.8059315351310851 0.3219 -0.9997366315829432 -0.022840975453899598 -0.0022265020784384415 -1.138 0.01972611244557465 -0.8056931656145764 -0.5920045636392912 1.4601 0.0 0.0 0.0 1.0 
0.012185980620646103 -0.5930075757631063 0.8051046621178374 0.3239 -0.9997362232763313 -0.022901293753977897 -0.0017362642573758857 -1.1382 0.01946755622800833 -0.8048711361652607 -0.5931302288895344 1.4585 0.0 0.0 0.0 1.0 
0.012600195604681938 -0.5960993692262953 0.8028117943071944 0.3262 -0.9997152281240707 -0.023782131276714927 -0.001967965643713099 -1.1383 0.020265678561585176 -0.8025583793344571 -0.5962292763966632 1.457 0.0 0.0 0.0 1.0 
0.01282331948016903 -0.5986793586478095 0.8008861267412224 0.3282 -0.9997010734373858 -0.02435040377687968 -0.002195815120131561 -1.1386 0.020816489753279543 -0.8006185629655053 -0.5988126504921227 1.4555 0.0 0.0 0.0 1.0 
0.013867943615148176 -0.6012417361226793 0.798946841087737 0.3303 -0.9996836447453185 -0.025104559876464233 -0.001539968222081134 -1.1389 0.02098310197761688 -0.7986727338638746 -0.601399678760973 1.4543 0.0 0.0 0.0 1.0 
0.014508117514553859 -0.601680240577146 0.798605285873573 0.3328 -0.9996542776594222 -0.02624361586245702 -0.0016117641521994353 -1.1391 0.02192805699104272 -0.7983058065212173 -0.6018529717390336 1.453 0.0 0.0 0.0 1.0 
0.013672269490530575 -0.6049652109737091 0.7961345128547774 0.3347 -0.9996337334044605 -0.02686716735135264 -0.003248747200735702 -1.1394 0.023355258226750164 -0.7957984976299277 -0.6051109675779409 1.4516 0.0 0.0 0.0 1.0 
0.01358600371888151 -0.6077331685652853 0.7940250728588796 0.3369 -0.9996369281420731 -0.02673453314985276 -0.003358069674555597 -1.14 0.023268699955740657 -0.7936911619533493 -0.607875733221447 1.4501 0.0 0.0 0.0 1.0 
0.014466727618510464 -0.6074674758911457 0.7942128049373494 0.339 -0.999629018777818 -0.027118370330702482 -0.0025335366394833025 -1.1405 0.023076798073141724 -0.7938815149158261 -0.607634430941536 1.4489 0.0 0.0 0.0 1.0 
0.01342624455293652 -0.613993931638055 0.7891965457785836 0.3405 -0.999635878283769 -0.026717482177280524 -0.003779814009231164 -1.1413 0.023406127510599117 -0.7888584334706386 -0.6141290785634625 1.4476 0.0 0.0 0.0 1.0 
0.012145429228156687 -0.616855419708779 0.7869827696492282 0.3424 -0.9996420270753612 -0.02625418449668722 -0.005151262085811292 -1.1421 0.023839174766057736 -0.7866384868364376 -0.616953470509854 1.4463 0.0 0.0 0.0 1.0 
0.0115726788882968 -0.6165150749810497 0.7872580488152912 0.3444 -0.9996440875642787 -0.026058903993087884 -0.00571241809216716 -1.1428 0.02403687378027891 -0.7869117459053396 -0.6165972209271473 1.445 0.0 0.0 0.0 1.0 
0.011733899254514499 -0.6190000701241986 0.785303271860319 0.3459 -0.9996487390598175 -0.025926025139940037 -0.005499065062347486 -1.1436 0.023763714027938476 -0.7849629000192813 -0.6190868529446558 1.4436 0.0 0.0 0.0 1.0 
0.009942653257218506 -0.6228505045832009 0.7822776953145598 0.3479 -0.9996931690327251 -0.02394098494070411 -0.006355865745647726 -1.1445 0.02268725270971439 -0.7819744741233703 -0.6228974316723136 1.4421 0.0 0.0 0.0 1.0 
0.010593902272944669 -0.6237803238837099 0.7815279117025604 0.3499 -0.9996795872283468 -0.02457541957622443 -0.006063961709513788 -1.1452 0.022988956339799804 -0.7812132591605101 -0.6238408062945388 1.4412 0.0 0.0 0.0 1.0 
0.01178682286914487 -0.6243603286837485 0.7810475342593259 0.3518 -0.9996922398979844 -0.024409677510557365 -0.004426412947450331 -1.146 0.02182879507444624 -0.7807549856451459 -0.6244558880304083 1.4401 0.0 0.0 0.0 1.0 
0.010748104028192748 -0.6274367443670705 0.7785933534765441 0.3536 -0.9997122493718231 -0.023441615125513973 -0.00509010179043462 -1.1468 0.021445202627367654 -0.7783146038064293 -0.6275081519676954 1.4388 0.0 0.0 0.0 1.0 
0.011854596167170633 -0.6259922184840538 0.7797391941842644 0.3559 -0.9997146264813446 -0.02359362090934572 -0.00374254614559405 -1.1473 0.020739675720201578 -0.7794723108935935 -0.6260932697300157 1.4376 0.0 0.0 0.0 1.0 
0.013734768847630294 -0.6254722369622008 0.7801255263829038 0.3576 -0.9997040248529923 -0.024257911845087035 -0.00184835214284379 -1.1478 0.020080309196576995 -0.7798692419261171 -0.6256202895368352 1.4365 0.0 0.0 0.0 1.0 
0.01377729854057358 -0.6279319228825506 0.7781463141787324 0.3596 -0.99969100326523 -0.02475322734395008 -0.002275022333291299 -1.1486 0.020690191770067312 -0.7778745258466055 -0.6280789265716823 1.4349 0.0 0.0 0.0 1.0 
0.014614282623329616 -0.6274392366372322 0.7785283726823917 0.3617 -0.9997261538858765 -0.023401037939271646 -9.305867949727098e-05 -1.1489 0.01827676065276629 -0.7783138157269549 -0.6276094042225541 1.4341 0.0 0.0 0.0 1.0 
0.016192362893747494 -0.6263242828667465 0.7793944444729979 0.3635 -0.9996904021238643 -0.024869362835331685 0.0007840239736467969 -1.1498 0.018891989978396084 -0.7791658408090159 -0.6265330679469647 1.433 0.0 0.0 0.0 1.0 
0.01689126789271997 -0.6285884909849236 0.7775546244928859 0.3651 -0.9997047680140739 -0.024202212338752888 0.002151680235627118 -1.1504 0.017466020694561157 -0.7773614101042103 -0.6288117176086103 1.4319 0.0 0.0 0.0 1.0 
0.01915540191470423 -0.6292931326558275 0.7769319299460546 0.3668 -0.9996829854046481 -0.024754779710057892 0.004596691631682803 -1.151 0.01634011229877025 -0.7767736826603497 -0.6295678253026771 1.4312 0.0 0.0 0.0 1.0 
0.01942782689747427 -0.6272307708631388 0.7785911119608767 0.3686 -0.9996972985185328 -0.023944218204196538 0.005655594516700002 -1.1518 0.015095392568240107 -0.7784653071891017 -0.6275060913060432 1.4306 0.0 0.0 0.0 1.0 
0.018771717817643196 -0.6277937550037086 0.7781533420788721 0.3701 -0.999732402269483 -0.0223088434580474 0.0061187707958944015 -1.1527 0.013518375000832417 -0.778059969849309 -0.6280445341338693 1.4298 0.0 0.0 0.0 1.0 
0.01982378028552266 -0.6280851853865755 0.7778920346893278 0.3715 -0.9997317233359823 -0.021774694186855306 0.007895824766023518 -1.1535 0.011979110603802967 -0.77783986950463 -0.628348341541666 1.4292 0.0 0.0 0.0 1.0 
0.020194172411737196 -0.6263303732495824 0.7792961304572505 0.373 -0.9997592689118648 -0.01933866408265557 0.010364376310788903 -1.1545 0.008579022404590575 -0.7793178296539462 -0.6265701243739957 1.4288 0.0 0.0 0.0 1.0 
0.017747741853089444 -0.6256448232205392 0.7799061307852737 0.3744 -0.9998235080921225 -0.015912622015443995 0.009987047959988449 -1.1556 0.0061620066112914595 -0.7799457312133544 -0.6258168150797712 1.4282 0.0 0.0 0.0 1.0 
0.018291545113531232 -0.625301697314601 0.780168704007562 0.3757 -0.9998216382385298 -0.015109292101797817 0.011331416601867206 -1.1567 0.004702242803404866 -0.7802368208612445 -0.6254665397005312 1.4276 0.0 0.0 0.0 1.0 
0.019136797235658726 -0.6243209940726474 0.7809334666613428 0.3769 -0.9998142355599297 -0.013744318632543356 0.013512515570408945 -1.1577 0.0022972512432703485 -0.7810469832637907 -0.6244680396715725 1.4271 0.0 0.0 0.0 1.0 
0.018337208106359373 -0.626569527059172 0.779149776718 0.378 -0.9998318112989169 -0.01125008421934208 0.014483946968442685 -1.1589 -0.00030969919440820837 -0.7792843276788665 -0.626670440279822 1.4262 0.0 0.0 0.0 1.0 
0.017901275896737567 -0.6298677411369031 0.7764960869163244 0.379 -0.9998175426013525 -0.006099777345971391 0.01810177402693669 -1.1595 -0.006665270276709712 -0.7766784543113223 -0.6298620109045423 1.4258 0.0 0.0 0.0 1.0 
0.018102009083644954 -0.6282905652781782 0.7777681420896351 0.3801 -0.9998156774637218 -0.006397528029985666 0.01810200908364501 -1.1607 -0.006397528029985722 -0.7779524646259132 -0.6282905652781783 1.4251 0.0 0.0 0.0 1.0 
0.01672703571689574 -0.6282962687458831 0.7777943204704743 0.3813 -0.9998450355928123 -0.006241617511601988 0.01646046813571378 -1.1619 -0.005487356060406345 -0.7779491248731115 -0.6283033089461063 1.4241 0.0 0.0 0.0 1.0 
0.016940841811764085 -0.629780685283565 0.7765882411693292 0.3825 -0.9998300023901665 -0.005016369469845239 0.017742670538052174 -1.1631 -0.0072783376665723765 -0.7767567987994091 -0.6297586055940055 1.423 0.0 0.0 0.0 1.0 
0.018091957594133054 -0.629644085630719 0.7766730370630022 0.3837 -0.9997861334086315 -0.0036092112358903222 0.02036322759467446 -1.164 -0.010018408767358156 -0.7768753432980804 -0.6295747234929779 1.4222 0.0 0.0 0.0 1.0 
0.016358451400187504 -0.630743356620229 0.7758190634079793 0.385 -0.9998055750078889 -0.0017749268646106015 0.019638274307331838 -1.1651 -0.011009688957115404 -0.7759894765485367 -0.6306497594029474 1.4211 0.0 0.0 0.0 1.0 
0.01492750037551352 -0.6324746155810841 0.7744372346278934 0.3867 -0.9998125932158743 0.00010680386630004812 0.019358900792208644 -1.1661 -0.012326726227489482 -0.7745810798350901 -0.6323544912325825 1.4196 0.0 0.0 0.0 1.0 
0.018122856119977188 -0.6318330514346391 0.7748926101085538 0.3884 -0.9997364394053752 -0.0005271811939384918 0.02295155343438532 -1.1669 -0.014093041230241687 -0.7751043266520845 -0.6316760791688263 1.4186 0.0 0.0 0.0 1.0 
0.019096002147750063 -0.6328169771771164 0.7740658990669916 0.3897 -0.9996972501364094 -7.012228458405656e-05 0.0246049416289984 -1.1677 -0.015516145516020985 -0.7743014067398316 -0.6326267309788953 1.4178 0.0 0.0 0.0 1.0 
0.018372877588407457 -0.6358515372329088 0.7715926774974398 0.3909 -0.9997124248725355 0.00021217378305850298 0.023979627556759364 -1.1686 -0.015411194781602966 -0.7718113613965738 -0.6356647839030969 1.4168 0.0 0.0 0.0 1.0 
0.01857405447518512 -0.6345313636786134 0.7726738982316617 0.3924 -0.9997079127602244 0.00016526843821329518 0.02416737161833815 -1.1695 -0.01546265387792084 -0.7728970961224416 -0.634342955459071 1.416 0.0 0.0 0.0 1.0 
0.019487516837421254 -0.6318805868568458 0.7748207280661505 0.3944 -0.9996926919694511 -0.0004384986517313727 0.024785668072589473 -1.1705 -0.015321824642756277 -0.7750656305580714 -0.6316949501280154 1.4152 0.0 0.0 0.0 1.0 
0.02009373120214894 -0.6367099082948335 0.7708415755818834 0.3967 -0.9996936848299076 -0.0016526060397546172 0.024694238285044634 -1.1722 -0.014449168750380992 -0.7711016544998863 -0.6365480814125206 1.4137 0.0 0.0 0.0 1.0 
0.019498798571240775 -0.6351966516070822 0.7721042744613122 0.3997 -0.9997191610707818 -0.001983894360958069 0.023614892570083645 -1.1735 -0.013468327372402666 -0.7723478995571333 -0.6350569472161328 1.4122 0.0 0.0 0.0 1.0 
0.021953338938566602 -0.6358126041987529 0.7715311939587719 0.4012 -0.9996648320009529 -0.0033687298886825867 0.025668566758656475 -1.1743 -0.01372131808373106 -0.7718361121384104 -0.6356734550294734 1.4115 0.0 0.0 0.0 1.0 
0.022348534708700796 -0.6353167822846855 0.7719281891107539 0.4025 -0.9996628675153336 -0.003992879427521356 0.02565556908154415 -1.1749 -0.013217197410744952 -0.7722413114184652 -0.6351918313637971 1.4113 0.0 0.0 0.0 1.0 
0.021299297367786865 -0.6354612451527862 0.7718389377587201 0.4037 -0.9997012022417443 -0.004275654826421824 0.02406709397115997 -1.1757 -0.011993588622674078 -0.7721209262056534 -0.6353624392008659 1.4108 0.0 0.0 0.0 1.0 
0.021288353480866787 -0.6342480554075184 0.772836470553671 0.4053 -0.9996898235918429 -0.0035103793498072328 0.024656314479878372 -1.1763 -0.012925270325369553 -0.7731216472513249 -0.634126056820262 1.4102 0.0 0.0 0.0 1.0 
0.023268362583082014 -0.6344911849275761 0.772579781997887 0.4066 -0.9996196103926867 -0.003320931964837459 0.027378932215443963 -1.1766 -0.014806006250004888 -0.7729229635999213 -0.6343271037239694 1.4099 0.0 0.0 0.0 1.0 
0.023704717476943415 -0.6353180317787734 0.7718867046828075 0.4074 -0.9996099574459123 -0.0036589401508326236 0.0276865514637325 -1.1769 -0.014765478127022502 -0.7722419379014054 -0.635156964853541 1.4095 0.0 0.0 0.0 1.0 
0.022631778065396915 -0.6342551223018098 0.7727924963763009 0.408 -0.9996297554095799 -0.0026775085620936306 0.02707735304056652 -1.177 -0.0151047913385845 -0.7731191827796127 -0.6340808895533768 1.4092 0.0 0.0 0.0 1.0 
0.025559875555366735 -0.6332451354204246 0.7735291146608266 0.4091 -0.9995660001115548 -0.004852735124254354 0.02905619353599148 -1.1769 -0.014645961306153032 -0.7739360758022473 -0.6330943424081727 1.4094 0.0 0.0 0.0 1.0 
0.02564282411617841 -0.6338209380245009 0.7730546320235644 0.4094 -0.9995797468186834 -0.005798673895961282 0.028402555007341346 -1.1766 -0.013519442342178611 -0.7734580750776283 -0.6337032671337322 1.4092 0.0 0.0 0.0 1.0 
0.026227525488516923 -0.631872176146257 0.7746287303727785 0.4105 -0.9996019023810482 -0.008515801241654075 0.026898287778261087 -1.1764 -0.010399695329128655 -0.7750258280479472 -0.631843977731572 1.4093 0.0 0.0 0.0 1.0 
0.028101981487836325 -0.6319248927980033 0.7745199858613652 0.4116 -0.9995696350309665 -0.011241478587115272 0.027095643251930313 -1.176 -0.008415661620915615 -0.774948100856701 -0.6319688422842338 1.409 0.0 0.0 0.0 1.0 
0.03022913943555207 -0.6326372520666583 0.7738580660731873 0.4129 -0.9994997731050161 -0.011932170328967526 0.029288681675046724 -1.1756 -0.00929530483672597 -0.7743563330978757 -0.6326814891390489 1.4081 0.0 0.0 0.0 1.0 
0.03203614172719263 -0.6339404611113197 0.7727180452074367 0.4144 -0.9994348405445392 -0.01244202740895381 0.03122811969469319 -1.1751 -0.010182589501029182 -0.7732817647661956 -0.6339807782189705 1.4068 0.0 0.0 0.0 1.0 
0.0327224084613012 -0.6352040692593425 0.7716508500486889 0.4152 -0.9994108689788069 -0.012798921188882428 0.03184497736577396 -1.1747 -0.010351760793104015 -0.772238290952199 -0.6352486623643605 1.406 0.0 0.0 0.0 1.0 
0.03360443867977683 -0.6381034566049169 0.7692169527317207 0.4161 -0.9993883687709626 -0.014002660258356586 0.032043936571586606 -1.1742 -0.00967626303548752 -0.7698232941231034 -0.6381837241415063 1.4049 0.0 0.0 0.0 1.0 
0.03574982539381054 -0.6392322869782239 0.7681822916918235 0.4173 -0.9993143755127545 -0.015459256654093104 0.03364209085737979 -1.1737 -0.00962958347309878 -0.7688583059760052 -0.6393466793953355 1.4039 0.0 0.0 0.0 1.0 
0.037928216031376555 -0.6403374715450048 0.7671566808442898 0.4181 -0.9992458138055866 -0.017910104481884986 0.03445332711740362 -1.1731 -0.00832190006477379 -0.7678848551005535 -0.6405338361761335 1.4032 0.0 0.0 0.0 1.0 
0.03596228733018855 -0.6393144401954318 0.7681040036658983 0.4189 -0.9993148242266918 -0.016274124713751587 0.033242065904164564 -1.1725 -0.00875191240566986 -0.7687731781367002 -0.6394616521784872 1.4027 0.0 0.0 0.0 1.0 
0.03528454324246055 -0.6409135872773961 0.7668016527443006 0.4198 -0.9993476725116415 -0.016718999329592865 0.032011006028904276 -1.1722 -0.0076961323881807875 -0.7674309406745581 -0.6410854239815682 1.4018 0.0 0.0 0.0 1.0 
0.03972193608671068 -0.6354806927584251 0.7710943242721966 0.4218 -0.999176245747545 -0.01884638122266727 0.03593944697197765 -1.1719 -0.008306487065238177 -0.7718867164591461 -0.635705827585805 1.4014 0.0 0.0 0.0 1.0 
0.037948992013883215 -0.6378115113395406 0.7692570116728876 0.4216 -0.999265687763013 -0.020147982620300403 0.032590551634555986 -1.1724 -0.00528765209169596 -0.7699289154195361 -0.6381077541734266 1.4016 0.0 0.0 0.0 1.0 
0.041025880559376546 -0.6376095399637762 0.7692665023719079 0.4231 -0.9991389669881809 -0.021417367435340465 0.03553337892643377 -1.1724 -0.0061807580536436535 -0.7700619266781863 -0.6379392034595155 1.4014 0.0 0.0 0.0 1.0 
0.037333000536894284 -0.6412324388129045 0.7664379991134094 0.423 -0.9992615679012233 -0.0169808183052442 0.03446695120362209 -1.1725 -0.009086582773564278 -0.7671587914009319 -0.641392877096215 1.4013 0.0 0.0 0.0 1.0 
0.03877047997738384 -0.6389987853401868 0.7682300451141499 0.4237 -0.9992181579366568 -0.01883638248004546 0.03476008551110682 -1.1729 -0.007740977457485532 -0.7689770757498764 -0.6392294848011717 1.4012 0.0 0.0 0.0 1.0 
0.037859400368838725 -0.6385937977003536 0.7686121436344548 0.4247 -0.9992444838954856 -0.017433387120208477 0.03473526188128473 -1.1729 -0.008782209753613213 -0.7693465009682937 -0.638771347384717 1.4009 0.0 0.0 0.0 1.0 
0.03655679011860519 -0.6375377236255401 0.7695513316540934 0.4258 -0.9992998317510325 -0.01718320536546397 0.03323527818036209 -1.1731 -0.00796538502409111 -0.7702274913346916 -0.6377195027860487 1.4005 0.0 0.0 0.0 1.0 
0.03383033754841425 -0.636768031109127 0.7703129122757626 0.4265 -0.9993918611427912 -0.015036419984932659 0.03146130886637305 -1.1733 -0.008450807234161528 -0.7709088017602621 -0.636889474889991 1.4 0.0 0.0 0.0 1.0 
0.03722869552101857 -0.6355567527460858 0.7711560401557225 0.4275 -0.9992845156594813 -0.018526543455041372 0.03297307918294373 -1.174 -0.006669407244988712 -0.7718318348101869 -0.6357917408873297 1.3996 0.0 0.0 0.0 1.0 
0.039837475375037956 -0.6326117204544529 0.7734438484462852 0.4289 -0.9991616185225575 -0.017910835199333952 0.03681388398207175 -1.1738 -0.009435869177048972 -0.7742619796465013 -0.6327948729618107 1.3991 0.0 0.0 0.0 1.0 
0.037906406628496925 -0.6366691862660028 0.7702048114598483 0.4286 -0.9992556788198463 -0.018631906654578867 0.03377780929401686 -1.1742 -0.007154906205042499 -0.7709119270797414 -0.6369015685358266 1.3991 0.0 0.0 0.0 1.0 
0.03826360635949945 -0.6343023362908113 0.7721375801011007 0.4292 -0.9992506120414999 -0.01977182997683423 0.033275953390625 -1.1743 -0.005840442025494386 -0.7728322074780434 -0.634583539277187 1.3992 0.0 0.0 0.0 1.0 
0.0367147597176304 -0.6332408567354274 0.7730834649504921 0.4299 -0.999315583107922 -0.01976898907372003 0.03126583484695694 -1.1748 -0.004515725473355492 -0.7737022711818708 -0.6335332696800258 1.399 0.0 0.0 0.0 1.0 
0.036205656908322253 -0.6327659140454096 0.7734962497841305 0.4305 -0.9993330885054426 -0.019248310373043392 0.03103032010721707 -1.1751 -0.0047464329775348535 -0.7741038693677097 -0.6330408129053999 1.3989 0.0 0.0 0.0 1.0 
0.035696736852342106 -0.6305796115787503 0.7753032287042839 0.4311 -0.9993488562139548 -0.01844488686111688 0.031010477786404034 -1.1753 -0.005254194700912929 -0.7759053676898189 -0.6308274358556164 1.3987 0.0 0.0 0.0 1.0 
0.034849859725043966 -0.6307589420246784 0.7751958748168448 0.4316 -0.9993717933263446 -0.016994481585688156 0.03109994050347381 -1.1755 -0.006442513549125284 -0.7757927201588981 -0.6309549503471917 1.3982 0.0 0.0 0.0 1.0 
0.03427061304101578 -0.6309220104847126 0.7750889895797264 0.432 -0.9993889297526812 -0.016297779887432945 0.030921666490202726 -1.1755 -0.00687693024419328 -0.7756750602260387 -0.6310950077236765 1.3976 0.0 0.0 0.0 1.0 
0.03315030196071382 -0.6301978354262884 0.7757265921082855 0.4326 -0.9994314964184495 -0.016131495381424624 0.029605047264579132 -1.1755 -0.00614340676598768 -0.77626700501875 -0.6303743296427352 1.397 0.0 0.0 0.0 1.0 
0.03145508276522374 -0.6315892248066342 0.77466484938739 0.4329 -0.9994913625936734 -0.015802918034380997 0.02769988957090541 -1.1754 -0.005252986662332482 -0.7751421281866658 -0.631765056996168 1.3962 0.0 0.0 0.0 1.0 
0.03099766116159189 -0.6336586037101404 0.7729915387289994 0.433 -0.9995034052007667 -0.015268142642153787 0.027564956236689586 -1.1752 -0.005664626605779544 -0.7734621243243742 -0.6338172088552368 1.3953 0.0 0.0 0.0 1.0 
0.03110718212879976 -0.6331783056617774 0.7733806155181846 0.4332 -0.9994946408500608 -0.014640655665122904 0.0282154942133393 -1.1748 -0.006542639529529326 -0.7738674850650955 -0.6333137527537283 1.3948 0.0 0.0 0.0 1.0 
0.030667504326369846 -0.6335729089413041 0.773074946712184 0.4333 -0.9995098630830351 -0.014573259010533121 0.027706564592972327 -1.1744 -0.006287907292948924 -0.7735457253307434 -0.633709296952798 1.3942 0.0 0.0 0.0 1.0 
0.02983064910662732 -0.6344252540035409 0.772408395511351 0.4336 -0.9995314574485243 -0.013633332294705355 0.027404339462398508 -1.1739 -0.0068555047010049885 -0.7728639785454388 -0.634534689928147 1.3934 0.0 0.0 0.0 1.0 
0.029566308095055033 -0.6334605229163448 0.7732099322513772 0.4339 -0.9995340039702862 -0.012862930407832901 0.027682484145235053 -1.1734 -0.007590015333069355 -0.7736680883478873 -0.6335456421911285 1.3931 0.0 0.0 0.0 1.0 
0.02967942464534326 -0.6324902770739911 0.7739994710331446 0.4342 -0.999523673826813 -0.012226398454123849 0.028336207237245725 -1.1729 -0.008459149630579199 -0.7744717971544912 -0.6325518778723374 1.3929 0.0 0.0 0.0 1.0 
0.029228804560637686 -0.6324024533314634 0.7740883760942945 0.4345 -0.9995337698660658 -0.011652653480435218 0.028221597477731453 -1.1723 -0.008827223871990753 -0.7745523563240969 -0.6324482013821389 1.3926 0.0 0.0 0.0 1.0 
0.029622134095811145 -0.63067913103052 0.7754781511133618 0.435 -0.9995240613802221 -0.01200468518641297 0.028417217590069044 -1.1717 -0.008612775022952435 -0.7759508497425358 -0.6307345708697446 1.3926 0.0 0.0 0.0 1.0 
0.03013887053617101 -0.6282635385936282 0.7774166029591965 0.4353 -0.9995083888127034 -0.012220985153222036 0.02887262050661088 -1.1712 -0.008638817965321621 -0.7779046044314802 -0.6283230038988423 1.3928 0.0 0.0 0.0 1.0 
0.02993905860474738 -0.6293517057816895 0.7765436775864822 0.4355 -0.9995120192557199 -0.011925209431235817 0.0288706207653045 -1.1705 -0.008909328437899822 -0.7770290984317756 -0.6294016238119243 1.3925 0.0 0.0 0.0 1.0 
0.030107773802792157 -0.6306835332700371 0.7754558677440402 0.4358 -0.99950022740663 -0.011518549295099337 0.029438383723153216 -1.1698 -0.009634177221493678 -0.77595464035223 -0.630715132801732 1.3921 0.0 0.0 0.0 1.0 
0.03025539254207013 -0.6294460350986429 0.7764549569168344 0.4362 -0.999502421735225 -0.012121791342954297 0.029119943682264504 -1.1691 -0.008917408118148729 -0.7769496451336055 -0.6294995859881232 1.3918 0.0 0.0 0.0 1.0 
0.0293239159160852 -0.6310171053042655 0.7752144998442505 0.4366 -0.9995405724894804 -0.012564192343837752 0.027582331630017998 -1.1686 -0.007664978978941084 -0.7756671669499569 -0.6310956300063245 1.391 0.0 0.0 0.0 1.0 
0.030087726013197286 -0.632711801364038 0.7738026267453665 0.4369 -0.9995226272073692 -0.013609869617737386 0.027736062255964256 -1.1681 -0.007017581052849109 -0.7742677494663344 -0.6328192519926242 1.3903 0.0 0.0 0.0 1.0 
0.03016914775305203 -0.6342632227965606 0.7725283080454559 0.437 -0.9995273267178806 -0.01457260949032689 0.02706958065521642 -1.1677 -0.005911486112759656 -0.7729798207329626 -0.6344030667261749 1.3892 0.0 0.0 0.0 1.0 
0.029862755320819737 -0.6351390380322137 0.7718203276748827 0.4369 -0.999540014871396 -0.014889324934200796 0.026420951419156735 -1.1676 -0.0052890940186863244 -0.7722543042097714 -0.6352915197875253 1.3886 0.0 0.0 0.0 1.0 
0.0296090501579407 -0.6346563940813079 0.7722270168806944 0.4369 -0.999546966522131 -0.014625436610326767 0.026305100652979196 -1.1676 -0.005400543042195283 -0.7726560412341762 -0.6348019187740224 1.388 0.0 0.0 0.0 1.0 
0.02854680762679368 -0.6372013210867028 0.7701685245319234 0.4367 -0.9995821530618955 -0.014698940511119696 0.02488896197104884 -1.1679 -0.004538618122797489 -0.7705572123815412 -0.6373546762928191 1.3871 0.0 0.0 0.0 1.0 
0.028919547930514655 -0.6381703235031636 0.7693518687488596 0.4367 -0.9995707289757944 -0.014850077619760649 0.025255355263519685 -1.1681 -0.004692283270879227 -0.7697519817412326 -0.6383258330062721 1.3863 0.0 0.0 0.0 1.0 
0.02798773515009856 -0.6382770185705462 0.7692978189530129 0.4367 -0.9996001070687848 -0.014761238199875959 0.02411911679312606 -1.1685 -0.004038889605060825 -0.7696652216460746 -0.6384349097278883 1.3857 0.0 0.0 0.0 1.0 
0.02760729561579052 -0.6397402041811414 0.768095246947313 0.4368 -0.9996111234434625 -0.014647743627502693 0.023728579702999686 -1.1689 -0.003929264165337842 -0.7684516346269908 -0.6398958088018897 1.3851 0.0 0.0 0.0 1.0 
0.02834652338482299 -0.6387659065731063 0.7688787883742352 0.437 -0.9995865562223291 -0.014408173156993859 0.024882145523709875 -1.1693 -0.0048157275233008945 -0.7692662225433509 -0.6389102344009725 1.3847 0.0 0.0 0.0 1.0 
0.02794892698244389 -0.6378543000513583 0.7696497576083043 0.4373 -0.9995936041020828 -0.013512093667595204 0.025100796061611474 -1.1697 -0.0056110710865656666 -0.7700385154203067 -0.6379727271996442 1.3844 0.0 0.0 0.0 1.0 
0.027509866578539183 -0.638767002169708 0.7689082677276626 0.4374 -0.9995893530301996 -0.01140658468515629 0.026287166726130018 -1.1703 -0.00802075741423297 -0.7693156743268295 -0.638818488058664 1.384 0.0 0.0 0.0 1.0 
0.02708600214788097 -0.6398063441217263 0.7680587155349752 0.4375 -0.999588128974898 -0.010046787144516192 0.02688186155263822 -1.171 -0.009482663133709435 -0.7684704965642233 -0.6398149537250819 1.3836 0.0 0.0 0.0 1.0 
0.026804922790195765 -0.6388524448018871 0.7688621787322247 0.4378 -0.9995817972892733 -0.008781236943040102 0.027552139766203854 -1.1715 -0.01085019088117295 -0.7692791714640413 -0.6388206553559772 1.3834 0.0 0.0 0.0 1.0 
0.026912473205269877 -0.6401482772914004 0.7677798524751922 0.4379 -0.9995427291423351 -0.006640358540676822 0.0294998009678637 -1.1719 -0.01378591326927392 -0.7682226817266615 -0.6400342646109101 1.3828 0.0 0.0 0.0 1.0 
0.026843531434028928 -0.6410201493764128 0.7670544914890933 0.4381 -0.9995461408456608 -0.006716725476352853 0.029366612324570496 -1.1724 -0.013672495774239679 -0.7674946603672996 -0.6409095171449608 1.3823 0.0 0.0 0.0 1.0 
0.02738948617533174 -0.6388649056012096 0.7688312223357012 0.4383 -0.999543366735609 -0.007683968382558831 0.02922352895766378 -1.1727 -0.01276221226492047 -0.7692805658672608 -0.6387836385796459 1.3821 0.0 0.0 0.0 1.0 
0.02806421020290084 -0.6408989311612161 0.7671120909893795 0.4385 -0.9995223246767071 -0.00805530386300235 0.029836798630982764 -1.1731 -0.012943051361966718 -0.7675830066618758 -0.6408188552979353 1.3814 0.0 0.0 0.0 1.0 
0.029160931967410986 -0.642350082004741 0.7658563913654399 0.4386 -0.9994765254866613 -0.007997919460275615 0.03134817834288933 -1.1733 -0.01401124719297614 -0.7663696271596421 -0.6422470548934325 1.3808 0.0 0.0 0.0 1.0 
0.03018728070751721 -0.6403984152455572 0.7674494106027215 0.4388 -0.9994444212128345 -0.008486990435049621 0.03223072912451358 -1.1735 -0.01412717204637759 -0.7679959900574576 -0.640298822633337 1.3806 0.0 0.0 0.0 1.0 
0.03001131068518298 -0.6440672562718941 0.7643799386622803 0.4388 -0.9994707506933165 -0.009733737248804275 0.031039859337784192 -1.1739 -0.01255148355755642 -0.7649069379719111 -0.6440185063357565 1.3798 0.0 0.0 0.0 1.0 
0.03157971597678037 -0.6422639572058529 0.7658327041940064 0.4389 -0.9994099678248721 -0.009936389821663519 0.03287832674574909 -1.1739 -0.013506951954981417 -0.7664191264781892 -0.6421987891745792 1.3799 0.0 0.0 0.0 1.0 
0.03146040827188383 -0.6441903940381056 0.7642178870848264 0.4388 -0.999424843414792 -0.010591846335230873 0.032214828208904256 -1.1739 -0.012658004451126581 -0.7647918337823965 -0.6441531075009064 1.3799 0.0 0.0 0.0 1.0 
0.03229782888543792 -0.6435015879544843 0.7647630721663696 0.4388 -0.9994011742010211 -0.011288160343058518 0.032708874051080694 -1.1738 -0.01241544420900964 -0.7653615379257872 -0.6434808256731249 1.3803 0.0 0.0 0.0 1.0 
0.0331668137318086 -0.6402744096843008 0.7674298943684039 0.4388 -0.999383855440504 -0.012423623570225112 0.03282625568442182 -1.1737 -0.011483551356318511 -0.7680457889219923 -0.6402919600990171 1.381 0.0 0.0 0.0 1.0 
0.033530312102841534 -0.6397925995252399 0.7678158293256409 0.4387 -0.9993627313344006 -0.012053263040074466 0.03359836409608441 -1.1735 -0.01224129854763445 -0.7684530879909471 -0.6397890294206716 1.3816 0.0 0.0 0.0 1.0 
0.03452808411323291 -0.6402212620125306 0.7674141952521807 0.4384 -0.9993227779342301 -0.01234389583329712 0.034664300619949184 -1.1731 -0.012719941402499158 -0.7680913773131028 -0.6402139011205378 1.3824 0.0 0.0 0.0 1.0 
0.0359383903707471 -0.6378117720495279 0.7693533489448139 0.438 -0.999274115251897 -0.013200601912813678 0.03573495063208676 -1.1728 -0.01263624489704307 -0.7700791436886083 -0.6378232025967082 1.3835 0.0 0.0 0.0 1.0 
0.03655968020751332 -0.6378513753823467 0.769291240497364 0.4375 -0.999247330404714 -0.013343951806747967 0.03642405289409223 -1.1725 -0.012967746996945861 -0.7700438700963913 -0.6378591346565442 1.3844 0.0 0.0 0.0 1.0 
0.037137842728888745 -0.6383732666416544 0.7688305099790902 0.437 -0.9992313052996853 -0.01405780035307326 0.03659476408341228 -1.1721 -0.012553053275271064 -0.7695985646338594 -0.6384046288733909 1.3853 0.0 0.0 0.0 1.0 
0.038227098685118616 -0.6363520099793976 0.7704510421313605 0.4366 -0.9991913217991883 -0.014723594822883795 0.03741548070896428 -1.1718 -0.01246560737828406 -0.7712582804422088 -0.6364002462931784 1.3863 0.0 0.0 0.0 1.0 
0.037796670975548965 -0.6366941960729507 0.770189530148382 0.4357 -0.9992146493299662 -0.014905742919774298 0.03671380384001044 -1.1715 -0.011895218684801923 -0.7709723208488285 -0.6367575553202428 1.3878 0.0 0.0 0.0 1.0 
0.03775332962825212 -0.635370950007343 0.7712836326467376 0.4353 -0.9992218449476513 -0.015183153228107538 0.036402972920688115 -1.1713 -0.01141887391090235 -0.7720577878273225 -0.6354497474810961 1.3885 0.0 0.0 0.0 1.0 
0.0373278496366843 -0.6338116248525199 0.7725862125635623 0.4351 -0.9992412209050727 -0.015072116112710796 0.03591397722370765 -1.1711 -0.01111818715623708 -0.7733405818381018 -0.6338933115254217 1.3889 0.0 0.0 0.0 1.0 
0.037256634748722164 -0.6353749893977176 0.7713044574064447 0.4349 -0.9992448755102568 -0.015168988428977556 0.03577122525903309 -1.1708 -0.01102823348008436 -0.7720547419955993 -0.6354603476444592 1.3888 0.0 0.0 0.0 1.0 
0.03784025853756262 -0.6345262926163178 0.771974415905347 0.435 -0.9992278126786192 -0.015848878789488985 0.03595262731176485 -1.1706 -0.010577958371679907 -0.7727387637615362 -0.6346360451290014 1.3888 0.0 0.0 0.0 1.0 
0.03747816575503239 -0.6345223676543073 0.7719953057098277 0.4352 -0.9992492831512043 -0.01621154816021174 0.03518601750771366 -1.1704 -0.009811076059348112 -0.7727344632230538 -0.6346536001110655 1.3886 0.0 0.0 0.0 1.0 
0.037028928516356 -0.636577613010593 0.7703231796244132 0.4354 -0.9992681032354319 -0.016183375112936077 0.034660586062786825 -1.1702 -0.009597724167345556 -0.7710428269452283 -0.6367109569554446 1.388 0.0 0.0 0.0 1.0 
0.03770989324540368 -0.6361864013181293 0.7706132796216973 0.4358 -0.9992349899936692 -0.016008809395226933 0.03568126671096855 -1.1699 -0.01036333555242902 -0.7713692895103068 -0.6363034028485094 1.3876 0.0 0.0 0.0 1.0 
0.03710195232277433 -0.6345279205095586 0.772008913956085 0.4363 -0.9992646366210962 -0.016076839373399127 0.03480978647263372 -1.1696 -0.009676318119357763 -0.772732717910648 -0.6346577940418567 1.3872 0.0 0.0 0.0 1.0 
0.03614736809306436 -0.636835599495674 0.7701517947748548 0.4366 -0.9993023249349069 -0.015790355652688978 0.03384565035645626 -1.1695 -0.009393144289023103 -0.7708379102530877 -0.6369620749754404 1.3863 0.0 0.0 0.0 1.0 
0.03685992257098143 -0.6357410890008747 0.7710217985660608 0.4371 -0.9992810055423219 -0.016593968115963073 0.034089766565532864 -1.1693 -0.008877954178039715 -0.7717239843222111 -0.6358956470612647 1.386 0.0 0.0 0.0 1.0 
0.03691821091504817 -0.6351130679365621 0.7715364130350815 0.4376 -0.9992749488036655 -0.01627163684820092 0.034421076794776795 -1.169 -0.009307115356740336 -0.7722477742088274 -0.635253298167942 1.3854 0.0 0.0 0.0 1.0 
0.03571663478130191 -0.6369809170766204 0.7700517081859681 0.4379 -0.999323063022833 -0.015966313536209836 0.03314351433881507 -1.1688 -0.008816899146689428 -0.7707142065073744 -0.6371199841294778 1.3847 0.0 0.0 0.0 1.0 
0.03563538944992248 -0.6356964743000594 0.7711161466220418 0.4382 -0.9993384274711411 -0.01705535419512319 0.03212199048604475 -1.1685 -0.007268177093261219 -0.7717506770037541 -0.6358836891649197 1.3847 0.0 0.0 0.0 1.0 
0.03549913080499374 -0.6355069544900122 0.7712786283224236 0.4384 -0.9993405065512061 -0.0166738087124612 0.03225734131943847 -1.1681 -0.007639612429203579 -0.7719150826987704 -0.6356797475333643 1.3846 0.0 0.0 0.0 1.0 
0.03494510791946573 -0.6361394009532915 0.7707823960024544 0.4385 -0.9993659695277817 -0.016980657901054713 0.03129402829685707 -1.1678 -0.006818972231505072 -0.7713872696720079 -0.6363294601114042 1.3845 0.0 0.0 0.0 1.0 
0.03522800261560352 -0.6348995872960148 0.7717910998988426 0.4388 -0.9993629178767218 -0.01795776047430045 0.030842782164920313 -1.1673 -0.005722429959388486 -0.7723859351969701 -0.6351277201518307 1.3848 0.0 0.0 0.0 1.0 
0.035667392573336204 -0.634504715246714 0.7720955921624639 0.4389 -0.9993458460051337 -0.018024914531284603 0.03135255218357097 -1.1668 -0.005976385136784446 -0.7727087865333395 -0.6347325531551622 1.3851 0.0 0.0 0.0 1.0 
0.03548969853283568 -0.6351323691559634 0.7715875549465411 0.4391 -0.9993560351877844 -0.018466817393749335 0.03076510343063593 -1.1665 -0.005291146548740744 -0.7721825239576967 -0.635378748041293 1.3854 0.0 0.0 0.0 1.0 
0.03609197937304047 -0.6318280846195384 0.7742678092952988 0.4395 -0.9993398435439197 -0.01959898725080085 0.03059014227421558 -1.166 -0.0041528460782727095 -0.7748607301862369 -0.6321183454739324 1.3861 0.0 0.0 0.0 1.0 
0.03674436943499147 -0.6322435435680882 0.7738978956757101 0.4401 -0.9993194837116559 -0.020745351392924563 0.03049917818325326 -1.1653 -0.0032281247024570914 -0.7744919186228165 -0.6325755663941298 1.3865 0.0 0.0 0.0 1.0 
0.037572356935260925 -0.6311429333305709 0.774756036247032 0.4406 -0.9992895080001403 -0.021428998709474595 0.031004470889657743 -1.1651 -0.0029660066027655807 -0.7753704893282903 -0.631499649313949 1.3867 0.0 0.0 0.0 1.0 
0.03820633776653572 -0.6340135195624506 0.7723775843242109 0.4411 -0.9992661314111086 -0.02212623045741756 0.03126705199442703 -1.1648 -0.0027339292504279245 -0.7730053602257745 -0.6343935991898675 1.3862 0.0 0.0 0.0 1.0 
0.03879434573108041 -0.6331096256829428 0.7730893872036413 0.4413 -0.9992452824603201 -0.023057528930522278 0.031260451698807534 -1.1647 -0.001965761962384016 -0.7737186518542916 -0.6335263084929348 1.3859 0.0 0.0 0.0 1.0 
0.04035325847954327 -0.636598106577543 0.7701392505462699 0.4414 -0.9991817638737204 -0.023608783828467678 0.03283942856295402 -1.1646 -0.002723466960300014 -0.7708342727383284 -0.6370299103650379 1.385 0.0 0.0 0.0 1.0 
0.04042365627895407 -0.6347877235009147 0.7716284559978119 0.4418 -0.9991795324173798 -0.02375841914292219 0.032799382890775386 -1.1645 -0.002487973317268244 -0.7723212308439769 -0.6352273029211017 1.3845 0.0 0.0 0.0 1.0 
0.04199152205417697 -0.6358748536145349 0.7706490009182312 0.4417 -0.999113845554034 -0.024509307161408894 0.03421721035820707 -1.1643 -0.0028697905504848076 -0.7714029196231771 -0.6363405533981272 1.384 0.0 0.0 0.0 1.0 
0.04171319237754932 -0.6361987978149957 0.7703967154917186 0.4418 -0.9991287913040046 -0.02556427799758 0.03298675609789342 -1.1642 -0.0012914987700434755 -0.7711015220768385 -0.6367109035360634 1.3833 0.0 0.0 0.0 1.0 
0.043469045560025094 -0.6356303253420033 0.7707687925595585 0.4417 -0.999052745836007 -0.026101652492489497 0.034818310911017836 -1.164 -0.0020132351167839735 -0.7715521973546448 -0.6361628357909507 1.3831 0.0 0.0 0.0 1.0 
0.044411548941574286 -0.6338031512761055 0.7722183497904517 0.4418 -0.9990106748513548 -0.026396991011511717 0.03578924976272907 -1.1639 -0.0022990984430822925 -0.7730438307741783 -0.6343484451374755 1.3829 0.0 0.0 0.0 1.0 
0.044351926591189 -0.6327258968815188 0.7731046798610957 0.4417 -0.9990136763026083 -0.02643220109823488 0.03567931200919622 -1.1639 -0.0021403663230592507 -0.7739245946218403 -0.6332741433782236 1.3823 0.0 0.0 0.0 1.0 
0.04553875469731988 -0.6317815686632269 0.7738076449079896 0.4416 -0.9989449651819509 -0.02420082175017496 0.03902917837012326 -1.1639 -0.005931134650972447 -0.7747685910799742 -0.6322170923960403 1.382 0.0 0.0 0.0 1.0 
0.04846842607068497 -0.6296046042712887 0.775402381963471 0.4415 -0.9987564650120092 -0.021474637305961608 0.044992927769736124 -1.1637 -0.011676269564627195 -0.7766188783650392 -0.6298625107879361 1.3821 0.0 0.0 0.0 1.0 
0.049143253746229965 -0.6285688960879278 0.7761997703439736 0.4415 -0.9987440436068059 -0.02333102994664027 0.044339580529764056 -1.1639 -0.009760941100125042 -0.7774038885369899 -0.6289260036891519 1.3818 0.0 0.0 0.0 1.0 
0.04875662507302188 -0.6287871311418126 0.7760473794955678 0.4414 -0.9987579231950973 -0.02270609528120031 0.044351370802910295 -1.1642 -0.010266565467816513 -0.7772458922037029 -0.6291132018054979 1.3815 0.0 0.0 0.0 1.0 
0.049782288847065106 -0.6263030725192045 0.7779885507320472 0.4415 -0.9987066386919776 -0.02315680811710845 0.045263805301797244 -1.1644 -0.010333128747817388 -0.7792356662722975 -0.6266458352685748 1.3816 0.0 0.0 0.0 1.0 
0.05065949133671076 -0.6255979105522795 0.7784991138402974 0.4417 -0.99865725560269 -0.02327804950906477 0.04627978222893059 -1.1647 -0.010830594148495964 -0.7797982987437688 -0.6259371466103565 1.3819 0.0 0.0 0.0 1.0 
0.051405239538636835 -0.6265675333234606 0.7776699991210474 0.442 -0.9986158743275488 -0.023572494157063875 0.04701779514440074 -1.165 -0.011128202415530197 -0.7790105671325451 -0.6269120348237301 1.3817 0.0 0.0 0.0 1.0 
0.05434617020862785 -0.6232614861693095 0.7801228195878378 0.4421 -0.9984696023594974 -0.025904686652160516 0.04886103123676483 -1.1655 -0.01024436175276816 -0.7815843313856008 -0.6237154687714594 1.3822 0.0 0.0 0.0 1.0 
0.05335763201181737 -0.6232614631035692 0.7801910738505597 0.4422 -0.9985363494453824 -0.02638635888762801 0.04721142765202485 -1.1658 -0.008838661798064584 -0.7815682367360199 -0.6237571397450837 1.3825 0.0 0.0 0.0 1.0 
0.05265689665845656 -0.6219222438983119 0.7813065811695108 0.4426 -0.998563390961374 -0.025020299040697316 0.047382896361834015 -1.166 -0.009919952924426934 -0.7826791853501681 -0.6223462760823546 1.3829 0.0 0.0 0.0 1.0 
0.055787982149525545 -0.6224066742713188 0.7807032937487839 0.4428 -0.9984179939360764 -0.029282371083634504 0.04800054300089307 -1.1666 -0.0070150147786356976 -0.7821460698400499 -0.6230556275337049 1.3827 0.0 0.0 0.0 1.0 
0.05548011026596343 -0.6242237331012823 0.7792731795705377 0.4429 -0.998440991416103 -0.029895174057159593 0.04713666543277406 -1.1671 -0.0061273179210549755 -0.7806734333901667 -0.6249091504962166 1.3826 0.0 0.0 0.0 1.0 
0.0567219654753012 -0.6249035586481323 0.7786386588280335 0.443 -0.9983623145908446 -0.0296925859218818 0.048898252996224745 -1.1676 -0.007436897029667322 -0.780137098675721 -0.6255643850415384 1.3824 0.0 0.0 0.0 1.0 
0.06016649107034498 -0.6230143623685737 0.7798930039657757 0.4432 -0.9981418600166015 -0.03000981264935043 0.053030542401052094 -1.1678 -0.00963434662449908 -0.7816345152481626 -0.623662299596415 1.3823 0.0 0.0 0.0 1.0 
0.06110661722749042 -0.6269143970059663 0.7766880455869386 0.443 -0.998089099628978 -0.03122802789359072 0.05331940993383949 -1.1682 -0.009172269775179487 -0.778462040886081 -0.6276246651993916 1.3815 0.0 0.0 0.0 1.0 
0.06352135061936198 -0.6241619714468436 0.7787084636852752 0.4428 -0.9979412180427436 -0.03280498579521947 0.05511041860066518 -1.1683 -0.008852307431239381 -0.7806059609729898 -0.6249607750463847 1.3813 0.0 0.0 0.0 1.0 
0.06283594027014763 -0.6278772506524939 0.7757717465359459 0.4421 -0.9979644991328334 -0.03105056595364339 0.05570207199477928 -1.1686 -0.010885912038941792 -0.7776927545419361 -0.6285502974719339 1.3812 0.0 0.0 0.0 1.0 
0.06307486724037674 -0.6283724657266287 0.7753512787370933 0.4418 -0.9979435042212468 -0.030824276616217075 0.05620165792665871 -1.169 -0.011415932078769286 -0.7773016842177327 -0.6290244575587258 1.3805 0.0 0.0 0.0 1.0 
0.06163703349671812 -0.629478416005282 0.7745694287055263 0.4415 -0.9980442237845628 -0.030768172212316425 0.05441550283680563 -1.1693 -0.010421298959036096 -0.7764085544107523 -0.6301437559524112 1.3803 0.0 0.0 0.0 1.0 
0.06304960238844001 -0.6308985394024106 0.773299282696269 0.4413 -0.997973773918244 -0.03321801907671176 0.05426702295129365 -1.1696 -0.008549515193076007 -0.7751539177405502 -0.63171457922185 1.3802 0.0 0.0 0.0 1.0 
0.06185605195612057 -0.628666489627892 0.7752111155390806 0.4412 -0.9980694133596597 -0.034608880506546966 0.051572003121738486 -1.1697 -0.005592401300582972 -0.7769045438205568 -0.6295935632125429 1.3804 0.0 0.0 0.0 1.0 
0.0632988956601351 -0.6292124741619952 0.774651477870628 0.4411 -0.9979764394095568 -0.03522328621171904 0.05293719384204859 -1.1699 -0.006022971993180248 -0.7764347895782286 -0.6301688197149884 1.3804 0.0 0.0 0.0 1.0 
0.062123510142153754 -0.6273982712302288 0.7762165153775964 0.4408 -0.9980332117529083 -0.03251321259926 0.05359663463921993 -1.1698 -0.008389143328876247 -0.778019472933548 -0.6281841465767916 1.3809 0.0 0.0 0.0 1.0 
0.06205677765956001 -0.6277501340099516 0.7759373206625645 0.4407 -0.9980356407071691 -0.032337588358468186 0.053657620683256524 -1.1698 -0.008591636907010702 -0.7777429200125487 -0.6285237737314413 1.3811 0.0 0.0 0.0 1.0 
0.06337537058552117 -0.6268377795228893 0.7765680656362075 0.4406 -0.9979460709031903 -0.032523362474688844 0.05518940534399974 -1.1699 -0.009338199614067122 -0.7784706989066148 -0.6276114793180685 1.3814 0.0 0.0 0.0 1.0 
0.06205099992346738 -0.626051873034 0.7773086424832276 0.4404 -0.9980280410405952 -0.031529932601743096 0.054276078034448894 -1.17 -0.009471151206157713 -0.7791437066554218 -0.6267737882793761 1.3817 0.0 0.0 0.0 1.0 
0.058408823163423856 -0.6225695955922101 0.7803816425447331 0.4413 -0.9982502580214438 -0.029211951331693783 0.051410935213388353 -1.1701 -0.009210414582652482 -0.7820190282490231 -0.6231864951358211 1.3815 0.0 0.0 0.0 1.0 
0.062396331237180525 -0.6270178610558294 0.7765019637870292 0.4406 -0.9979883571947133 -0.030449435246834466 0.05560639169147724 -1.1705 -0.011222154514049787 -0.7784095540331719 -0.6276564581344968 1.3813 0.0 0.0 0.0 1.0 
0.06329107265795154 -0.6274415238823241 0.7760872207619661 0.4406 -0.9978999412847562 -0.029048270550322858 0.05789564026690702 -1.1705 -0.013782137195869293 -0.7781216692049271 -0.6279623560437776 1.3812 0.0 0.0 0.0 1.0 
0.06287367711657224 -0.6251864995080427 0.7779387775131926 0.4403 -0.9979761431624243 -0.031953134894173604 0.05497831253400187 -1.1701 -0.009514116064704203 -0.7798210294697844 -0.625930222622452 1.3814 0.0 0.0 0.0 1.0 
0.06362994061926092 -0.626825512786131 0.7765571499749346 0.4403 -0.9979310059232535 -0.03277816513977434 0.055310932979594385 -1.1696 -0.009216185425262646 -0.7784698892124688 -0.627614287214475 1.3811 0.0 0.0 0.0 1.0 
0.06385549572753722 -0.6264090916190198 0.7768745880786837 0.4403 -0.9979022697310721 -0.03176744389095988 0.05640824030413438 -1.1694 -0.01065531468163805 -0.7788468908878489 -0.627123580184453 1.381 0.0 0.0 0.0 1.0 
0.06205252875904502 -0.6275121967258601 0.7761300964625022 0.4402 -0.9980332217985348 -0.032079763772615 0.05385700458370918 -1.1697 -0.0088978571040641 -0.7779455840330853 -0.6282686498802696 1.3804 0.0 0.0 0.0 1.0 
0.061930557696227656 -0.6282000779873029 0.7755831793174608 0.4404 -0.9980427965251975 -0.032227334398720525 0.05359081284806466 -1.1702 -0.008670774336670517 -0.7773841141509771 -0.6289664194041706 1.3798 0.0 0.0 0.0 1.0 
0.059271062610319156 -0.6281019845134304 0.7758703746034733 0.4406 -0.9982014118504441 -0.030289956571564247 0.051734513727999476 -1.1715 -0.008993470788491331 -0.7775412629444067 -0.6287676056397891 1.3794 0.0 0.0 0.0 1.0 
0.05576555543427619 -0.6267364282158168 0.7772333320016497 0.4413 -0.9983823295364684 -0.026358363433297324 0.050378177283942616 -1.1728 -0.011087240253589314 -0.7787853916352041 -0.6271924639846693 1.3796 0.0 0.0 0.0 1.0 
0.05618197490134268 -0.6257002984984834 0.7780377382589444 0.4407 -0.9983773384480426 -0.02795749820971817 0.049609156082888795 -1.1737 -0.009288475094853754 -0.7795623866970254 -0.6262557061437842 1.3802 0.0 0.0 0.0 1.0 
0.05362468171014395 -0.6261291263326841 0.777873197037509 0.4411 -0.9985349431264922 -0.027978486124831267 0.04631599798704189 -1.1749 -0.007236080904660769 -0.7792172492136145 -0.6267121489656228 1.381 0.0 0.0 0.0 1.0 
0.053550311338600984 -0.623884934079016 0.7796793912787237 0.4413 -0.9985307052603754 -0.02697062001458317 0.047000173491667185 -1.1752 -0.008294263545171099 -0.7810506863739709 -0.6244125483260186 1.3816 0.0 0.0 0.0 1.0 
0.052646637364782936 -0.6241393038752374 0.7795373377409931 0.4415 -0.9985663002362812 -0.025337109451069012 0.0471526766694072 -1.1756 -0.00967861594475955 -0.780902145113457 -0.6245783891158863 1.3819 0.0 0.0 0.0 1.0 
0.05198183880526633 -0.6225488134259829 0.7808526514883098 0.4417 -0.998614163774241 -0.02596451871251912 0.045777676628467046 -1.1758 -0.008224374985162097 -0.782150125404278 -0.6230357461544044 1.3826 0.0 0.0 0.0 1.0 
0.051302712124628155 -0.6214642461980739 0.781760975251462 0.4412 -0.9986555852273273 -0.02610812268383561 0.04478155897453445 -1.1758 -0.007419826340383462 -0.7830073796761978 -0.6219681579869607 1.3835 0.0 0.0 0.0 1.0 
0.050841532413738164 -0.6211148983877808 0.7820686808602935 0.4414 -0.9986657747029395 -0.024526015593150652 0.045443866429938695 -1.1756 -0.00904483381828497 -0.7833356608503543 -0.6215331313947297 1.3837 0.0 0.0 0.0 1.0 
0.05175904542409526 -0.6232339944382495 0.78032069650454 0.4411 -0.9986087724273074 -0.024416208892165114 0.04673722685996967 -1.1752 -0.010075755456170954 -0.7816541670840615 -0.6236306937860815 1.384 0.0 0.0 0.0 1.0 
0.052092130722463825 -0.621587446379636 0.7816108087917135 0.441 -0.9985950711646736 -0.024811822458948585 0.046821547516991635 -1.1748 -0.009710497536894458 -0.7829517354023225 -0.6220066609515346 1.3846 0.0 0.0 0.0 1.0 
0.051216444080881704 -0.6216436431387522 0.7816239868382302 0.441 -0.9986481193728285 -0.024921862415675566 0.04561616431537713 -1.1746 -0.00887747311025272 -0.7829036222415338 -0.6220796643133923 1.3848 0.0 0.0 0.0 1.0 
0.05063210493615239 -0.6220282891995196 0.7813559991356394 0.4412 -0.9986677490807468 -0.02373450637680935 0.04581921161525604 -1.1739 -0.00995574686946532 -0.7826349600181224 -0.6224013194569105 1.3848 0.0 0.0 0.0 1.0 
0.0506488419306058 -0.620330832116822 0.7827032346530453 0.4414 -0.9986735138274844 -0.024184812347767384 0.04545665662110443 -1.1733 -0.009268634772943929 -0.7839673166509907 -0.6207329045833573 1.3851 0.0 0.0 0.0 1.0 
0.05040038817617726 -0.6200861653361658 0.7829131167826862 0.4415 -0.9986879275636984 -0.02417371823857878 0.045144819027736094 -1.1728 -0.00906775662531184 -0.7841611944652778 -0.6204909321533821 1.3849 0.0 0.0 0.0 1.0 
0.051221540352408695 -0.6220837814823094 0.7812733981267999 0.4416 -0.9986504878010974 -0.025186547480290006 0.04541850989027907 -1.1718 -0.00857653884482834 -0.7825454661824408 -0.6225343655885591 1.3846 0.0 0.0 0.0 1.0 
0.05144882760480024 -0.6211858043164976 0.7819726431619956 0.4418 -0.9986570883166684 -0.027229436896101064 0.04407468344974602 -1.1704 -0.0060858929472685785 -0.7831901137539896 -0.6217525292470045 1.3846 0.0 0.0 0.0 1.0 
0.051325544477311524 -0.6224147346983563 0.7810029363033679 0.4418 -0.9986665220946448 -0.027636939332960173 0.04360478450460453 -1.1696 -0.005555729609532434 -0.7821995254503042 -0.623003239360619 1.3845 0.0 0.0 0.0 1.0 
0.052024437821093006 -0.6215485581408177 0.7816462420702028 0.4418 -0.9986314918580611 -0.028187492004970074 0.04405234118424567 -1.1689 -0.005348021946726567 -0.7828683511086272 -0.6221644023035365 1.3845 0.0 0.0 0.0 1.0 
0.049859014773262864 -0.6226392267240173 0.7809189919513786 0.4413 -0.9987538626408019 -0.029367500437663063 0.040351849748455404 -1.1678 -0.0021910056863505 -0.7819577630937374 -0.6233275673604695 1.3844 0.0 0.0 0.0 1.0 
0.05049903350514824 -0.623101607970072 0.7805089581549698 0.4409 -0.9987228535887249 -0.03026663193849237 0.04045482308321191 -1.1672 -0.0015840879521215046 -0.7815550634064182 -0.6238342516479433 1.3844 0.0 0.0 0.0 1.0 
0.04924604914751107 -0.6246500783210834 0.7793504386967554 0.4402 -0.9987864559044065 -0.030279429504190825 0.03884290991694067 -1.1664 -0.0006649400542571571 -0.7803175224242789 -0.6253831801802467 1.3845 0.0 0.0 0.0 1.0 
0.04812887927264062 -0.6243700487598342 0.7796445685000323 0.4397 -0.9988410640250097 -0.030377275066501702 0.03733296099856276 -1.1661 0.0003738948324079061 -0.780537803934682 -0.6251084680529275 1.385 0.0 0.0 0.0 1.0 
0.04742930577763907 -0.625527872676277 0.778758846793115 0.4393 -0.9988745842689088 -0.029827281759270394 0.0368767971015283 -1.1662 0.00016079510378902429 -0.7796314602220362 -0.6262385810352074 1.385 0.0 0.0 0.0 1.0 
0.04637708143653173 -0.6253897622097873 0.7789331239847326 0.439 -0.998923045178089 -0.030115522653308524 0.035295964464101104 -1.1664 0.0013842433176052826 -0.7797311720192438 -0.6261129157363979 1.385 0.0 0.0 0.0 1.0 
0.04555615138367533 -0.6265448577324948 0.7780528120378947 0.4388 -0.998960759093358 -0.029685890248460342 0.03458539737777283 -1.1666 0.001427887505984382 -0.7788198053267035 -0.627246101596611 1.3848 0.0 0.0 0.0 1.0 
0.044874555741898206 -0.627352409211149 0.777441463329513 0.4386 -0.9989916099830612 -0.027068572021137036 0.035819765384322744 -1.167 -0.0014273858688798047 -0.7782648951775377 -0.6279344834486141 1.3845 0.0 0.0 0.0 1.0 
0.04277710543606443 -0.6256817984283323 0.778904619556207 0.4387 -0.9990832091766597 -0.028109092228292915 0.03228962798435492 -1.1674 0.0016912692803157658 -0.7795717837695186 -0.626310604699164 1.3844 0.0 0.0 0.0 1.0 
0.04241070281303483 -0.6256791708370557 0.7789267664341489 0.4387 -0.999097242086574 -0.028475992449231935 0.03152489030961375 -1.1676 0.0024562454898351405 -0.7795605768859057 -0.6263220208673873 1.3844 0.0 0.0 0.0 1.0 
0.0433333939307798 -0.6275031970152778 0.7774072000605894 0.4385 -0.9990603395972892 -0.02784766649933372 0.033210620504452004 -1.1677 0.0008092059000633367 -0.7781158301989153 -0.6281202910109368 1.3845 0.0 0.0 0.0 1.0 
0.041997039143438206 -0.6259709832697076 0.7787146953843496 0.4387 -0.9991176667844719 -0.026600481025946157 0.03250080504143782 -1.1678 0.0003696245903508921 -0.7793925471247105 -0.6265358097220928 1.3845 0.0 0.0 0.0 1.0 
0.04173682625223758 -0.6262313263507034 0.7785193403066037 0.4389 -0.9991286361964525 -0.026100995764636023 0.03256848710504573 -1.1677 -7.527687299868635e-05 -0.7792002720207003 -0.6267750237655129 1.3847 0.0 0.0 0.0 1.0 
0.041086207546904965 -0.6242957759577633 0.7801068565720384 0.4392 -0.9991547891474927 -0.0246736768100103 0.032877302144559584 -1.1677 -0.0012770563974041083 -0.7807983054502421 -0.6247818621991107 1.3851 0.0 0.0 0.0 1.0 
0.04069846853886637 -0.6231265002007234 0.7810614568689129 0.4392 -0.9991699487614445 -0.024015370566702346 0.032904034229804424 -1.1675 -0.0017458953700275615 -0.7817522796411545 -0.6235866620809132 1.3855 0.0 0.0 0.0 1.0 
0.041561368146639646 -0.6240688359144297 0.7802632509084277 0.4392 -0.9991307050189397 -0.023428304244183448 0.03448113757691845 -1.167 -0.0032383585557944627 -0.7810180552334565 -0.6245000483852773 1.3855 0.0 0.0 0.0 1.0 
0.043121213473710424 -0.622921082304521 0.7810953118340416 0.4393 -0.999058258383142 -0.02312001720814308 0.036715952401351115 -1.1665 -0.004812203756887956 -0.781942958293544 -0.6233314147948449 1.3855 0.0 0.0 0.0 1.0 
0.04430952798371632 -0.6257086783482253 0.7787973520560897 0.4391 -0.9990048354578385 -0.02377249514330651 0.03773866990923247 -1.1661 -0.005099457002152419 -0.7796945031962058 -0.6261393432966057 1.3853 0.0 0.0 0.0 1.0 
0.04509575607789203 -0.627377432226298 0.7774084707005064 0.4392 -0.9989775373205177 -0.02582640250074157 0.0371062914194234 -1.1657 -0.0032019857583613365 -0.7782869358193072 -0.6279006233634402 1.3848 0.0 0.0 0.0 1.0 
0.04607170798729876 -0.6259925420096664 0.7784669132798188 0.4394 -0.9989368555045219 -0.027623838155014235 0.0369063989075496 -1.1653 -0.0015988864470845021 -0.779339631299385 -0.6265996988893849 1.3848 0.0 0.0 0.0 1.0 
0.04577352908135206 -0.6258369448601845 0.7786095956790597 0.4397 -0.9989516370436163 -0.028176679458236153 0.036079101743066944 -1.1651 -0.0006410018076249968 -0.7794447980343303 -0.6264705866470544 1.3842 0.0 0.0 0.0 1.0 
0.04695227700944141 -0.6278922645417457 0.7768827374914872 0.4398 -0.9988953992455083 -0.028064135103189156 0.03768800455140192 -1.1648 -0.0018614644195428243 -0.777794129863133 -0.6285163693179888 1.3837 0.0 0.0 0.0 1.0 
0.04729671832662259 -0.6255387765360126 0.7787581521148659 0.4402 -0.998880860563698 -0.02945016571597439 0.037009649266478595 -1.1644 -0.00021641408973110954 -0.7796370481122161 -0.6262316076147959 1.3837 0.0 0.0 0.0 1.0 
0.0480060635621459 -0.6278170143308225 0.7768791504333213 0.4406 -0.9988469076254042 -0.030580652153320162 0.03700917239070489 -1.1641 0.0005224829513812423 -0.7777600016911448 -0.6285611400500002 1.3828 0.0 0.0 0.0 1.0 
0.050415537039424474 -0.6274857373842868 0.7769941589254866 0.4414 -0.9987277700987758 -0.0324977876414574 0.03855820317309733 -1.1637 0.001055868625129186 -0.7779495762436719 -0.6283258246831321 1.3823 0.0 0.0 0.0 1.0 
0.05265977074621178 -0.6289065054707427 0.7756955304251374 0.442 -0.9986092691522995 -0.035143474119098086 0.039299666537398914 -1.1632 0.002544819849594815 -0.7766862581528137 -0.6298825130836021 1.3817 0.0 0.0 0.0 1.0 
0.05508425095186727 -0.6329211077151795 0.7722542306168753 0.4423 -0.9984764605454579 -0.03742479273873672 0.0405480286213426 -1.1627 0.003237751331762184 -0.7733112286117749 -0.6340183441110052 1.381 0.0 0.0 0.0 1.0 
0.056215363436188354 -0.63316705122766 0.7719710604377642 0.443 -0.9984018574284986 -0.04013604001394293 0.03978478824025944 -1.1616 0.005793444317534147 -0.7729738569522698 -0.6344114220844945 1.3809 0.0 0.0 0.0 1.0 
0.05912184448692727 -0.6388256556809182 0.7670765210513936 0.443 -0.9982394698934234 -0.04149116414040831 0.04238447882387014 -1.1609 0.004750605367843885 -0.7682319083077187 -0.6401540180351291 1.3806 0.0 0.0 0.0 1.0 
0.05982834031217146 -0.6379128794227913 0.7677810416792108 0.4434 -0.9981947554614528 -0.04229593639921389 0.04264134066095587 -1.1604 0.00527255770390761 -0.7689461697873503 -0.6392917863578587 1.3808 0.0 0.0 0.0 1.0 
0.058382950357017335 -0.6359552846863761 0.769514331891928 0.4444 -0.9982757473672157 -0.04188615056842385 0.04112277482109378 -1.1601 0.006079747201743035 -0.7705883637001207 -0.6373041741617054 1.3805 0.0 0.0 0.0 1.0 
0.059504096466334186 -0.6366574637735198 0.7688475377636286 0.4448 -0.9982138360085997 -0.042062315179462184 0.042425219418878446 -1.1598 0.005329174863108965 -0.7699987243257048 -0.6380231691969074 1.3806 0.0 0.0 0.0 1.0 
0.059183720202123494 -0.632906061236034 0.7719632147413021 0.4454 -0.9982302741515128 -0.04201379962179583 0.042085156631937015 -1.1596 0.005797157099117545 -0.7730878076208605 -0.634272523981245 1.3811 0.0 0.0 0.0 1.0 
0.0572833626887881 -0.6327422951543885 0.7722407683370658 0.4459 -0.9983426349135812 -0.04059052930150529 0.04079696367172092 -1.1596 0.005531697106027689 -0.7732978707159232 -0.634018772177407 1.3812 0.0 0.0 0.0 1.0 
0.0566765689880047 -0.6324593868843342 0.7725172428299836 0.4463 -0.9983851682637468 -0.0388868301899505 0.04141099164168449 -1.1596 0.0038499764567662687 -0.7736167903941007 -0.6336420435084879 1.3811 0.0 0.0 0.0 1.0 
0.0542405179386307 -0.6299328135662989 0.774753261758991 0.4468 -0.9985248270644058 -0.03614294192445444 0.040519840634482884 -1.1598 0.002477084929399076 -0.7758081838582859 -0.6309639656182915 1.381 0.0 0.0 0.0 1.0 
0.051732941384730155 -0.6328575927552818 0.7725380055813913 0.4472 -0.9986609505006312 -0.0328558206500721 0.039959992424750346 -1.1603 9.338554429982882e-05 -0.773570786897618 -0.6337098933563684 1.3801 0.0 0.0 0.0 1.0 
0.05074066683561819 -0.6311209429925588 0.7740230875401974 0.4476 -0.9987097805748917 -0.030482162718697844 0.04061541505441735 -1.1604 -0.0020393413467487687 -0.7750852811608373 -0.6318533437552558 1.3798 0.0 0.0 0.0 1.0 
0.05035948314466432 -0.6352387060268945 0.7706722447465455 0.4475 -0.9987290745872635 -0.030455375652662986 0.0401585067940019 -1.1606 -0.002039125172956957 -0.7717151394518137 -0.6359650819890955 1.3794 0.0 0.0 0.0 1.0 
0.0509534130527976 -0.6355416398411069 0.7703833939840263 0.4476 -0.9987005416031862 -0.03166131298955038 0.0399348151526957 -1.1605 -0.0009888881500153546 -0.7714171279456103 -0.6363290318792412 1.379 0.0 0.0 0.0 1.0 
0.051388040366388985 -0.6332839409738874 0.7722115768439923 0.4477 -0.998678068222416 -0.031674942981854706 0.04048226820029183 -1.1604 -0.0011770126789811264 -0.7732710702539434 -0.6340744960566347 1.3792 0.0 0.0 0.0 1.0 
0.050402429618538275 -0.6344681041772362 0.7713039737161295 0.4477 -0.9987251394136283 -0.029874830360728438 0.04068894707590698 -1.1603 -0.0027732637408934835 -0.7723714904711729 -0.6351650098325332 1.3794 0.0 0.0 0.0 1.0 
0.05118547049871068 -0.6346214162988478 0.7711262578752394 0.4477 -0.9986875684491455 -0.03114546873706836 0.04065833742643166 -1.1599 -0.0017855629249327043 -0.7721953235755787 -0.6353827146004591 1.3794 0.0 0.0 0.0 1.0 
0.053269854108833614 -0.6322581718678524 0.7729242697376921 0.4479 -0.9985785012518935 -0.032320162068896596 0.042383770022993816 -1.1593 -0.0018164472866998294 -0.7740833361015862 -0.6330811079862461 1.3797 0.0 0.0 0.0 1.0 
0.05325310482722749 -0.633738309594965 0.7717122920998323 0.4478 -0.9985779197447092 -0.03186238517230407 0.04274256203669874 -1.1586 -0.0024990047198089615 -0.7728910294231963 -0.6345338537954948 1.3797 0.0 0.0 0.0 1.0 
0.054769577644043776 -0.6298124957978898 0.7748138573241488 0.4478 -0.9984989459259613 -0.034845741709993105 0.04225670679814775 -1.1578 0.00038516157289963937 -0.7759652018109534 -0.6307755997413417 1.3802 0.0 0.0 0.0 1.0 
0.05401032234677658 -0.631065196768198 0.773847273373702 0.4475 -0.9985403339939032 -0.03436207385297965 0.041670724350155175 -1.1575 0.0002940532970900911 -0.7749683640694233 -0.6319999590381478 1.3802 0.0 0.0 0.0 1.0 
0.05315304213987895 -0.6298072771955899 0.7749306728364505 0.4477 -0.9985852856466747 -0.032375743876079624 0.04218102059481127 -1.1573 -0.0014769567446781817 -0.7760764168559358 -0.6306371490792678 1.3803 0.0 0.0 0.0 1.0 
0.053273070433098146 -0.6286287107055808 0.7758788075745264 0.4473 -0.9985785488406973 -0.032220286232110595 0.04245862633585418 -1.1571 -0.0016916742703581567 -0.7770378351353039 -0.6294516192737953 1.3803 0.0 0.0 0.0 1.0 
0.05380406485802264 -0.6316793035602634 0.7733604464015303 0.4466 -0.998551327436133 -0.033565013132942315 0.042055158648162616 -1.1571 -0.0006075197860222481 -0.7745028388243687 -0.6325701412275984 1.38 0.0 0.0 0.0 1.0 
0.054051071177449686 -0.6328980979591111 0.7723460877769175 0.4462 -0.9985378147546004 -0.033604259128307196 0.042343668635881515 -1.1571 -0.0008451092698704143 -0.7735054953703802 -0.6337890299004434 1.38 0.0 0.0 0.0 1.0 
0.05374341586341255 -0.6301097795298694 0.7746439898380104 0.4459 -0.9985546876992342 -0.03358280938428908 0.041961060374391124 -1.1572 -0.0004253530499320757 -0.7757795180685538 -0.6310039290052836 1.3804 0.0 0.0 0.0 1.0 
0.052803442261971006 -0.6316652643128298 0.7734408770849197 0.4454 -0.9986000729805367 -0.030986086095111637 0.04286906474106433 -1.1579 -0.00311299350367622 -0.7746217504880104 -0.6324171510501094 1.3809 0.0 0.0 0.0 1.0 
0.053646689292065786 -0.6300913622360345 0.7746656749614886 0.445 -0.9985582172408276 -0.03239350716410867 0.04280359184027388 -1.158 -0.0018760353995793677 -0.7758450463392461 -0.6309207117871726 1.3814 0.0 0.0 0.0 1.0 
0.05390468294431831 -0.6302783021640581 0.7744956726656804 0.4448 -0.9985445318202688 -0.032656063527077145 0.042923181228278595 -1.1583 -0.0017615699000228524 -0.775682179333848 -0.6311212669015199 1.3818 0.0 0.0 0.0 1.0 
0.05333352279478784 -0.6297101766730399 0.7749971798275829 0.4449 -0.9985750292009467 -0.03218962446343089 0.04256452904980579 -1.159 -0.0018564489290900932 -0.7761629477573071 -0.6305296441294901 1.3821 0.0 0.0 0.0 1.0 
0.057542048734011225 -0.6339969698026116 0.77119177570083 0.4437 -0.998338613707596 -0.034230297921674105 0.046349747405880215 -1.1592 -0.0029874751694601853 -0.7725775876799041 -0.6349133373987444 1.3829 0.0 0.0 0.0 1.0 
0.05452222638634263 -0.6307613315778294 0.7740590865147436 0.444 -0.9985096164547812 -0.03256022357693132 0.043799288669399195 -1.1603 -0.0024233607245967015 -0.775293476321569 -0.631596511149337 1.3834 0.0 0.0 0.0 1.0 
0.05503528606541967 -0.6292677033176506 0.7752375602671908 0.4439 -0.9984821414875011 -0.033029327631258945 0.044073536807933966 -1.161 -0.002128477914091653 -0.7764864590432701 -0.6301303424722643 1.3837 0.0 0.0 0.0 1.0 
0.05473260834807131 -0.6276916514576838 0.7765355962695734 0.4438 -0.9985000163547124 -0.03328914510972042 0.04346895625043867 -1.1616 -0.0014348947888985775 -0.7777499749329403 -0.6285721259877464 1.384 0.0 0.0 0.0 1.0 
0.054472881718775346 -0.6291361197592051 0.775384064816645 0.4434 -0.9985133987825365 -0.03282631665786023 0.043513508091449826 -1.1624 -0.0019229167946354653 -0.7766016841013216 -0.6299889893021876 1.3839 0.0 0.0 0.0 1.0 
0.058547039736001505 -0.6288852919338741 0.7752906124334262 0.4422 -0.9982782470733151 -0.03410066825454215 0.04772510706979133 -1.1634 -0.003575689916708036 -0.7767499172924575 -0.6297990000212608 1.3846 0.0 0.0 0.0 1.0 
0.055526022417215395 -0.6273079390922706 0.776789296003962 0.4425 -0.9984524919963017 -0.03248620772216357 0.045136100121825784 -1.1639 -0.003079295519747005 -0.7780934364583989 -0.6281410049339731 1.3845 0.0 0.0 0.0 1.0 
0.05544594687257054 -0.6257593561723462 0.7780430419573039 0.4422 -0.99845302506515 -0.031502510493008465 0.04581646615452711 -1.1644 -0.004159773269676759 -0.7793797662214543 -0.6265380086562476 1.3848 0.0 0.0 0.0 1.0 
0.05586542399272772 -0.6253852904247803 0.7783137496681054 0.4418 -0.9984222061212644 -0.030564378580525686 0.04710538277027493 -1.1648 -0.005670337385074331 -0.7797172931789442 -0.6261060533101721 1.3848 0.0 0.0 0.0 1.0 
0.055781356843804225 -0.626537733305545 0.7773923777430638 0.4414 -0.9984216453619125 -0.02990962039750969 0.04753559382703337 -1.1651 -0.006531332289510028 -0.7788169768000868 -0.6272172337767016 1.3849 0.0 0.0 0.0 1.0 
0.05643652355552349 -0.6259964500755146 0.7777810510046004 0.4409 -0.9983923323135067 -0.03128062212855591 0.04726810189596431 -1.1654 -0.005260188833455359 -0.7791982848878098 -0.6267554253784582 1.3853 0.0 0.0 0.0 1.0 
0.057269005465843625 -0.6258091519023451 0.7778709188600772 0.4405 -0.9983477208005157 -0.03223001451276869 0.047571572781675786 -1.1656 -0.004699934613240198 -0.7793100355826135 -0.6266209213351059 1.3857 0.0 0.0 0.0 1.0 
0.058268201683899276 -0.6265236307124147 0.7772213049263752 0.4402 -0.9982874896124863 -0.03252287787862092 0.04862458737811337 -1.1657 -0.005186979441245743 -0.7787235726324364 -0.6273457520943694 1.3858 0.0 0.0 0.0 1.0 
0.05996031979645236 -0.624868534913 0.778424096573062 0.44 -0.9981805314960052 -0.03256932122999698 0.050743136057693705 -1.1659 -0.00635504463080383 -0.780050353112091 -0.6256844732110924 1.3861 0.0 0.0 0.0 1.0 
0.05977731784075081 -0.6235812354625059 0.779469765321799 0.4397 -0.9981941646993382 -0.03270878554621458 0.05038397471698591 -1.1661 -0.005922991807860822 -0.7810739901745201 -0.6244103939244585 1.3864 0.0 0.0 0.0 1.0 
0.060329978501573414 -0.6244207568354068 0.7787547830524686 0.4395 -0.9981554207961307 -0.032435237502071 0.051319697032265355 -1.1662 -0.006785987717270292 -0.7804144243934001 -0.6252257804740773 1.3864 0.0 0.0 0.0 1.0 
0.06171802116058733 -0.6233511087370172 0.7795025856918963 0.4395 -0.9980666622287404 -0.032803783160934796 0.05279061998036494 -1.1663 -0.007336457701250132 -0.7812536765012126 -0.6241705450770134 1.3865 0.0 0.0 0.0 1.0 
0.06204610732753567 -0.6221964766880459 0.7803985039468502 0.4394 -0.9980488737323858 -0.03320988897728419 0.052872950699132226 -1.1664 -0.006980415962987208 -0.7821564087003945 -0.6230430371345829 1.3866 0.0 0.0 0.0 1.0 
0.06304715285667524 -0.6243772620528001 0.778574396668755 0.4388 -0.9979867308835482 -0.03405301762670969 0.05350585922011952 -1.1664 -0.006895034230174846 -0.7803803089660605 -0.6252671684016368 1.3866 0.0 0.0 0.0 1.0 
0.06533779875990275 -0.6191125637197541 0.782579456347765 0.4391 -0.9978375371333459 -0.03491215772733858 0.05569013135628165 -1.1663 -0.007156922583689329 -0.784525827928676 -0.620054839326294 1.3869 0.0 0.0 0.0 1.0 
0.06482773798648313 -0.6203684890706501 0.7816267025605986 0.4387 -0.9978709361251038 -0.03469758314960136 0.05522384050738971 -1.1663 -0.007138572992202774 -0.783542606047543 -0.6212970507606324 1.3871 0.0 0.0 0.0 1.0 
0.0654959425687423 -0.6173532613817692 0.7839548661551412 0.4388 -0.9977996150683806 -0.03240488266685265 0.057843337980611365 -1.166 -0.010305807897672825 -0.7860183676229461 -0.6181172349020335 1.388 0.0 0.0 0.0 1.0 
0.06503435798025342 -0.6192239629753551 0.7825165914913191 0.4387 -0.9978215944221631 -0.03165264574512923 0.057880702502173975 -1.1661 -0.011072397523033017 -0.7845761873103396 -0.6199335515348904 1.388 0.0 0.0 0.0 1.0 
0.06545316400905254 -0.6176590311190452 0.7837175540960446 0.4388 -0.99781846687109 -0.03373359691321108 0.05674814191076555 -1.1663 -0.008613390286725864 -0.7857221937277701 -0.6185195581316643 1.388 0.0 0.0 0.0 1.0 
0.06401611317273949 -0.6177858501351239 0.7837362953360506 0.4388 -0.9979200046918211 -0.03365569466774629 0.05498143734304661 -1.1665 -0.007589564554764339 -0.7856258254342544 -0.6186553652241411 1.3881 0.0 0.0 0.0 1.0 
0.0634091492000862 -0.6197825866321225 0.7822076611139246 0.4386 -0.9979436573102154 -0.032021050389645214 0.055525752279950547 -1.1667 -0.009366783441066728 -0.7841200148188661 -0.6205385288025465 1.3884 0.0 0.0 0.0 1.0 
0.06324873587519428 -0.618855932137711 0.7829539786399673 0.4387 -0.9979682021846876 -0.033177764203592114 0.05439396465337615 -1.1671 -0.007685365212649675 -0.7848035239602429 -0.619696993651843 1.3882 0.0 0.0 0.0 1.0 
0.06221253870733755 -0.6216365891263257 0.7808313205084538 0.4385 -0.9980258482914371 -0.03200386558376467 0.05403849303832925 -1.1674 -0.008602683868727645 -0.7826517128628059 -0.6224004259182112 1.3883 0.0 0.0 0.0 1.0 
0.058718011034459366 -0.6197695192352127 0.7825841412954332 0.4389 -0.998255718480833 -0.0316311215743669 0.04984970078409312 -1.1678 -0.006141310973489245 -0.7841461695212832 -0.6205457832623038 1.388 0.0 0.0 0.0 1.0 
0.05993419510204613 -0.6231944964630857 0.7797669599537997 0.4384 -0.9981661303863093 -0.030763807794143894 0.052134099010398505 -1.1681 -0.008501082701099394 -0.7814615842817392 -0.6238954430710189 1.3883 0.0 0.0 0.0 1.0 
0.055935641503757474 -0.6208958602233533 0.7818948361301953 0.4392 -0.9984166324232328 -0.030115222529721347 0.04751106684380246 -1.1687 -0.005952487733211109 -0.7833143712006612 -0.6215972681409553 1.3877 0.0 0.0 0.0 1.0 
0.0563014109150454 -0.6213956800707312 0.7814714069743107 0.4393 -0.9983911082784129 -0.029761117076820692 0.04826459179297232 -1.1687 -0.006733946805380031 -0.7829314687121558 -0.6220715145870683 1.3874 0.0 0.0 0.0 1.0 
0.055471184839746904 -0.6230103986728072 0.7802441866480168 0.4394 -0.998435527631604 -0.029108181950789444 0.04774108195800636 -1.1687 -0.0070317007527325726 -0.781671770559146 -0.6236503814602011 1.3871 0.0 0.0 0.0 1.0 
0.0558575732983833 -0.6229871022124697 0.7802352222132276 0.4397 -0.9984173822062717 -0.02974004479008846 0.04773112867153145 -1.1686 -0.006531647080981917 -0.7816665530856444 -0.6236623584710048 1.3868 0.0 0.0 0.0 1.0 
0.05636033151249201 -0.6232192779097516 0.780013618261534 0.4399 -0.9983886037146092 -0.0300066735361285 0.048164255585334104 -1.1684 -0.006611278590044456 -0.7814712606263549 -0.6239062107484271 1.3868 0.0 0.0 0.0 1.0 
0.05806410220116057 -0.6227746871735029 0.7802437113181488 0.4404 -0.998289181461953 -0.030838522879564303 0.04967590646008019 -1.1679 -0.006875333562615715 -0.7817932428222645 -0.6234998438378718 1.3869 0.0 0.0 0.0 1.0 
0.058266801053796 -0.6221132231064858 0.780756119112119 0.4407 -0.9982812588207804 -0.03138531499096031 0.049492325567871476 -1.1676 -0.006285553448610481 -0.7822979609068261 -0.6228726933963846 1.387 0.0 0.0 0.0 1.0 
0.05888358671534774 -0.6230952023304563 0.7799263375783023 0.4409 -0.9982405655966449 -0.03130270416850679 0.050357858463496885 -1.1673 -0.00696393658980049 -0.7815193596735188 -0.6238421226902418 1.3872 0.0 0.0 0.0 1.0 
0.05971464060580843 -0.622213020071704 0.7805671779869865 0.4412 -0.9981951312350887 -0.032226902393044723 0.0506745176663041 -1.167 -0.006375082421627043 -0.7821843672788391 -0.6230144251208948 1.3876 0.0 0.0 0.0 1.0 
0.0603473298065068 -0.6216561577644215 0.7809621125885693 0.4413 -0.9981550884197474 -0.03234723636085514 0.05138166756325435 -1.1669 -0.006679763992126275 -0.7826220529817642 -0.6224613264610243 1.3878 0.0 0.0 0.0 1.0 
0.06122302093674366 -0.6209436750375203 0.7814606158587118 0.4415 -0.9980983558967835 -0.03246209875714394 0.05240118415092332 -1.1668 -0.007170332176168137 -0.7831827146810504 -0.621750288911315 1.3879 0.0 0.0 0.0 1.0 
0.06134038379585502 -0.621934865613057 0.7806627826729324 0.4416 -0.9980889998906115 -0.0323720538831639 0.05263457442351532 -1.1667 -0.007463619305420555 -0.7823995610059187 -0.6227320622262912 1.3876 0.0 0.0 0.0 1.0 
0.06071822634837362 -0.6219010177148533 0.7807383820168811 0.442 -0.9981294293971127 -0.03223667907850172 0.051946498374615124 -1.1666 -0.007137167540549272 -0.7824320549972499 -0.6226950619302185 1.3871 0.0 0.0 0.0 1.0 
0.06015082373270207 -0.6227570983661821 0.7800996569918557 0.4421 -0.9981649512825743 -0.032067802622346 0.05136522233992724 -1.1667 -0.00697197499517227 -0.7817577965517886 -0.6235432134945893 1.3869 0.0 0.0 0.0 1.0 
0.05912437104682122 -0.6214314232366926 0.7812344686215122 0.4424 -0.9982182345104078 -0.030500633876474184 0.05128418493120529 -1.167 -0.008041457532226015 -0.7828746371847488 -0.6221275089670972 1.387 0.0 0.0 0.0 1.0 
0.05800396528964659 -0.6221800597635255 0.7807224303446993 0.4426 -0.9982936963357841 -0.030880274582878994 0.04955910106048972 -1.1673 -0.0067257614375851316 -0.7822649051787651 -0.6229096100227888 1.387 0.0 0.0 0.0 1.0 
