-0.9995793154019174 -0.014191935117850838 -0.025293896462288332 -0.6832 0.01522598642003157 0.48549051641134444 -0.8741093340150207 2.6909 0.02468524980978042 -0.8741267342052047 -0.48507019181719657 1.7373 0.0 0.0 0.0 1.0 
-0.9995793154019174 -0.014191935117850838 -0.025293896462288332 -0.6832 0.01522598642003157 0.48549051641134444 -0.8741093340150207 2.6909 0.02468524980978042 -0.8741267342052047 -0.48507019181719657 1.7373 0.0 0.0 0.0 1.0 
-0.9995793154019174 -0.014191935117850838 -0.025293896462288332 -0.6832 0.01522598642003157 0.48549051641134444 -0.8741093340150207 2.6909 0.02468524980978042 -0.8741267342052047 -0.48507019181719657 1.7373 0.0 0.0 0.0 1.0 
-0.9995437768056129 -0.014840914512093796 -0.026305617377587482 -0.6821 0.01587404703655134 0.4828290270277343 -0.8755707540171342 2.6914 0.025695386353442217 -0.875588874938402 -0.48237316385165036 1.7371 0.0 0.0 0.0 1.0 
-0.9994943824393071 -0.015994210176952347 -0.027480260426042288 -0.6811 0.01633859489315864 0.483081800829679 -0.8754227687375232 2.6918 0.027276909450758568 -0.875429128455279 -0.48257622326721117 1.7371 0.0 0.0 0.0 1.0 
-0.9994750949777775 -0.01646970511084263 -0.027897729884783604 -0.6797 0.01646970511084263 0.4832375859357216 -0.8753343271873769 2.6921 0.027897729884783604 -0.8753343271873769 -0.4827126809134992 1.7373 0.0 0.0 0.0 1.0 
-0.9994877882531159 -0.016799061205813537 -0.027238808261336036 -0.6785 0.015766157186422415 0.48221284755229127 -0.8759122090387162 2.6925 0.027849406106190463 -0.8758930078486266 -0.48170099582772136 1.7375 0.0 0.0 0.0 1.0 
-0.9994488365755545 -0.017065025263573706 -0.02847469017433241 -0.6775 0.01672073063105182 0.4822230944815154 -0.8758888652767743 2.6928 0.028678218824300033 -0.8758822249945623 -0.48167197105876997 1.7374 0.0 0.0 0.0 1.0 
-0.9994219486077631 -0.01762236786901416 -0.02907268119300775 -0.6759 0.0169335219599982 0.4834910020303094 -0.875185527068265 2.6933 0.029479221073349077 -0.8751719277412958 -0.4829131106301547 1.7375 0.0 0.0 0.0 1.0 
-0.9994218258684673 -0.017805359275603352 -0.028965206003159064 -0.6749 0.01677228976125892 0.4828605689652249 -0.8755366133033747 2.6938 0.029575399809691927 -0.8755162135104327 -0.48228275483003835 1.7375 0.0 0.0 0.0 1.0 
-0.9993944849896045 -0.01783256405008165 -0.029877466956938686 -0.6736 0.017487978271136746 0.48490873781639043 -0.8743898939290775 2.6942 0.030080458579474424 -0.8743829342163048 -0.4843032628043441 1.7374 0.0 0.0 0.0 1.0 
-0.9993145154346731 -0.017613197303894046 -0.032561856861966706 -0.6717 0.02002345335619936 0.48264765443337854 -0.8755856914007051 2.6947 0.03113776737753074 -0.8756374917456954 -0.48196412988110504 1.7374 0.0 0.0 0.0 1.0 
-0.9992598497255745 -0.017484010260105178 -0.034264589763290505 -0.6702 0.021614355987362322 0.4816383112725899 -0.8761035079999048 2.695 0.031820941872823784 -0.8761956667889382 -0.48090392092247897 1.7376 0.0 0.0 0.0 1.0 
-0.9993186674459305 -0.014495552597503106 -0.033942301763178244 -0.6682 0.022757707363257815 0.482005310213722 -0.8758726891970897 2.6954 0.029056628325701404 -0.8760483775914812 -0.48134701876055636 1.7377 0.0 0.0 0.0 1.0 
-0.99937643705522 -0.012527782788400634 -0.03301199353599482 -0.6666 0.02285929431959979 0.4830052745732599 -0.8753190032197518 2.6954 0.02691077334496026 -0.8755278176007981 -0.48241771410797074 1.738 0.0 0.0 0.0 1.0 
-0.9993882725308075 -0.009451255399828426 -0.03367127112622044 -0.6648 0.024944044566784153 0.48219829764121414 -0.8757069123814001 2.696 0.024512759300791054 -0.8760111160957273 -0.48166757116104375 1.7385 0.0 0.0 0.0 1.0 
-0.9994706083798538 -0.004426537162490715 -0.0322321074947595 -0.6618 0.02611413320522385 0.4817472443520134 -0.8759210264665307 2.6966 0.019405025940319384 -0.8762990347638129 -0.48137661621672573 1.7389 0.0 0.0 0.0 1.0 
-0.9994180442289987 -0.003997008318925441 -0.03387619804496702 -0.6595 0.027752972105544057 0.4821358658819654 -0.8756567702984751 2.6971 0.019832937472605505 -0.8760873419669674 -0.4817443552720279 1.7392 0.0 0.0 0.0 1.0 
-0.9993326798802984 -0.004289809337751532 -0.03627385365668775 -0.6569 0.029752497037785687 0.4804904967884782 -0.8764951063274559 2.6976 0.021189238855551497 -0.8769894412316531 -0.4800422232730317 1.7395 0.0 0.0 0.0 1.0 
-0.9992497573545815 -0.003542683609783069 -0.03856645977596777 -0.6527 0.03210654141530294 0.4811150752804019 -0.876069320508532 2.699 0.02165854162121269 -0.8766502915819824 -0.48064037891553396 1.7395 0.0 0.0 0.0 1.0 
-0.999217751496959 -0.0015765371369586764 -0.03951454952315332 -0.6495 0.03391288863309945 0.47982160566085363 -0.8767104098421551 2.7 0.020342101118639162 -0.8773646569538213 -0.4793928009997469 1.7397 0.0 0.0 0.0 1.0 
-0.9992738675418792 -6.294281354376347e-05 -0.03810162314255447 -0.6446 0.03342079390948775 0.47877220111739 -0.8773028154358499 2.7011 0.018297217885639486 -0.8779391638806254 -0.4784224454833132 1.7401 0.0 0.0 0.0 1.0 
-0.9992331013566939 0.0023764977726608537 -0.03908403013277252 -0.6402 0.03545122181920242 0.4787290079021821 -0.8772466858669332 2.7029 0.0166258841752443 -0.8779595031955225 -0.478446121025202 1.7401 0.0 0.0 0.0 1.0 
-0.9992065057289824 0.0012570542921748785 -0.039809279362775674 -0.636 0.03554397514428648 0.4791404440757796 -0.8770182784194448 2.7038 0.01797177620101412 -0.8777373494761237 -0.4788049295849087 1.74 0.0 0.0 0.0 1.0 
-0.9990984235791691 0.0005745994792447258 -0.04245008641990567 -0.6295 0.03757563016656065 0.4773440176998717 -0.8779127295943091 2.7059 0.01975884660613733 -0.8787163129256125 -0.4769352465264149 1.7399 0.0 0.0 0.0 1.0 
-0.9990012817520835 0.0004416103817258925 -0.04467934688382487 -0.6244 0.039442960932310894 0.47852173779655094 -0.8771893748154165 2.7078 0.02099266277980466 -0.8780755955135298 -0.47806124782602255 1.7395 0.0 0.0 0.0 1.0 
-0.998890460219726 -0.0010151666034545724 -0.047083095892167 -0.6192 0.0408838041009635 0.47752665482285617 -0.8776655447811124 2.7091 0.02337441003015482 -0.8786166760143241 -0.4769553161306437 1.7394 0.0 0.0 0.0 1.0 
-0.9988069613336168 -0.0004957560674541429 -0.048830402593348046 -0.6121 0.04273532505188493 0.474982724190091 -0.8789568269907626 2.7113 0.023629345827098257 -0.8799949806373224 -0.474394865137579 1.7388 0.0 0.0 0.0 1.0 
-0.9987253954441881 -0.001599291189856307 -0.05044825827062593 -0.6067 0.043541451705283375 0.4782347996006111 -0.8771519927779675 2.7131 0.025528934138467373 -0.8782305612529394 -0.47755560388618656 1.7381 0.0 0.0 0.0 1.0 
-0.9986244699448752 -0.001903573915125318 -0.052397943028963535 -0.6015 0.04518237028312676 0.47580016809922876 -0.878392141046551 2.7146 0.026603034468181956 -0.8795513495203648 -0.4750596826862803 1.7372 0.0 0.0 0.0 1.0 
-0.9985479944219208 -0.00017107715219527586 -0.05386904091004163 -0.5947 0.0472544777339376 0.47733021712756923 -0.8774524933869868 2.7165 0.02586343306779937 -0.8787239808663215 -0.476629046828235 1.7357 0.0 0.0 0.0 1.0 
-0.9985644055988182 -0.0006286775481575586 -0.05356055111385065 -0.5897 0.04670841783717043 0.47923889096832534 -0.8764407618810285 2.718 0.026219297744738787 -0.8776842770313195 -0.4785215337660183 1.7346 0.0 0.0 0.0 1.0 
-0.9985309924639914 -0.0007191036890019306 -0.05417877793713082 -0.5845 0.04716474195512623 0.4806561157658739 -0.8756398720325436 2.7197 0.0266710368224189 -0.876908878542547 -0.4799161119696544 1.733 0.0 0.0 0.0 1.0 
-0.9984205576132691 -0.0019855789999468423 -0.05614666162154519 -0.5781 0.04815006072797464 0.48468490434412675 -0.8733625336324071 2.7217 0.028947569623401555 -0.8746865729945557 -0.48382376671256916 1.7311 0.0 0.0 0.0 1.0 
-0.9984072115426347 -0.0033357320557106766 -0.05631973749329473 -0.5731 0.047736095259957395 0.48213255819041706 -0.8747968115751777 2.7232 0.030071666880859743 -0.8760919296651563 -0.48120538819363806 1.7301 0.0 0.0 0.0 1.0 
-0.998495987789193 -0.0024126191754187294 -0.05477172297452999 -0.5686 0.04681698729245175 0.4823494752611291 -0.8747269021907194 2.7242 0.02852949473339242 -0.8759755493071872 -0.4815110641991828 1.7291 0.0 0.0 0.0 1.0 
-0.9985280787827967 -0.0012128904441135735 -0.054223655161818186 -0.5624 0.04673894387267567 0.4879629443788566 -0.8716120903468376 2.726 0.02751630440310012 -0.8728635023930646 -0.48718801214942525 1.728 0.0 0.0 0.0 1.0 
-0.998572046091729 -0.0013763534056821722 -0.05340388015379271 -0.5585 0.04589210698912208 0.48961220882291406 -0.8707317609273515 2.7263 0.02734562634640062 -0.8719392126879317 -0.4888499013980397 1.7278 0.0 0.0 0.0 1.0 
-0.9985685485627027 -0.002095976746854203 -0.053445867032477584 -0.5544 0.045576404155469194 0.48962840213093295 -0.8707392372065051 2.7268 0.027993663669372712 -0.8719286867102066 -0.48883199576764613 1.7279 0.0 0.0 0.0 1.0 
-0.998567192369485 -0.005714989528759585 -0.05320621409205386 -0.5488 0.04365410988536059 0.48805940971349776 -0.8717180342749762 2.7272 0.03094965288077018 -0.8727916999403682 -0.48711063168623364 1.7281 0.0 0.0 0.0 1.0 
-0.998587794779441 -0.008165023278747019 -0.0524952237102723 -0.5449 0.04193451336022677 0.4855270564054824 -0.8732153079782039 2.7273 0.03261767476039606 -0.8741835104216311 -0.4844989962839344 1.7284 0.0 0.0 0.0 1.0 
-0.9986016902665349 -0.009941433856021973 -0.051921403002096335 -0.5411 0.04060085762410374 0.484777078167398 -0.8736948865843657 2.7276 0.03385608596703132 -0.8745812440113079 -0.4836955789198678 1.7287 0.0 0.0 0.0 1.0 
-0.9986679867464683 -0.01166783609496915 -0.05026046009157792 -0.5367 0.0384969830449813 0.4800810668066147 -0.87637899997105 2.7284 0.034354541827691196 -0.8771465276079499 -0.47899241597453895 1.7299 0.0 0.0 0.0 1.0 
-0.9988689677521815 -0.009805066030112206 -0.046525755682595066 -0.5339 0.036254989314351144 0.4760250622218729 -0.8786840819580596 2.7282 0.03076298118693428 -0.8793770527008348 -0.47513117996158194 1.7312 0.0 0.0 0.0 1.0 
-0.9989033469966462 -0.007005815302898368 -0.046292784652033916 -0.5313 0.03727058221368548 0.479444421144593 -0.8767804461407537 2.7281 0.02833737920752065 -0.8775442812674855 -0.47865752616498297 1.7321 0.0 0.0 0.0 1.0 
-0.9986177690621449 -0.00647976006554286 -0.052159026283449504 -0.5277 0.04261105996367269 0.4811685785901176 -0.8755918550022825 2.7277 0.03077090967321037 -0.8766041362479753 -0.4802273830497635 1.733 0.0 0.0 0.0 1.0 
-0.9984127737342523 -0.008384255684296443 -0.055692346879052876 -0.5251 0.044841757149501074 0.4799549355507471 -0.8761463785556745 2.7275 0.03407565201168683 -0.8772530787048276 -0.4788171737133913 1.7339 0.0 0.0 0.0 1.0 
-0.9981422404167777 -0.010494664663635349 -0.06001608042327614 -0.5222 0.04763329651007135 0.4797764172571741 -0.8760968316958196 2.7273 0.03798864250481886 -0.8773280181650803 -0.4783852125465139 1.7348 0.0 0.0 0.0 1.0 
-0.9979309115671602 -0.00632439030444161 -0.06398357465798088 -0.5179 0.05334479995675015 0.4740846223767604 -0.8788618225542958 2.7274 0.035891894019550404 -0.8804565707138322 -0.4727663260327748 1.7366 0.0 0.0 0.0 1.0 
-0.9980812051354974 -0.0005092292526955242 -0.06191646502216945 -0.5145 0.054354927629035016 0.4717220411894884 -0.8800703708786389 2.728 0.02965551884077734 -0.8817471613459217 -0.47078922424020436 1.738 0.0 0.0 0.0 1.0 
-0.9983451634141627 0.0034968418338400704 -0.057399536450546934 -0.5097 0.052349542736837854 0.46837583643371017 -0.8819770979000908 2.7278 0.023800421483506255 -0.8835224094171078 -0.4677838090346822 1.74 0.0 0.0 0.0 1.0 
-0.998152860442542 0.0077983026394327325 -0.0602499266913676 -0.506 0.056917236168866375 0.4668198920241787 -0.8825189044079633 2.7278 0.021243714770934997 -0.8843180281360763 -0.46640146836845736 1.7407 0.0 0.0 0.0 1.0 
-0.9978034174410974 0.008950971926481689 -0.06563703409234013 -0.5029 0.06224399924587226 0.46579131367679166 -0.882702745357195 2.7266 0.022672112842598898 -0.8848493274025926 -0.46532530889092244 1.7415 0.0 0.0 0.0 1.0 
-0.9972589207270096 0.008239316993465546 -0.07353066493566218 -0.4979 0.06882372658987686 0.4681527250390964 -0.880963291344622 2.7255 0.0271650453465719 -0.8836091555059561 -0.4674365418079434 1.7416 0.0 0.0 0.0 1.0 
-0.9970009184056094 0.008813893681262397 -0.07688617545792398 -0.4936 0.07203516172904269 0.46881583679891814 -0.880353705416863 2.7243 0.028286112724125446 -0.8832519609062329 -0.46804473010840797 1.7414 0.0 0.0 0.0 1.0 
-0.9965789535632782 0.013655865196902123 -0.08151016292736404 -0.4876 0.07826992000184643 0.4726255983891207 -0.877780646500155 2.7226 0.02653693534728444 -0.8811575120788846 -0.4720775677463656 1.7411 0.0 0.0 0.0 1.0 
-0.9960213816361035 0.015518261668284634 -0.08775301065206689 -0.4831 0.08447231305131328 0.4780908532028826 -0.8742388486057461 2.7215 0.028387244520524466 -0.8781732856552483 -0.4774995756123743 1.7408 0.0 0.0 0.0 1.0 
-0.995600108150615 0.015488040151140837 -0.09241507053917342 -0.4777 0.08858449456814185 0.4770961769897717 -0.8743752199278357 2.7202 0.030548518337074792 -0.878714605838563 -0.4763690056179015 1.7404 0.0 0.0 0.0 1.0 
-0.9948946292288274 0.016869611248071466 -0.09949921079070168 -0.4704 0.09527286809990854 0.48215982191281476 -0.8708874707658962 2.7186 0.033282988682673466 -0.8759208425133753 -0.4813054334983217 1.7399 0.0 0.0 0.0 1.0 
-0.994119865501618 0.017927904646571367 -0.10679083879260878 -0.4642 0.10213418408289154 0.48289130164626426 -0.8697037422226601 2.7172 0.03597640138712507 -0.8754967624322552 -0.4818828877578787 1.7391 0.0 0.0 0.0 1.0 
-0.9934583373308717 0.016367836803876573 -0.113016042693689 -0.4578 0.1067996631407729 0.4835365522801708 -0.8687843429540056 2.7158 0.04042726729322066 -0.8751711241393694 -0.4821214987239578 1.739 0.0 0.0 0.0 1.0 
-0.9926778533751096 0.01899004302485053 -0.11928980545083695 -0.4483 0.11366969116098147 0.48095540863059283 -0.8693452111907826 2.7143 0.04086417416211049 -0.8765393734310477 -0.47959237493433415 1.7387 0.0 0.0 0.0 1.0 
-0.9920057179892304 0.023012382903938533 -0.12407693464038422 -0.4406 0.11970017152887802 0.4829146354610883 -0.8674475913814284 2.7139 0.03995653153902178 -0.8753650010655938 -0.48180866585897403 1.7386 0.0 0.0 0.0 1.0 
-0.9916969365541146 0.02336090527103169 -0.1264573213938298 -0.4324 0.12202560065726062 0.4812737192345873 -0.8680353448785035 2.713 0.04058249392803796 -0.8762590229372965 -0.4801283015065404 1.7388 0.0 0.0 0.0 1.0 
-0.9914305743285862 0.0244507521583295 -0.1283260573904671 -0.4236 0.12443391855787495 0.4758101621484839 -0.8707013779181503 2.7122 0.03976953857944112 -0.8792080813522618 -0.47477524523299747 1.7392 0.0 0.0 0.0 1.0 
-0.9915200998932233 0.026266090585452886 -0.12727130074407725 -0.4111 0.12451133325649423 0.4724604344160826 -0.8725125018027289 2.7112 0.03721316162895603 -0.8809604022864612 -0.4717244430860606 1.7392 0.0 0.0 0.0 1.0 
-0.991790904364036 0.030371413826971096 -0.12421102705846523 -0.4008 0.12365534058471783 0.4751496854938362 -0.871172849163693 2.7105 0.03256007932492413 -0.8793806647847449 -0.47500472380503256 1.7388 0.0 0.0 0.0 1.0 
-0.9917727607170259 0.03287573737705816 -0.123717326966127 -0.3873 0.12434534233137362 0.47703559947727586 -0.870043259080748 2.709 0.03041425554279409 -0.8782688783756777 -0.47719885827242586 1.7377 0.0 0.0 0.0 1.0 
-0.9913291661728975 0.03023416401531459 -0.1278764232422948 -0.3775 0.12668739746480237 0.47825155268477837 -0.8690372579344303 2.708 0.034882482975594556 -0.8777023115389941 -0.47793500049751925 1.7368 0.0 0.0 0.0 1.0 
-0.9908889214210579 0.02952333654279024 -0.13140592834569584 -0.3677 0.1292913151503935 0.48178365342793855 -0.8666996406577713 2.707 0.0377213630678245 -0.8757927174217707 -0.4812111957127518 1.7358 0.0 0.0 0.0 1.0 
-0.9908206293071743 0.03280529792549951 -0.13114226232360926 -0.3548 0.1305761150539907 0.4833541121356039 -0.8656319543888205 2.7059 0.034990837611324974 -0.8748100449295384 -0.48320081392070996 1.7347 0.0 0.0 0.0 1.0 
-0.990706404353775 0.03473145755599772 -0.131508730616833 -0.3454 0.1317924251363185 0.4842279827881591 -0.8649589686000131 2.7052 0.03363892164000955 -0.8742522442298598 -0.4843051067353628 1.7342 0.0 0.0 0.0 1.0 
-0.9906252820684974 0.03664353877929582 -0.13160091790120887 -0.3361 0.13287224578005527 0.4821887230208752 -0.8659324463795446 2.7043 0.031725649371999586 -0.8753006834552504 -0.48253724904373635 1.7342 0.0 0.0 0.0 1.0 
-0.9909034455193516 0.03853822114414822 -0.12893861783392238 -0.3237 0.13153845918441498 0.479739685036784 -0.8674949385190656 2.7033 0.028425260126647173 -0.8765641106683824 -0.4804449650843273 1.7344 0.0 0.0 0.0 1.0 
-0.9910213714943246 0.04067915773585982 -0.12736501626195879 -0.3144 0.13116674688942315 0.48047846924020304 -0.8671422750085694 2.7025 0.025921530663793588 -0.8760625815103008 -0.48150018434633396 1.7346 0.0 0.0 0.0 1.0 
-0.9910229000012861 0.04282821416338895 -0.12664657810069802 -0.3052 0.13152446513878138 0.48222347496060997 -0.8661188343794816 2.7016 0.023977630053839648 -0.8750007224388384 -0.48352746456485013 1.7345 0.0 0.0 0.0 1.0 
-0.9905572366775109 0.042527155404649575 -0.1303372622046444 -0.2933 0.13447619625912313 0.486475753373339 -0.8632829744756465 2.6998 0.026692948609908847 -0.8726584569194473 -0.4876009680686429 1.7342 0.0 0.0 0.0 1.0 
-0.9900824434279425 0.0414733565709635 -0.13422636071388094 -0.2846 0.13718342877427875 0.49140293454493267 -0.8600603832233881 2.6986 0.030289636602104673 -0.869944318112008 -0.49221887539909137 1.7342 0.0 0.0 0.0 1.0 
-0.9893641086241204 0.04073032015444445 -0.1396413319419292 -0.276 0.14145133728144496 0.4932221050052098 -0.8583259720616175 2.6974 0.03391430004718513 -0.8689493634006219 -0.49373760652593923 1.7346 0.0 0.0 0.0 1.0 
-0.9885506838313275 0.038146520318537144 -0.14598763127129055 -0.2646 0.1456983473254575 0.49291032329680967 -0.8577945003169843 2.6959 0.03923693519179601 -0.869243496481292 -0.49282472212920986 1.7352 0.0 0.0 0.0 1.0 
-0.9884838153239818 0.040621874012507206 -0.14577246034232996 -0.2558 0.1468510207201399 0.4900447327041367 -0.8592385801757182 2.6951 0.03653114501349786 -0.8707502645998123 -0.4903666507251076 1.7357 0.0 0.0 0.0 1.0 
-0.9885359427037322 0.04698759391537681 -0.14348817373180167 -0.2466 0.14790184009057883 0.49244854739814165 -0.8576826183753997 2.6944 0.030360100142537517 -0.8690722606225011 -0.4937526406368184 1.736 0.0 0.0 0.0 1.0 
-0.9884306527018433 0.04678687090899004 -0.1442769333953064 -0.2338 0.14847647725395755 0.49275102645404617 -0.8574095646951572 2.6936 0.030977096404653612 -0.8689116264839765 -0.4939969684717786 1.7364 0.0 0.0 0.0 1.0 
-0.9876979921302936 0.042082342444485346 -0.15060462408628583 -0.2242 0.1516877075378658 0.4918423464527942 -0.857369200296883 2.6937 0.037993627408991856 -0.8696667078198376 -0.4921750720893044 1.7367 0.0 0.0 0.0 1.0 
-0.9864703981599395 0.03918017738586864 -0.15918877866916936 -0.2142 0.15767053457091706 0.49269753887661843 -0.8557973695408534 2.6939 0.044901626722104085 -0.8693181517056541 -0.49220909686105346 1.737 0.0 0.0 0.0 1.0 
-0.9855635920268183 0.038710296780542004 -0.1648208694139115 -0.2003 0.16228684344014527 0.4933970073193251 -0.8545304989376141 2.6947 0.04824299449069353 -0.8689424066596683 -0.49255629870206186 1.7377 0.0 0.0 0.0 1.0 
-0.985519228217471 0.03902159871552235 -0.16501262269088549 -0.1896 0.16278386555421795 0.49016026072728736 -0.8562968713705449 2.6956 0.04746855726547929 -0.8707584243849967 -0.48941444853384897 1.7385 0.0 0.0 0.0 1.0 
-0.9848595399817318 0.03965227518033404 -0.16875835854853188 -0.1747 0.16646825401190832 0.48797120071935407 -0.8568386240563265 2.6975 0.04837361794613412 -0.8719586024241833 -0.4871839372816663 1.7398 0.0 0.0 0.0 1.0 
-0.9843614897094369 0.03887736874042838 -0.17181678549210253 -0.1635 0.1691379447491847 0.4812211414031435 -0.8601270654459594 2.699 0.04924239253976351 -0.8757366974533365 -0.48027119787728606 1.7408 0.0 0.0 0.0 1.0 
-0.9840453769225176 0.04202507346769836 -0.1728831667845503 -0.1515 0.17168942356144362 0.47915151370908704 -0.860776724097155 2.7009 0.04666302599017018 -0.8767255671590312 -0.4787220925496499 1.742 0.0 0.0 0.0 1.0 
-0.9839718238482544 0.0458438836243817 -0.17233046221424225 -0.1351 0.17316849913914428 0.47634191602551634 -0.8620388912009925 2.7036 0.042569011952785646 -0.8780641875007628 -0.47664574040894303 1.743 0.0 0.0 0.0 1.0 
-0.9837868651865267 0.048024923412879186 -0.17279181293583867 -0.1223 0.17467269729970158 0.4749975544163123 -0.8624771139668399 2.7053 0.04065529122406571 -0.8786756682813686 -0.4756849979406297 1.7434 0.0 0.0 0.0 1.0 
-0.9830971769920741 0.04698337106125372 -0.1769533933948012 -0.1048 0.1780561305533914 0.4703161581194205 -0.8643487292662274 2.7075 0.04261402307419905 -0.881246432194485 -0.47073216459248113 1.7436 0.0 0.0 0.0 1.0 
-0.9829163972057 0.0457843794868807 -0.17826706566039638 -0.0916 0.1790124214193221 0.46292543595426944 -0.8681328203242523 2.7091 0.042777436596385776 -0.8852140031323222 -0.46321297431817604 1.7433 0.0 0.0 0.0 1.0 
-0.9828918094871664 0.05125091287098618 -0.17690967970389415 -0.0783 0.18036537719032664 0.46239690523998417 -0.868134455447701 2.7105 0.03730980506562634 -0.8851906269015594 -0.46373002112391776 1.7423 0.0 0.0 0.0 1.0 
-0.983535041780213 0.05731395504736898 -0.17138824973499017 -0.0603 0.17835124351510706 0.4608090543159817 -0.8693939552337744 2.7123 0.02914885121252926 -0.8856467275484279 -0.4634438676428367 1.7404 0.0 0.0 0.0 1.0 
-0.9831286804920949 0.060321044295291934 -0.17268285731072958 -0.0471 0.18095905251354183 0.4584448030882818 -0.870104697053606 2.7131 0.02667993454402716 -0.8866734089485665 -0.46162587336094424 1.7382 0.0 0.0 0.0 1.0 
-0.982565049343564 0.05758981457461372 -0.17677482022545235 -0.0342 0.1832100503388533 0.46164512653392586 -0.8679388541840436 2.7134 0.03162279657642919 -0.8851933068006881 -0.4641473993592431 1.7354 0.0 0.0 0.0 1.0 
-0.9816629309951975 0.056097342948021045 -0.18218391263799838 -0.0171 0.1873231080299948 0.46099289276573663 -0.8674074048666293 2.7134 0.035326238235914895 -0.8856289521767283 -0.46304796291361583 1.7312 0.0 0.0 0.0 1.0 
-0.9806579355315719 0.056721049432320494 -0.1873305528477702 -0.0041 0.1920297551944492 0.46402419531672673 -0.8647578385193301 2.7135 0.03787593693778257 -0.884004676860909 -0.46594113865286096 1.7281 0.0 0.0 0.0 1.0 
-0.9795347982131104 0.05467793912447974 -0.1937057099383 0.0088 0.19645933708906368 0.46899026424400536 -0.8610759902092635 2.7132 0.043764231515322743 -0.8815091916806299 -0.4701342755239566 1.7243 0.0 0.0 0.0 1.0 
-0.9784191225773488 0.053544002141582475 -0.19957219347803087 0.0258 0.20062394559175714 0.4773452364713834 -0.8555066087841018 2.7128 0.04945758819600943 -0.8770829864116284 -0.477785916407226 1.7191 0.0 0.0 0.0 1.0 
-0.9781264723925246 0.05111083399212425 -0.2016340414056765 0.0385 0.201283859534592 0.4770916909631589 -0.855493031125779 2.712 0.05247296347468092 -0.8773660587591384 -0.47694379861954556 1.7153 0.0 0.0 0.0 1.0 
-0.9774652270696658 0.04948847425558388 -0.20521359795467098 0.0507 0.20345171422137853 0.4801009281397522 -0.8532939111348041 2.711 0.05629502509129425 -0.875816184889959 -0.4793504776619792 1.7113 0.0 0.0 0.0 1.0 
-0.9772522692905635 0.04577766179984344 -0.20708067955891743 0.0661 0.20270331364947344 0.48874440980495326 -0.8485518655450184 2.7087 0.06236480419248566 -0.8712251761539878 -0.48690586732292085 1.7061 0.0 0.0 0.0 1.0 
-0.9778740635326979 0.0484432183469414 -0.20350815823017948 0.0772 0.20084705130334027 0.48947466028770625 -0.8485723415943911 2.7061 0.05850451138846145 -0.870670897373069 -0.48837425261245326 1.7029 0.0 0.0 0.0 1.0 
-0.9778815402161952 0.050358483424360445 -0.20300669065723048 0.0877 0.20119914817998225 0.4916979549019402 -0.8472024692580277 2.7031 0.0571541431223634 -0.8693084287480758 -0.49095443742927963 1.6995 0.0 0.0 0.0 1.0 
-0.9780028015149967 0.05086921021584018 -0.2022939536437885 0.1008 0.20061916837270727 0.494948855382073 -0.8454451962353442 2.6981 0.05711803139343925 -0.8674318151924063 -0.49426670581958654 1.6946 0.0 0.0 0.0 1.0 
-0.9781176675554069 0.05091036451685138 -0.20172744781197174 0.1107 0.20004686563793622 0.4965138306138228 -0.8446628129363962 2.6934 0.05715837615265115 -0.8665345641080622 -0.49583340875907367 1.6911 0.0 0.0 0.0 1.0 
-0.9784513422089821 0.05431168889995243 -0.19920645415818125 0.1206 0.19949947046781263 0.4973730973850762 -0.8442866594235854 2.6884 0.05322529673475898 -0.8658349972404729 -0.4974905278908198 1.6875 0.0 0.0 0.0 1.0 
-0.9788958063312583 0.06028378191486543 -0.1952661414201576 0.133 0.1986903803928859 0.5042584487224654 -0.8403841678847498 2.681 0.047803065659080296 -0.8614460415661876 -0.5055942883217135 1.6825 0.0 0.0 0.0 1.0 
-0.9789791664937432 0.06073939061441677 -0.19470623513129956 0.1419 0.19836471671453684 0.5056163473526426 -0.8396448942574076 2.6745 0.047447136204171125 -0.8606177059052184 -0.5070364223095435 1.6788 0.0 0.0 0.0 1.0 
-0.9787244110784489 0.05982038859204236 -0.19626524977142668 0.1509 0.1993833750466057 0.5030391041277918 -0.840950610602866 2.6675 0.04842310310345707 -0.8621909190121441 -0.5042638419109845 1.6754 0.0 0.0 0.0 1.0 
-0.9783510495281088 0.05920652469643145 -0.19830232303384399 0.1623 0.2006206026735029 0.5065367709504155 -0.8385534410268954 2.6573 0.050799583366093054 -0.8601831706726756 -0.5074488301507197 1.671 0.0 0.0 0.0 1.0 
-0.9772403281944672 0.06209326461512424 -0.20284419498670825 0.1704 0.2061195077566981 0.5040324118526208 -0.8387288455300471 2.6488 0.05016063668361899 -0.8614497978939141 -0.50535943271698 1.6681 0.0 0.0 0.0 1.0 
-0.9766168935569463 0.06006183575748804 -0.20642678872816192 0.178 0.20799844798098777 0.5068009583117395 -0.8365939482758664 2.6398 0.05436992603159388 -0.8599682346108741 -0.5074431461785408 1.6653 0.0 0.0 0.0 1.0 
-0.9760315700474755 0.05999304337863169 -0.20919657984018175 0.189 0.21039192097410941 0.5059419065609074 -0.8365154073741486 2.6279 0.055656211328871594 -0.8604787167220834 -0.5064373250549692 1.6625 0.0 0.0 0.0 1.0 
-0.976387507136883 0.06308199301986099 -0.20661098243720022 0.1968 0.21001566782033043 0.5012255305486898 -0.8394440939074886 2.6178 0.05060489281683596 -0.8630142696866757 -0.5026385531773003 1.6608 0.0 0.0 0.0 1.0 
-0.9765944210095334 0.06363815583856776 -0.20545929517673484 0.2043 0.2093726611857824 0.50002667395038 -0.8403192334381644 2.6073 0.0492587616677284 -0.863668634639227 -0.5016473501767706 1.6591 0.0 0.0 0.0 1.0 
-0.9764688294833366 0.06348977026271375 -0.20610112595381502 0.2147 0.20999380832361686 0.4975242245300615 -0.8416485290615703 2.5928 0.049104231112874305 -0.8651235143479505 -0.4991493558135327 1.6566 0.0 0.0 0.0 1.0 
-0.9770611721209467 0.06057144116529037 -0.20416308787046233 0.2219 0.2072071454074856 0.4917042092363172 -0.8457494720727703 2.5809 0.04915958528835923 -0.8686530211393086 -0.4929759264303165 1.6549 0.0 0.0 0.0 1.0 
-0.976189773602518 0.06386417401030006 -0.2073038668038939 0.2315 0.21151564043291085 0.4922099697088404 -0.8443876358471137 2.565 0.04811091109218417 -0.868130585221604 -0.4939986105614827 1.6521 0.0 0.0 0.0 1.0 
-0.9754036517700299 0.06842738011961112 -0.20953617769649457 0.2385 0.21576916075718156 0.49076905976199303 -0.8441501046890127 2.5531 0.04507089282266591 -0.8685985399655562 -0.49346245144881296 1.6502 0.0 0.0 0.0 1.0 
-0.9752229424903925 0.06975490417781927 -0.20993919544364253 0.2451 0.21703512523846313 0.48548361325610717 -0.8468774502090131 2.5411 0.042848183778374016 -0.8714584984971676 -0.48859402221471854 1.6486 0.0 0.0 0.0 1.0 
-0.9751133654015686 0.07182720635628302 -0.2097493195275711 0.2536 0.2181679663072516 0.47922890225448717 -0.8501425749374732 2.5244 0.039454569983527865 -0.8747459697940948 -0.48297290321135394 1.6463 0.0 0.0 0.0 1.0 
-0.9741887458708057 0.07969949202680686 -0.21119724995685066 0.2598 0.2230694108698944 0.4832477244804921 -0.8465882557173738 2.5126 0.0345879365216506 -0.8718483972314774 -0.4885530133896206 1.6445 0.0 0.0 0.0 1.0 
-0.9742964242529936 0.08589019805330683 -0.20825309497386685 0.2651 0.2235213363759333 0.4835503825395571 -0.846296189126812 2.5007 0.028012316443799326 -0.871092361018171 -0.4903197005049263 1.6431 0.0 0.0 0.0 1.0 
-0.9750545034030882 0.09208353289355266 -0.20196370555918963 0.2713 0.22105488459464978 0.4851843456412033 -0.8460087994468872 2.4846 0.020086149212905635 -0.869549753444022 -0.4934366959349876 1.6412 0.0 0.0 0.0 1.0 
-0.9738230131783422 0.096310033423298 -0.20589588744377066 0.2756 0.22646967842543012 0.48879031836941805 -0.8424936257457415 2.4733 0.019499327120106658 -0.8670688566257737 -0.49780656294542464 1.6398 0.0 0.0 0.0 1.0 
-0.9721957818125327 0.09742136858813734 -0.21294233672131227 0.2805 0.23299596337190132 0.49336084562539917 -0.8380381596658895 2.4579 0.023414586870540183 -0.8643518687121614 -0.5023421186556792 1.638 0.0 0.0 0.0 1.0 
-0.9708988629801552 0.09739652562625531 -0.21879057260260687 0.284 0.23796763027541587 0.49517887634137725 -0.8355652502147242 2.4466 0.026959317590498535 -0.863314425468048 -0.5039458284119727 1.6372 0.0 0.0 0.0 1.0 
-0.969673890393957 0.10043647666591368 -0.22281171522876775 0.2871 0.24293034090671348 0.49599396018798053 -0.8336515104790443 2.435 0.02678424453286085 -0.8624978293375476 -0.505351460503304 1.6368 0.0 0.0 0.0 1.0 
-0.9677096984210288 0.10461132386264281 -0.22933471281423368 0.2912 0.2505912739605986 0.49757689131613675 -0.8304343746756717 2.4204 0.02723881415711743 -0.8610886761233567 -0.5077246683542561 1.6366 0.0 0.0 0.0 1.0 
-0.9664283143755538 0.10565412383527814 -0.2342082818557573 0.2943 0.2553120753009338 0.4972258540852087 -0.8292057610959812 2.4093 0.028845404811797343 -0.8611641284597465 -0.5075079176479999 1.6367 0.0 0.0 0.0 1.0 
-0.9654854674607761 0.10592904936989751 -0.2379429524521304 0.2977 0.25882771493907564 0.4922330072136637 -0.8310925824412164 2.3986 0.029086527834438686 -0.8639940411304833 -0.5026611888633866 1.6373 0.0 0.0 0.0 1.0 
-0.9630083633956628 0.10907127143646793 -0.24641093680524753 0.3022 0.26759074362738966 0.4949150498774635 -0.8267129413101797 2.3845 0.03178184945763815 -0.8620687624267687 -0.5057937948344482 1.6379 0.0 0.0 0.0 1.0 
-0.9618732881727484 0.10648862241460574 -0.2519125856244279 0.3054 0.2711238241509618 0.4923068388502857 -0.8271190049799348 2.3738 0.035939525282111306 -0.8638831805964733 -0.5024084004124713 1.6382 0.0 0.0 0.0 1.0 
-0.9599353136575376 0.10763240878241864 -0.25872660893866223 0.3093 0.2776067461357273 0.4911079780255725 -0.8256799915339887 2.364 0.038192775405029175 -0.8644236337001252 -0.5013113737065346 1.6387 0.0 0.0 0.0 1.0 
-0.9592371123215079 0.10655706174012598 -0.26174368175450974 0.3143 0.2797448876225556 0.48940844699796776 -0.8259674145243754 2.3496 0.04008690801419883 -0.865520054418353 -0.4992675387059656 1.6386 0.0 0.0 0.0 1.0 
-0.9584559716627072 0.10778982055359285 -0.2640899562064405 0.318 0.28234607738657114 0.49007768872194823 -0.8246845164069526 2.3389 0.040531999315500944 -0.8649885627000956 -0.500151920349718 1.6379 0.0 0.0 0.0 1.0 
-0.9568294787621501 0.10909529316618363 -0.269398525572684 0.3215 0.2875385170363375 0.49055937290443263 -0.8226014240664511 2.3283 0.04241402824886502 -0.8645517443534504 -0.5007507678906846 1.6373 0.0 0.0 0.0 1.0 
-0.955061955815707 0.1085400842224448 -0.27581825659383247 0.3265 0.2928694486104505 0.4888799656458922 -0.8217200650225611 2.3139 0.0456524547432811 -0.8655723131587885 -0.4986987307672406 1.6365 0.0 0.0 0.0 1.0 
-0.9544319766357482 0.11002381971994168 -0.27740649067643064 0.3302 0.2950190811864013 0.4879677528714832 -0.821493282926578 2.3027 0.04498159302548507 -0.8658996658111082 -0.4981911531100294 1.6356 0.0 0.0 0.0 1.0 
-0.9532605856486356 0.11193371910650071 -0.2806512041232099 0.334 0.2986909970288143 0.4892341173187278 -0.8194105605527051 2.2913 0.045584472605849885 -0.8649397788160471 -0.49980119535560763 1.6346 0.0 0.0 0.0 1.0 
-0.9505840289663825 0.11451561262177516 -0.2885761222622196 0.3389 0.30682750870340053 0.48842324888858424 -0.8168840859314039 2.2757 0.04740130564556905 -0.8650600582681991 -0.4994238798977435 1.6333 0.0 0.0 0.0 1.0 
-0.9488001735353442 0.11574828247149228 -0.2939057090364199 0.3428 0.31210754023349796 0.48683629975878695 -0.8158304361609514 2.2638 0.0486529960916748 -0.8657902473128654 -0.4980362774228715 1.6322 0.0 0.0 0.0 1.0 
-0.947770705172377 0.11683162763863664 -0.29678453665978316 0.3468 0.3153042801018162 0.483529108373077 -0.8165677022178948 2.2518 0.0481030286627635 -0.8674963816289056 -0.4951122362598455 1.631 0.0 0.0 0.0 1.0 
-0.946567962837989 0.12058749648226047 -0.2991115969347904 0.3525 0.319133671822411 0.4839741042364221 -0.8148145592327733 2.2368 0.046505819398064224 -0.8667339396381648 -0.49659791244166634 1.63 0.0 0.0 0.0 1.0 
-0.9440289266204376 0.12352132678668641 -0.3058624977546639 0.357 0.32672473746378405 0.47773441952657497 -0.815488056521264 2.2245 0.045390876099569794 -0.8697771589484652 -0.49135258434086854 1.6292 0.0 0.0 0.0 1.0 
-0.9420954297687615 0.12860044206135052 -0.3097065183531631 0.3623 0.33286193764321237 0.47078435690932857 -0.8170465223950691 2.213 0.04073244010882604 -0.8728253064566216 -0.4863299833772186 1.6286 0.0 0.0 0.0 1.0 
-0.9395433518258136 0.13437704360056532 -0.31496206151390327 0.3699 0.34065074871714973 0.4604228736109568 -0.8197364484114847 2.1974 0.03486197697149959 -0.8774699924265225 -0.4783628904426407 1.6283 0.0 0.0 0.0 1.0 
-0.9376755294502473 0.1355448233634164 -0.31998781590801006 0.3756 0.34583425104859533 0.4543406802721361 -0.8209587182383226 2.1865 0.034106777506170166 -0.880455647440138 -0.472900180396362 1.6282 0.0 0.0 0.0 1.0 
-0.9354494675703601 0.13869705266803034 -0.3251113981445919 0.3812 0.3522653227787627 0.4414017588777558 -0.8252718519537653 2.1757 0.02904196945635487 -0.8865255861174143 -0.46176720235338375 1.629 0.0 0.0 0.0 1.0 
-0.9335526276446235 0.1423688773762909 -0.3289537872899982 0.3885 0.3577639164455153 0.42645323332405516 -0.8307482289340286 2.1618 0.022010713468333665 -0.8932349873029345 -0.44905098368731056 1.6297 0.0 0.0 0.0 1.0 
-0.9320873118507901 0.14936338904366858 -0.33000578949490905 0.3937 0.3618114040560582 0.42786593222072256 -0.8282652062835165 2.1511 0.017485736523015438 -0.8914153476681239 -0.4528497841006064 1.63 0.0 0.0 0.0 1.0 
-0.9289012081812063 0.157077657242932 -0.3353642125131526 0.3983 0.37001810232750176 0.4306893902888329 -0.8231605268977538 2.1403 0.015137681112027596 -0.8887256374650756 -0.4581894716412035 1.6301 0.0 0.0 0.0 1.0 
-0.9252365372415751 0.15509899289813978 -0.34623929955336114 0.4041 0.37877331170919715 0.4296767487461568 -0.8197003537414018 2.1256 0.02163627717669453 -0.8895629230070883 -0.4562999863259022 1.6305 0.0 0.0 0.0 1.0 
-0.9218696812282994 0.15466335102647216 -0.35529640960935116 0.4084 0.38663421746760723 0.4283842278076493 -0.8167012521411089 2.1149 0.025889625629672564 -0.8902618722684389 -0.4547125752273069 1.6308 0.0 0.0 0.0 1.0 
-0.9189404757841596 0.15893841254790847 -0.3609528819421357 0.414 0.3936279760435391 0.4267009271352898 -0.8142378861596599 2.1007 0.02460525231428315 -0.8903173028750117 -0.4546753586460514 1.6314 0.0 0.0 0.0 1.0 
-0.917035943156077 0.16458009258710193 -0.36326088708236315 0.4179 0.39821081708434447 0.4275679854968432 -0.8115502220658868 2.0901 0.02175371501291548 -0.8888751379705657 -0.4576327839883683 1.6317 0.0 0.0 0.0 1.0 
-0.9119513967383257 0.16879639246033923 -0.3739684851419868 0.4257 0.40957612497070656 0.42856810831035647 -0.8053426440921052 2.0652 0.024332033227772637 -0.8876019121383516 -0.4599682573040718 1.6326 0.0 0.0 0.0 1.0 
-0.9084618126230243 0.17274684728023462 -0.3805990827109661 0.4283 0.41700620018069123 0.43633976381336503 -0.7973163986311571 2.0544 0.028336619709323135 -0.8830436780080793 -0.4684345191309166 1.633 0.0 0.0 0.0 1.0 
-0.9059918195220391 0.17062581215451447 -0.3873830858281725 0.4308 0.4221971064009684 0.4301244115231637 -0.7979615241090898 2.0436 0.030470088706702286 -0.8864986310415062 -0.4617269223856686 1.6334 0.0 0.0 0.0 1.0 
-0.9033612475089272 0.1705884799716413 -0.3934946340168815 0.4341 0.42782090798125283 0.4228800427941283 -0.7988377432874167 2.0292 0.030128511300942074 -0.88998429194419 -0.45499476139774164 1.6347 0.0 0.0 0.0 1.0 
-0.9003917606943034 0.17462236668891787 -0.3984993178485673 0.4366 0.43409873355105744 0.42204630989670233 -0.7958864252089899 2.0185 0.02920559540876469 -0.8895976289056406 -0.4558103682917729 1.6355 0.0 0.0 0.0 1.0 
-0.8973066119843185 0.1763437130223435 -0.40465261517345563 0.4392 0.4404644375904525 0.4176128752095826 -0.7947267238977885 2.0038 0.028843080753444744 -0.8913486306360036 -0.45239992855433936 1.6365 0.0 0.0 0.0 1.0 
-0.8938651246034534 0.1774491255442754 -0.41172435786728157 0.4407 0.4474204038635716 0.41172435786728145 -0.7939131157408433 1.9924 0.028637758714881556 -0.8938651246034534 -0.4474204038635715 1.6373 0.0 0.0 0.0 1.0 
-0.889907813733749 0.18108760702981974 -0.4186542268218877 0.4429 0.4553882845371978 0.4053961475290279 -0.7926382995256354 1.9767 0.026183837799054338 -0.8960252463791611 -0.44323037405989746 1.6378 0.0 0.0 0.0 1.0 
-0.8870203540467391 0.1833441419402387 -0.42376858911792314 0.4443 0.4609253284257554 0.4057756713647996 -0.7892363056423948 1.9647 0.027253130506550316 -0.8953943433731553 -0.44443923851630057 1.6375 0.0 0.0 0.0 1.0 
-0.8828945374730478 0.18630345033572862 -0.43103162307800075 0.4465 0.46875323303619376 0.4038408917513002 -0.7856099163501125 1.9479 0.02770635700284102 -0.8956581705888231 -0.44387926200613814 1.637 0.0 0.0 0.0 1.0 
-0.8774622269447677 0.19195598997826624 -0.439559936978557 0.4484 0.4787573699739286 0.4062637425454604 -0.778293744153583 1.9358 0.029179118917062763 -0.8933659213359438 -0.4483814331735919 1.6362 0.0 0.0 0.0 1.0 
-0.8755338280389012 0.1934047271549801 -0.4427585430837617 0.45 0.48222946050523063 0.40654819326979685 -0.7759982693085713 1.9229 0.029920952197109857 -0.89292394864466 -0.4492121531709117 1.6356 0.0 0.0 0.0 1.0 
-0.8731809817021448 0.194624670620504 -0.44685144150997136 0.4518 0.48647885856373696 0.40423891699431724 -0.7745509784112247 1.9055 0.029888013721266593 -0.8937069629208011 -0.4476545219951157 1.6349 0.0 0.0 0.0 1.0 
-0.8711367471842019 0.19603222805190215 -0.45021343079736603 0.4534 0.4900503933396605 0.40526630182347506 -0.7717576281410945 1.8921 0.03116696476995745 -0.8929336986424752 -0.4491080383779578 1.6337 0.0 0.0 0.0 1.0 
-0.8674040290850695 0.1971429868044111 -0.4568860832645527 0.4548 0.49645652945113194 0.4051912046047807 -0.767691996881734 1.8787 0.03378112923401652 -0.8927232104436194 -0.44933740645856773 1.6328 0.0 0.0 0.0 1.0 
-0.8644484766542333 0.19736384352519548 -0.4623595402704887 0.4562 0.5013506516237136 0.40632115679037917 -0.7639048642736906 1.8618 0.03709926315512452 -0.8921606530292009 -0.4501921965781466 1.6326 0.0 0.0 0.0 1.0 
-0.862540167224225 0.19999408543320712 -0.4647868605248441 0.4572 0.5047582509831918 0.40411233608516706 -0.7628317821696853 1.8493 0.03526425937397579 -0.8925780557550831 -0.44951178671452086 1.6321 0.0 0.0 0.0 1.0 
-0.8594461753236461 0.20830922019433523 -0.46686137182635346 0.4584 0.5104407466797871 0.400264647013146 -0.7610771685449664 1.8371 0.0283287107108339 -0.8924099288631149 -0.4503354338889983 1.6315 0.0 0.0 0.0 1.0 
-0.8564627985201619 0.21917675943250442 -0.46736818770181415 0.4601 0.5158809047197717 0.39567688810440615 -0.7598070099476069 1.821 0.01839475187443268 -0.8918527615838161 -0.4519516398452369 1.6306 0.0 0.0 0.0 1.0 
-0.854324918151159 0.22496793882262445 -0.46852786547644676 0.4612 0.5195357454114863 0.39487463367886694 -0.7577312405574366 1.809 0.014544533878636662 -0.8907656539061666 -0.4542301248875648 1.6294 0.0 0.0 0.0 1.0 
-0.8462244788619449 0.23508423306219756 -0.4781626655651698 0.464 0.5326361208615176 0.3972131134999657 -0.7473422945459853 1.7817 0.014244091000297998 -0.8871060510611017 -0.4613458139425928 1.6265 0.0 0.0 0.0 1.0 
-0.8439534889418514 0.23957019885532824 -0.47994648485356667 0.4654 0.5362475468516278 0.39924652201797367 -0.74366711850946 1.7702 0.013456485369058357 -0.884990584400179 -0.465414426639895 1.6252 0.0 0.0 0.0 1.0 
-0.8396806264965471 0.2540664693039247 -0.47998611923867557 0.468 0.5430516088217949 0.4019211559237592 -0.7372613746677426 1.7482 0.005603181455776429 -0.8797213272374083 -0.4754566129114479 1.6223 0.0 0.0 0.0 1.0 
-0.8379955679470726 0.2582922234604872 -0.48067510378726785 0.4689 0.5456603325942778 0.40353927606468704 -0.7344459504322223 1.7371 0.004269605855942854 -0.8777477883612272 -0.47910394539474294 1.6208 0.0 0.0 0.0 1.0 
-0.8335599959912119 0.26217353872285454 -0.4862538109636433 0.4703 0.5523965138583886 0.4051071727806251 -0.7285233490004198 1.723 0.00598536216362075 -0.8758728298989668 -0.4825048821354511 1.619 0.0 0.0 0.0 1.0 
-0.8302570228565374 0.2661919519535856 -0.48970922057128863 0.4714 0.5573626472968717 0.40357509059778574 -0.7255852986708125 1.7125 0.0044894760966199265 -0.8753679174862012 -0.4834365042487472 1.618 0.0 0.0 0.0 1.0 
-0.8300625817418739 0.26643306090983754 -0.48990767951342673 0.4721 0.5576543223123255 0.40320015700559636 -0.7255696315289415 1.7017 0.004215115466582209 -0.8754673365950769 -0.4832589113060679 1.6168 0.0 0.0 0.0 1.0 
-0.8264886894678786 0.27378976753360906 -0.49188983459262536 0.474 0.5629524541314266 0.4034953199973753 -0.7213016436468302 1.688 0.0009902368767316372 -0.8730582397149158 -0.4876149397801711 1.6148 0.0 0.0 0.0 1.0 
-0.8230483024385755 0.27407481652110965 -0.4974680761635857 0.4753 0.5679539221591883 0.40401790002247107 -0.7170759225949698 1.6779 0.004453555542908799 -0.8727270658174596 -0.488188113776517 1.6131 0.0 0.0 0.0 1.0 
-0.8186800268409643 0.2717917957814652 -0.5058579181920195 0.4766 0.5741251938528267 0.405757743085337 -0.7111546355819862 1.6678 0.01196977172429936 -0.8726338714903175 -0.4882282774406745 1.6113 0.0 0.0 0.0 1.0 
-0.8144278776010594 0.2677618970299496 -0.5147919955527249 0.4779 0.5798611128471267 0.40864104022432524 -0.7048216725187112 1.6547 0.02164074846038974 -0.872534278262639 -0.48807336668043066 1.6084 0.0 0.0 0.0 1.0 
-0.81030974252089 0.2707142246492862 -0.5197229355611167 0.4796 0.5855449850208749 0.40905849189377025 -0.6998630013984863 1.6451 0.023134210438919972 -0.871426966981244 -0.48997943785962855 1.6062 0.0 0.0 0.0 1.0 
-0.8032143433606872 0.2780604034696154 -0.5268103364987955 0.4825 0.5952841223650818 0.4073201950734234 -0.6926233264519627 1.6327 0.021989367423685346 -0.8699268191679473 -0.49269036626733737 1.6031 0.0 0.0 0.0 1.0 
-0.7986849876292771 0.2769016483160269 -0.5342544035340173 0.4848 0.6011376578930807 0.4071721581950499 -0.6876367862859043 1.6237 0.027125758946852485 -0.8703656190076974 -0.49165829846642944 1.601 0.0 0.0 0.0 1.0 
-0.7929501255579485 0.27307450104933695 -0.5446654158786743 0.4872 0.6082295516787517 0.4074069814969208 -0.6812315053579308 1.6148 0.035873539584190095 -0.8714642094224083 -0.48914539847930527 1.5988 0.0 0.0 0.0 1.0 
-0.7863772686734067 0.2663658511946603 -0.5573688407429112 0.4914 0.616089817126142 0.4042035873579024 -0.6760568002767811 1.6029 0.045212039848136876 -0.8750249672348478 -0.4819618015656673 1.5958 0.0 0.0 0.0 1.0 
-0.7802773739526202 0.260631712229424 -0.5685405265044543 0.4947 0.6234383845827525 0.3966741748414096 -0.6737760604553528 1.5938 0.049917935919380485 -0.8801822024980089 -0.47200369710342643 1.5934 0.0 0.0 0.0 1.0 
-0.7730590589516626 0.2562130951308004 -0.580288325969311 0.4984 0.6318501239724782 0.39189980337138086 -0.6687151598053067 1.5851 0.05608129999147532 -0.883611562849292 -0.46484996911938986 1.5905 0.0 0.0 0.0 1.0 
-0.7647536688736887 0.2521647206252458 -0.5929289836196445 0.5031 0.641446337314242 0.3848177269523947 -0.6636730470414905 1.5733 0.060814655226982206 -0.887878522487837 -0.4560409049794101 1.5861 0.0 0.0 0.0 1.0 
-0.7628745348478201 0.2477590521082941 -0.5971916745728475 0.507 0.6437192674564098 0.37734364824307787 -0.6657606745940973 1.5648 0.060398251515299206 -0.892315652238043 -0.44735313566006285 1.5824 0.0 0.0 0.0 1.0 
-0.7563797300033636 0.2548721615009839 -0.6024366234981526 0.5124 0.6515676517434209 0.375036353593316 -0.6593992179893703 1.5531 0.05787313056680721 -0.8912844185641559 -0.4497363516363244 1.5764 0.0 0.0 0.0 1.0 
-0.7497381403965082 0.26042065819517113 -0.608336914562958 0.5162 0.6593291110057715 0.37229580496025116 -0.6532082034002159 1.5445 0.05637237102628262 -0.890829340779811 -0.4508272855436799 1.5716 0.0 0.0 0.0 1.0 
-0.7436502633711953 0.25981696906840857 -0.6160190162422403 0.5205 0.6662894269349169 0.36403000825741033 -0.6507999328847921 1.536 0.055160541537334185 -0.8944144988047854 -0.44382431094419855 1.567 0.0 0.0 0.0 1.0 
-0.7371367809057957 0.2665103669945075 -0.6209682685293141 0.5261 0.6738802520572706 0.3581173089910684 -0.6462487128716199 1.5248 0.05014750365741755 -0.8948319491868006 -0.44357751362245657 1.5604 0.0 0.0 0.0 1.0 
-0.7326211833683198 0.2700309701560033 -0.6247795425881116 0.5299 0.6789011453751047 0.35542276011334756 -0.6424701521485494 1.5161 0.04857403100807356 -0.894850790215898 -0.44371457803593656 1.5556 0.0 0.0 0.0 1.0 
-0.7292687780275224 0.27285344901893305 -0.6274695568334108 0.5336 0.6825745032367584 0.3538153028897335 -0.6394581917312023 1.5075 0.0475299581878314 -0.8946316151352574 -0.4442692610063681 1.5511 0.0 0.0 0.0 1.0 
-0.7268625360521127 0.27791645596909254 -0.6280392481250441 0.5383 0.6854675609944849 0.3501430743289837 -0.6383839364549517 1.496 0.04248619197060777 -0.894517898647661 -0.4450085982212134 1.5455 0.0 0.0 0.0 1.0 
-0.723536724260341 0.2836832054437693 -0.6292999663084079 0.5418 0.6893368935732149 0.3447265809063412 -0.6371642108400735 1.4873 0.03618364002481145 -0.8948113898279189 -0.4449756407139415 1.5414 0.0 0.0 0.0 1.0 
-0.7213220399641037 0.28908566017127446 -0.6293838222780772 0.5454 0.6918565417657387 0.3428398251507337 -0.6354489593244816 1.4786 0.03207865767104934 -0.8938066543576149 -0.4473037271788273 1.5372 0.0 0.0 0.0 1.0 
-0.7184941586935446 0.2951259149479829 -0.6298149238064876 0.5507 0.6951215830581429 0.3358287898738736 -0.6356296159388668 1.4669 0.02391921173444561 -0.8944941130147062 -0.44643941704562456 1.5319 0.0 0.0 0.0 1.0 
-0.7173447253069631 0.299410013788611 -0.6291026853522252 0.5566 0.6964273596710615 0.33424224612032094 -0.6350362616497078 1.4555 0.020136478735646224 -0.8936642347948955 -0.4482842375910425 1.5268 0.0 0.0 0.0 1.0 
-0.7161492610009971 0.30088753798322215 -0.6297594187101296 0.561 0.697770398333021 0.32896215828399666 -0.6363178212397571 1.4469 0.01570691497088078 -0.8951260178899558 -0.4455364237843721 1.5234 0.0 0.0 0.0 1.0 
-0.7179124545080472 0.3002171326838765 -0.6280695669313259 0.5659 0.6959803255902356 0.3284610201076514 -0.6385332760797601 1.4385 0.014597741384926421 -0.8955350532016674 -0.44475147490879235 1.5203 0.0 0.0 0.0 1.0 
-0.7177713034486526 0.2930511695167398 -0.6316053894564968 0.5724 0.696048187568678 0.3253485185234629 -0.6400509839668604 1.4272 0.017924188349277614 -0.8990380156252897 -0.43750356562268244 1.5169 0.0 0.0 0.0 1.0 
-0.7174371634369328 0.2894915605727405 -0.6336233525342378 0.5769 0.6962986967959068 0.3257625071561563 -0.6395677554189682 1.4188 0.02126126430600056 -0.9000407909025537 -0.43528672544842884 1.5144 0.0 0.0 0.0 1.0 
-0.7175218783697109 0.28172633727492136 -0.6370185436441066 0.5811 0.696037315463465 0.32460643494008884 -0.6404394724545781 1.4106 0.026351651622129713 -0.902918010276206 -0.429004262421299 1.5119 0.0 0.0 0.0 1.0 
-0.7191097458020366 0.2719005280378668 -0.6394929838123793 0.5869 0.6941797879834886 0.32287110501688915 -0.6433262558767302 1.3997 0.03155305766054384 -0.9065452842510971 -0.42092760916144273 1.5088 0.0 0.0 0.0 1.0 
-0.7189914840679741 0.2627253054592137 -0.6434490342747392 0.5903 0.6939443545663403 0.322827655691964 -0.643602002394287 1.3915 0.03863261061897161 -0.9092621836367072 -0.41442707778928894 1.5062 0.0 0.0 0.0 1.0 
-0.7177318201184046 0.25727952015296085 -0.6470458120561361 0.5937 0.6949132479991289 0.32368501705486025 -0.6421242772933415 1.3835 0.044233608770068544 -0.9105137331441284 -0.4111059834289929 1.5034 0.0 0.0 0.0 1.0 
-0.7162029829127907 0.256365091437902 -0.6490995510388654 0.5977 0.6964961546026343 0.3213615831211647 -0.6415760590277677 1.3731 0.04411795428806453 -0.9115940284939863 -0.4087174247858064 1.4997 0.0 0.0 0.0 1.0 
-0.7166472809685954 0.26353152692107357 -0.6457304460833228 0.6003 0.6964410282344657 0.31983711813613147 -0.6423971606834005 1.3654 0.03723666032338979 -0.9100853543382743 -0.4127445686462011 1.4965 0.0 0.0 0.0 1.0 
-0.7152913264241775 0.26848958457541594 -0.6451911819893867 0.602 0.6979639211097488 0.3203312124026157 -0.6404953389290005 1.3581 0.03470854608659929 -0.9084609277977735 -0.4165261810419167 1.4933 0.0 0.0 0.0 1.0 
-0.711711532978437 0.26772549563159853 -0.649453426208761 0.6044 0.7015528735286564 0.31816676364203544 -0.6376468271364946 1.3489 0.03592018192003871 -0.9094465182199383 -0.41426654587169276 1.489 0.0 0.0 0.0 1.0 
-0.7085757225741471 0.26993518559662844 -0.651962760405407 0.6063 0.7047245188875123 0.3176254932893607 -0.6344110642883319 1.3425 0.03583012499683519 -0.9089824209464138 -0.4152916572158743 1.4856 0.0 0.0 0.0 1.0 
-0.7070895705231889 0.27854100009580424 -0.6499532679531363 0.6081 0.7064483824391508 0.31843094727549065 -0.6320857653565225 1.336 0.030903433570390326 -0.9060996871662977 -0.4219340407109831 1.4822 0.0 0.0 0.0 1.0 
-0.7034314538260359 0.28302620852827104 -0.651981867120782 0.6103 0.7102511841465191 0.3147135457657513 -0.6296813793737398 1.3281 0.02697119179155477 -0.9060085813046473 -0.42239910678845327 1.4775 0.0 0.0 0.0 1.0 
-0.7017008456880246 0.2880787051470881 -0.651633779665763 0.6125 0.7121493802327092 0.31110344770547865 -0.6293313158106252 1.3229 0.021428564928133054 -0.9056629088499438 -0.42345662368013476 1.474 0.0 0.0 0.0 1.0 
-0.6983613132750831 0.29025240140157416 -0.6542514956813783 0.6149 0.7155079142412339 0.30665402930582053 -0.6277035374829933 1.3183 0.01843639820735249 -0.9064859898482294 -0.42183320095745847 1.4713 0.0 0.0 0.0 1.0 
-0.6962848822632827 0.2900008770537633 -0.6565720478665342 0.6184 0.7175712871199004 0.30252586483551436 -0.6273512166295794 1.3117 0.01669762356432447 -0.9079524174831917 -0.4187404887919629 1.4668 0.0 0.0 0.0 1.0 
-0.6910341390806886 0.2875843230749891 -0.6631493615668433 0.621 0.7226016726776403 0.29751005203725767 -0.6239668192943154 1.3075 0.01785052572021606 -0.910375211689273 -0.4133985155672712 1.4646 0.0 0.0 0.0 1.0 
-0.6900344407065868 0.2990580672295016 -0.6591029836555917 0.6253 0.7236828709441339 0.29972900566923233 -0.6216475090134199 1.302 0.0116435793811272 -0.9059397306584409 -0.42324653746215946 1.461 0.0 0.0 0.0 1.0 
-0.6902383881046326 0.30256836746578086 -0.6572848321662463 0.6289 0.723510430956392 0.30137636644510274 -0.6210514809946458 1.298 0.010179581720987096 -0.90422600535344 -0.42693290732683803 1.4589 0.0 0.0 0.0 1.0 
-0.6874667749507534 0.2987644426530426 -0.6619133184526711 0.6324 0.7260929989990162 0.2995384146816934 -0.6189230121223421 1.294 0.013356277304138187 -0.9060996335592433 -0.4228534780753025 1.4571 0.0 0.0 0.0 1.0 
-0.6855313950883948 0.29985881773740103 -0.6634239939686288 0.6375 0.7277156135510412 0.3095498157626573 -0.6120530184186141 1.2894 0.02183328060990186 -0.9023655583999386 -0.4304180605775927 1.4545 0.0 0.0 0.0 1.0 
-0.6843868850299045 0.2992019925815784 -0.664900563418529 0.6415 0.7286570980068804 0.3131244279700851 -0.6091074832347723 1.2861 0.025950435897220014 -0.9013496881031358 -0.43231390751758625 1.4534 0.0 0.0 0.0 1.0 
-0.6806145452126076 0.30291881634795725 -0.6670862249719955 0.6473 0.7321695445572289 0.3139095658743591 -0.6044737731907243 1.2817 0.026298267393406405 -0.8998338597513008 -0.4354393482187627 1.4527 0.0 0.0 0.0 1.0 
-0.676372589763693 0.3063087771727812 -0.6698470368996723 0.6515 0.7362198121810728 0.3087720022876185 -0.6021961796253452 1.2781 0.022372035410779978 -0.9004636492553215 -0.4343555092333564 1.4526 0.0 0.0 0.0 1.0 
-0.6744622983673877 0.31227997587904455 -0.6690155639041324 0.6565 0.7381148375715402 0.3059953438044135 -0.6012930534496118 1.2753 0.016943867259866796 -0.8993598091059006 -0.4368808065448492 1.453 0.0 0.0 0.0 1.0 
-0.6711853711538741 0.31674912628378016 -0.6702090633134543 0.6639 0.741195545018747 0.3011557399299267 -0.5999453178012315 1.271 0.011805151138321535 -0.8994304927595682 -0.4369043683701059 1.4538 0.0 0.0 0.0 1.0 
-0.6679026705535472 0.31933623527463184 -0.6722576823719195 0.6694 0.7441292765191521 0.3027084392143131 -0.5955159281291457 1.2678 0.013328259245795615 -0.8979933015724891 -0.4398072166715974 1.4542 0.0 0.0 0.0 1.0 
-0.6630360246049032 0.31994238490579585 -0.676771823007517 0.6756 0.7483889436086986 0.304123685719918 -0.589425799289774 1.2646 0.01724004525465883 -0.897299088445388 -0.4410863030232216 1.4547 0.0 0.0 0.0 1.0 
-0.6545153526748727 0.3272145383468039 -0.6815719323793898 0.6908 0.7558750113419719 0.3025293481829619 -0.5806280743442972 1.257 0.016205565144775613 -0.8952131809700307 -0.44534339590461897 1.4569 0.0 0.0 0.0 1.0 
-0.6491781811661705 0.33563546313494264 -0.6825807827532031 0.7053 0.7605242603142434 0.3018183881720289 -0.5748986954540005 1.2502 0.013059041743395727 -0.8923309343777293 -0.4511928246119536 1.459 0.0 0.0 0.0 1.0 
-0.6475157432596337 0.341795598093267 -0.6811014104779038 0.7134 0.7619544663813629 0.30469117107267807 -0.5714793797083605 1.2465 0.012196449992377068 -0.8890101570816983 -0.45772501265842735 1.4604 0.0 0.0 0.0 1.0 
-0.6443184394651849 0.34404559323188294 -0.6829980807753928 0.7241 0.7646002514732932 0.3079028847928936 -0.5661998489784242 1.2412 0.01549851644916872 -0.8870335074358439 -0.46144485333996205 1.4627 0.0 0.0 0.0 1.0 
-0.6451947864716342 0.3373032117615026 -0.6855291611924305 0.7325 0.7638028308092627 0.30606344798409324 -0.568269655582493 1.2374 0.018136238793620807 -0.8902537330129333 -0.45510368895336095 1.4652 0.0 0.0 0.0 1.0 
-0.6454640790403813 0.3366240558925038 -0.6856094862697228 0.741 0.7636631525852915 0.30082600562217027 -0.5712462723947564 1.2336 0.013953926044191933 -0.8922936508436508 -0.45123976842922736 1.4681 0.0 0.0 0.0 1.0 
-0.6462679298385878 0.33612981860021535 -0.6850945247992666 0.7527 0.7630494273769379 0.29600663519849935 -0.5745743148611764 1.2285 0.009660964852115539 -0.8940899378509128 -0.4477832609554284 1.4722 0.0 0.0 0.0 1.0 
-0.648661648523847 0.3342315000504855 -0.683759731271393 0.762 0.7610439560818686 0.2932119110412845 -0.578652635122987 1.2244 0.00708255925383805 -0.8957209831178012 -0.4445601846284661 1.4751 0.0 0.0 0.0 1.0 
-0.6514521859691776 0.3343675003816985 -0.6810348185551713 0.7715 0.7586846025583637 0.29039224106597217 -0.583155228193609 1.2205 0.0027790712185778443 -0.8965883788100186 -0.44285613436643845 1.4779 0.0 0.0 0.0 1.0 
-0.6555252935460977 0.329406017268584 -0.6795426883636904 0.784 0.7551594034726967 0.2913773461867993 -0.5872252697865605 1.2149 0.004567807796194645 -0.8981040685334787 -0.43975927189264535 1.4814 0.0 0.0 0.0 1.0 
-0.6602036899433197 0.32348237432030885 -0.6778570950350231 0.7933 0.7510159121799309 0.29669573725340337 -0.5898701036229972 1.2106 0.010304728903332672 -0.8985158835545173 -0.43882003094944727 1.484 0.0 0.0 0.0 1.0 
-0.6639895055141497 0.3189642144852042 -0.6762985778817752 0.8025 0.7475683279752813 0.3026585540853943 -0.5912185675764765 1.2065 0.016109983715608123 -0.8981423214150277 -0.43940964817344164 1.4862 0.0 0.0 0.0 1.0 
-0.6694363345339991 0.31184212621144297 -0.67424734506382 0.8144 0.7423057633002019 0.316153594881312 -0.5907868128309294 1.2019 0.02893350613022827 -0.8959918486032948 -0.44312691123363557 1.4892 0.0 0.0 0.0 1.0 
-0.6696410574667023 0.3051864456496759 -0.6770835159318194 0.8228 0.7416751864849486 0.3223196026371621 -0.5882414398088076 1.1986 0.03871397560821882 -0.8960866627439221 -0.44218765354209844 1.4919 0.0 0.0 0.0 1.0 
-0.6716929065594898 0.2979985549886556 -0.6782517972717345 0.8312 0.7394358307793737 0.3258150383679202 -0.5891342910855966 1.1959 0.04542346791342722 -0.8972410055263771 -0.4391984592012294 1.4953 0.0 0.0 0.0 1.0 
-0.673700935194448 0.29524482060730084 -0.6774640550041668 0.8417 0.7373177797955155 0.33043543832008015 -0.5892155061602061 1.1922 0.04989530554609073 -0.8964613304581402 -0.44030391944392566 1.4995 0.0 0.0 0.0 1.0 
-0.6707039572839829 0.2987634855637319 -0.6788936451149139 0.8488 0.7399673991640067 0.3324920582098386 -0.5847198298346317 1.1897 0.051033810930210755 -0.8945330686571598 -0.4440789785846032 1.502 0.0 0.0 0.0 1.0 
-0.6712779168177215 0.2996184566149539 -0.6779489205305465 0.8562 0.7395469503581563 0.3319027214881302 -0.5855859387696424 1.1873 0.049560736564449426 -0.894465965772005 -0.44438088332729114 1.5049 0.0 0.0 0.0 1.0 
-0.6708765839187643 0.3023880307921852 -0.6771160077734932 0.8659 0.7400870035677092 0.33071310336807197 -0.5855766989992244 1.184 0.046859751382807846 -0.8939744527078406 -0.4456611286684739 1.5082 0.0 0.0 0.0 1.0 
-0.6677806254376251 0.3021229871844906 -0.6802872458784262 0.8729 0.7426134421194017 0.3329434754309619 -0.5810971672203593 1.1819 0.05093438792906013 -0.8932358830581497 -0.44669379371513473 1.5104 0.0 0.0 0.0 1.0 
-0.6649857190365193 0.2950305030972378 -0.6861129613406777 0.8802 0.7446400776320117 0.33262576905966484 -0.5786806135872 1.1796 0.05749041886849715 -0.89572155271583 -0.440882922938355 1.5127 0.0 0.0 0.0 1.0 
-0.6608218387657991 0.29189952931711605 -0.691454381860896 0.8897 0.7478351662390343 0.33426236889467886 -0.5735950077163792 1.1766 0.06369506689237048 -0.8961380103116725 -0.4391806062751551 1.515 0.0 0.0 0.0 1.0 
-0.6595626581419418 0.2930762895295983 -0.6921584995507164 0.8972 0.7488524625440546 0.33558220763125884 -0.5714932819054271 1.1741 0.06478494675803381 -0.8952602249831575 -0.44080839401792815 1.5164 0.0 0.0 0.0 1.0 
-0.6551354144387679 0.29105571052096313 -0.6971973623883565 0.9075 0.7523479039992141 0.3356908976371724 -0.5668194179732544 1.171 0.069066779975132 -0.8958784485725098 -0.43889814910429953 1.5181 0.0 0.0 0.0 1.0 
-0.6523624224847894 0.2911359841515071 -0.6997593218113716 0.9153 0.7543905058231684 0.33826852194374224 -0.5625561054560339 1.1687 0.07292622610310667 -0.8948822524746646 -0.44030389477295007 1.5188 0.0 0.0 0.0 1.0 
-0.6497541494496873 0.2931000256161311 -0.7013643277617823 0.924 0.756547072748702 0.3390080869584689 -0.5592048316065673 1.1665 0.07386522854688526 -0.8939607888272184 -0.4420158776007192 1.5198 0.0 0.0 0.0 1.0 
-0.6470663041534384 0.2950060937999729 -0.7030480798992995 0.9362 0.7588825565232008 0.33809608160437354 -0.5565862961020329 1.1637 0.0735014519177759 -0.8936791617939015 -0.442645560625348 1.5214 0.0 0.0 0.0 1.0 
-0.6440185023078284 0.2906141743515439 -0.7076606321897186 0.9458 0.7609754023326313 0.33823850219542356 -0.5536344937567442 1.1617 0.07846404099886573 -0.8950631917907065 -0.43898209185747133 1.5227 0.0 0.0 0.0 1.0 
-0.6403006308526601 0.28917292717626125 -0.7116137437669386 0.9558 0.7640059965860528 0.3355653941420213 -0.551081394564235 1.1597 0.07943512642551609 -0.8965349320816354 -0.43579258397446324 1.5244 0.0 0.0 0.0 1.0 
-0.6401176091094855 0.295647981705214 -0.7091133318599991 0.9705 0.7648743894619043 0.33200979281173343 -0.5520295878142663 1.1568 0.07222613691202717 -0.8957464866750766 -0.43865888427800226 1.5266 0.0 0.0 0.0 1.0 
-0.6402144958450118 0.2963655759619449 -0.7087262127892986 0.9817 0.7652403127985238 0.32689635792575356 -0.5545683319870466 1.1547 0.06732505460773813 -0.897388553838092 -0.43607467303484015 1.5283 0.0 0.0 0.0 1.0 
-0.6370056267671798 0.29591867518204373 -0.7117977024024851 0.9965 0.7676859013663213 0.32722588389897167 -0.5509823751717615 1.1522 0.06987265781642699 -0.8974159339932857 -0.4356173241557636 1.5301 0.0 0.0 0.0 1.0 
-0.6350156810950875 0.29372876687631955 -0.714477778711598 1.0076 0.76901472206572 0.32811218453760893 -0.5485970758253655 1.1501 0.0732901221825013 -0.8978116761700503 -0.43423812836184617 1.5313 0.0 0.0 0.0 1.0 
-0.6357991437523023 0.2920125512705973 -0.7144845125713197 1.0189 0.7682769093527102 0.3284467261663881 -0.549430012491154 1.1478 0.07422963935845955 -0.8982490845923634 -0.4331726476472107 1.5328 0.0 0.0 0.0 1.0 
-0.6340137584689493 0.2934436342472274 -0.7154840232960176 1.0331 0.7699138476767279 0.3262859201502585 -0.5484251685210255 1.1453 0.07252048833049218 -0.8985701596600448 -0.4327960800894902 1.5349 0.0 0.0 0.0 1.0 
-0.6330318715035163 0.2922555001635997 -0.7168384561983819 1.0437 0.7706677128573095 0.32534813944700436 -0.5479232286713678 1.1436 0.07308848076160157 -0.8992971204126567 -0.43118761948537465 1.5365 0.0 0.0 0.0 1.0 
-0.63416068307254 0.29159240257881014 -0.7161103956816202 1.0549 0.7700727839394848 0.3214201456286796 -0.551068958860622 1.1417 0.06948478596542551 -0.9009233933816768 -0.4283793923346262 1.5381 0.0 0.0 0.0 1.0 
-0.6369426418498515 0.2936974172277283 -0.7127733848195326 1.0698 0.76845028214148 0.3157020318712196 -0.5566115260655883 1.1392 0.06154863824660539 -0.9022605245638008 -0.4267759493502925 1.5402 0.0 0.0 0.0 1.0 
-0.6353092707482867 0.29754184139430706 -0.7126366417193022 1.0806 0.7699544269798294 0.3152666067974713 -0.5547766640843601 1.1375 0.0596012657201383 -0.9011524950074175 -0.4293854560490653 1.5413 0.0 0.0 0.0 1.0 
-0.6365073361747111 0.29568640882779684 -0.7123397775151223 1.0916 0.769084366974151 0.31282205267695773 -0.5573612830426453 1.1354 0.058031435203194925 -0.902613932417119 -0.42652132600230186 1.5423 0.0 0.0 0.0 1.0 
-0.6375272452812407 0.295488642754593 -0.7115092926499003 1.1057 0.7682800237426433 0.31274580181729245 -0.5585121919561491 1.1325 0.0574875346672325 -0.9027051154439678 -0.4264019909770314 1.5433 0.0 0.0 0.0 1.0 
-0.6372277224079137 0.29699658707303844 -0.7111496727565796 1.1159 0.7684819976167934 0.31444268936556535 -0.5572801938374032 1.1301 0.05810550002991055 -0.9016201097865542 -0.4286081292914968 1.5437 0.0 0.0 0.0 1.0 
-0.6377634347974181 0.29563169321370475 -0.7112381480228666 1.1258 0.7679748182354672 0.3147164766489658 -0.5578245404084172 1.1278 0.058927750606995066 -0.9019730823551548 -0.4277523569954243 1.5439 0.0 0.0 0.0 1.0 
-0.6391997537075994 0.2977092296597134 -0.7090789021227221 1.1382 0.7669488558748934 0.3147334168275374 -0.5592247569665134 1.1245 0.05668445406226208 -0.9012835796282346 -0.42950527559062623 1.5439 0.0 0.0 0.0 1.0 
-0.6371244752832452 0.30385744852242313 -0.7083382341597075 1.1467 0.7688188682772071 0.3157388716508022 -0.5560813903644257 1.1222 0.05468044235377184 -0.8988768635948539 -0.43477630261765027 1.5434 0.0 0.0 0.0 1.0 
-0.6388638217773266 0.3020062402158519 -0.7075628933845763 1.1553 0.7673584389496855 0.3157882284817438 -0.5580670398124796 1.1197 0.05490030415917524 -0.8994831991888714 -0.4334927115652383 1.5432 0.0 0.0 0.0 1.0 
-0.6371122278383259 0.3040358894803069 -0.7082726784556944 1.166 0.7688154758043327 0.3160923492656517 -0.5558852317695431 1.1169 0.05487051396371645 -0.8986922747212416 -0.43513379787568535 1.5427 0.0 0.0 0.0 1.0 
-0.6323845341164847 0.3108476461581965 -0.7095516484993785 1.1736 0.772994908323494 0.31314181996348905 -0.5517436653881104 1.1145 0.050682074900599505 -0.8973939722707428 -0.43830969167462813 1.5423 0.0 0.0 0.0 1.0 
-0.6316137739625655 0.3142959814046884 -0.7087186159637893 1.1814 0.7738590499031313 0.3109657738047171 -0.5517630455232176 1.1124 0.046970324927428475 -0.8969494543143985 -0.4396310555241912 1.5421 0.0 0.0 0.0 1.0 
-0.6307150511263229 0.3157391058811708 -0.7088775220728043 1.1915 0.7747243141326657 0.30884780043748866 -0.5517384101697074 1.1094 0.044729871164480794 -0.8971743716704599 -0.4394057184918341 1.542 0.0 0.0 0.0 1.0 
-0.6256492998099245 0.31824779671176995 -0.7122368240518424 1.199 0.7787463639685631 0.3086425468969069 -0.546162868429128 1.107 0.046011457845774595 -0.8963582532297534 -0.44093630788789884 1.5419 0.0 0.0 0.0 1.0 
-0.6223259129942005 0.3207670476617021 -0.7140160776553497 1.2063 0.7814271752942406 0.30776329789949536 -0.5428197879385854 1.1046 0.045629242023061345 -0.8957623867970914 -0.44218516333316643 1.5418 0.0 0.0 0.0 1.0 
-0.6193551600755421 0.32689553578583275 -0.713819651152231 1.2164 0.7842489875827638 0.30018900948491534 -0.5429917900483164 1.1011 0.03677922189510324 -0.896117105777899 -0.4422911050078127 1.5421 0.0 0.0 0.0 1.0 
-0.616107443090793 0.33489040783337876 -0.7129235816757071 1.2237 0.7870696829299357 0.29685193068054144 -0.5407404603539538 1.0983 0.030543948348175698 -0.8942747597871856 -0.4464747710978479 1.5421 0.0 0.0 0.0 1.0 
-0.6129137898649172 0.34032038405267107 -0.7131049869350703 1.231 0.7896631612503698 0.2954906705746548 -0.5376963412256154 1.0956 0.027726845429956792 -0.8926742405836429 -0.4498487770806096 1.5423 0.0 0.0 0.0 1.0 
-0.6083317525962668 0.33722962271597656 -0.7184766247735512 1.24 0.7932132933104372 0.2894568720764905 -0.5357493728631926 1.0917 0.02729743758605102 -0.8958185646494128 -0.44358082592770093 1.5426 0.0 0.0 0.0 1.0 
-0.6044770439912869 0.34067713197726124 -0.7201017949118745 1.2467 0.796223983608487 0.286967545096312 -0.5326133644474459 1.0884 0.025196650852592817 -0.8953148718798006 -0.4447205965285042 1.5428 0.0 0.0 0.0 1.0 
-0.601866778739046 0.34309364528527886 -0.7211401605895648 1.2531 0.7981971349981292 0.2869998806567562 -0.5296342154579761 1.085 0.02525300637671324 -0.8943812492823553 -0.4465920583721466 1.5427 0.0 0.0 0.0 1.0 
-0.5974561347216792 0.343581999706447 -0.7245671649758565 1.2612 0.8014135869470268 0.2873477455951113 -0.5245641388411026 1.0802 0.02797194559073718 -0.8940820334729507 -0.44702895619941957 1.5432 0.0 0.0 0.0 1.0 
-0.5936934473249231 0.34358574508663947 -0.7276516518064862 1.2667 0.8041182259927109 0.287434811533408 -0.5203605555238503 1.0763 0.03036394621561067 -0.8940526074521641 -0.4469317239559108 1.5437 0.0 0.0 0.0 1.0 
-0.5890075384660398 0.34243036458914666 -0.73199150612389 1.2738 0.8073628672165594 0.2887403504292865 -0.514581587966213 1.0708 0.03514712321134089 -0.8940751956302764 -0.44653580403888093 1.5444 0.0 0.0 0.0 1.0 
-0.586480084725988 0.341724598160587 -0.7343469270254921 1.2794 0.8091694436661647 0.28733401338409575 -0.5125270492272361 1.0663 0.03585974981490364 -0.8947980016543252 -0.44502877949480857 1.5454 0.0 0.0 0.0 1.0 
-0.5823582292895161 0.3445678171359523 -0.7362960764345718 1.2844 0.8122008356329102 0.2850281473706773 -0.5090076205752151 1.0617 0.034477461855277725 -0.8944450651664443 -0.44584675621048697 1.5463 0.0 0.0 0.0 1.0 
-0.5764022773730276 0.34667665784639073 -0.7399835873474787 1.2912 0.8164697678320609 0.28170121233046774 -0.5040055011483555 1.0552 0.033727330986126125 -0.8946841464315778 -0.44542423067066184 1.5477 0.0 0.0 0.0 1.0 
-0.5728338473521393 0.3490531539094953 -0.7416355432917032 1.2966 0.8191409293518012 0.2763306202160263 -0.5026425431573549 1.0497 0.029487644673881652 -0.8954346900119852 -0.4442152572061506 1.5482 0.0 0.0 0.0 1.0 
-0.570406616825794 0.34906749944370996 -0.7434972577713164 1.302 0.8208155353134339 0.27528148681355064 -0.5004817279440299 1.0439 0.029969125270396024 -0.8957521888613147 -0.44354240798450256 1.5487 0.0 0.0 0.0 1.0 
-0.5641487474501184 0.3504855328020034 -0.747593527290705 1.3096 0.8251169056756704 0.2725416486063914 -0.4948768955438485 1.0358 0.030303180009188913 -0.8960362387043317 -0.4429455679989637 1.5489 0.0 0.0 0.0 1.0 
-0.563011751409975 0.3489801919158481 -0.7491532509604761 1.3159 0.8258464655214295 0.272171289971726 -0.4938627383199595 1.0293 0.03154969350143927 -0.8967360896972444 -0.44143969268118705 1.549 0.0 0.0 0.0 1.0 
-0.5581864429184724 0.3493083629793957 -0.7526031905956004 1.3245 0.8290638937057421 0.27075342028800586 -0.4892296450091923 1.0203 0.03287788155427296 -0.8970374869285013 -0.4407298400942486 1.5485 0.0 0.0 0.0 1.0 
-0.5539196840268069 0.3483924891406914 -0.7561717114240623 1.3309 0.8319156420822471 0.26761277771918907 -0.48610674307224144 1.0137 0.033005273919853584 -0.8983351683596568 -0.43806914657586005 1.5481 0.0 0.0 0.0 1.0 
-0.5487302915201757 0.3495250547694545 -0.7594256403734292 1.3377 0.835426635827197 0.2628845822548669 -0.4826531182569281 1.0069 0.03094193462980288 -0.8992907941823347 -0.43625527410023485 1.5478 0.0 0.0 0.0 1.0 
-0.5494168061018814 0.3572120901066188 -0.7553414432258228 1.3461 0.8354009465174578 0.25182850781590205 -0.4885567123773371 0.9978 0.01569814417514198 -0.8994342251287069 -0.4367741326321644 1.5471 0.0 0.0 0.0 1.0 
-0.5454931786260473 0.3697648728634964 -0.7521377073838896 1.3523 0.8380999986429525 0.24607565003002055 -0.48686257479599515 0.9913 0.0050580971851443834 -0.8959468250172804 -0.4441325279624546 1.5464 0.0 0.0 0.0 1.0 
-0.5416500352328893 0.37604345528018085 -0.7518022074143919 1.3583 0.8406009886409245 0.24473593433207436 -0.48321247949789853 0.9843 0.0022841252395838785 -0.8936977353599758 -0.44866372773419155 1.5457 0.0 0.0 0.0 1.0 
-0.5343892644716312 0.3781769506590106 -0.7559168658045154 1.3656 0.8452096617371129 0.24647546859657837 -0.47420509390593085 0.975 0.006981527318910052 -0.8923183497891041 -0.45135265691690113 1.5451 0.0 0.0 0.0 1.0 
-0.5293787230660256 0.3801634675128926 -0.7584417614646213 1.3706 0.8483379030101261 0.24668437294542928 -0.4684758504564581 0.9688 0.00899832658694849 -0.8914160409781136 -0.45309653718114024 1.5449 0.0 0.0 0.0 1.0 
-0.5227730433788036 0.382147784325479 -0.7620179893228181 1.3755 0.8524224871955033 0.2439608189077943 -0.4624489400585431 0.9625 0.009178694890627004 -0.8913171095479796 -0.45328750455658845 1.5451 0.0 0.0 0.0 1.0 
-0.5166515819464635 0.38718853968097466 -0.763646631376012 1.3813 0.8561918373577238 0.23633140684749984 -0.4594377039158697 0.9558 0.002584669073881385 -0.8911972289438492 -0.4536086624047019 1.5461 0.0 0.0 0.0 1.0 
-0.5104064520659777 0.3925162128758674 -0.7651250069884056 1.3858 0.8599247743078744 0.2290141418929461 -0.45615995587577485 0.9513 -0.0038257314296977762 -0.8907769336049426 -0.4544247114059749 1.5467 0.0 0.0 0.0 1.0 
-0.5018294536507643 0.4001495875691594 -0.766842556863407 1.3904 0.8649074766923941 0.2217751515551161 -0.45027862364796034 0.9474 -0.01011218127664526 -0.8892109365729468 -0.45738567322216317 1.5479 0.0 0.0 0.0 1.0 
-0.48944772210716325 0.4021863911899931 -0.7737486892174223 1.3952 0.8718657434629179 0.20833403460745012 -0.4432234824555617 0.9424 -0.017060266702571936 -0.8915397000502849 -0.4526211556415426 1.55 0.0 0.0 0.0 1.0 
-0.47703094425994574 0.40230956132651646 -0.7814016221404525 1.3992 0.8787706117005718 0.20389416354696438 -0.43149667679240217 0.9374 -0.014272008613632314 -0.8925100486474926 -0.45080164466579176 1.5527 0.0 0.0 0.0 1.0 
-0.46315550388280036 0.4058853965021366 -0.7878731015394375 1.4048 0.8861019367169379 0.19439800939042032 -0.42075262529369184 0.9287 -0.01761638355512185 -0.8930097753391871 -0.44969234391869883 1.5569 0.0 0.0 0.0 1.0 
-0.45547440608783246 0.4096167340891502 -0.7904158377418022 1.4075 0.8900604405863136 0.19125929736424677 -0.41377807249180387 0.9242 -0.018316044939726717 -0.8919831906072409 -0.45169736569067226 1.5589 0.0 0.0 0.0 1.0 
-0.44994193575293884 0.40862827482108455 -0.7940876447015421 1.4104 0.8929207613632089 0.19026710013598638 -0.4080330189241921 0.9195 -0.01564507518185365 -0.8926485106818847 -0.45048181761306116 1.561 0.0 0.0 0.0 1.0 
-0.4409488520136715 0.40319192361993617 -0.8018730464577799 1.4143 0.8974952708274024 0.1899679588999974 -0.3980130819882889 0.9129 -0.00814547422025036 -0.8951806785889788 -0.4456289980810302 1.5643 0.0 0.0 0.0 1.0 
-0.43413748585622136 0.4044456757811692 -0.8049523828875544 1.4174 0.9008211266236381 0.18818250599525 -0.3912909943582479 0.9075 -0.006777994021679279 -0.8949922009600197 -0.4460302893501529 1.5661 0.0 0.0 0.0 1.0 
-0.4313327993918306 0.40451148902578216 -0.8064257383137963 1.4216 0.9021632630979255 0.18614384800087447 -0.38916823427398434 0.9002 -0.00731183187102763 -0.8953886994471014 -0.4452253519478849 1.5689 0.0 0.0 0.0 1.0 
-0.4264912861785414 0.4039790447357099 -0.8092626979097681 1.4256 0.9044731909596673 0.18476336237537103 -0.3844356210849671 0.8938 -0.005781837857511518 -0.8959148571924513 -0.4441881797310896 1.5708 0.0 0.0 0.0 1.0 
-0.4218722204200894 0.4044294945423377 -0.8114558605260379 1.4292 0.9066547985917521 0.1872438836191005 -0.3780433893586635 0.8876 -0.0009517501630219583 -0.8951963538752077 -0.44567093486131804 1.5722 0.0 0.0 0.0 1.0 
-0.4156427893260238 0.4024880492106275 -0.8156251847042899 1.4331 0.9095107544030381 0.1894409786657803 -0.3700031124563259 0.8813 0.005591002280431467 -0.8956090027711734 -0.4448069860610615 1.5732 0.0 0.0 0.0 1.0 
-0.41015708118511907 0.40266511971598373 -0.818310436275755 1.4385 0.9119757306327289 0.18939648872103526 -0.3639082807481075 0.8721 0.008451951881331965 -0.8955388162577071 -0.44490312775382945 1.5745 0.0 0.0 0.0 1.0 
-0.4085850037197327 0.4006087133688519 -0.8201042333193378 1.4429 0.91265386960713 0.19016027721364503 -0.3618037911094375 0.865 0.011009497103764476 -0.8962989053563452 -0.44331373002709884 1.5753 0.0 0.0 0.0 1.0 
-0.4048109264931177 0.4006732986406751 -0.8219422251887195 1.4477 0.9143077021273589 0.19016248054286186 -0.3576026521495247 0.8579 0.013020738165402501 -0.8962695681267917 -0.4433185329167302 1.5756 0.0 0.0 0.0 1.0 
-0.3966787163612694 0.40016354264121357 -0.8261447422375872 1.4548 0.9178266228999599 0.1880963877566623 -0.3495912458986214 0.8483 0.015501170343901027 -0.8969330454686844 -0.4418945865975735 1.5763 0.0 0.0 0.0 1.0 
-0.3938534725309123 0.40051161560427595 -0.8273269534720809 1.4605 0.9190577512614134 0.18585986872599608 -0.3475470601853357 0.8409 0.014570244392453857 -0.8972438659379112 -0.44129485949321456 1.5766 0.0 0.0 0.0 1.0 
-0.38731269391114936 0.4014526732919607 -0.8299545940845361 1.4683 0.9218370348088687 0.18262340100411928 -0.34185548797771503 0.8311 0.014330331122529849 -0.8974878520138462 -0.44080630337767596 1.577 0.0 0.0 0.0 1.0 
-0.38218436085769053 0.40030280585580774 -0.832882211323886 1.4743 0.923944511937842 0.1813091308632599 -0.3368286477209923 0.8236 0.0161756970712732 -0.898267589691166 -0.43915109488043136 1.5772 0.0 0.0 0.0 1.0 
-0.37501012417531676 0.39969925136555 -0.836425678242743 1.4806 0.926787874358602 0.18187215044904048 -0.328613385048306 0.8164 0.02077601280029784 -0.8984225227301801 -0.43864031727972896 1.5774 0.0 0.0 0.0 1.0 
-0.36672368761611807 0.3990089381303135 -0.8404198975710628 1.4893 0.9301404547908487 0.1754818902809695 -0.3225598247533179 0.8066 0.018774219097187406 -0.8999988741523723 -0.43548772109182754 1.5778 0.0 0.0 0.0 1.0 
-0.36122650119131183 0.40001688703608784 -0.8423193604109074 1.4959 0.9322950245999955 0.17282861494265897 -0.317736143620922 0.7994 0.01847706532911092 -0.9000648642975455 -0.43536402942120045 1.5784 0.0 0.0 0.0 1.0 
-0.3552391686231644 0.40309453295504666 -0.8433978483359297 1.5026 0.934637939186266 0.16863898423172935 -0.31306998519650586 0.7922 0.01603295698156837 -0.8994863481448973 -0.4366546161342896 1.5788 0.0 0.0 0.0 1.0 
-0.345740552067869 0.40479167177963604 -0.8465265342053094 1.512 0.9382693543613434 0.1594109107333873 -0.3069833549323159 0.7827 0.01068126032607275 -0.9004064993085067 -0.434918436814131 1.5799 0.0 0.0 0.0 1.0 
-0.339095068225689 0.40587455137969763 -0.8486933387551385 1.519 0.9407129890656981 0.15451916089295575 -0.3019650660590005 0.7755 0.008579446840847493 -0.9007717121775449 -0.43420814781926764 1.5806 0.0 0.0 0.0 1.0 
-0.32971374329911396 0.4111115851543344 -0.8498682909907724 1.529 0.9440753807932207 0.14667017338640936 -0.2953126066034701 0.7656 0.0032438957784170497 -0.899708355407846 -0.4364794982006459 1.5814 0.0 0.0 0.0 1.0 
-0.3259093035474533 0.4107990615111783 -0.8514853239620452 1.5365 0.9453982067431435 0.14381975190566798 -0.29246898920849856 0.7579 0.0023144217555645663 -0.9003110629239914 -0.4352408912643779 1.5821 0.0 0.0 0.0 1.0 
-0.3217476143150686 0.4108919790286059 -0.8530218369142246 1.5441 0.9468235904355353 0.14142355533074993 -0.2890059975024265 0.75 0.0018871346862684435 -0.900648188566194 -0.43454491040065113 1.5825 0.0 0.0 0.0 1.0 
-0.3176606457889784 0.41307134780409677 -0.8535008938133788 1.5541 0.9481979230922406 0.14172776160544684 -0.28431310246605146 0.7395 0.0035231747744021713 -0.8996028586068505 -0.4366947263545697 1.5822 0.0 0.0 0.0 1.0 
-0.3128444180956708 0.41480610123263795 -0.8544379839675666 1.5616 0.949800035390621 0.13934982490663816 -0.28010983394101757 0.7316 0.0028745153254661204 -0.8991760254136383 -0.4375776645156559 1.5822 0.0 0.0 0.0 1.0 
-0.309863609102188 0.42024779250133576 -0.8528636096421988 1.569 0.9507780463897577 0.13920273343006728 -0.2768459960138011 0.7238 0.0023770270175944574 -0.8966684961028529 -0.44269623653155865 1.5819 0.0 0.0 0.0 1.0 
-0.3066842085715748 0.4204210365178597 -0.8539267815603839 1.5791 0.9518083549422138 0.13770474019633366 -0.27404061740854607 0.7132 0.00237732518256889 -0.8968185750644937 -0.4423921244148312 1.5817 0.0 0.0 0.0 1.0 
-0.3000289777525301 0.4179943903279068 -0.857474957163866 1.5867 0.9539118935924289 0.13701630988071367 -0.266980579985847 0.7059 0.005891669685140877 -0.8980574705892014 -0.4398386837776408 1.5821 0.0 0.0 0.0 1.0 
-0.29922369812933364 0.41770277436617875 -0.8578983452394595 1.5931 0.9541786459038413 0.13370048232093765 -0.2677074760410341 0.6985 0.002879267079942738 -0.8986927023816018 -0.43856942039674457 1.5817 0.0 0.0 0.0 1.0 
-0.29933555001326684 0.41976745760446144 -0.8568509263778281 1.6017 0.9541443730188617 0.13413324235309723 -0.267613132585621 0.6888 0.002596908681281318 -0.8976656141526935 -0.4406696055245576 1.5818 0.0 0.0 0.0 1.0 
-0.2958900787897338 0.41902673950079034 -0.8584087912277821 1.6074 0.955214810763015 0.13328248373984958 -0.26419773811884617 0.6817 0.0037049389715370085 -0.898138280618009 -0.4396975122919659 1.5815 0.0 0.0 0.0 1.0 
-0.2911270658912193 0.42175780881384584 -0.8586998207814608 1.6128 0.9566599160853615 0.13476204788371937 -0.25814917277755317 0.6749 0.006843716908124797 -0.8966379097242818 -0.4427116695820789 1.5811 0.0 0.0 0.0 1.0 
-0.2871582411498964 0.42539148024449075 -0.8582436909614305 1.6188 0.9578344735141091 0.1365524761847169 -0.25279743391848786 0.6655 0.009657426554099846 -0.8946482603700875 -0.44666679340323556 1.5809 0.0 0.0 0.0 1.0 
-0.2854012556561204 0.42507193971519464 -0.8589877585487883 1.623 0.9583689222030306 0.13468148251611536 -0.25177352367288813 0.6584 0.008667884707981743 -0.8950836521432077 -0.4458140009473299 1.5806 0.0 0.0 0.0 1.0 
-0.282144949815609 0.42723321795089514 -0.8589912716511564 1.6268 0.9593221757889512 0.13474564643000567 -0.24808178854505436 0.6515 0.009756553341250584 -0.894044399483316 -0.44787210386383347 1.5803 0.0 0.0 0.0 1.0 
-0.27657284572424523 0.4271412251370103 -0.8608471611130788 1.6319 0.9609376203963258 0.1325366856120639 -0.2429669044829274 0.6418 0.010312648303897165 -0.8944184707145884 -0.44711212075891804 1.5801 0.0 0.0 0.0 1.0 
-0.27348980539752626 0.42808924049067026 -0.8613610906697283 1.6355 0.9618201952450995 0.13126235087471622 -0.24015017647614018 0.6343 0.010258575061946829 -0.8941531174351312 -0.4476437916678108 1.5797 0.0 0.0 0.0 1.0 
-0.27005102373441575 0.4294453783663685 -0.8617709159514264 1.639 0.9628027096934695 0.12893026143014447 -0.23746142822460037 0.6266 0.009131636595180681 -0.8938420748025464 -0.44828892304603324 1.5788 0.0 0.0 0.0 1.0 
-0.26728275589375383 0.43012285114389187 -0.8622959244515132 1.6437 0.9635466619625415 0.13019558683479793 -0.23372406677444807 0.6161 0.011737061927248382 -0.8933327723153295 -0.4492424727079173 1.5777 0.0 0.0 0.0 1.0 
-0.26410376717449335 0.43116180219288863 -0.8627564549129849 1.6469 0.9643697360646712 0.13242243335651288 -0.22903124526251017 0.6082 0.015498784687750622 -0.892504229387021 -0.4507726568897923 1.5767 0.0 0.0 0.0 1.0 
-0.26087480062374635 0.43456743436413015 -0.8620298622377871 1.6503 0.9651788514083568 0.1353017598516689 -0.22388215331974654 0.6005 0.01934226443738518 -0.8904182044248752 -0.45473211678439374 1.5761 0.0 0.0 0.0 1.0 
-0.2538492506501369 0.4316876960254263 -0.8655670344026642 1.654 0.9669804086935931 0.13414615388169632 -0.2166880213614022 0.5901 0.02257093589409126 -0.8919924565258426 -0.45148644537112903 1.5762 0.0 0.0 0.0 1.0 
-0.24704101600184544 0.42880166389185703 -0.8689648263631566 1.6568 0.9688070175498245 0.12742544940282724 -0.2125458011598952 0.582 0.019588240323984096 -0.8943667524500575 -0.44690537360043836 1.5766 0.0 0.0 0.0 1.0 
-0.24345595521308222 0.43026611782628144 -0.8692527053291156 1.6607 0.9698292289355392 0.11969614637220964 -0.2123772568942826 0.5708 0.012667461213015208 -0.8947311889021994 -0.44642539693892147 1.5773 0.0 0.0 0.0 1.0 
-0.2337484568975745 0.42666226196678536 -0.8736824211985661 1.6655 0.9722709802806181 0.1091574488511874 -0.20681825902097228 0.5531 0.007127397994243501 -0.897799513017069 -0.44034672091903343 1.5777 0.0 0.0 0.0 1.0 
-0.22863086930808754 0.4272804306072157 -0.8747338790852567 1.6678 0.9734802614458669 0.10773394654738983 -0.20181570141247873 0.5438 0.008006633169740818 -0.8976774645614295 -0.44058037115133564 1.5775 0.0 0.0 0.0 1.0 
-0.22074176173494636 0.4265098025427228 -0.8771330930714674 1.6701 0.9752950324970728 0.10438650957893916 -0.19468707251499684 0.5309 0.008524917165917245 -0.8984391158853745 -0.43901535375704187 1.5768 0.0 0.0 0.0 1.0 
-0.21450542239915418 0.42693537393233116 -0.8784723161526611 1.6718 0.9766585333087863 0.10407357510817458 -0.18790103852649048 0.521 0.011204154429985513 -0.898273275484395 -0.4392944223115578 1.5759 0.0 0.0 0.0 1.0 
-0.20640474409548465 0.425651447064278 -0.881032307708953 1.6739 0.9784049363276837 0.09990112601230645 -0.1809517769768903 0.5079 0.010993733874279432 -0.899355664147149 -0.43707954331213245 1.5749 0.0 0.0 0.0 1.0 
-0.2012391168778121 0.42621347986826597 -0.8819551504565419 1.6756 0.9795075032036324 0.0951315038107821 -0.1775247817925294 0.4979 0.00823826474594691 -0.8996066176731263 -0.4366234813116368 1.5742 0.0 0.0 0.0 1.0 
-0.19559941435705944 0.42800082259918265 -0.882358297381284 1.6772 0.9806825585314458 0.0868416109192661 -0.17527194300618792 0.4877 0.0016088801673661002 -0.8995964820225621 -0.436719109997762 1.5735 0.0 0.0 0.0 1.0 
-0.1885796385762884 0.43543533871740303 -0.8802464346479898 1.6797 0.9820476437373049 0.07951704221307544 -0.1710539839573822 0.474 -0.0044883565416306 -0.8967012355259389 -0.4426135434685779 1.572 0.0 0.0 0.0 1.0 
-0.18709733828121045 0.4389422479755334 -0.8788198273538617 1.6817 0.9823147170386521 0.07700767225731667 -0.17066814319837775 0.4634 -0.007237589195208338 -0.8952092053568789 -0.4455873606229719 1.5706 0.0 0.0 0.0 1.0 
-0.1830484232259692 0.4437268881984762 -0.8772683303551905 1.6842 0.9830708024257182 0.07529464654600139 -0.1670404550387946 0.4493 -0.008066732457527037 -0.8929933733747467 -0.4499975143667451 1.5691 0.0 0.0 0.0 1.0 
-0.18002009849854242 0.4504171420923049 -0.8744810816970117 1.686 0.9836447580632863 0.07702522822055588 -0.16281923766002038 0.4392 -0.005979470812203236 -0.8894894672377924 -0.4569165499320792 1.5678 0.0 0.0 0.0 1.0 
-0.17807322041259313 0.45715971522469684 -0.8713753054497025 1.6873 0.984002605720163 0.0778994874025743 -0.16022029146879535 0.4288 -0.005366573191298962 -0.8859665144000028 -0.46371816360165596 1.5669 0.0 0.0 0.0 1.0 
-0.1732097733158956 0.45857088974710164 -0.8716140851916103 1.6886 0.9848841898327116 0.0817509985831587 -0.15270856835233426 0.4159 0.0012276177822244105 -0.884889548648422 -0.46579929116237695 1.5663 0.0 0.0 0.0 1.0 
-0.16578894234032854 0.45739900234148584 -0.8736705209944355 1.6894 0.9861243980338641 0.08455269746132583 -0.14286186669073903 0.4063 0.008526323945535041 -0.8852327343749928 -0.4650702181294229 1.566 0.0 0.0 0.0 1.0 
-0.16228895811679622 0.4577990839958373 -0.8741180084896643 1.6903 0.9866747729583765 0.08572692507851702 -0.1382887801816129 0.397 0.011626972129531843 -0.8849129296202844 -0.46561134061569465 1.5659 0.0 0.0 0.0 1.0 
-0.16110254815941544 0.45997642375635306 -0.8731939409803866 1.692 0.9868880583450776 0.08395167845103829 -0.137855271865591 0.3841 0.009895922009886038 -0.8839535085475758 -0.46747006904614213 1.5665 0.0 0.0 0.0 1.0 
-0.1590396468467684 0.4614441118072562 -0.8727976411570255 1.6933 0.9872073935517748 0.08445809513943596 -0.13523458241932618 0.3748 0.011311624444204249 -0.8831399446542041 -0.4689732245113817 1.567 0.0 0.0 0.0 1.0 
-0.15433761444223407 0.46334961953348797 -0.8726322426122313 1.695 0.987874566528261 0.08742684127668465 -0.12829804453296062 0.363 0.01684463044653911 -0.8818524125399629 -0.4712245546685424 1.5682 0.0 0.0 0.0 1.0 
-0.15219507099847607 0.46143440377319955 -0.8740222831131024 1.6963 0.9881945671516442 0.08675137915671005 -0.1262762672333279 0.3544 0.01755442439224225 -0.8829226971988431 -0.46919010321550525 1.5701 0.0 0.0 0.0 1.0 
-0.14909065415354567 0.464758381704531 -0.8727952929979934 1.6978 0.9885907947191342 0.08920727308658533 -0.12136845976218763 0.3435 0.02145267910211246 -0.8809322953915588 -0.47275582862139404 1.5726 0.0 0.0 0.0 1.0 
-0.14128037808067254 0.4629557946535556 -0.8750495911467401 1.6987 0.9895794063727099 0.09085884120779539 -0.11170169854309059 0.3359 0.027793043237779536 -0.8817123131560949 -0.4709680918878809 1.575 0.0 0.0 0.0 1.0 
-0.13777637232656106 0.45819633259034126 -0.8781080753695949 1.7 0.9900314643491095 0.08988738437673965 -0.10843411699583366 0.3284 0.02924672335990286 -0.8842942829910581 -0.46601314385115744 1.5773 0.0 0.0 0.0 1.0 
-0.1319337422902369 0.4577343789144886 -0.8792455436367367 1.7016 0.9908832169833874 0.08530655184268231 -0.10427484122915215 0.3181 0.027275225864261787 -0.8849870228271592 -0.4648161265291625 1.5799 0.0 0.0 0.0 1.0 
-0.12638469483890236 0.4574941676361732 -0.8801852052206756 1.7032 0.9915839018228247 0.08337771984267316 -0.09904302842532292 0.3106 0.028076227600946246 -0.8852950030428963 -0.4641815194845417 1.5812 0.0 0.0 0.0 1.0 
-0.1225708595127622 0.4520021253896498 -0.8835555800522921 1.705 0.9920305687805213 0.08197850509374854 -0.09568111259590356 0.3028 0.02918449936693196 -0.8882418608384959 -0.4584481013712106 1.5829 0.0 0.0 0.0 1.0 
-0.11571210087474637 0.4484265111010856 -0.8862981292166088 1.7078 0.9929348045327187 0.07583830070826958 -0.09126349814276058 0.2927 0.026290371977667426 -0.890596550794685 -0.4540336992491701 1.5846 0.0 0.0 0.0 1.0 
-0.10914602991395625 0.4489712714929381 -0.8868550848521062 1.7103 0.9937839031508782 0.06896452961436386 -0.08739249105773061 0.2846 0.02192482593380768 -0.8908808511967715 -0.4537076271991558 1.5861 0.0 0.0 0.0 1.0 
-0.10457617543211073 0.4423790895472567 -0.8907101462671976 1.7131 0.9943757463473152 0.061598790945226134 -0.08615372325271786 0.2765 0.016754062439061246 -0.8947101933505767 -0.44633280330529324 1.588 0.0 0.0 0.0 1.0 
-0.09786974283391511 0.43858299065835143 -0.8933456630794152 1.7173 0.9950835480828999 0.056812644372338045 -0.0811237066101494 0.265 0.015173851599731336 -0.8968931283852044 -0.44198695736755705 1.5902 0.0 0.0 0.0 1.0 
-0.09222270639135216 0.440296591496101 -0.8931035124456572 1.7207 0.9955979296484911 0.05583891121403334 -0.0752780079044974 0.2561 0.0167252774414276 -0.8961143495733941 -0.4435079904389102 1.5915 0.0 0.0 0.0 1.0 
-0.0857153886085962 0.4331241562840669 -0.8972493173019932 1.724 0.9961873715144203 0.05193275013367957 -0.07009786229795956 0.2468 0.01623554713793851 -0.8998369045036819 -0.4359242506472468 1.593 0.0 0.0 0.0 1.0 
-0.07994789436213426 0.4308100658700422 -0.8988943326843879 1.7289 0.9966583732243062 0.049697604601648265 -0.06482464946868621 0.2334 0.016745783616804066 -0.9010731575415551 -0.43334367826143605 1.5949 0.0 0.0 0.0 1.0 
-0.07454200783317919 0.4289563614878959 -0.9002443718275963 1.7326 0.9971157003998992 0.044983777214817305 -0.06112887863772609 0.2228 0.01427477089891166 -0.902204466696188 -0.4310723038995087 1.596 0.0 0.0 0.0 1.0 
-0.07027802610359365 0.42811986734140894 -0.9009852264241391 1.7365 0.9974777377856202 0.03917703284433441 -0.059188873275265674 0.2119 0.009957995233184358 -0.9028723826128965 -0.42979332131368375 1.5972 0.0 0.0 0.0 1.0 
-0.06623931239321379 0.4236964824671348 -0.9033790147212026 1.742 0.9977862296645224 0.033494151178374176 -0.05745243013743606 0.1967 0.005915520732022228 -0.9051847505243428 -0.42497714530625275 1.5979 0.0 0.0 0.0 1.0 
-0.06171323848354568 0.42426569391821484 -0.9034323976701127 1.7463 0.9980893422125345 0.028974602920177533 -0.05457231301097998 0.1853 0.0030234347393900407 -0.9050740816915009 -0.42524318394615435 1.5979 0.0 0.0 0.0 1.0 
-0.055415573425201065 0.42251325327409944 -0.9046610774371213 1.7517 0.9984633727129433 0.023528814699165373 -0.05017258444157496 0.1701 8.702097898594108e-05 -0.9060512930770472 -0.42316787063854483 1.5979 0.0 0.0 0.0 1.0 
-0.04880722774480356 0.42382672376277536 -0.9044273120292085 1.7553 0.9988037708426623 0.01800854493403209 -0.04546118850005826 0.1592 -0.002980246692097732 -0.9055642442885381 -0.42419867703209924 1.5976 0.0 0.0 0.0 1.0 
-0.04301571928778944 0.4295432011667842 -0.9020212227134933 1.7583 0.9990672725918199 0.015084796355249092 -0.04046027378630379 0.1481 -0.0037726290695075937 -0.9029203105758071 -0.4297914378155895 1.5972 0.0 0.0 0.0 1.0 
-0.036732650534616135 0.43229330258768855 -0.9009845797362632 1.763 0.9993173386103389 0.01232999324998299 -0.03482568045573209 0.1334 -0.003945774632585108 -0.9016487519008078 -0.4324511059741486 1.5965 0.0 0.0 0.0 1.0 
-0.030506469157856736 0.4358616849665348 -0.8994964963342847 1.767 0.9995287512488091 0.010232222884609427 -0.02894092330655318 0.122 -0.0034103909624638717 -0.8999554951179379 -0.4359684346836481 1.5959 0.0 0.0 0.0 1.0 
-0.029830139631408875 0.43257649064720993 -0.9011036247340896 1.7692 0.9995400984426738 0.007989690780929287 -0.029253315135809255 0.1112 -0.00545475707804538 -0.9015618362489448 -0.4326158816371055 1.5953 0.0 0.0 0.0 1.0 
-0.015602142101292654 0.4283700566436498 -0.903468686636658 1.7767 0.999875905290606 0.004715328946733516 -0.015031290437472034 0.0866 -0.0021788026855619202 -0.9035910912819143 -0.4283904674182387 1.5943 0.0 0.0 0.0 1.0 
0.0005050537778671371 0.4443636422401604 -0.895846358688665 1.7831 0.9999989599716279 0.0009857868922663604 0.001052748718985086 0.0668 0.0013509168530116966 -0.8958459586777526 -0.4443626822139709 1.5918 0.0 0.0 0.0 1.0 
0.004194090745996165 0.4480451728423304 -0.8940010809252419 1.7867 0.999989019134049 -0.0037483155921676226 0.002812781815973997 0.0534 -0.002090744876140971 -0.894003061081397 -0.44805597369408556 1.5903 0.0 0.0 0.0 1.0 
0.008329879303389714 0.45121063337054795 -0.8923786065589763 1.7893 0.9999593125921948 -0.006848373690112347 0.005871365935276318 0.0438 -0.003462119428371324 -0.8923912057562813 -0.4512493209057651 1.5891 0.0 0.0 0.0 1.0 
0.011759967342691496 0.45556423255055095 -0.8901252345533895 1.7916 0.9999279135799837 -0.0032007250565735113 0.011572510647798295 0.0347 0.00242297579022388 -0.8901971609591552 -0.45556903297807716 1.5878 0.0 0.0 0.0 1.0 
0.02174765132255896 0.4558035029668569 -0.8898147033765483 1.794 0.9997513031235313 -0.005520002628072507 0.021606977432926 0.0233 0.004936756501317308 -0.8900633102505284 -0.45581019315184046 1.5867 0.0 0.0 0.0 1.0 
0.030048177241911084 0.4578369478248857 -0.8885282416731792 1.7955 0.9995427511293064 -0.010761139458345365 0.028257504178813952 0.0152 0.003375753145053617 -0.8889710496320737 -0.4579509550233002 1.5862 0.0 0.0 0.0 1.0 
0.039253514890359775 0.4588131756605472 -0.8876652699126153 1.7968 0.9992254922084516 -0.015576616700763934 0.03613564352457388 0.0075 0.002752687692038236 -0.8883962172659456 -0.45906925823673794 1.5857 0.0 0.0 0.0 1.0 
0.049573364253814894 0.4551845996642793 -0.8890160076089905 1.7984 0.9987696238968617 -0.02376157536859866 0.04352730082286238 -0.003 -0.0013114638691704705 -0.890079978296598 -0.4558024926413278 1.5858 0.0 0.0 0.0 1.0 
0.05822884574930032 0.44983963545095346 -0.8912091246727993 1.7995 0.9983002014719347 -0.028448370738196394 0.050866471702255556 -0.0104 -0.0024716924967363996 -0.8926561446490441 -0.45073151449228194 1.5861 0.0 0.0 0.0 1.0 
0.06899962279812188 0.44691233326937474 -0.8919127863336418 1.8008 0.9976159149251611 -0.03202195837146915 0.06113166503613199 -0.0204 -0.0012402990570173356 -0.8940044522001999 -0.4480563592947544 1.5862 0.0 0.0 0.0 1.0 
0.0746824199952073 0.4424427286162723 -0.8936816927957332 1.8019 0.9972060651784255 -0.03458420616504099 0.06621175315074929 -0.0277 -0.0016123631790859183 -0.8961296583522507 -0.4437894046802574 1.5867 0.0 0.0 0.0 1.0 
0.0804537343713991 0.43941060712570135 -0.8946762067760151 1.8032 0.9967556101410071 -0.037569403155488096 0.07118141329707534 -0.0353 -0.002334583073057672 -0.8975003388812524 -0.4410075865899725 1.5874 0.0 0.0 0.0 1.0 
0.0858769885968583 0.4381177523377307 -0.8948061119125581 1.8041 0.9963055583483043 -0.038317402265364425 0.07685708222348647 -0.0428 -0.000614193624670134 -0.8981005577162107 -0.4397897349825508 1.5879 0.0 0.0 0.0 1.0 
0.09193197514375029 0.4365597031151275 -0.8949659979922145 1.8052 0.9957608818895319 -0.042978480238886285 0.08132106944044243 -0.0528 -0.002962776527259292 -0.8986481379563347 -0.4386601715483891 1.5891 0.0 0.0 0.0 1.0 
0.09665589589629062 0.4274486186093496 -0.8988577842114089 1.8055 0.9953031419899103 -0.04641996500551274 0.08495200052911522 -0.0601 -0.005412331613755261 -0.9028470885470281 -0.42992771644621486 1.59 0.0 0.0 0.0 1.0 
0.1018907061143979 0.42949712814450786 -0.8973017892120405 1.8059 0.9947834390103274 -0.04845002041861232 0.08976917618103614 -0.0677 -0.004918686643327397 -0.9017676044508673 -0.4321932369723622 1.5902 0.0 0.0 0.0 1.0 
0.10722566605640313 0.4287516507660054 -0.8970366093444491 1.806 0.9942307198675224 -0.048795396671370145 0.09552112298016374 -0.0784 -0.0028164180209355183 -0.9021036698900569 -0.4315101812940482 1.5903 0.0 0.0 0.0 1.0 
0.10882981302398576 0.42609848425983515 -0.8981069833314042 1.8057 0.9940592860963084 -0.04799962191147811 0.09768404179830226 -0.0869 -0.0014857734893345964 -0.9034025226928615 -0.42879094494789904 1.5902 0.0 0.0 0.0 1.0 
0.11296972928966523 0.4284218001466359 -0.8964890414407393 1.8057 0.9935984062735618 -0.04851299245726745 0.10202302001744029 -0.0952 0.00021751978683060003 -0.902275595769916 -0.4311597174634768 1.5899 0.0 0.0 0.0 1.0 
0.11968471398045558 0.4279568011466939 -0.8958395758123804 1.8056 0.9928106140661452 -0.05011006945714888 0.10870172738555323 -0.1065 0.0016290601646201663 -0.9024089745183659 -0.43087746387075215 1.5889 0.0 0.0 0.0 1.0 
0.11983584319824825 0.42555721766948296 -0.8969617746450368 1.8052 0.9927922514370587 -0.04981305743053199 0.10900552644686873 -0.115 0.0017076801519415596 -0.903559468877855 -0.42845929798484683 1.5884 0.0 0.0 0.0 1.0 
0.11944951081678293 0.42501682833783505 -0.8972694745700862 1.8047 0.9928344148553101 -0.054239294234340124 0.10647968651284939 -0.1236 -0.003411604394600476 -0.9035589602182073 -0.42845019122979366 1.5879 0.0 0.0 0.0 1.0 
0.12518380408189195 0.42303868567839675 -0.8974225791760986 1.8028 0.9919912087454046 -0.06869243698473998 0.10599429641697022 -0.1346 -0.016806456123095448 -0.9035040783087767 -0.4282498377255855 1.5865 0.0 0.0 0.0 1.0 
0.12749703049184408 0.43635634033868653 -0.8906950384177461 1.8015 0.9915277087657688 -0.0785699446352513 0.10343870914564918 -0.1428 -0.024845723283222043 -0.8963369389053659 -0.442676836968337 1.5857 0.0 0.0 0.0 1.0 
0.13050552389808798 0.4411311152399797 -0.887902949313278 1.7993 0.9910439762249332 -0.08359416899166375 0.10413381822860057 -0.1507 -0.028286841823710884 -0.893540907892708 -0.448089835303051 1.5844 0.0 0.0 0.0 1.0 
0.13524928506095885 0.44715209269255285 -0.884173420145149 1.7962 0.9904150612057941 -0.08625788895019398 0.10787763035300252 -0.1603 -0.02802922452053469 -0.890289044408908 -0.45453248506377497 1.583 0.0 0.0 0.0 1.0 
0.14270559167024743 0.45130796359703057 -0.8808837812673962 1.7937 0.989362818041251 -0.09041836655819435 0.11395496157001028 -0.167 -0.02821929098186443 -0.8877756704161527 -0.4594105251663608 1.5819 0.0 0.0 0.0 1.0 
0.14557398965059806 0.4547627855664947 -0.8786347491426743 1.7918 0.9888988721028293 -0.09362217632323847 0.11538591272010956 -0.1737 -0.029786478324230425 -0.8856781000816849 -0.463343359448193 1.5813 0.0 0.0 0.0 1.0 
0.14914764187939614 0.4546781131707339 -0.8780790364912016 1.7896 0.9883149615457797 -0.09678209765761267 0.11775721785842469 -0.1821 -0.03144070143269029 -0.8853818605418193 -0.46380000357581597 1.5804 0.0 0.0 0.0 1.0 
0.15348669655663416 0.45522839542504184 -0.8770455757706512 1.7886 0.9876214361171591 -0.0997174734316012 0.1210798266198701 -0.1884 -0.032337793709707574 -0.8847731536903454 -0.4648986272369802 1.5798 0.0 0.0 0.0 1.0 
0.15581862847710842 0.4536338375555442 -0.8774604814144871 1.7878 0.9872645008608496 -0.10037354437617624 0.12342591676524706 -0.1964 -0.0320836462935678 -0.8855176412776847 -0.463496652227948 1.5794 0.0 0.0 0.0 1.0 
0.15671612050471906 0.4480632794394315 -0.8801587102289747 1.7871 0.9871243850597164 -0.09995530834486865 0.12487747897102563 -0.2021 -0.03202352251747265 -0.8883964396324786 -0.4579587973321495 1.5792 0.0 0.0 0.0 1.0 
0.1592559154711643 0.4505727873897038 -0.8784200115271248 1.7866 0.9868340427007598 -0.09808453695538663 0.12860013910226625 -0.2071 -0.02821569694897169 -0.8873351040470112 -0.46026110803712683 1.579 0.0 0.0 0.0 1.0 
0.16663374996247496 0.45139287458787697 -0.8766285793565805 1.7863 0.9856407636304705 -0.10087313499537387 0.13541379437172557 -0.2131 -0.027303451125934186 -0.8866053707301227 -0.46172008636089834 1.5795 0.0 0.0 0.0 1.0 
0.17278140329338426 0.4476238144531635 -0.8773707924306398 1.786 0.984525693917534 -0.10494300636401208 0.14034287809319446 -0.2174 -0.02925311423023591 -0.8880427276599266 -0.4588293464439148 1.5806 0.0 0.0 0.0 1.0 
0.17790308415472955 0.45098297283524114 -0.8746226905705816 1.7858 0.9837201013431399 -0.10444787836439129 0.14623748807545855 -0.221 -0.025401867287224322 -0.8864000219527669 -0.4622226154359571 1.5815 0.0 0.0 0.0 1.0 
0.18425997722558696 0.44865907650898185 -0.8745017403407115 1.7858 0.9825987728640745 -0.10527556568760577 0.15302518366324214 -0.226 -0.02340752782419664 -0.8874807537830112 -0.4602499313480635 1.583 0.0 0.0 0.0 1.0 
0.1883631370274944 0.4450714994165357 -0.8754602726659144 1.786 0.9817610101571601 -0.10873398211123367 0.1559558914226249 -0.2297 -0.02578075918884115 -0.8888691025912363 -0.4574353188313035 1.5844 0.0 0.0 0.0 1.0 
0.19226811819788497 0.443080964413171 -0.8756210537095017 1.7865 0.981066205827972 -0.10795469761760781 0.1607945367374089 -0.2345 -0.023282407670840166 -0.8899578879008743 -0.4554480071929876 1.5856 0.0 0.0 0.0 1.0 
0.19968742728294425 0.43975305375384743 -0.875638157630927 1.7868 0.9795802757795742 -0.1109306153166631 0.16768089303519218 -0.2379 -0.02339689485234997 -0.891241634069926 -0.4529248668506022 1.5863 0.0 0.0 0.0 1.0 
0.2060083431965012 0.43422905369802756 -0.8769296958467924 1.7872 0.9782569663758605 -0.11332667731385748 0.17369620590588358 -0.2414 -0.02395558954671906 -0.8936454515821788 -0.4481338378162855 1.5872 0.0 0.0 0.0 1.0 
0.2102120731237197 0.4327459860746021 -0.8766651560597971 1.7877 0.9774987046369417 -0.10910747135170543 0.18053210830303223 -0.2463 -0.01752617317411015 -0.8948890832005703 -0.4459443485708885 1.5874 0.0 0.0 0.0 1.0 
0.21684588283155432 0.4319179207318197 -0.8754568937701646 1.788 0.9760649534605705 -0.11116472903794677 0.18692139964149107 -0.2498 -0.016585226106928586 -0.8950359281998803 -0.4456855590058542 1.587 0.0 0.0 0.0 1.0 
0.22170722167636275 0.4314168447923733 -0.8744857997051421 1.7885 0.974922899079797 -0.11579066564432755 0.19004700102734567 -0.2534 -0.01926781529890015 -0.8946910236383494 -0.4462697878128999 1.5869 0.0 0.0 0.0 1.0 
0.22639983205905778 0.4302964579683087 -0.873835267257827 1.7893 0.9738023131484497 -0.11957757132314395 0.1934173191396968 -0.2588 -0.021264311659663915 -0.8947324531369061 -0.4460960281747134 1.5869 0.0 0.0 0.0 1.0 
0.23121118262425588 0.4304883933002737 -0.8724798749903875 1.7899 0.9726931477416061 -0.1209348600596947 0.19809795546362557 -0.2629 -0.020234361023257097 -0.8944576585037949 -0.4466946023603706 1.5866 0.0 0.0 0.0 1.0 
0.238115138441106 0.4304733616270248 -0.8706284315221396 1.7909 0.9710409966925222 -0.12352164680622149 0.20450375427524925 -0.2668 -0.01950803904971876 -0.894111339655083 -0.44741965615362367 1.5866 0.0 0.0 0.0 1.0 
0.24610355011633794 0.427053683149554 -0.8700909115308215 1.7923 0.9689853552866241 -0.12912455668094186 0.21069938325017845 -0.2727 -0.022370155569205796 -0.8949592172665473 -0.4455867766995099 1.5869 0.0 0.0 0.0 1.0 
0.25289158605399176 0.4251934355223492 -0.8690548820942201 1.7933 0.9672135491489386 -0.1327587268543976 0.21650189557302596 -0.2773 -0.023319434937631445 -0.8953131646707211 -0.44482641684311897 1.5871 0.0 0.0 0.0 1.0 
0.257612338662429 0.42618367390984185 -0.8671812723194519 1.7944 0.965965151526698 -0.1353193683973492 0.22045406454076905 -0.2823 -0.023392498901935566 -0.8944585762511599 -0.4465385161056892 1.5871 0.0 0.0 0.0 1.0 
0.26363876389542207 0.4176384596056301 -0.8695244212958773 1.7958 0.9641704870062717 -0.14165163834972205 0.22429909794497183 -0.2899 -0.029493629104984542 -0.8975037216697633 -0.4400195398287918 1.5875 0.0 0.0 0.0 1.0 
0.26737963882352045 0.4152294513504793 -0.8695358712978916 1.7968 0.9631333318893329 -0.1429813114558884 0.2278827101341962 -0.2962 -0.029703766534828535 -0.8984101776502389 -0.43815161639335554 1.5871 0.0 0.0 0.0 1.0 
0.27103821104688325 0.41876931728800576 -0.8667009559534604 1.798 0.9621681947220531 -0.1438350242813333 0.23139544259836475 -0.3025 -0.02776064152374763 -0.8966291009598816 -0.4419113056870849 1.5859 0.0 0.0 0.0 1.0 
0.27548187512810385 0.4163553983923083 -0.8664628778577219 1.7995 0.9608322914447227 -0.147556916747566 0.2345810393809245 -0.3115 -0.030183508626181743 -0.8971483369819808 -0.44069696760640314 1.5841 0.0 0.0 0.0 1.0 
0.2788066361225736 0.41954273942475756 -0.8638580609394024 1.8008 0.9599078003079888 -0.14895506979053363 0.2374645280701419 -0.3185 -0.029049519133589163 -0.8954307773243373 -0.44425201007810877 1.582 0.0 0.0 0.0 1.0 
0.28110049749972166 0.42687537481326654 -0.8595114453475547 1.8017 0.9593007854295093 -0.1501075939259008 0.23918552071583193 -0.3255 -0.02691678620741772 -0.8917651734755121 -0.45169720166993954 1.5796 0.0 0.0 0.0 1.0 
0.2921450890435005 0.4251221852403974 -0.85669269552401 1.8022 0.9560070333545732 -0.15462572885312292 0.24928184080118665 -0.3341 -0.02649149154639724 -0.891830707922232 -0.4515929464490975 1.5768 0.0 0.0 0.0 1.0 
0.3008467962056131 0.4308425101044347 -0.8508031127703568 1.8027 0.9535435527724145 -0.1505650399230351 0.2609307603927455 -0.3407 -0.015681140869842014 -0.889778006156527 -0.456124107651783 1.5745 0.0 0.0 0.0 1.0 
0.3065295742192128 0.43498046247020633 -0.8466590916054663 1.8035 0.9518109465687781 -0.1492041185655213 0.2679441228967945 -0.3475 -0.00977456499465712 -0.8879921893081555 -0.45975464065833416 1.5727 0.0 0.0 0.0 1.0 
0.31619217936850397 0.43340452980354044 -0.8439093667284229 1.8055 0.9486022886372603 -0.15688254962464973 0.27484825561647847 -0.3574 -0.013274174111695403 -0.887439225620009 -0.46073356414809963 1.5714 0.0 0.0 0.0 1.0 
0.32198568411638107 0.4324229034538337 -0.842220666923261 1.8071 0.9466531789647449 -0.15941007703729743 0.2800646105721064 -0.3655 -0.013152109338383622 -0.8874676669645601 -0.4606822789216359 1.5706 0.0 0.0 0.0 1.0 
0.32369984875354607 0.43385751931697525 -0.8408246314476352 1.8092 0.9460412192133251 -0.16248297604960832 0.2803663568323194 -0.3743 -0.014980636378218892 -0.8862093067815202 -0.4630428113117843 1.5701 0.0 0.0 0.0 1.0 
0.32747680703767945 0.4293331830147118 -0.8416840017577037 1.8123 0.9446388576616751 -0.16800474939644802 0.2818365355589688 -0.3868 -0.0204051328849314 -0.8873823427039172 -0.46058246645878265 1.57 0.0 0.0 0.0 1.0 
0.3290762827220042 0.42771837012089103 -0.8418822934419017 1.8146 0.9439854302256501 -0.17213569854307462 0.28153296220652785 -0.3966 -0.02450117694238496 -0.8873704396407491 -0.4604056854342936 1.57 0.0 0.0 0.0 1.0 
0.33042564163413846 0.42376352323604716 -0.8433524599627609 1.8169 0.9434130085381544 -0.1749118785464282 0.2817405367786968 -0.4067 -0.02812100054508221 -0.888723979150969 -0.4575793900629832 1.5702 0.0 0.0 0.0 1.0 
0.3327696839238926 0.4194175764981934 -0.8446024117805815 1.8199 0.9425445978020854 -0.176010765688388 0.2839540306385749 -0.4206 -0.029563805832434453 -0.8905667335389134 -0.4538908178169424 1.5702 0.0 0.0 0.0 1.0 
0.33512525300716045 0.4202276405931397 -0.8432673329842735 1.8219 0.9417220465200968 -0.1771070623120878 0.2859941880129433 -0.4311 -0.029165937236563855 -0.8899673131979091 -0.4550906827703767 1.5701 0.0 0.0 0.0 1.0 
0.3351052410942218 0.41584866964634987 -0.8454432928023882 1.8242 0.9416650473606272 -0.17750761813749957 0.285933530881671 -0.4455 -0.03116754675125022 -0.8919422231605099 -0.4510738903694116 1.5699 0.0 0.0 0.0 1.0 
0.33486511972774735 0.41512013976164136 -0.8458963418492818 1.8258 0.9418068641897757 -0.17547823856618386 0.28671801191193264 -0.4565 -0.02941397890022901 -0.8926828425336655 -0.4497245384580121 1.5693 0.0 0.0 0.0 1.0 
0.3342292680231783 0.4154032648577678 -0.8460088202508279 1.8272 0.9421251049657847 -0.17229138276843683 0.28760383519165583 -0.4673 -0.026288457351079875 -0.8931717678975568 -0.44894666725665 1.5687 0.0 0.0 0.0 1.0 
0.33188286918713983 0.4129480623774247 -0.8481318641100819 1.8287 0.9430118183362655 -0.16824037493411567 0.2870956055396158 -0.4819 -0.02413444878679294 -0.8950804846608816 -0.4452510015272272 1.5679 0.0 0.0 0.0 1.0 
0.33159857807785564 0.41367162250743306 -0.8478904243761765 1.8297 0.9431660516338025 -0.16623558269551675 0.287756025291193 -0.4919 -0.021913056889624916 -0.8951209525968824 -0.4452845137210616 1.567 0.0 0.0 0.0 1.0 
0.332365083358765 0.41516800564014505 -0.8468582989241502 1.8303 0.9429354795707785 -0.165457159173494 0.28895779941863997 -0.5019 -0.0201527350636857 -0.8945722193154789 -0.4464688250017367 1.5663 0.0 0.0 0.0 1.0 
0.33348174337929676 0.41801001808811195 -0.8450192610885752 1.8306 0.9425625621495404 -0.16601505016269222 0.289853099955086 -0.5141 -0.019124415462940025 -0.8931442368942742 -0.44936358200876236 1.566 0.0 0.0 0.0 1.0 
0.33510446186225507 0.419385531163554 -0.8436947172352525 1.8303 0.9419988507685113 -0.16673984867185365 0.2912661806933511 -0.5229 -0.018524707576987598 -0.8923640507749914 -0.45093595564518485 1.5661 0.0 0.0 0.0 1.0 
0.33948139270045324 0.417953392795571 -0.8426549385488891 1.8298 0.9404460076814927 -0.16768755608815294 0.29570625656066973 -0.5315 -0.017711314070466444 -0.8928582446188499 -0.4499894047308709 1.5667 0.0 0.0 0.0 1.0 
0.3458096734890238 0.41616156549608596 -0.8409668371138437 1.8289 0.9381882564374082 -0.16747449354710986 0.30291102570569356 -0.5426 -0.014780568471849276 -0.89373477352903 -0.44835219346030075 1.5683 0.0 0.0 0.0 1.0 
0.3499009322152855 0.41499479718396604 -0.8398503771179209 1.8279 0.9366878692943985 -0.1680120715171076 0.30722594184288987 -0.5507 -0.01360783419926287 -0.8941763037202283 -0.4475081727897673 1.5697 0.0 0.0 0.0 1.0 
0.355104876715152 0.4076057374587744 -0.8412835962526581 1.8262 0.9347232117723726 -0.16819220398089774 0.3130557456651904 -0.5615 -0.013894024149143869 -0.8975349270701041 -0.4407244159133985 1.5721 0.0 0.0 0.0 1.0 
0.36272729689219996 0.40334994695416626 -0.840081977179221 1.8242 0.9318161776202084 -0.1687343137870425 0.32132124498090686 -0.5695 -0.012145748825902303 -0.8993539634887295 -0.4370525473470792 1.5735 0.0 0.0 0.0 1.0 
0.36817689178279417 0.404700341132598 -0.83705639609546 1.822 0.9297069164904996 -0.16947843114105493 0.3269894658971354 -0.5777 -0.009530256391507341 -0.8986070861422836 -0.4386507482587789 1.575 0.0 0.0 0.0 1.0 
0.37335679573336733 0.40103409763136466 -0.8365263627744852 1.8183 0.9276585565783897 -0.16855794391294376 0.3332233814586539 -0.5889 -0.007369225645297239 -0.90042205219599 -0.43495496598217004 1.5768 0.0 0.0 0.0 1.0 
0.37834502484865523 0.3984693092735498 -0.8355101745277135 1.8151 0.9256509261934243 -0.1677779138501086 0.33914736393102174 -0.5976 -0.005040338235260511 -0.901705484729446 -0.4323214241733903 1.5781 0.0 0.0 0.0 1.0 
0.38345308860433974 0.3979577375833741 -0.8334226826390763 1.8117 0.9235603463730917 -0.16534953819424553 0.3459708323344101 -0.6066 -0.00012428598934183244 -0.9023797256789803 -0.43094177708423764 1.5793 0.0 0.0 0.0 1.0 
0.3901505574184586 0.3953797826346935 -0.8315391572438479 1.8066 0.92074371211965 -0.16392151627789583 0.35406320494126875 -0.6191 0.003682273508766598 -0.9037724071827477 -0.4279975197088278 1.5811 0.0 0.0 0.0 1.0 
0.38979267766315145 0.3900662406336678 -0.8342122010364676 1.8027 0.9208999869777627 -0.1629302657592268 0.35411430708739255 -0.6294 0.0022096209057141936 -0.9062571690296001 -0.42272102048266735 1.5824 0.0 0.0 0.0 1.0 
0.3925080048134123 0.38643788275491314 -0.8346275989501508 1.7985 0.9197479989053898 -0.16388693598592113 0.35665766600856524 -0.6397 0.0010414734394325609 -0.907638052852042 -0.4197524036238843 1.5834 0.0 0.0 0.0 1.0 
0.3994100373683398 0.3816542612508751 -0.8335536257005128 1.7924 0.9167661833793916 -0.1629274094735564 0.36468400603017986 -0.6536 0.003374472018782937 -0.9098322285516629 -0.4149625631636058 1.5844 0.0 0.0 0.0 1.0 
0.4029442553293659 0.37690303349879356 -0.8340144066120623 1.7878 0.9152097692398715 -0.16076154329384001 0.36952240051948715 -0.6643 0.005196670565299488 -0.9121950611229982 -0.40972327866237424 1.5849 0.0 0.0 0.0 1.0 
0.4053713512429698 0.3736599272152767 -0.8342975047217405 1.783 0.9141375185465705 -0.16053772062393062 0.3722636665622778 -0.675 0.005163794822291512 -0.9135676762289406 -0.4066539513796543 1.5854 0.0 0.0 0.0 1.0 
0.4101858979782018 0.3688599866651023 -0.8340802355512549 1.7762 0.9120006667948877 -0.1674248934897877 0.3744645361120507 -0.689 -0.00152081080226113 -0.9142818029892938 -0.40507588407254014 1.5862 0.0 0.0 0.0 1.0 
0.4155727661997911 0.3679845484594509 -0.8317972397694933 1.771 0.9095461329959427 -0.17316552405214392 0.3778088580643308 -0.699 -0.0050107828910275765 -0.9135650351096196 -0.4066617988943375 1.5867 0.0 0.0 0.0 1.0 
0.4197109939275536 0.3686899138369691 -0.8294036586676194 1.7659 0.9076186451021009 -0.1789665386205165 0.37973592550247015 -0.7088 -0.008430696256628789 -0.9121615676452715 -0.4097440638637112 1.5872 0.0 0.0 0.0 1.0 
0.4248052847798054 0.367317789311621 -0.8274165285262147 1.7587 0.9051506153625581 -0.18807138011098057 0.3812237131815563 -0.7219 -0.01558311688754499 -0.9108824279995607 -0.41237163921600434 1.5885 0.0 0.0 0.0 1.0 
0.42743350038960126 0.36680068070591354 -0.8262916333706709 1.7536 0.9038510247516195 -0.19240580777173422 0.3821430755504459 -0.732 -0.018812968934754648 -0.9101852919979453 -0.41377385904679276 1.5894 0.0 0.0 0.0 1.0 
0.42986350329415585 0.3604883248090284 -0.8278076686115292 1.7485 0.9026401334551526 -0.1933137510126886 0.3845394428995136 -0.7416 -0.02140462594252074 -0.9125118965502775 -0.4084897558598943 1.5903 0.0 0.0 0.0 1.0 
0.4326162952600002 0.35771116653529716 -0.8275783119508808 1.7419 0.901260995784201 -0.19592989289347615 0.38644546128635193 -0.7549 -0.023911473262487937 -0.9130466573000025 -0.40715358654899425 1.591 0.0 0.0 0.0 1.0 
0.429581708373788 0.357814304257631 -0.8291130679824585 1.7373 0.9025938332100836 -0.19860240936624735 0.3819443090884443 -0.765 -0.027998715716714195 -0.91242863099672 -0.40827694675999726 1.5914 0.0 0.0 0.0 1.0 
0.4283883496438785 0.3627878914528637 -0.8275677420638015 1.7311 0.9029435478826797 -0.20663531002905702 0.3768219712095271 -0.7779 -0.03429826856318424 -0.90867309548835 -0.41609714527882435 1.5918 0.0 0.0 0.0 1.0 
0.428994299782257 0.3662316593484944 -0.8257349831787312 1.7267 0.9026823422221228 -0.20780378542654343 0.3768052226320402 -0.7871 -0.03359285332795259 -0.9070236813078518 -0.41973749147775596 1.5919 0.0 0.0 0.0 1.0 
0.42469765379148183 0.3648271298278567 -0.8285729106153414 1.7205 0.904842170473511 -0.20125063305625746 0.3751783965358894 -0.7994 -0.029875565212997224 -0.9090650955987825 -0.41558164368410233 1.5925 0.0 0.0 0.0 1.0 
0.42392647296942504 0.3701781840971353 -0.8265920744443722 1.7112 0.9053617780085134 -0.1980184625830858 0.37564443213961596 -0.8174 -0.02462511800919559 -0.9076104894142523 -0.4190904473598207 1.5939 0.0 0.0 0.0 1.0 
0.41765628522069653 0.36964867155544967 -0.8300139077346471 1.7005 0.9083114478989531 -0.19308361942209412 0.3710647241743291 -0.8387 -0.023098507123951617 -0.9088886485858182 -0.4163987072992536 1.5954 0.0 0.0 0.0 1.0 
0.4161687030193937 0.3803580702280716 -0.8259124342444135 1.6964 0.9090734691674702 -0.19374663945225287 0.36884640076430053 -0.8481 -0.019724053411405595 -0.9043174100465697 -0.4264047180832875 1.5953 0.0 0.0 0.0 1.0 
0.4121010951279888 0.381038378203049 -0.8276366604559654 1.692 0.9109289576012257 -0.1917639993049423 0.36528756175665067 -0.8579 -0.019522335870922225 -0.9044536046182605 -0.4261250467822546 1.595 0.0 0.0 0.0 1.0 
0.40872526256725294 0.3858347246078428 -0.8270884021832975 1.6866 0.9125634243085969 -0.1857843993384918 0.3642967932559978 -0.8714 -0.013101769098008753 -0.9036679269782821 -0.4280334349058219 1.594 0.0 0.0 0.0 1.0 
0.40627957557374383 0.39069133963546193 -0.8260128229061985 1.6825 0.9137313588160474 -0.179298080700369 0.36461925644889337 -0.8819 -0.005648928022071065 -0.9028911758296302 -0.4298320767709052 1.593 0.0 0.0 0.0 1.0 
0.4025569349438448 0.3929340320353008 -0.8267712867517223 1.6785 0.9153838619590591 -0.17724119128633442 0.36146638208320236 -0.8924 -0.004505484828045525 -0.9023238922803066 -0.4310351424496407 1.5922 0.0 0.0 0.0 1.0 
0.3986262244038268 0.39913391577663015 -0.8257053048723645 1.6733 0.9171131511184857 -0.1742459569158409 0.3585272856338901 -0.9069 -0.0007754115501503733 -0.9001835722647338 -0.4355099711391591 1.5911 0.0 0.0 0.0 1.0 
0.3959743672423778 0.40151471694416263 -0.8258269991737053 1.6693 0.9182508377506808 -0.1687929226019349 0.35822388006618067 -0.9179 0.0044384070532968445 -0.9001638080687012 -0.43552889592549776 1.5901 0.0 0.0 0.0 1.0 
0.3957352909013567 0.40248934019732313 -0.8254670862988676 1.6642 0.9183341765798763 -0.16611315538909538 0.3592614086317078 -0.9328 0.007477944943589443 -0.9002270550445601 -0.4353565546827323 1.5887 0.0 0.0 0.0 1.0 
0.39346571377284256 0.4039825135016349 -0.8258225359422745 1.6609 0.9192890397376328 -0.16349805969470133 0.3580168234794692 -0.9442 0.00961215394638748 -0.9000369510531052 -0.43570757766596346 1.5874 0.0 0.0 0.0 1.0 
0.39563622967296874 0.40730084213304524 -0.8231512605638589 1.6579 0.9183220356137087 -0.16322986268775666 0.36061149570310425 -0.9559 0.012514498649638939 -0.8985889137556996 -0.4386129858986164 1.5857 0.0 0.0 0.0 1.0 
0.39831939290380514 0.41331058851146635 -0.8188504250844897 1.6547 0.9170863008038956 -0.16275217570954853 0.3639566542593154 -0.9715 0.017157450701392574 -0.8959275008203027 -0.44386882652346255 1.5838 0.0 0.0 0.0 1.0 
0.39873699681888425 0.40896523838529614 -0.820826559731296 1.6521 0.9169503245319552 -0.16362022808898097 0.3639100483647734 -0.9833 0.014522730755575974 -0.8977615801272449 -0.44024224642670695 1.5824 0.0 0.0 0.0 1.0 
0.39877576259447545 0.40932414112318877 -0.8206288068676103 1.6498 0.9169468210039924 -0.16465049340222102 0.3634539069443016 -0.9951 0.013653520347015613 -0.8974095845912101 -0.44098709603112496 1.5806 0.0 0.0 0.0 1.0 
0.4020385495172841 0.4107649564669747 -0.8183136044578037 1.6469 0.9155525706470509 -0.16928350598105857 0.36483775158875487 -1.0109 0.011335567194249607 -0.8958879646146862 -0.44413540702688786 1.5783 0.0 0.0 0.0 1.0 
0.4069085898640341 0.407793275213325 -0.8173922217550474 1.6445 0.9133876472756802 -0.16970359435736215 0.3700320200555479 -1.0225 0.012182171360673122 -0.8971651658156269 -0.44152719049675504 1.5768 0.0 0.0 0.0 1.0 
0.40972489901822984 0.41179954779534456 -0.8139696797547504 1.6423 0.9120433855996909 -0.16791955469394093 0.37413885916226597 -1.0337 0.01738878685689982 -0.895669668788074 -0.4443798763498488 1.5751 0.0 0.0 0.0 1.0 
0.41165605994057475 0.41187800525530904 -0.8129549785204033 1.6389 0.9111879048233291 -0.1697579664093292 0.3753915754838415 -1.0488 0.016609949363968923 -0.895286960492264 -0.44518015224698604 1.5724 0.0 0.0 0.0 1.0 
0.4130514878976421 0.41243674246053885 -0.8119633007803262 1.6362 0.9106521468258764 -0.17720394448606402 0.3732444635088402 -1.06 0.010056630994819293 -0.8935853040013128 -0.44878075788286087 1.5703 0.0 0.0 0.0 1.0 
0.41573948597020977 0.41695991295664886 -0.8082729185073625 1.6337 0.909457874128154 -0.18389055978655172 0.37292175748766315 -1.0707 0.006859664097067786 -0.890128469946093 -0.4556580428346492 1.5679 0.0 0.0 0.0 1.0 
0.4130216128960066 0.4170375401267228 -0.8096251215259032 1.6299 0.9106954134622671 -0.18243264283507313 0.3706105701771078 -1.0852 0.006856469905985485 -0.8903920602483282 -0.4551427994236157 1.5648 0.0 0.0 0.0 1.0 
0.416797695748397 0.4176754568290617 -0.8073579711512493 1.6274 0.9089868322836256 -0.1868643776869963 0.37259179149121324 -1.0958 0.004756001872036952 -0.8891731648640137 -0.4575461324630632 1.5626 0.0 0.0 0.0 1.0 
0.4201597496374523 0.41946626246713486 -0.8046824463329907 1.6249 0.907435562000495 -0.18918550395824274 0.37519267837860565 -1.106 0.005146416368649098 -0.8878383297334704 -0.46012673760024225 1.5603 0.0 0.0 0.0 1.0 
0.41828268261121926 0.4272208017944822 -0.8015746901827936 1.6215 0.9082884906290919 -0.18975027503255268 0.37283622532661204 -1.1196 0.00718437320074522 -0.884012001976868 -0.4674089912940935 1.5576 0.0 0.0 0.0 1.0 
0.42000867566068634 0.42638653512984154 -0.8011162431443548 1.6189 0.9075040445370981 -0.19208297317649423 0.37355125560555563 -1.1295 0.0053964357279038255 -0.8839109989561431 -0.4676240203473171 1.5557 0.0 0.0 0.0 1.0 
0.4262211013580516 0.42692206481228856 -0.7975419257528358 1.6162 0.9045992878921728 -0.19532137545322273 0.3788795173086492 -1.1392 0.00597503992483589 -0.8829423032494668 -0.4694434875790944 1.5541 0.0 0.0 0.0 1.0 
0.43471577075459306 0.4244537036323174 -0.7942677458704015 1.6124 0.9005383409145004 -0.1977599915747143 0.3871972136719579 -1.1513 0.007272908647778409 -0.8835892932834675 -0.4682062212258859 1.5522 0.0 0.0 0.0 1.0 
0.4405671671669069 0.4199014464854576 -0.7934628828457869 1.6095 0.8976715104829474 -0.1969075262619889 0.39422491723462605 -1.1602 0.009296799545559065 -0.8859515795689991 -0.463684556759663 1.5513 0.0 0.0 0.0 1.0 
0.44793332075801934 0.41265332563455326 -0.7931412062157888 1.6064 0.8940153825207295 -0.19720076072649464 0.4023038103041098 -1.1684 0.00960395600816022 -0.8892857205710855 -0.4572512123738527 1.5509 0.0 0.0 0.0 1.0 
0.4618226474273207 0.40158064078009664 -0.7908557588295528 1.6023 0.8869579247353407 -0.2040143519469493 0.4143474193823877 -1.1791 0.005047977060034514 -0.8928108047903058 -0.45040357988951196 1.5509 0.0 0.0 0.0 1.0 
0.4655808297571816 0.39750564428814267 -0.7907109166577142 1.5993 0.8850029409307956 -0.21120785081273408 0.4149229305532634 -1.1868 -0.0020701464819434245 -0.8929616489604322 -0.45012799066422077 1.5517 0.0 0.0 0.0 1.0 
0.4708138804822953 0.3902182655914569 -0.7912420585029579 1.5963 0.8821553778784851 -0.2200895042245294 0.4163682257452749 -1.1945 -0.011669585479798683 -0.8940303771846884 -0.44785433507529404 1.5526 0.0 0.0 0.0 1.0 
0.47830271097286303 0.38524887430052346 -0.7891830088934944 1.5919 0.8780265714217085 -0.2273837841554642 0.42114837596811494 -1.2037 -0.017200481198188178 -0.8943600614703904 -0.4470170286389883 1.5537 0.0 0.0 0.0 1.0 
0.4865232542496314 0.37985469275895734 -0.7867690483638428 1.5882 0.8735119873968803 -0.22849118498331378 0.42984716616359536 -1.2104 -0.016490328932467546 -0.8963828371705469 -0.44297390247934443 1.5541 0.0 0.0 0.0 1.0 
0.5066586372281476 0.3659296136779392 -0.780635986331421 1.5786 0.8619667917649722 -0.23350081886072704 0.44998957486343066 -1.2243 -0.01761463075166292 -0.9008734014415589 -0.4337243817894014 1.5552 0.0 0.0 0.0 1.0 
0.5214257134801288 0.3618034330660675 -0.7727958987619864 1.574 0.8529347730566941 -0.24736857747086244 0.45968582726767615 -1.23 -0.024849511714808648 -0.8988365049894501 -0.437579066073648 1.5554 0.0 0.0 0.0 1.0 
0.5319285297220878 0.3502908039608818 -0.7709399405453947 1.5671 0.8460298952513379 -0.25839292857912877 0.4663330470825664 -1.2373 -0.035853251020064036 -0.9002940892401439 -0.4338030627722123 1.5559 0.0 0.0 0.0 1.0 
0.5392578282709474 0.34471566243169427 -0.7683567574524088 1.5614 0.8412182765176848 -0.26318658849666166 0.47231835755992513 -1.2425 -0.03940565823733705 -0.9010571190050981 -0.43190654358219105 1.556 0.0 0.0 0.0 1.0 
0.5479398441806852 0.3436404833415403 -0.7626749932756673 1.5554 0.8356447300737326 -0.2665007052936682 0.48028664272283916 -1.2474 -0.03820748957004688 -0.9004935270654477 -0.4331877138770037 1.5557 0.0 0.0 0.0 1.0 
0.5587317778765727 0.3347997382159559 -0.7587673791626866 1.5465 0.8284058706204828 -0.26890417143501166 0.4913596036574133 -1.2538 -0.039528646731259776 -0.9031055762619218 -0.4275953744046094 1.5555 0.0 0.0 0.0 1.0 
0.5645851968551493 0.3293789798288924 -0.7568044946608804 1.5391 0.8242656451213173 -0.2725234135668271 0.49630347100400474 -1.2587 -0.042775013322863265 -0.9040135378990529 -0.42535846239432773 1.5548 0.0 0.0 0.0 1.0 
0.5699744884195844 0.3288335661015243 -0.7529924092285308 1.5312 0.8206021525011584 -0.27435246882705466 0.5013410317926965 -1.2634 -0.04172756716246928 -0.9036587899497543 -0.42621544022389335 1.554 0.0 0.0 0.0 1.0 
0.5794339513776928 0.3209191477821632 -0.7491776802452166 1.5204 0.8138116959809336 -0.2778364704203581 0.5104090704415376 -1.269 -0.04434883849065835 -0.9054379030563764 -0.4221556398218575 1.5531 0.0 0.0 0.0 1.0 
0.5857704716745731 0.3141045302741308 -0.7471353950760302 1.5119 0.8091463722370791 -0.2794478378255056 0.5169052662047703 -1.2727 -0.0464230848794277 -0.9073297360915257 -0.41784883294603076 1.5525 0.0 0.0 0.0 1.0 
0.5942596168297933 0.30832010763093454 -0.7428285259975926 1.5006 0.8027794524834204 -0.283653791827461 0.5244861075875349 -1.2772 -0.04899651493450219 -0.9080083907169318 -0.4160770408372958 1.5511 0.0 0.0 0.0 1.0 
0.6071312778349155 0.3058656455138601 -0.7333742689574899 1.4922 0.7928223223693703 -0.2949083483545557 0.5333496331897367 -1.2799 -0.05314486454382372 -0.9052487354120844 -0.4215451937899909 1.5498 0.0 0.0 0.0 1.0 
0.6188436501470717 0.30057422718830107 -0.7257325062464851 1.4809 0.7831603655169103 -0.30755840545301116 0.540432853478229 -1.2829 -0.06076494512519948 -0.9028083745653652 -0.42572838789370704 1.5476 0.0 0.0 0.0 1.0 
0.6349003470264162 0.2971809600995519 -0.7131514750037643 1.4639 0.7695271931822916 -0.3254116977575289 0.5494862381493706 -1.2868 -0.06877098442453988 -0.8976584561607333 -0.435292829925337 1.544 0.0 0.0 0.0 1.0 
0.6428737452866256 0.2974790925650528 -0.7058466810206162 1.4555 0.7626547498622083 -0.3342614425496297 0.5537391267891887 -1.2883 -0.07121151686180693 -0.8943016703055593 -0.4417617484062278 1.5427 0.0 0.0 0.0 1.0 
0.6516260550338563 0.29384916604226186 -0.699311198263892 1.4443 0.754735608189058 -0.34338793314817617 0.5589802224584658 -1.2903 -0.0758791547956742 -0.8920411397376752 -0.44553895327232973 1.541 0.0 0.0 0.0 1.0 
0.6581957681457771 0.2959840730335631 -0.6922223337233875 1.4366 0.7490753278371759 -0.3493959011871674 0.5628575818617304 -1.2915 -0.0752627664959099 -0.8889971500202177 -0.4516852701110727 1.5399 0.0 0.0 0.0 1.0 
0.666390031667517 0.29669768694858634 -0.684028368018114 1.4287 0.7416790138361301 -0.357782678976854 0.5673656625662243 -1.2927 -0.07639742226823532 -0.8854163072721802 -0.4584772586369633 1.5382 0.0 0.0 0.0 1.0 
0.6770530929230403 0.29624769664135375 -0.6736738169158999 1.4187 0.7320618023612032 -0.3648939292531022 0.5752720555684055 -1.2936 -0.07539646468510075 -0.882660593109789 -0.4639241861382784 1.5364 0.0 0.0 0.0 1.0 
0.6839396648517984 0.30234203425177264 -0.6639396276521756 1.4114 0.7261777765573456 -0.36939405434428885 0.5798395204272628 -1.2943 -0.06994549075272377 -0.8787134498456184 -0.47219731191925707 1.5352 0.0 0.0 0.0 1.0 
0.6900234491481562 0.3034484209639589 -0.6571047826946339 1.4041 0.7205879408855149 -0.37327823099179924 0.584308464527091 -1.2948 -0.06797542994388239 -0.8766883243673963 -0.47623200526826337 1.5341 0.0 0.0 0.0 1.0 
0.6964898159529618 0.30221234980792455 -0.650822273664156 1.3946 0.7140404962040106 -0.3816994173025046 0.5869000976415477 -1.2953 -0.0710500250143471 -0.8734834002169134 -0.4816416131222048 1.533 0.0 0.0 0.0 1.0 
0.703639124856847 0.30167045040502827 -0.6433404396764736 1.3848 0.7070872582221985 -0.38664736118056914 0.5920569460380624 -1.2955 -0.07013979776492785 -0.8714922589699409 -0.485367542512852 1.5318 0.0 0.0 0.0 1.0 
0.7130827923972436 0.3023829066065563 -0.6325168052938356 1.3711 0.697684298869843 -0.39475799883909807 0.5978316999482765 -1.296 -0.0689169811979955 -0.8676005418075308 -0.4924629423193522 1.5291 0.0 0.0 0.0 1.0 
0.7153007114329794 0.3036573083603792 -0.6293942574434588 1.364 0.6952525892519141 -0.4000835158845427 0.5971239548502235 -1.2968 -0.07048921450819656 -0.8647111768658898 -0.4972985534276416 1.5274 0.0 0.0 0.0 1.0 
0.7201499882258277 0.300648772944649 -0.6252953780296295 1.3571 0.69007257528023 -0.4038972895384322 0.6005554265424793 -1.2971 -0.07199885627182995 -0.8639891751812547 -0.4983361013063007 1.5262 0.0 0.0 0.0 1.0 
0.7240294840491399 0.29923223913635444 -0.6214832043498684 1.3478 0.6859588370898387 -0.40693167751303766 0.6032139617538552 -1.2974 -0.07240013843835258 -0.8630565896265836 -0.49989153129077774 1.5244 0.0 0.0 0.0 1.0 
0.7265213652877043 0.3007870328855116 -0.6178137798952208 1.3407 0.6834280179475103 -0.4096817644332322 0.6042242929369948 -1.2976 -0.07136420716877379 -0.8612131052990333 -0.5032088405387654 1.5233 0.0 0.0 0.0 1.0 
0.731532920972288 0.2975221640145576 -0.6134656856368147 1.3332 0.6782065964235 -0.4098705071392911 0.6099524407238914 -1.2978 -0.06996712157438079 -0.8622567652952775 -0.501615263524866 1.5224 0.0 0.0 0.0 1.0 
0.7354617356030261 0.2977393135391114 -0.6086438504060014 1.3234 0.6742852393459119 -0.40990853419070816 0.614259236477443 -1.2977 -0.0665991851602602 -0.8621637285173179 -0.502233266286798 1.5218 0.0 0.0 0.0 1.0 
0.7368843837373922 0.2946282729579234 -0.6084370023082057 1.3157 0.6724913088960048 -0.4113037250419631 0.6152923575227827 -1.298 -0.06896988084158395 -0.8625679257545096 -0.5012182448756839 1.5219 0.0 0.0 0.0 1.0 
0.7411394777914303 0.29036186109592454 -0.6053117081966586 1.3081 0.6677250295283238 -0.4123978058987846 0.6197348906034478 -1.2981 -0.06968184412345108 -0.8634917714204225 -0.4995261767803322 1.522 0.0 0.0 0.0 1.0 
0.7468359774793372 0.28590147527531684 -0.600413498497394 1.2976 0.6613803913670425 -0.41350944761914854 0.6257682595377334 -1.2984 -0.06936858552443248 -0.8644479644056684 -0.4979133621195915 1.5228 0.0 0.0 0.0 1.0 
0.7509255829340931 0.2795010953430576 -0.5983225773753853 1.2894 0.6565879958257141 -0.41303274532825424 0.6311070868118801 -1.2985 -0.07073169468254553 -0.8667658789942282 -0.4936739190788781 1.5235 0.0 0.0 0.0 1.0 
0.7590267252366995 0.2722749098753273 -0.5913922588509546 1.2783 0.647223709464898 -0.4140135364589873 0.640073637588067 -1.2989 -0.07056840853348872 -0.8685960885711524 -0.4904701159458601 1.5247 0.0 0.0 0.0 1.0 
0.7627733897559331 0.27070326299917713 -0.5872788939523044 1.27 0.6428863882834737 -0.41548513132454945 0.6434820878688489 -1.2996 -0.06981294751028877 -0.868384620459057 -0.4909524450597079 1.5252 0.0 0.0 0.0 1.0 
0.7680119984586713 0.264400384476134 -0.583309529248743 1.2611 0.636299521612902 -0.4183660836335994 0.6481456154756244 -1.3006 -0.07266697336967953 -0.8689431838468822 -0.4895480101351999 1.5259 0.0 0.0 0.0 1.0 
0.7736173723350721 0.2549445520955806 -0.5801029534299604 1.2492 0.6287988508175253 -0.4219747348852929 0.6531074401115384 -1.3025 -0.07828260619025562 -0.870023332144185 -0.4867558269736387 1.5271 0.0 0.0 0.0 1.0 
0.7768667416756665 0.2503038730465094 -0.5777768053635852 1.2404 0.6243382368374519 -0.4253100986028324 0.6552198761096543 -1.3043 -0.08173023737231536 -0.8697466821807175 -0.48668354927478186 1.528 0.0 0.0 0.0 1.0 
0.7819153692436094 0.24062427583032905 -0.575072441716485 1.2313 0.6177713904683667 -0.4226165951794268 0.6631392935105939 -1.3058 -0.08346774502411752 -0.8737821074845139 -0.47910120452834454 1.5288 0.0 0.0 0.0 1.0 
0.7877387312967868 0.23553391604802415 -0.5692024820799807 1.2195 0.6101412116367537 -0.42556477579644525 0.6682980797995424 -1.3081 -0.08482566284658596 -0.8737381735922973 -0.47894280548958423 1.5295 0.0 0.0 0.0 1.0 
0.7896609620838292 0.22997435275617784 -0.5688122379443136 1.2102 0.6069775574517102 -0.4280897417144435 0.6695650960054721 -1.3103 -0.08951988444360925 -0.873985680725513 -0.47763502821292814 1.53 0.0 0.0 0.0 1.0 
0.7929533229250216 0.22684138233181703 -0.5654803399977374 1.2008 0.6023798705637272 -0.4311867696290002 0.6717264779927425 -1.3119 -0.09145227827557645 -0.8732817168352363 -0.4785556643061584 1.5305 0.0 0.0 0.0 1.0 
0.7959579253756285 0.225330136203575 -0.5618516803838922 1.1881 0.5986140931637883 -0.4310753229460812 0.6751557104939769 -1.3143 -0.09006746636505547 -0.8737278727758488 -0.47800361487876797 1.531 0.0 0.0 0.0 1.0 
0.7992472991156808 0.2191148554464779 -0.5596359843496118 1.1784 0.593804059521825 -0.43158768841108464 0.6790646553218462 -1.3157 -0.09273884704745217 -0.8750547110521982 -0.47505658495979575 1.5312 0.0 0.0 0.0 1.0 
0.801388204821631 0.21455988899976952 -0.5583377107138385 1.1652 0.5900600330326117 -0.43653290225772046 0.6791672714906134 -1.318 -0.0980107269145411 -0.8737294085006284 -0.47643553407656847 1.5312 0.0 0.0 0.0 1.0 
0.8048709945030779 0.21026288668443463 -0.5549524310161683 1.1555 0.5848590866818306 -0.4395802074002535 0.681695745906959 -1.3193 -0.1006107893484661 -0.8732461049126294 -0.4767795185634549 1.5313 0.0 0.0 0.0 1.0 
0.8073879684671176 0.20621430467025878 -0.5528112959445584 1.1459 0.580824022798732 -0.44256919506224246 0.6832100424626795 -1.3206 -0.10376956641731888 -0.8727016489793749 -0.4770992653046545 1.5308 0.0 0.0 0.0 1.0 
0.8165894465306329 0.20175399273303385 -0.5408114294567692 1.1196 0.5688984483771983 -0.43981506725970076 0.6949224863575516 -1.3239 -0.09765362895874055 -0.8751331515990148 -0.47392587576915957 1.5272 0.0 0.0 0.0 1.0 
0.8234156300257787 0.207043142293173 -0.5283179321759 1.101 0.5613250201037399 -0.4335099602085717 0.7049704505903056 -1.3254 -0.08307178844099836 -0.8770417616221768 -0.4731773730176483 1.5232 0.0 0.0 0.0 1.0 
0.8281697962988404 0.20504420364362408 -0.5216240629519391 1.0919 0.5546460994243784 -0.43372458197624586 0.7101061127626298 -1.3257 -0.08063803625869775 -0.8774051866393782 -0.47292456646558145 1.5212 0.0 0.0 0.0 1.0 
0.8340892244710227 0.2018841889903412 -0.5133594645636135 1.0832 0.5459681855419684 -0.4351122042662776 0.7159581762048338 -1.3253 -0.07882833245311333 -0.8774509353429701 -0.47314474536700524 1.5193 0.0 0.0 0.0 1.0 
0.8409551806266184 0.2026236314193989 -0.5017350378114599 1.0713 0.5365121965863903 -0.43278518040221114 0.7244664592224213 -1.3241 -0.070349464044142 -0.8784307893138998 -0.47266298913079785 1.5169 0.0 0.0 0.0 1.0 
0.8464456525400861 0.20167146158379495 -0.4928066343695512 1.0627 0.5282629794116764 -0.4342303436304335 0.7296452790594175 -1.3228 -0.06684296432001893 -0.8779365753021413 -0.47408795372553086 1.5154 0.0 0.0 0.0 1.0 
0.8530494975708234 0.19475785376502658 -0.4841238819672159 1.0542 0.5174388466102369 -0.4357992475136523 0.7364346922064459 -1.3208 -0.06755438337246558 -0.8787197472820191 -0.4725336083537244 1.514 0.0 0.0 0.0 1.0 
0.8611991451160828 0.19147174911618264 -0.4708233232771264 1.0436 0.5042585093636205 -0.4379860655257535 0.7442389146904707 -1.318 -0.06371332816379457 -0.8783545842629044 -0.47374448399810687 1.5119 0.0 0.0 0.0 1.0 
0.8670884145716514 0.19351337363226664 -0.45903186767487003 1.036 0.4948985982166758 -0.4398057307838875 0.7494306483276625 -1.3154 -0.05685999295453617 -0.8769968605389131 -0.477119951171716 1.5103 0.0 0.0 0.0 1.0 
0.8728461179088182 0.1875071071087528 -0.4505338380579338 1.0283 0.4847882046840521 -0.43885360389503225 0.7565632233644166 -1.3126 -0.05585741715045012 -0.8787767629677341 -0.47395289831082554 1.509 0.0 0.0 0.0 1.0 
0.8824308296681582 0.17651796595961128 -0.4360702220338458 1.0184 0.4672436880953686 -0.43675771583407585 0.7687171349686689 -1.3086 -0.05476464905579134 -0.8820907580021923 -0.4678853789774946 1.5078 0.0 0.0 0.0 1.0 
0.8897295817006647 0.17515794337218385 -0.42154592433136756 1.0112 0.4538298121805894 -0.438919660274939 0.7754921233644241 -1.3055 -0.04919118846796855 -0.8812883901979869 -0.4700117022791559 1.5063 0.0 0.0 0.0 1.0 
0.8954577169033726 0.1712741877672033 -0.4108778770424177 1.0036 0.44260295696000573 -0.4410989805611152 0.7807267843735121 -1.3023 -0.04751946683685193 -0.8809635871888405 -0.4707919480183489 1.5056 0.0 0.0 0.0 1.0 
0.9008567719449581 0.16418134758821107 -0.4018725687889494 0.9936 0.4315531097120195 -0.43914005427743735 0.7879834555541727 -1.2981 -0.04710615606049309 -0.883289588885394 -0.46645526283650823 1.5052 0.0 0.0 0.0 1.0 
0.9048389213393483 0.16037802514715216 -0.3943924637709799 0.9859 0.4232514099766983 -0.43913392818979113 0.7924769000200194 -1.2948 -0.04609523166425242 -0.8839911097757163 -0.465225695179572 1.5048 0.0 0.0 0.0 1.0 
0.9088023479586393 0.16004027021619863 -0.3853120868257188 0.9782 0.41503404071838523 -0.4413262683992629 0.7955990635148782 -1.2917 -0.042720456339251645 -0.8829599292889274 -0.4675005089625661 1.5047 0.0 0.0 0.0 1.0 
0.9130747650902625 0.15188430010149892 -0.3784516253605473 0.9677 0.4053811790126719 -0.4388370533697664 0.8019277650088174 -1.2873 -0.04427835879589781 -0.8856371717427057 -0.46226207606716263 1.5051 0.0 0.0 0.0 1.0 
0.9169713628991955 0.14422786679136815 -0.3719702166351537 0.9598 0.3960809519916618 -0.44078814965483326 0.8054971673402997 -1.2836 -0.04778492536533574 -0.8859481528648725 -0.4613160211212587 1.5051 0.0 0.0 0.0 1.0 
0.9219511406849676 0.14093587117029543 -0.36075362008877593 0.9518 0.38439612798424655 -0.44693263891397866 0.8077690468593768 -1.2802 -0.04738893310052206 -0.883395888880437 -0.46622525942803356 1.505 0.0 0.0 0.0 1.0 
0.9258263463294103 0.13547498127632934 -0.3528343887583981 0.9408 0.3749225804967847 -0.4471102551718828 0.8121117400664551 -1.2759 -0.04773505081139243 -0.8841600246382505 -0.4647390835250697 1.5055 0.0 0.0 0.0 1.0 
0.9287947787865976 0.13249835248518674 -0.34609889553055023 0.9325 0.3677287264480985 -0.44541960280717446 0.8163191539955184 -1.2726 -0.04599828957271179 -0.8854634741330725 -0.4624268518723527 1.506 0.0 0.0 0.0 1.0 
0.9332597765031286 0.13266061260140982 -0.33380735675767975 0.9246 0.3565956808855427 -0.45391873519585146 0.8165765746162295 -1.2696 -0.043193864553966455 -0.8811123331916408 -0.47093029883675597 1.5066 0.0 0.0 0.0 1.0 
0.9355606313058993 0.12197327284834181 -0.3314344970898038 0.9137 0.3493761685221117 -0.4567652493866869 0.818108672378876 -1.2654 -0.0516003684029121 -0.8811855807169009 -0.4699461398046611 1.5081 0.0 0.0 0.0 1.0 
0.9387533758586166 0.1128982285118845 -0.32557040607667254 0.9058 0.3398813725047237 -0.4590136877617615 0.8208453490589158 -1.2621 -0.05676928692837657 -0.8812266589511613 -0.4692726538116377 1.5093 0.0 0.0 0.0 1.0 
0.9421395110996524 0.10783333365830636 -0.3174037078816897 0.8954 0.32979267773884613 -0.46786486703630614 0.8199629600798696 -1.2574 -0.060082704123152225 -0.8771969210760128 -0.4763566209469685 1.5103 0.0 0.0 0.0 1.0 
0.9447160386576938 0.098384667504594 -0.31278117510957365 0.8874 0.3214040043012548 -0.4666502509156936 0.8239763402789182 -1.2532 -0.06489277557659447 -0.8789527862862323 -0.47247320258151687 1.511 0.0 0.0 0.0 1.0 
0.946635715359575 0.0962029128620785 -0.307613104341341 0.8793 0.31587887294090033 -0.4665627743071991 0.8261596185122801 -1.2496 -0.06404186158484104 -0.8792406821727603 -0.47205345330494847 1.5116 0.0 0.0 0.0 1.0 
0.9482061439026437 0.09128145416044985 -0.3042577933128954 0.8686 0.3105202467543861 -0.4682287792186948 0.8272478387200329 -1.2445 -0.06694986946121709 -0.8788796882609838 -0.4723221448772031 1.5119 0.0 0.0 0.0 1.0 
0.9517172398372437 0.08725329231976925 -0.2943147267398265 0.8609 0.29976355396873133 -0.470763391286278 0.8297732468190799 -1.2404 -0.06615215120170571 -0.8779343326263094 -0.47418899237264356 1.5118 0.0 0.0 0.0 1.0 
0.9556386054359275 0.0787828003157815 -0.28381001774933723 0.8419 0.2864674139456107 -0.4726708950514379 0.833377852908623 -1.2327 -0.06849289414084891 -0.8777103709912947 -0.4742712600469631 1.5102 0.0 0.0 0.0 1.0 
0.9577777037119948 0.0799300064350232 -0.2761757852228823 0.8339 0.2802461766631124 -0.4740970740219069 0.8346820022437134 -1.2292 -0.06421799387933301 -0.8768370193343595 -0.4764796855973508 1.5083 0.0 0.0 0.0 1.0 
0.9606455246772035 0.0811911132395032 -0.26564671849768945 0.8239 0.27156378003446546 -0.47564472206343067 0.836669117242052 -1.2246 -0.05842336254490131 -0.8758824701431878 -0.47897453920309274 1.5061 0.0 0.0 0.0 1.0 
0.9633912252010921 0.07771028759803114 -0.25659005905718496 0.8168 0.26170774843307154 -0.4803258915026973 0.837135647528064 -1.2211 -0.05819279693940223 -0.873640743757736 -0.48307913350795756 1.5044 0.0 0.0 0.0 1.0 
0.9664104816449999 0.07690834382330196 -0.24522619684086805 0.8098 0.2510595213246497 -0.4865357720977854 0.8368106471726142 -1.2177 -0.05495359605082402 -0.8702689521748828 -0.48950184183669254 1.5023 0.0 0.0 0.0 1.0 
0.9679899497261331 0.07346976976071655 -0.23999510445112493 0.8004 0.24475854550003223 -0.48804707646190404 0.8377966970343685 -1.2126 -0.055576178655136935 -0.8697196353356041 -0.4904070189931997 1.5001 0.0 0.0 0.0 1.0 
0.9696596421458051 0.06990309884389943 -0.23425143578148933 0.7937 0.23806973925097102 -0.487675982830975 0.8399374589949048 -1.2088 -0.05552456795549025 -0.8702216341495209 -0.489521531509589 1.4983 0.0 0.0 0.0 1.0 
0.9710667520884558 0.07314436345684662 -0.22733073941477944 0.787 0.23337777412909727 -0.4925160773319842 0.8384287257197615 -1.2051 -0.05063770858683965 -0.8672242014980945 -0.4953362562997653 1.4959 0.0 0.0 0.0 1.0 
0.9721362619512182 0.06977666738744724 -0.22379076139960263 0.7784 0.2284794919389893 -0.495534958780054 0.8379989417595654 -1.2003 -0.05242337229531903 -0.8657807582264413 -0.4976700400084724 1.4929 0.0 0.0 0.0 1.0 
0.9739223342371929 0.06620755027875859 -0.2170065601774813 0.772 0.2208182574901137 -0.49625733944987604 0.8396236955929482 -1.1967 -0.052101670155639074 -0.8656472799750575 -0.4979359423046069 1.4905 0.0 0.0 0.0 1.0 
0.9750673294793978 0.06952734286500098 -0.21073597598902705 0.7655 0.21675049817045358 -0.5019748934050315 0.8372815702819852 -1.1933 -0.047570206272155136 -0.8620830325352306 -0.5045294049806065 1.4875 0.0 0.0 0.0 1.0 
0.9759644504160048 0.07142586769408063 -0.20589253737892937 0.7561 0.2134316320617297 -0.5042285800256614 0.8367798261913177 -1.1889 -0.04404917660584111 -0.8606113434701248 -0.5073537085021598 1.4836 0.0 0.0 0.0 1.0 
0.9771506124528102 0.07206405154756895 -0.1999586283650882 0.749 0.20868525508651192 -0.5038216057662825 0.8382208860870517 -1.1857 -0.04033788408649587 -0.8607964695778172 -0.5073482956212532 1.4803 0.0 0.0 0.0 1.0 
0.9777344006246307 0.07711024961240555 -0.19516518962126944 0.7419 0.20693366015529374 -0.5087081946019976 0.8356999659204907 -1.1829 -0.034841098288184644 -0.8574788523045267 -0.5133382079298057 1.4768 0.0 0.0 0.0 1.0 
0.9779386554909406 0.07748409046405423 -0.19399021063324207 0.7323 0.20594395466633486 -0.5131007113919572 0.8332555115362021 -1.1791 -0.034972469643449244 -0.8548238857764947 -0.5177383998439871 1.4726 0.0 0.0 0.0 1.0 
0.9791332706088683 0.08123899208186375 -0.18627470185804557 0.7182 0.2010145411741775 -0.521823600976484 0.8290315335983729 -1.1741 -0.029852849500772702 -0.8491762806564125 -0.5272650678237903 1.4659 0.0 0.0 0.0 1.0 
0.9797559014046644 0.07750487693402648 -0.18458431058509425 0.7085 0.1975665818666832 -0.5232668567141472 0.8289506875526499 -1.1711 -0.0323391309754654 -0.8486370194116782 -0.5279861644890085 1.4624 0.0 0.0 0.0 1.0 
0.9790595783858289 0.07737894617486824 -0.18829455823212027 0.7006 0.200790964685783 -0.5194725987448134 0.830560779024547 -1.1694 -0.03354594567924905 -0.8509763321280895 -0.524131616758909 1.4604 0.0 0.0 0.0 1.0 
0.978668524149189 0.07462088570644518 -0.19141484596559644 0.6903 0.20203526415476256 -0.5186248616033053 0.830788784809272 -1.1674 -0.03727830304027628 -0.8517393828767913 -0.5226378782475485 1.4579 0.0 0.0 0.0 1.0 
0.9786089479817255 0.07451750150936334 -0.19175940367789726 0.685 0.2023446232307977 -0.517011530684891 0.8317185404861747 -1.1665 -0.03716423522268758 -0.852728690210238 -0.5210303259049753 1.4568 0.0 0.0 0.0 1.0 
0.9758782131479102 0.08014916972682183 -0.20307098191357462 0.6742 0.21513844499287327 -0.5111697204621541 0.8321183607929175 -1.1652 -0.037110141326740786 -0.8557345543302226 -0.516082561162422 1.4549 0.0 0.0 0.0 1.0 
0.9740182207555732 0.08368039522520543 -0.21044262184999663 0.6664 0.22326638096246193 -0.5105448071616616 0.8303590325950494 -1.1641 -0.03795561576462805 -0.8557695900972497 -0.5159629636870391 1.4538 0.0 0.0 0.0 1.0 
0.9738142054366792 0.08527884839251404 -0.2107448962764606 0.6559 0.2244738828999659 -0.5075354998727901 0.8318769093229416 -1.1621 -0.036019011445928464 -0.8574002766419683 -0.5133881537674341 1.4523 0.0 0.0 0.0 1.0 
0.973069555742004 0.08517721215606464 -0.21419729740914023 0.648 0.22766068945494264 -0.5008092067865405 0.835081282795116 -1.1609 -0.03614208301909405 -0.8613564772654565 -0.506713695204584 1.4513 0.0 0.0 0.0 1.0 
0.9720553647609115 0.0894145802998915 -0.21705621545886544 0.6401 0.23229267433805242 -0.4998479464287401 0.8343812940735469 -1.16 -0.0338892503370415 -0.8614853819309793 -0.5066502298734578 1.4501 0.0 0.0 0.0 1.0 
0.9716437299027784 0.09048380696956099 -0.21845169447022433 0.6295 0.234008036144 -0.5004143518949723 0.8335620645384263 -1.1587 -0.033892494163832124 -0.8610448055088831 -0.5073984053438921 1.4483 0.0 0.0 0.0 1.0 
0.9715539159750735 0.09369216849785462 -0.21749658828512491 0.6219 0.23494178434617974 -0.4967211257041079 0.8355061228066952 -1.1576 -0.029754769730796035 -0.8628382819749093 -0.504603560071522 1.4472 0.0 0.0 0.0 1.0 
0.9710122914601333 0.10242787117955661 -0.21597143570149538 0.6118 0.23809187023834322 -0.4944149002575089 0.8359821575427105 -1.1563 -0.021151623099633254 -0.8631699934595628 -0.5044701886447496 1.4458 0.0 0.0 0.0 1.0 
0.971894230686919 0.1035149632490095 -0.21143854128573145 0.6045 0.23478087852440171 -0.4922215010315304 0.8382099575891336 -1.155 -0.01730732321278694 -0.8642931483621882 -0.5026905710846233 1.4445 0.0 0.0 0.0 1.0 
0.9721775809732789 0.10748564069131485 -0.20812877767892018 0.5968 0.2339639382042647 -0.4890752432905152 0.8402775029835527 -1.1534 -0.011472866812390042 -0.8655935786762174 -0.5006157507326394 1.443 0.0 0.0 0.0 1.0 
0.9707240144349922 0.11485107251237482 -0.21095999370015756 0.5868 0.2400965650477036 -0.48943039211138767 0.8383385537657131 -1.1514 -0.006966150408018623 -0.8644461362169715 -0.5026771830191243 1.4406 0.0 0.0 0.0 1.0 
0.9706111780237294 0.11958076536369547 -0.20884056514580862 0.5789 0.2406492007233562 -0.48726452049650987 0.8394410338174538 -1.1498 -0.0013795965344096522 -0.8650281657959691 -0.5017214058549455 1.4386 0.0 0.0 0.0 1.0 
0.9695869121061759 0.12604270426341532 -0.20979622631109404 0.5709 0.24470276719099718 -0.4828944655650055 0.840793369892839 -1.1481 0.004666433485992771 -0.866559964358297 -0.4990511522578299 1.4367 0.0 0.0 0.0 1.0 
0.9673019622074492 0.1363754366079015 -0.21384259210836062 0.5599 0.25327525047238836 -0.4749738799716025 0.842764178666174 -1.1461 0.01336268714620617 -0.8693684797798492 -0.4939836889589641 1.4339 0.0 0.0 0.0 1.0 
0.9647813706066926 0.145429100742059 -0.21919690597184066 0.5514 0.2623738743508719 -0.47216261570131435 0.8415595132800804 -1.145 0.018890658759947623 -0.8694324821350126 -0.49369049213061245 1.4312 0.0 0.0 0.0 1.0 
0.962517360995649 0.1488332935879564 -0.22673548575759545 0.543 0.2705959401310112 -0.47028895147362 0.8400036543411328 -1.1434 0.01838931664270861 -0.8698718025327664 -0.49293496547902743 1.4288 0.0 0.0 0.0 1.0 
0.9579579808405354 0.15573724246518547 -0.24096144557431595 0.5315 0.28631806051707265 -0.4650656560241486 0.8376967851248862 -1.1415 0.018397694574754347 -0.8714699345910724 -0.4901037420160814 1.4257 0.0 0.0 0.0 1.0 
0.9529394402330891 0.16662901161884475 -0.2532611216416245 0.5232 0.3024115840627118 -0.4637855390076346 0.8327365775754536 -1.1404 0.02129922705001837 -0.8701366250735139 -0.4923500752845957 1.4237 0.0 0.0 0.0 1.0 
0.9502671535469533 0.17141483748053388 -0.26001786550407086 0.5124 0.3106542473352896 -0.46259955344439946 0.8303587127052903 -1.1381 0.02205165531917351 -0.8698382646472642 -0.49284390820331764 1.4212 0.0 0.0 0.0 1.0 
0.9472654509639981 0.17455423259406924 -0.2687359025018229 0.5047 0.3197448606132297 -0.4592545860389209 0.8287632046089196 -1.1364 0.021245929525441076 -0.8709856744434522 -0.4908488213216825 1.4201 0.0 0.0 0.0 1.0 
0.9423868534989246 0.18024356676565098 -0.28181425619012357 0.4944 0.33389655822787356 -0.45519203948814546 0.8254170434333197 -1.1341 0.020496505945562765 -0.8719589805869419 -0.4891497004167584 1.4185 0.0 0.0 0.0 1.0 
0.9390360869086347 0.18481347198726356 -0.2899227622235485 0.4871 0.3432185628241063 -0.45408414197544106 0.8221974277139178 -1.1323 0.02030383255137644 -0.8715799289671836 -0.48983281005388485 1.4174 0.0 0.0 0.0 1.0 
0.9345182005417407 0.19306073017371295 -0.2990038249270722 0.4777 0.3550639945394899 -0.4476303897523533 0.8207049372044846 -1.1291 0.024602695744319253 -0.8731291935532499 -0.48686766038335644 1.4163 0.0 0.0 0.0 1.0 
0.9306912592784784 0.2029117690467762 -0.3043691736772103 0.4708 0.3644908274440686 -0.44391424044081185 0.8185881649785777 -1.1264 0.03098736213004119 -0.8727926220564451 -0.4871065820455076 1.4151 0.0 0.0 0.0 1.0 
0.9267206416721997 0.21180643272364383 -0.3103657316063595 0.464 0.3741508400419098 -0.44400782410685247 0.8141671824802516 -1.1231 0.03464103339393099 -0.870629132977287 -0.4907187703936112 1.414 0.0 0.0 0.0 1.0 
0.9228968800220521 0.213384485545615 -0.32051273012783 0.4571 0.3837069523838524 -0.4402772771507002 0.8117418887288381 -1.1195 0.03209865320941083 -0.8721370193686302 -0.4882076360616898 1.4129 0.0 0.0 0.0 1.0 
0.9190989021492133 0.21768004868799226 -0.3284396511861868 0.4503 0.3927387844635657 -0.43875087112304795 0.8082412512776412 -1.1156 0.03183481186047124 -0.8718446360974871 -0.4887468416898964 1.412 0.0 0.0 0.0 1.0 
0.9154454964502079 0.2253220515359653 -0.3334509201076764 0.4418 0.40093165603222647 -0.43890615781451703 0.8041238659707561 -1.1098 0.0348331770053866 -0.8698226012952996 -0.49213340879845724 1.4103 0.0 0.0 0.0 1.0 
0.9121693585220552 0.23187001168189136 -0.3379102825545589 0.4336 0.40791392383238845 -0.4344110455627764 0.8030524729036824 -1.1032 0.039411827122409454 -0.8703581683282434 -0.4908394510501151 1.4086 0.0 0.0 0.0 1.0 
0.9068596851873265 0.23713571386468613 -0.3483850808973153 0.4271 0.4196391306434053 -0.4319222728769463 0.7983396208542201 -1.0983 0.0388395599201411 -0.8701780297173093 -0.4912043212172623 1.4075 0.0 0.0 0.0 1.0 
0.9050019781070419 0.23950917463337415 -0.3515775517418328 0.4208 0.42372427947054714 -0.43406745061490437 0.7950114359579006 -1.0928 0.037804161272363385 -0.8684588669494471 -0.494317753886481 1.406 0.0 0.0 0.0 1.0 
0.9023463409041282 0.24217423433648083 -0.35654273415744997 0.4121 0.42944429252286315 -0.4346775318181543 0.7916015683107349 -1.0847 0.03672438803395292 -0.8674140208435743 -0.4962300230412454 1.4043 0.0 0.0 0.0 1.0 
0.898343264980419 0.24181223389766415 -0.36675089884244577 0.4053 0.43803720863011153 -0.4299727326640428 0.789459848897305 -1.0784 0.033208163452089434 -0.8698564782208826 -0.4921858644631134 1.4035 0.0 0.0 0.0 1.0 
0.8970433593025454 0.24413765585560065 -0.3683884044382188 0.3988 0.44068076732489814 -0.4311855581926497 0.7873242506845779 -1.0717 0.033371737161007164 -0.8686056754358824 -0.4943789111192257 1.4018 0.0 0.0 0.0 1.0 
0.8936581398642167 0.24679851024237617 -0.37478743895249717 0.39 0.4476464833811299 -0.4317860154103677 0.7830539335272797 -1.0631 0.031428569342810075 -0.8675548007118521 -0.4963475725647127 1.4 0.0 0.0 0.0 1.0 
0.8899054259342337 0.2496975799928734 -0.3817321723912103 0.3832 0.4550535737086379 -0.4281167282671213 0.7807959477564244 -1.0567 0.031536929904595445 -0.8685431397020866 -0.4946091755402787 1.3986 0.0 0.0 0.0 1.0 
0.8867074312714156 0.2516208452769806 -0.3878619361965622 0.3765 0.46142097998347154 -0.42902527389161516 0.7765487709045181 -1.0505 0.028993284724932927 -0.8675392006038244 -0.4965230355749235 1.3971 0.0 0.0 0.0 1.0 
0.8827372309977575 0.25235449867670484 -0.3963485688230006 0.3675 0.46924607382889466 -0.4301197912607337 0.7712360775806527 -1.0424 0.024147530030614234 -0.8667838093570114 -0.49809911125193634 1.3947 0.0 0.0 0.0 1.0 
0.8786464326489507 0.2596419612722683 -0.4007074972345328 0.3605 0.47668919149657357 -0.42894291796130224 0.767317006094083 -1.0366 0.027347049267081786 -0.865213282998784 -0.5006576812741919 1.3925 0.0 0.0 0.0 1.0 
0.873124790123101 0.2677685291583905 -0.4073734351486894 0.3512 0.48649439497119223 -0.4250370989809382 0.7633260562508539 -1.0292 0.03124587227306777 -0.8646637955195189 -0.5013783164275005 1.3893 0.0 0.0 0.0 1.0 
0.8675766067187912 0.2736756367281727 -0.41522581487154286 0.3442 0.4962557729971993 -0.42226602694633153 0.7585654950325068 -1.0237 0.032265139721683406 -0.8641718858817319 -0.502161241445764 1.3868 0.0 0.0 0.0 1.0 
0.8601364925604764 0.28199614726917416 -0.42502163132139925 0.3369 0.5089594287605064 -0.41970187783400914 0.7515388437189293 -1.0188 0.03354868166620292 -0.862744751747554 -0.5045254991479728 1.3841 0.0 0.0 0.0 1.0 
0.8523816204412507 0.28975640573997974 -0.4353008137674399 0.3272 0.5217789109629566 -0.4163149267293318 0.7445996574379158 -1.0129 0.03453029406562039 -0.8618138471357947 -0.5060479736909758 1.3803 0.0 0.0 0.0 1.0 
0.8458092893236772 0.300926109669313 -0.440511206001696 0.3201 0.5319421954003876 -0.41296044755349237 0.7392571741343028 -1.0087 0.04054808067457652 -0.8595970831009792 -0.5093610780947994 1.3773 0.0 0.0 0.0 1.0 
0.8398153694640054 0.3088260228847929 -0.4464713124056208 0.3129 0.5410768735378881 -0.4093404119157918 0.7346266018155578 -1.0049 0.04411306081536809 -0.8585260128626104 -0.5108689881992527 1.3743 0.0 0.0 0.0 1.0 
0.8308904626398967 0.32190769701841465 -0.4538683440099771 0.3035 0.5542467852444868 -0.406509405231418 0.7263336729799539 -1.0005 0.04931064935903892 -0.8550587921650179 -0.5161810939981146 1.3704 0.0 0.0 0.0 1.0 
0.8250197482288191 0.32966737290014736 -0.45897912618938475 0.2965 0.5627297212461144 -0.4049006525872547 0.7206876732404167 -0.9972 0.051746264200678155 -0.8528627584667597 -0.5195646633112603 1.3675 0.0 0.0 0.0 1.0 
0.818759118556549 0.3368085233566539 -0.464966154009959 0.2879 0.5718284322155356 -0.4058261607971357 0.7129637938370921 -0.9933 0.05143685342655738 -0.8496264742855928 -0.5248705595693162 1.3638 0.0 0.0 0.0 1.0 
0.8140803848749321 0.3420818124236116 -0.4693113684653925 0.2816 0.5785706834850313 -0.4077403815042644 0.7064019716156098 -0.9907 0.050290070327512926 -0.8465977881495639 -0.5298519547257705 1.3609 0.0 0.0 0.0 1.0 
0.8112518129931383 0.350419569804862 -0.4680562156548306 0.2753 0.5821762905682635 -0.4098508846362512 0.7022058238601121 -0.9879 0.0542334086659009 -0.8421569791082049 -0.5364982385095216 1.3577 0.0 0.0 0.0 1.0 
0.8050773285205631 0.3556375550471587 -0.47473405664884877 0.2672 0.5905035788778109 -0.4047191707411414 0.6982176710504395 -0.9846 0.05617845169359953 -0.8424513768014639 -0.5358354778200375 1.3537 0.0 0.0 0.0 1.0 
0.8022191332345223 0.3624370220319052 -0.47443004472007844 0.2619 0.5942401238089255 -0.4079971750918936 0.693121187363788 -0.9827 0.05764666103083685 -0.8379604466665945 -0.5426777610095301 1.3506 0.0 0.0 0.0 1.0 
0.7972362203725117 0.3707598912356782 -0.4763942820574782 0.257 0.6009047465516261 -0.41199020749473914 0.6849653673728097 -0.9812 0.057687905993181576 -0.8323467858887604 -0.5512448943280762 1.3478 0.0 0.0 0.0 1.0 
0.7899833744421961 0.3770231358911834 -0.4835078314853847 0.2503 0.6103633857061807 -0.40877730725167705 0.6784966105039556 -0.9793 0.05816189039404704 -0.8311165189543801 -0.5530483942901784 1.3441 0.0 0.0 0.0 1.0 
0.7854680866923065 0.38291653324451935 -0.48622506450812086 0.2458 0.6159318713765901 -0.40676192343007717 0.6746648556653859 -0.9781 0.06056248517406701 -0.829409227230722 -0.5553490066382383 1.3416 0.0 0.0 0.0 1.0 
0.7827610826481466 0.3894185744028356 -0.4854258557200726 0.2415 0.6191148217241058 -0.40819555782289507 0.6708749690480219 -0.9768 0.0631024960919159 -0.8256691592179756 -0.5606144080410804 1.3392 0.0 0.0 0.0 1.0 
0.7770138302727811 0.39294637116317616 -0.49177500643537475 0.2362 0.6265766143234845 -0.40780758403833417 0.6641496222868277 -0.9759 0.06042560672215666 -0.824188160428496 -0.5630831397420375 1.3369 0.0 0.0 0.0 1.0 
0.7724710953866364 0.39864743564007094 -0.494336554231796 0.2324 0.6321454429675779 -0.4083305904889406 0.6585273478043852 -0.9752 0.06066750141133781 -0.8211859417504348 -0.5674267383054455 1.3348 0.0 0.0 0.0 1.0 
0.7698979046305062 0.40113235066056485 -0.49633663344456636 0.2289 0.635180472273817 -0.4065124692195424 0.6567293049735496 -0.9745 0.06166833942605329 -0.8208778530467005 -0.5677645341951828 1.333 0.0 0.0 0.0 1.0 
0.7641362161358032 0.4071771100832827 -0.5003025526757614 0.2249 0.6420420286062657 -0.4052168103504785 0.6508312915898675 -0.9742 0.06227259985585837 -0.818539026335098 -0.5710656579357418 1.3307 0.0 0.0 0.0 1.0 
0.7591493562265148 0.4098971469012257 -0.5056447210276231 0.2219 0.6480678915511248 -0.4033660477784879 0.6459905877333214 -0.974 0.06082978613596593 -0.8180954470364674 -0.5718562552397717 1.3291 0.0 0.0 0.0 1.0 
0.7562750014554318 0.4118570933251742 -0.5083520992887953 0.2191 0.6515600400213277 -0.40368339569074946 0.6422688146648501 -0.9742 0.059309665493848196 -0.8169537629029715 -0.5736452848735736 1.3276 0.0 0.0 0.0 1.0 
0.7498104777857746 0.4188157192295907 -0.5122281139579017 0.2159 0.6586042315279828 -0.398203004118215 0.638494192396974 -0.9743 0.06344063064081146 -0.8161052388248891 -0.5744105896886536 1.3254 0.0 0.0 0.0 1.0 
0.7443378080000814 0.42145585685994313 -0.5180117646348251 0.2135 0.6646175093711049 -0.39183819409203513 0.6361968216582368 -0.9742 0.0651520822306064 -0.817825036526239 -0.5717669243772961 1.3241 0.0 0.0 0.0 1.0 
0.7413684714886632 0.424184317904582 -0.5200388965513905 0.2112 0.6678997487155268 -0.3908015977596335 0.6333909036718588 -0.9745 0.06544245677157406 -0.8169098944390025 -0.5730405825239244 1.3227 0.0 0.0 0.0 1.0 
0.7358129755404501 0.4280780558658366 -0.5247174888570375 0.2083 0.6742794870152382 -0.3914453181817829 0.6261930503159794 -0.975 0.06266129919477323 -0.8145672108301985 -0.5766747962444125 1.3211 0.0 0.0 0.0 1.0 
0.7309805709312276 0.42910440034012104 -0.5306004320859543 0.2061 0.6799351616082565 -0.3919898957623007 0.6197032335150547 -0.9757 0.05792737634150663 -0.8137649139825367 -0.5783001675956732 1.3203 0.0 0.0 0.0 1.0 
0.7268365703473615 0.4311509297615179 -0.5346190005709335 0.2036 0.6843901247121995 -0.38937797166526134 0.6164373061214473 -0.9761 0.05760865561792822 -0.813937141889732 -0.5780895880832567 1.3191 0.0 0.0 0.0 1.0 
0.7224974859866542 0.4361245213044793 -0.5364632183662762 0.2004 0.6885941202977259 -0.38441887517279993 0.6148660552529144 -0.9763 0.061931577037606794 -0.8136445970617747 -0.5780544519660902 1.3174 0.0 0.0 0.0 1.0 
0.716436836810968 0.44067765420129484 -0.5408525343824678 0.1977 0.6947480539254229 -0.37999945193675344 0.6106763120464103 -0.9768 0.06358773802496812 -0.8132672510407701 -0.5784055480002394 1.3165 0.0 0.0 0.0 1.0 
0.710276579704648 0.4440560711225127 -0.5461880500544707 0.1951 0.7008931715268423 -0.3742257753726601 0.6072098740582006 -0.9773 0.06523758449016473 -0.8141064271616885 -0.57703967179382 1.3154 0.0 0.0 0.0 1.0 
0.7064367803286276 0.4461580001967966 -0.549445278675973 0.1906 0.7049578054883612 -0.3743319473596766 0.6024201902882623 -0.9786 0.0630996662428275 -0.8129075175235542 -0.578964420386725 1.3132 0.0 0.0 0.0 1.0 
0.6997083683900976 0.4473225466007032 -0.5570554178064595 0.1877 0.7118381472067081 -0.37017853022909 0.596870428098722 -0.9796 0.060783644068025416 -0.8141685298880648 -0.5774382681756719 1.3123 0.0 0.0 0.0 1.0 
0.6936217830839068 0.4488685375632603 -0.5633878397847454 0.1847 0.7179802136783869 -0.3675572942475468 0.5911057842821033 -0.9805 0.05825147893264032 -0.8145051696774197 -0.5772244743346541 1.3116 0.0 0.0 0.0 1.0 
0.6902187009400126 0.4511280479916931 -0.5657575710389443 0.1803 0.7213672790880243 -0.36760331892025977 0.5869387093896177 -0.9816 0.05681015343952123 -0.8132350731701223 -0.5791556977464382 1.3099 0.0 0.0 0.0 1.0 
0.6849185563089115 0.4548105243145486 -0.5692398072837508 0.1772 0.7263497339369693 -0.36457973129019866 0.5826642974664403 -0.9828 0.057468558650885626 -0.8125447720003446 -0.5800589265423797 1.3092 0.0 0.0 0.0 1.0 
0.6802735507077542 0.45666803849475757 -0.5733081185757056 0.174 0.7307892902051595 -0.36245808767857457 0.5784212547943152 -0.9839 0.05634633554104457 -0.8124521138465587 -0.5802987619988127 1.3082 0.0 0.0 0.0 1.0 
0.6740829495966856 0.462703025885276 -0.575776073573435 0.1697 0.7365195800241486 -0.3617948960977513 0.571527218423295 -0.9854 0.05613452862618157 -0.8093271050658236 -0.5846696090115249 1.3069 0.0 0.0 0.0 1.0 
0.6682168581754115 0.4652631475160472 -0.5805311654111629 0.1664 0.7417578821517863 -0.35656681644594757 0.5680275958747946 -0.9863 0.05728415763436595 -0.8101791832508801 -0.5833765647598971 1.3064 0.0 0.0 0.0 1.0 
0.6638046956697948 0.46836208364502063 -0.5830954335359053 0.1631 0.7457265337611843 -0.35500831190938464 0.563791659498239 -0.9876 0.057054910842626705 -0.809077287457103 -0.5849262176290239 1.3059 0.0 0.0 0.0 1.0 
0.6570218439080707 0.47286700815905147 -0.5871278303933022 0.1588 0.7515878211836603 -0.35029442712661363 0.5589360977539702 -0.9892 0.058634833299301636 -0.8085113523746869 -0.5855521747933466 1.3053 0.0 0.0 0.0 1.0 
0.6519542830726299 0.4762425851603752 -0.590041195903316 0.1559 0.7558946791343036 -0.346806278061038 0.5552914906190239 -0.9906 0.05982346395604948 -0.8080336661162159 -0.5860910744782644 1.3051 0.0 0.0 0.0 1.0 
0.6461845549375633 0.4770645352468689 -0.595697028840863 0.1527 0.7609593141186786 -0.34323683710340613 0.550571880785134 -0.9922 0.058193154375520195 -0.8090722482355569 -0.5848210443536451 1.3051 0.0 0.0 0.0 1.0 
0.6394324027937089 0.4795898011451899 -0.6009324628400281 0.1486 0.766569569285403 -0.33756300738764733 0.5462804330094566 -0.9942 0.05913795484336809 -0.8099659490873212 -0.583487672205694 1.3052 0.0 0.0 0.0 1.0 
0.6354259277254779 0.4808741350898122 -0.6041472970856037 0.1454 0.7696916755011187 -0.3319210409262944 0.5453468137384553 -0.9957 0.06171397765900377 -0.8115346503951818 -0.5810360541046259 1.3054 0.0 0.0 0.0 1.0 
0.6275568575646573 0.47812977194890727 -0.6144626202623378 0.1413 0.7764464737378312 -0.3260787425935193 0.5392620207734979 -0.9982 0.05747402842727717 -0.8155149139069837 -0.5758751264394263 1.3062 0.0 0.0 0.0 1.0 
0.62311677445841 0.4807224547761774 -0.6169533263242153 0.1382 0.7801335636426481 -0.32570312230159393 0.5341433318887503 -1.0002 0.05583106900973539 -0.8141396671314816 -0.5779788007671832 1.3063 0.0 0.0 0.0 1.0 
0.6186158970444843 0.4830551618681281 -0.6196548091610398 0.1353 0.7836043317029926 -0.3218458331623647 0.5313939320431968 -1.0022 0.05725926353136657 -0.8142929265740799 -0.5776230660831211 1.3062 0.0 0.0 0.0 1.0 
0.6113670737361346 0.48211610634260305 -0.6275303667204987 0.1313 0.7894095009203116 -0.31609527530620685 0.526228483442162 -1.0053 0.055343843452187125 -0.8170972016438076 -0.5738372783793317 1.3065 0.0 0.0 0.0 1.0 
0.605377398137516 0.4837902491720474 -0.6320325945948515 0.1285 0.7941137925767146 -0.31337990918334246 0.5207459236131058 -1.0076 0.05386548304506561 -0.8171536130534383 -0.5738976236316313 1.3064 0.0 0.0 0.0 1.0 
0.6002797140245032 0.4865488861574401 -0.634771176338068 0.1249 0.797865982934608 -0.3092782379260589 0.5174522633259453 -1.0107 0.055444911456795754 -0.8170784251981607 -0.5738542575160017 1.306 0.0 0.0 0.0 1.0 
0.5933196574802899 0.484871618807031 -0.642550618490809 0.1221 0.8031237047516107 -0.3025795335572337 0.5132620585415749 -1.0129 0.05444353876742153 -0.8205761019842929 -0.5689382760359372 1.3058 0.0 0.0 0.0 1.0 
0.5861631492536142 0.48259399402423353 -0.6507809150465487 0.1193 0.8084504311328641 -0.29574468010639976 0.5088644068805064 -1.0149 0.053109912993444586 -0.8244016746225722 -0.5635079555971925 1.306 0.0 0.0 0.0 1.0 
0.5797444758580161 0.48471210897131395 -0.6549431380881054 0.1158 0.8130296752292194 -0.29119968977601907 0.5041681146909435 -1.0174 0.053657151515749735 -0.8247768862492034 -0.5629067400558325 1.3057 0.0 0.0 0.0 1.0 
0.5742407268061869 0.48143415015126434 -0.6621697265393762 0.1132 0.8169022538993503 -0.2835800191665887 0.5022480266796863 -1.0189 0.054021248146113254 -0.829339213951449 -0.5561278386766203 1.306 0.0 0.0 0.0 1.0 
0.5690904502884035 0.47681527960095726 -0.6699128663711447 0.1106 0.8206091812679834 -0.27750052249855955 0.499593866687449 -1.0208 0.05231281878499888 -0.8340507473481981 -0.5492018935133787 1.3064 0.0 0.0 0.0 1.0 
0.5647284942124262 0.47383616484294033 -0.6756929899825066 0.1075 0.8240489843058809 -0.2791149411096787 0.49298896652337637 -1.0231 0.044999992100131336 -0.8352090388257747 -0.5480883707712778 1.3067 0.0 0.0 0.0 1.0 
0.5594120867893023 0.47101905826507895 -0.6820551032762059 0.1048 0.8278307239306771 -0.2759008052829609 0.48844143780050486 -1.025 0.04188567380917657 -0.8378662139001021 -0.5442662932189163 1.3068 0.0 0.0 0.0 1.0 
0.5511511148468042 0.4662055254604648 -0.6920150696576315 0.1018 0.8334963151906888 -0.2689035846171939 0.48267458472926406 -1.0265 0.03894022556006388 -0.8428186460978159 -0.5367870980409046 1.3068 0.0 0.0 0.0 1.0 
0.5460534364925601 0.46442861527173523 -0.6972314578469937 0.0978 0.8368880840339297 -0.26465631744483653 0.47914023880128903 -1.0286 0.03799972758697112 -0.8451408728450638 -0.5331912656355123 1.3066 0.0 0.0 0.0 1.0 
0.540487147545422 0.46279531781416816 -0.7026337147813905 0.0945 0.8406026129951363 -0.26178999155245253 0.47418693291645664 -1.0306 0.035509018065308706 -0.8469276793990442 -0.5305210792266294 1.3062 0.0 0.0 0.0 1.0 
0.532396864217731 0.46104061981777256 -0.709926141122561 0.0911 0.8459826005703135 -0.26061986156958844 0.46517816725179345 -1.0328 0.029445177931468447 -0.8482445606271178 -0.5287855395744967 1.3062 0.0 0.0 0.0 1.0 
0.5271379865256199 0.4640833718571986 -0.7118652731573362 0.0865 0.8491840073389865 -0.2563188804910107 0.461721943580263 -1.0355 0.03181296656107169 -0.8478957810188045 -0.5292075960236173 1.3056 0.0 0.0 0.0 1.0 
0.5242625573775579 0.46388586849844743 -0.7141139068379663 0.0828 0.8509096725393241 -0.2526914583620521 0.4605428927362566 -1.0375 0.03318885522223741 -0.8490918253512397 -0.5272016426479881 1.3052 0.0 0.0 0.0 1.0 
0.5199962257178331 0.4627952315328716 -0.7179307062033524 0.0791 0.8536138301762219 -0.25126839540069557 0.45629773438473253 -1.04 0.030779119075902417 -0.8501086796070227 -0.5257070274266038 1.3053 0.0 0.0 0.0 1.0 
0.5176690629195237 0.4675914996428443 -0.7165032663971445 0.0745 0.8550766410768931 -0.2540005196717037 0.45202618717410825 -1.0435 0.029371400727230434 -0.8466651790809987 -0.5313147799102338 1.3052 0.0 0.0 0.0 1.0 
0.5148102921471422 0.46838045115138394 -0.7180460403613405 0.071 0.8568112003496565 -0.2527019544814515 0.4494622221684875 -1.0462 0.029067680587801792 -0.8466176676519811 -0.531407183584081 1.3049 0.0 0.0 0.0 1.0 
0.511733007842924 0.46734150876468045 -0.720916945888766 0.0673 0.8586701969147514 -0.2503299058192757 0.4472364376735137 -1.0493 0.028545080389026145 -0.8478955433531095 -0.529394301015339 1.3051 0.0 0.0 0.0 1.0 
0.5108770087173617 0.46845778162589635 -0.720799548278261 0.0627 0.8591596891743272 -0.24981112099805156 0.4465859741679881 -1.0537 0.02914293159369391 -0.8474324224738168 -0.5301028002928154 1.3055 0.0 0.0 0.0 1.0 
0.5102279207720601 0.46888907310446104 -0.7209788526634191 0.0591 0.8595738493840375 -0.2504489587925876 0.4454302599676153 -1.0571 0.028288978767866457 -0.8470055231006163 -0.5308308370067841 1.3057 0.0 0.0 0.0 1.0 
0.5071902685173486 0.4657874963339238 -0.7251207070414377 0.0543 0.861398547871924 -0.24723185010885335 0.44369917062790853 -1.0623 0.02739659185811749 -0.8496578255690512 -0.5266222614016913 1.3066 0.0 0.0 0.0 1.0 
0.5074269850426665 0.46807733377564187 -0.7234787242593911 0.0507 0.8612198342891095 -0.24761358305044195 0.44383320123213044 -1.0662 0.02860510229921298 -0.8482871701814241 -0.5287632977316442 1.3068 0.0 0.0 0.0 1.0 
0.5087473074140041 0.4674288186993514 -0.7229705918281394 0.0468 0.860433852926989 -0.24796842545866418 0.44515755043890676 -1.0702 0.028805588628212808 -0.8485410770403989 -0.5283448482183793 1.3073 0.0 0.0 0.0 1.0 
0.5082041661328766 0.46340056138215985 -0.7259396980713251 0.0416 0.8608422492529189 -0.24781551094487195 0.44445257838863705 -1.0758 0.026060457140331283 -0.8507922144953086 -0.5248556566598152 1.3083 0.0 0.0 0.0 1.0 
0.5095162228222463 0.46070504386332206 -0.7267352208609719 0.0378 0.8601875102084608 -0.25142203515675166 0.44369404719807337 -1.0802 0.021694837227326347 -0.851197875230273 -0.5243963303086208 1.3094 0.0 0.0 0.0 1.0 
0.51067239525813 0.45694474408573577 -0.7282960974588186 0.0341 0.8595562340724463 -0.2522135628514121 0.44446754570045965 -1.0847 0.01941095537364368 -0.8529887569987178 -0.5215682076634505 1.3104 0.0 0.0 0.0 1.0 
0.5138346243658559 0.45386351519578827 -0.72799854970798 0.0294 0.8577242786410847 -0.2551487561912761 0.4463274291858787 -1.0911 0.01682381147155826 -0.853760517819937 -0.5203940214677742 1.3121 0.0 0.0 0.0 1.0 
0.5155062442769991 0.4509221170043483 -0.7286443278498363 0.0261 0.8567699452899036 -0.2572560799154969 0.4469502994679019 -1.0963 0.014091591796482783 -0.854686231164881 -0.5189536330904843 1.3137 0.0 0.0 0.0 1.0 
0.5245913349517266 0.44086120741651114 -0.7283167766081058 0.0189 0.8512518037743843 -0.2583530459742267 0.4567538398379333 -1.1083 0.0132021916522444 -0.8595900763917038 -0.5108136673039223 1.3176 0.0 0.0 0.0 1.0 
0.5291941408478984 0.4375613061533615 -0.7269756974271 0.016 0.8484119559517145 -0.2604739620932919 0.46081500417153076 -1.1136 0.012276574865990764 -0.8606354736058618 -0.5090735381855681 1.3193 0.0 0.0 0.0 1.0 
0.5368397561302065 0.4311150363526508 -0.7252192093903146 0.0125 0.8436717149950335 -0.2696346534664458 0.4642361370761313 -1.1213 0.004594948900623286 -0.8610673487484485 -0.5084701636909665 1.3218 0.0 0.0 0.0 1.0 
0.5441151229873799 0.4259755993233655 -0.7228302163838531 0.0099 0.8390103275943762 -0.2756016495940232 0.46915392029805164 -1.127 0.0006349223620743527 -0.8617357596863162 -0.5073569525998844 1.3237 0.0 0.0 0.0 1.0 
0.5518367976080584 0.4251184909279222 -0.7174610912633861 0.0078 0.8339521220121251 -0.2813926393793328 0.47470205465597715 -1.1329 -8.364900684754151e-05 -0.8602862611795558 -0.5098112806015033 1.325 0.0 0.0 0.0 1.0 
0.560815785871009 0.4226672142732927 -0.7119256142999331 0.0048 0.8279405580807527 -0.2866044679140618 0.482050112806365 -1.1414 -0.00029428356083111007 -0.8597734032581794 -0.5106756391752341 1.3269 0.0 0.0 0.0 1.0 
0.5668919782094121 0.4184598698470716 -0.7095948297228437 0.0028 0.8237897669156282 -0.29002829048444023 0.4870872721020004 -1.1479 -0.001976098913145652 -0.8606828266244454 -0.5091376699742816 1.3283 0.0 0.0 0.0 1.0 
0.5734996316964182 0.4163478825999355 -0.7055158489351059 0.0005 0.8192030149309014 -0.2937237417307711 0.4925776932340691 -1.1542 -0.00214307540561548 -0.860453836180783 -0.5095238983890552 1.3294 0.0 0.0 0.0 1.0 
0.5818397016756959 0.4122073280355666 -0.7011046143534618 -0.002 0.8132923236846822 -0.29940685793865085 0.4989099414271828 -1.163 -0.004261195783779481 -0.8604886124366108 -0.5094518525605819 1.331 0.0 0.0 0.0 1.0 
0.5863018178193506 0.4086787704610473 -0.6994510997890928 -0.0036 0.8100360512007636 -0.3059697064544522 0.5002240842734883 -1.1698 -0.009579883965819935 -0.8598628968077543 -0.5104351325257486 1.3322 0.0 0.0 0.0 1.0 
0.5904423776587765 0.40856608341604495 -0.696025541303424 -0.0052 0.8069677077068624 -0.3132292287136921 0.5006900927697269 -1.1768 -0.013450553259358011 -0.857298784416203 -0.5146434463349535 1.3332 0.0 0.0 0.0 1.0 
0.5980238025152076 0.4011345624056072 -0.6938721744449147 -0.0087 0.8012942336777408 -0.31779346013564536 0.5068874310631661 -1.1908 -0.017177971360267996 -0.8591265212637054 -0.5114748652292407 1.3361 0.0 0.0 0.0 1.0 
0.5991450353053838 0.40204840049176854 -0.6923744004011994 -0.0112 0.8006010033807613 -0.30944164016661857 0.5131119806793742 -1.2 -0.007953618964220532 -0.8617441354561126 -0.5072807752639247 1.3382 0.0 0.0 0.0 1.0 
0.6015398797939447 0.3990648251476703 -0.6920238712265248 -0.0134 0.7988034689441526 -0.30907970829255993 0.5161228070184208 -1.2074 -0.007924078512651422 -0.8632595202206838 -0.5046981372346048 1.3398 0.0 0.0 0.0 1.0 
0.6008738869640087 0.394052085501436 -0.6954664088773321 -0.0162 0.799266935579886 -0.3082524126700528 0.5159000055939421 -1.2147 -0.011087725352919797 -0.8658541470681193 -0.5001736282046843 1.3416 0.0 0.0 0.0 1.0 
0.6051707598405577 0.39133629320003505 -0.6932706953697516 -0.0197 0.79602384497872 -0.3091560444095599 0.5203542816488873 -1.2245 -0.010695310154334892 -0.866763200551045 -0.49860521909744604 1.3441 0.0 0.0 0.0 1.0 
0.6106684630411855 0.39211237879416994 -0.6879912140742012 -0.0225 0.7918164025988256 -0.3139025671756943 0.5239198057870718 -1.2311 -0.010526766947666188 -0.8647040307046601 -0.5021714114331315 1.3457 0.0 0.0 0.0 1.0 
0.6117526283269511 0.38845770802792 -0.6891003778904513 -0.0265 0.7909189733741916 -0.31616345088739617 0.5239158805377904 -1.2408 -0.01434919132851431 -0.8655294803741052 -0.5006523936940174 1.3487 0.0 0.0 0.0 1.0 
0.6141756966087456 0.38672633263205725 -0.6879178420015878 -0.0298 0.7890002950899374 -0.31894802387238597 0.5251196934184543 -1.2477 -0.016332423064373547 -0.8652831338451359 -0.501017315309548 1.3506 0.0 0.0 0.0 1.0 
0.6209250977863332 0.3878360296606252 -0.6812013190211212 -0.0334 0.7837897662213014 -0.3196101216686034 0.5324687525984397 -1.2539 -0.011208269527029135 -0.8645418348605596 -0.5024358570704786 1.3526 0.0 0.0 0.0 1.0 
0.6261208596139296 0.38467870651792857 -0.6782292841716634 -0.0373 0.7796775855295718 -0.3185734516458938 0.5390860956555997 -1.2597 -0.008690902087294172 -0.8663332203362136 -0.49939084849724114 1.3548 0.0 0.0 0.0 1.0 
0.6381321942361505 0.3770480478120001 -0.6712838984517022 -0.0424 0.7696332355884264 -0.3364616903768569 0.5426400405300346 -1.2667 -0.021259947249351985 -0.862918478507621 -0.5048957457664375 1.3579 0.0 0.0 0.0 1.0 
0.646387052200612 0.3746498899426971 -0.6646963507597493 -0.0464 0.7624403390463292 -0.35079678799308844 0.5437153142303885 -1.2723 -0.029470462200673286 -0.8582418502378315 -0.5123986908238756 1.36 0.0 0.0 0.0 1.0 
0.6520827926378789 0.3686689134932437 -0.6624735947713659 -0.0503 0.7574960301225218 -0.3530433377478914 0.5491449408129403 -1.2777 -0.0314292203881088 -0.8599090846685709 -0.5094787240015586 1.3624 0.0 0.0 0.0 1.0 
0.660087599707939 0.3597560173733731 -0.6594391318957809 -0.0556 0.7505828064834461 -0.3511208038540727 0.5597674800417612 -1.2851 -0.030163078809125332 -0.8644592466186704 -0.5017971697929706 1.3654 0.0 0.0 0.0 1.0 
0.6659718330794574 0.3616758022909907 -0.6524355382579611 -0.0599 0.7454324645073465 -0.35605914634909763 0.5635178126374139 -1.2904 -0.028494883809042748 -0.8616336218708738 -0.5067302470332604 1.3667 0.0 0.0 0.0 1.0 
0.6733657046335751 0.3572746516367259 -0.6472506864586435 -0.0644 0.7386176004010204 -0.3629717188818832 0.5680629997366224 -1.2956 -0.03197918387275733 -0.8605848909839096 -0.5083020531229882 1.368 0.0 0.0 0.0 1.0 
0.6828170891436676 0.35080280293196814 -0.6408574070949353 -0.0708 0.7297048034499927 -0.370619148837918 0.574606253304526 -1.3026 -0.03594054250253581 -0.859987697568827 -0.5090475787535891 1.3695 0.0 0.0 0.0 1.0 
0.694064864029693 0.35136136293019665 -0.6283463671887336 -0.0752 0.7192639955517395 -0.3754786466905832 0.5845298029889974 -1.307 -0.03054945535343656 -0.8576485168874504 -0.5133281136450308 1.3702 0.0 0.0 0.0 1.0 
0.7052667169214258 0.34315210630753745 -0.6203591620501573 -0.0814 0.7080946272264411 -0.3837378116073772 0.5927455531978523 -1.3141 -0.03465338217144409 -0.8573166998720374 -0.5136216693487515 1.3723 0.0 0.0 0.0 1.0 
0.7070561410557757 0.33576472803942137 -0.6223613586976044 -0.0858 0.705799640435206 -0.38958367786092307 0.5916683408007313 -1.3201 -0.04380046754144068 -0.8576051570209742 -0.5124401562077091 1.3741 0.0 0.0 0.0 1.0 
0.7142406841657181 0.32902507853121776 -0.6177400284747725 -0.0903 0.6981518717066081 -0.39727303524559576 0.5956157314068453 -1.3256 -0.04943894330430759 -0.8566893446076456 -0.5134580389093892 1.3755 0.0 0.0 0.0 1.0 
0.7224623550413194 0.3281223073069268 -0.6085917326054708 -0.0951 0.6896856929249431 -0.4041341983295492 0.6008404070260035 -1.3312 -0.04880359128989803 -0.8538215862743873 -0.5182730055570108 1.3764 0.0 0.0 0.0 1.0 
0.7279904635811284 0.32310016892791715 -0.6046785640104044 -0.102 0.6837722570198324 -0.40631060554901854 0.6061082348462146 -1.3383 -0.049853640438164815 -0.8547034413509407 -0.51671717784289 1.3772 0.0 0.0 0.0 1.0 
0.7338534875769227 0.32009966174080684 -0.5991621360905647 -0.1076 0.6773881545441789 -0.41108660065751 0.6100435188108176 -1.3433 -0.051032801749648415 -0.8535478974921523 -0.5185090547254765 1.3774 0.0 0.0 0.0 1.0 
0.7417314766480785 0.31801977357117417 -0.590506426863586 -0.1151 0.6690083911360194 -0.4132524550680692 0.6177784238461295 -1.3501 -0.04756247616614723 -0.8532794571521995 -0.519280250792375 1.3776 0.0 0.0 0.0 1.0 
0.746923659790605 0.31485222668019874 -0.585639071271316 -0.121 0.6632099907657739 -0.415723310607367 0.6223557159423483 -1.355 -0.047513730578337576 -0.8532538920931867 -0.5193267189682789 1.3776 0.0 0.0 0.0 1.0 
0.7522973630921506 0.31009792691910953 -0.581281302989411 -0.1268 0.6567750516046327 -0.42251892611560676 0.6245993024842779 -1.3602 -0.051915403054670184 -0.8516554660157974 -0.521524455928086 1.3778 0.0 0.0 0.0 1.0 
0.7604502231205114 0.3049879332019501 -0.573321741047004 -0.135 0.6470359017867742 -0.43104994693368937 0.6289200943263301 -1.3666 -0.05531726633647854 -0.8492221757877422 -0.5251301707152168 1.3774 0.0 0.0 0.0 1.0 
0.7665012162624061 0.3033704644065448 -0.566076184620065 -0.141 0.6397711742205068 -0.4379254907323906 0.6315964765602395 -1.3714 -0.05629147453004402 -0.8462786928031172 -0.5297580995158839 1.3773 0.0 0.0 0.0 1.0 
0.7724497592037187 0.29973538797680704 -0.5598929064566809 -0.1472 0.6324496140113878 -0.4431580323927289 0.6353097229404342 -1.3765 -0.05769623248500011 -0.8448488950813616 -0.5318848458424426 1.3773 0.0 0.0 0.0 1.0 
0.7780888512767761 0.2961430888405766 -0.5539648097584806 -0.1554 0.6252833666994945 -0.44937165968799647 0.6380327756457351 -1.3838 -0.059987089008659095 -0.8428311707579508 -0.5348244260979946 1.3779 0.0 0.0 0.0 1.0 
0.7832935009888112 0.29444703407400796 -0.5474963337171417 -0.1615 0.6187627171015097 -0.454098966529492 0.6410357466803276 -1.3891 -0.05986644497420032 -0.8408894533301436 -0.5378856161344004 1.3784 0.0 0.0 0.0 1.0 
0.7902527935529033 0.29052616180306257 -0.5395322711291816 -0.1694 0.6098736405753586 -0.45855543618199146 0.6463598490618839 -1.396 -0.05962100983034643 -0.8398341867630322 -0.5395589624229085 1.3796 0.0 0.0 0.0 1.0 
0.7947275644991977 0.28536231525363304 -0.5357018268199764 -0.175 0.6038048395366913 -0.4616553604477588 0.6498415529357294 -1.4011 -0.06186932985934293 -0.8399063502575369 -0.5391933872181852 1.3809 0.0 0.0 0.0 1.0 
0.7990545678569514 0.28102335225153663 -0.5315427293042863 -0.1805 0.5976985982824831 -0.4673192023733328 0.6514362199819005 -1.4063 -0.06533133396844032 -0.8382354314764205 -0.5413808070290664 1.3822 0.0 0.0 0.0 1.0 
0.8063793983441561 0.27541654958694195 -0.523352644150902 -0.1875 0.5875795788401693 -0.47351520385531204 0.6561505850396476 -1.4128 -0.06710070384225783 -0.836617640222513 -0.543662045403565 1.384 0.0 0.0 0.0 1.0 
0.8103621227294519 0.26938515281310205 -0.5203314996127737 -0.1926 0.5817884200121691 -0.4753288672746626 0.659988410712741 -1.4179 -0.06953750344353823 -0.8375524505242926 -0.541913672309153 1.386 0.0 0.0 0.0 1.0 
0.813391777181957 0.2636223085184195 -0.5185528856965282 -0.1977 0.5768603434717198 -0.48047545701785105 0.660587223107726 -1.4229 -0.07500640600953395 -0.8364488111384379 -0.5428880413148061 1.3882 0.0 0.0 0.0 1.0 
0.8203664443060132 0.2574899425780628 -0.510585768042799 -0.2043 0.56616515422027 -0.4911925798253693 0.6619568472878244 -1.4294 -0.08034871002976263 -0.8321230552001574 -0.5487397432307133 1.3912 0.0 0.0 0.0 1.0 
0.8241293765432023 0.2510255682433765 -0.5077370725154932 -0.2094 0.5602562058984158 -0.49297837917005466 0.6656465288899043 -1.4338 -0.08320910088941691 -0.8330417046936822 -0.5469165967222234 1.3936 0.0 0.0 0.0 1.0 
0.8272419966991337 0.24601403643152453 -0.5051215425775257 -0.2148 0.5552155137716923 -0.4956579258540029 0.6678764510037345 -1.438 -0.08606051454916078 -0.832946765655991 -0.5466198618955932 1.3956 0.0 0.0 0.0 1.0 
0.8334091273534043 0.2406947735727194 -0.49748894703180535 -0.2214 0.5460272141449992 -0.4976242012314483 0.6739617465122292 -1.4435 -0.08534346991474087 -0.8333283748460389 -0.5461504479714094 1.3984 0.0 0.0 0.0 1.0 
0.8368218658267809 0.2372920266207125 -0.49337780551664456 -0.2265 0.540984500783143 -0.49676141729610335 0.6786485572064381 -1.4475 -0.08405316642815139 -0.834817697697049 -0.5440721246537078 1.4002 0.0 0.0 0.0 1.0 
0.8401528616418343 0.2374068318352023 -0.4876281013979904 -0.2333 0.5362791123902965 -0.49779686532544165 0.6816179241232142 -1.4528 -0.08091898843233661 -0.8341680148927649 -0.5455417859714793 1.4023 0.0 0.0 0.0 1.0 
0.8432228167569369 0.2352372454313563 -0.48336189305981203 -0.2383 0.5318348774505782 -0.4959886031896234 0.686401463163603 -1.4565 -0.07827480071916973 -0.8358580883546408 -0.5433362786566898 1.4038 0.0 0.0 0.0 1.0 
0.8464328894800666 0.2358411087901986 -0.47742050124710295 -0.2429 0.5273209200013159 -0.4959266835640295 0.6899198300224081 -1.4598 -0.07405410816012231 -0.8357246531805751 -0.5441326062007461 1.4051 0.0 0.0 0.0 1.0 
0.8491751427976878 0.23448579782861317 -0.4731997331689922 -0.2476 0.5227162044639095 -0.5009387183651911 0.6898029936391145 -1.4639 -0.07529506255639185 -0.8331127241011979 -0.5479542339423161 1.4065 0.0 0.0 0.0 1.0 
0.853411618133443 0.22903898698598577 -0.4682197694195449 -0.2543 0.5154859118847925 -0.5039409300811579 0.6930496473105239 -1.4684 -0.07721971693267368 -0.8328173157598076 -0.5481354156478733 1.4082 0.0 0.0 0.0 1.0 
0.8586017197170306 0.22678763966421997 -0.4597504251161596 -0.2593 0.5073205941205022 -0.5047905125827412 0.6984356471341322 -1.4716 -0.07368108088361755 -0.8329189065581266 -0.5484680422940216 1.409 0.0 0.0 0.0 1.0 
0.8625421615118052 0.22582534323109615 -0.4527956867827923 -0.2644 0.5013573003800441 -0.5021942206143819 0.7045862772841577 -1.4753 -0.06827793911782293 -0.8347477937293822 -0.5463828729872044 1.4099 0.0 0.0 0.0 1.0 
0.8644702730265328 0.22191932982380355 -0.45104651434634374 -0.2717 0.49735175360866213 -0.5079327999116217 0.7033103894841377 -1.4811 -0.07302314862987763 -0.8323196992889781 -0.5494647740662584 1.411 0.0 0.0 0.0 1.0 
0.8680812914052426 0.22027883777671944 -0.4448731337583155 -0.2772 0.4912814135024015 -0.5098416635715902 0.7061898121848232 -1.4847 -0.0712561875158135 -0.8315880661206553 -0.550802908513036 1.4109 0.0 0.0 0.0 1.0 
0.8717234023946641 0.2210759695434459 -0.4372913507124241 -0.2824 0.4853604709568272 -0.5120745190361262 0.708664166009886 -1.4886 -0.06725714051338957 -0.8300030738764439 -0.5536888787086272 1.4107 0.0 0.0 0.0 1.0 
0.8754983887637222 0.21590093086306605 -0.4323070197493765 -0.29 0.47858310295015905 -0.5110676780641279 0.7139804213063117 -1.4933 -0.06678910721610015 -0.8319835434013119 -0.5507654661166346 1.4108 0.0 0.0 0.0 1.0 
0.8805350795741779 0.21646088247052225 -0.4216665270084633 -0.2953 0.47026358202692914 -0.5101760833293502 0.7201198007400753 -1.4958 -0.059246409667574135 -0.8323851574594581 -0.5510216080905498 1.4104 0.0 0.0 0.0 1.0 
0.8863172498277828 0.2129200191329711 -0.4112259696445869 -0.3001 0.4597503458441723 -0.5108692882815512 0.726389833207256 -1.498 -0.05541978125073621 -0.8328731210353211 -0.5506823150447123 1.4101 0.0 0.0 0.0 1.0 
0.894100919871865 0.20320745192355294 -0.39911185971732555 -0.3067 0.44386425107155847 -0.520905532349843 0.7291378148114467 -1.5012 -0.059733338304247846 -0.8290742776434834 -0.5559386391005456 1.4093 0.0 0.0 0.0 1.0 
0.9002084359223862 0.19295212243752696 -0.3903770617505907 -0.3117 0.4303924948708015 -0.5305981668074776 0.7302245447391036 -1.5033 -0.06623497756516603 -0.8253696528388947 -0.5606940912115485 1.4082 0.0 0.0 0.0 1.0 
0.9062836485187077 0.1847920554040047 -0.3801339825471851 -0.3168 0.4169041119054795 -0.538869760929887 0.7319906708638236 -1.5055 -0.06957664769104524 -0.8218705962710494 -0.5654094207573362 1.4075 0.0 0.0 0.0 1.0 
0.9152870239517631 0.17816201150167826 -0.3612588565602247 -0.3234 0.3977324645807592 -0.5415888828044032 0.7406013560892215 -1.5082 -0.06370675320592181 -0.8215471865208686 -0.5665700926766303 1.4056 0.0 0.0 0.0 1.0 
0.918822172311772 0.1757766971291345 -0.35336718638641107 -0.3285 0.3895851692003657 -0.5472297050230801 0.7407854249912554 -1.5108 -0.06316020588470644 -0.8183166885055718 -0.5712867806153721 1.4043 0.0 0.0 0.0 1.0 
0.9240946641605143 0.1662243902878017 -0.3441198973374173 -0.3353 0.37639320559089606 -0.5517583854566508 0.7442384287735211 -1.5143 -0.06616045990677175 -0.8172711521592564 -0.5724427110141292 1.4023 0.0 0.0 0.0 1.0 
0.9271358080291557 0.16556989344507844 -0.33616335888182325 -0.3406 0.3691845454767253 -0.557292038718301 0.7437259945452647 -1.517 -0.06420252994444875 -0.8136413177597267 -0.5778112504814589 1.4002 0.0 0.0 0.0 1.0 
0.9303591943657823 0.16083839732615024 -0.3294886635449059 -0.3462 0.36114216789366993 -0.5571614258300266 0.7477616466067998 -1.5191 -0.06330958875330886 -0.8146791733637282 -0.5764457827578233 1.3981 0.0 0.0 0.0 1.0 
0.9341947429297534 0.1555779386339572 -0.3210540255047749 -0.3539 0.3512078751543476 -0.5592354444111723 0.7509385768115837 -1.5221 -0.06271531481209491 -0.814279572827814 -0.5770750094774272 1.3956 0.0 0.0 0.0 1.0 
0.9352264625860458 0.15773103935271826 -0.31697378898499345 -0.3599 0.34894982946508424 -0.5620604880715763 0.7498813401232429 -1.5241 -0.059878879373953864 -0.8119168226939588 -0.5806940613020481 1.3933 0.0 0.0 0.0 1.0 
0.936318483661497 0.15443452310327566 -0.3153691095013886 -0.3662 0.3460496306524492 -0.5583468750485311 0.7539883422499604 -1.5255 -0.05964352671613632 -0.815106585176076 -0.5762325090824517 1.3915 0.0 0.0 0.0 1.0 
0.9379755189878817 0.15526773014690043 -0.30999009299402414 -0.3749 0.3422038414576663 -0.5581680522435876 0.7558736378166767 -1.5278 -0.055663782399607314 -0.8150707683567296 -0.5766811821963157 1.3889 0.0 0.0 0.0 1.0 
0.938828131978306 0.15673902894519137 -0.30665064065063125 -0.3818 0.3403007942086176 -0.5589601906065481 0.7561473895862336 -1.529 -0.05288769296450935 -0.8142458978235074 -0.5781059676309196 1.387 0.0 0.0 0.0 1.0 
0.9381942843366047 0.15772187536939788 -0.3080832596362322 -0.3915 0.34243167817273346 -0.5524051532156784 0.759992823969127 -1.5303 -0.050319286778843036 -0.8185183911988313 -0.5722723238523295 1.3848 0.0 0.0 0.0 1.0 
0.9379788076893941 0.16221794483638996 -0.3064002198084077 -0.3988 0.34372788759170037 -0.5504599850944297 0.7608186013115001 -1.5311 -0.045242630530617806 -0.81895002483845 -0.5720786320076742 1.3831 0.0 0.0 0.0 1.0 
0.9378603254504355 0.16582275897317234 -0.3048291694581216 -0.4066 0.3445652936240241 -0.5491535299899691 0.7613837133333928 -1.5312 -0.041143266469655826 -0.819105129459022 -0.5721660759937849 1.3811 0.0 0.0 0.0 1.0 
0.937054219424505 0.16466710778517163 -0.30791903720361075 -0.4173 0.34681242878138746 -0.5414903655208335 0.7658389669446635 -1.5312 -0.04062670429024495 -0.8244227845358114 -0.5645144313803964 1.3794 0.0 0.0 0.0 1.0 
0.9362273492884845 0.1653322951363989 -0.31007028659513447 -0.4252 0.34908831248341055 -0.5385430961912214 0.7668824444673759 -1.5306 -0.04019577753623982 -0.8262182312983075 -0.5619143473328951 1.3782 0.0 0.0 0.0 1.0 
0.937115681705995 0.16567222987433444 -0.3071919780026394 -0.4327 0.3468072924095799 -0.5409387160765159 0.7662310404708405 -1.5299 -0.039228829096017465 -0.8245835419761641 -0.5643784911473851 1.3769 0.0 0.0 0.0 1.0 
0.9372435288155089 0.16070990947879382 -0.30942994795069645 -0.4429 0.3455483544066036 -0.5467034794424871 0.7627002296658671 -1.5283 -0.04659294431929664 -0.8217588639989204 -0.567927343045625 1.3751 0.0 0.0 0.0 1.0 
0.936566699157765 0.15987490502177043 -0.3119019601942393 -0.4505 0.34716936847244545 -0.5453629566297198 0.7629237675748044 -1.5265 -0.048127410310262436 -0.8228118012524921 -0.566272453944616 1.3737 0.0 0.0 0.0 1.0 
0.936588614608806 0.16360552387691374 -0.30989514281788605 -0.4578 0.3475626890110257 -0.546596936543895 0.7618608574853116 -1.5244 -0.04474309100389018 -0.8212581941860855 -0.568799643362782 1.3722 0.0 0.0 0.0 1.0 
0.9371173406978888 0.16520277164998684 -0.3074396428609677 -0.4678 0.3465358860031331 -0.5452200769379234 0.763313793544849 -1.5213 -0.04152071140214961 -0.8218534613560785 -0.5681838774390664 1.3706 0.0 0.0 0.0 1.0 
0.9350851598200118 0.16607908715109182 -0.3131029873626945 -0.4752 0.35184818412703783 -0.5412827832443361 0.7636856708684349 -1.5182 -0.04264503735359659 -0.824275855144578 -0.5645801231134384 1.3699 0.0 0.0 0.0 1.0 
0.9359183622121425 0.16436571745240602 -0.3115136115814149 -0.4825 0.3495447699227122 -0.5421822111132895 0.7641052962596073 -1.5146 -0.04330442349020441 -0.8240281311209345 -0.5648914639357909 1.369 0.0 0.0 0.0 1.0 
0.9369610815404341 0.16294436807190907 -0.3091165873780082 -0.4919 0.3465412408190873 -0.5468836422229331 0.7621203646934952 -1.5086 -0.0448675839570942 -0.8211987669149442 -0.5688756323900928 1.3676 0.0 0.0 0.0 1.0 
0.9373416797519253 0.16345593194404734 -0.30768934611413135 -0.499 0.3456849756355232 -0.5465751595728899 0.7627302882131647 -1.5034 -0.0435025633693748 -0.8213024736661717 -0.5688319380362891 1.3669 0.0 0.0 0.0 1.0 
0.9391320536770619 0.16048968682540715 -0.303766433594936 -0.506 0.3406971776702082 -0.5488918354870272 0.7633106746687331 -1.4974 -0.04423142416719744 -0.8203418880920105 -0.5701603000540959 1.3659 0.0 0.0 0.0 1.0 
0.9406965755884453 0.16098887992669164 -0.29861770412372024 -0.5151 0.33637508277521705 -0.5569548591849838 0.7593767763885071 -1.4888 -0.0440653646772422 -0.8147906880728228 -0.5780781766038894 1.3646 0.0 0.0 0.0 1.0 
0.9416734888793495 0.15802349458353931 -0.29711885753247036 -0.5217 0.33334980910487144 -0.559057476407307 0.7591657545245569 -1.4815 -0.04614049318700514 -0.8139307791407695 -0.5791267060460606 1.3644 0.0 0.0 0.0 1.0 
0.9429154347004153 0.15647266094950057 -0.29398433526143825 -0.5278 0.32997089682236314 -0.5583662795469894 0.7611480178750377 -1.4737 -0.045052083791678924 -0.8147044889039435 -0.5781236074627915 1.3645 0.0 0.0 0.0 1.0 
0.9456675076911916 0.15202829791224276 -0.28740278622699 -0.5355 0.32195889213883977 -0.5611176988132196 0.7625545225433314 -1.4621 -0.04533692391265068 -0.8136549174634562 -0.5795776381276931 1.3644 0.0 0.0 0.0 1.0 
0.9469484546860375 0.14833039132443543 -0.2851082586970522 -0.541 0.3177767831240565 -0.5647094099552316 0.7616568770879314 -1.4538 -0.04802645390877562 -0.8118505880502606 -0.5818866576983822 1.3648 0.0 0.0 0.0 1.0 
0.9481240094539245 0.14486142189533635 -0.2829770858982677 -0.5463 0.31378795738762205 -0.5691734371668578 0.7599859973855894 -1.4449 -0.05097038841835633 -0.8093557727415839 -0.5851027710021168 1.3651 0.0 0.0 0.0 1.0 
0.9495078385581239 0.14279761910773467 -0.27936303351345937 -0.5531 0.3096581863867941 -0.5697544283000426 0.7612435215068389 -1.4334 -0.050464563015262504 -0.8093137410236242 -0.5852047474773463 1.3662 0.0 0.0 0.0 1.0 
0.9510797997866772 0.1384268716642295 -0.2761977835519126 -0.5578 0.30446181040178616 -0.5717132225451936 0.7618707220873217 -1.425 -0.05244254422318827 -0.808691531035317 -0.5858905931888257 1.3669 0.0 0.0 0.0 1.0 
0.9519764985095078 0.1360937331725262 -0.2742612660890024 -0.5623 0.301200463542061 -0.5770426684487311 0.7591442811163209 -1.4168 -0.05494567360243159 -0.8052951350782727 -0.5903225545171402 1.3679 0.0 0.0 0.0 1.0 
0.9540212335385437 0.13295202930553204 -0.2686396170730161 -0.5677 0.2946531028226257 -0.5803860002271634 0.7591650938612199 -1.4061 -0.05498213304879068 -0.8034151160165314 -0.5928752958266595 1.3696 0.0 0.0 0.0 1.0 
0.956008734790784 0.1287499209221864 -0.2635730579294011 -0.5716 0.28808843018634606 -0.5813266036005562 0.7609628350576715 -1.398 -0.05524812572831342 -0.8034194656645884 -0.5928446734134802 1.371 0.0 0.0 0.0 1.0 
0.9582630708053763 0.12537276205628972 -0.256931036788137 -0.575 0.28037165120703533 -0.5878194716697935 0.7588544036409652 -1.3906 -0.055889393717328636 -0.7992183301577995 -0.5984366603155991 1.3719 0.0 0.0 0.0 1.0 
0.9598198672743916 0.1222630115629071 -0.25258182513581184 -0.5796 0.27492648048943796 -0.5900524931795346 0.7591136183854865 -1.381 -0.056225018550998 -0.7980537646651282 -0.5999574451515342 1.3735 0.0 0.0 0.0 1.0 
0.9614831959635434 0.11784796413534208 -0.24831818545746126 -0.5825 0.2689865543930084 -0.5892440103704019 0.7618646400761642 -1.3741 -0.05653580666717456 -0.7993143021313713 -0.5982477321083056 1.3747 0.0 0.0 0.0 1.0 
0.9635773062914709 0.11913234649878418 -0.23942902668174187 -0.586 0.262154684135012 -0.5977270422433322 0.7576260981230186 -1.3662 -0.05285542910756409 -0.7927987556680013 -0.6071873159290498 1.376 0.0 0.0 0.0 1.0 
0.9649106673457695 0.11356575446319264 -0.23674928395994682 -0.5883 0.25682724585453176 -0.5958581258480866 0.7609158032578778 -1.3601 -0.054655007356303256 -0.7950194420729668 -0.6041166417976507 1.3773 0.0 0.0 0.0 1.0 
0.9659641730463655 0.11073295303391484 -0.2337764519861659 -0.5905 0.25270356258428844 -0.5970368569474764 0.7613723799189771 -1.3546 -0.05526414613526506 -0.794534583613997 -0.6046988255266192 1.3787 0.0 0.0 0.0 1.0 
0.9680779150008809 0.10890693095427285 -0.2257530307164638 -0.5926 0.24505889072749748 -0.6004121443371231 0.7612170498667946 -1.3478 -0.05264304857201818 -0.7922402017839153 -0.6079343485232802 1.3803 0.0 0.0 0.0 1.0 
0.9692979609054817 0.10650492475433478 -0.22162618073582446 -0.5939 0.24036908578530158 -0.6003281819482706 0.7627770162750201 -1.3428 -0.05180893343056932 -0.7926302889505027 -0.6074973740313856 1.382 0.0 0.0 0.0 1.0 
0.9711053969993666 0.10094493527680692 -0.21625084499410357 -0.5948 0.2327850771636104 -0.6003325751979995 0.7651221516895651 -1.3376 -0.05258722058289926 -0.7933542205081531 -0.6064846783169928 1.3838 0.0 0.0 0.0 1.0 
0.9730395874040646 0.09400037204210573 -0.2106131320703275 -0.5961 0.2242666293491221 -0.5987823291079827 0.7688720318157001 -1.3309 -0.053837164718352315 -0.7953764218305475 -0.6037200570555229 1.386 0.0 0.0 0.0 1.0 
0.9746948109397021 0.0897606441823411 -0.2047267747100754 -0.5969 0.2169581077692746 -0.6004572004495684 0.7696624779092736 -1.3264 -0.05384426617936809 -0.7946031570439664 -0.6047368169835267 1.3874 0.0 0.0 0.0 1.0 
0.9756690418931058 0.08274492716257832 -0.2030349667427962 -0.5982 0.2114409901524994 -0.6000344828034518 0.7715253250089231 -1.3205 -0.057988174438581855 -0.7956832890513998 -0.6029307382690212 1.3892 0.0 0.0 0.0 1.0 
0.9772145944759338 0.0796684720686344 -0.1967347729850662 -0.5991 0.20459582578788146 -0.6002853862997197 0.773173979816426 -1.3162 -0.0564994195847283 -0.7958080104857236 -0.6029074771748508 1.3901 0.0 0.0 0.0 1.0 
0.9784661729320957 0.07753757695072026 -0.19129002218680663 -0.6002 0.19897378206931027 -0.6007999750007812 0.7742408049748444 -1.3124 -0.05489428455360772 -0.7956301365582323 -0.6032903971750881 1.3909 0.0 0.0 0.0 1.0 
0.9794981865738988 0.0741198392099657 -0.18732205405112637 -0.602 0.19381964255662862 -0.6002680207256241 0.7759589225296418 -1.3077 -0.05492948805209272 -0.7963570510327832 -0.6023273185010827 1.3916 0.0 0.0 0.0 1.0 
0.9798771766390227 0.07315420224922509 -0.18571263122151171 -0.6037 0.19178656246682035 -0.6028628798986896 0.7744509426021888 -1.3043 -0.05530491080454035 -0.7944839902311045 -0.6047615696349796 1.3918 0.0 0.0 0.0 1.0 
0.9810469520215823 0.06835934023450711 -0.18131155101610616 -0.6051 0.18530849582771586 -0.6044775029854887 0.7747694558760678 -1.3014 -0.056636024783105844 -0.7936837840016209 -0.6056883783841622 1.392 0.0 0.0 0.0 1.0 
0.9819520246348797 0.06500319448193859 -0.17760857530706015 -0.6069 0.18041870730787635 -0.6036713574907567 0.7765500513158322 -1.2975 -0.05673897574696985 -0.7945788046835948 -0.6045041040214488 1.3924 0.0 0.0 0.0 1.0 
0.9827558622797895 0.0622110022104874 -0.17412841915860275 -0.6081 0.17585560306519693 -0.6054920948059656 0.7761791867848941 -1.2955 -0.05714649617678425 -0.7934161041543398 -0.6059910590456484 1.3926 0.0 0.0 0.0 1.0 
0.9830727710573087 0.059762248219767854 -0.1731946895647287 -0.6096 0.17328635611155346 -0.6102570245566937 0.7730188890090528 -1.2939 -0.05949592919926341 -0.7899460979503155 -0.6102830464151748 1.3927 0.0 0.0 0.0 1.0 
0.9842223173144713 0.055098516572246486 -0.1681385844227017 -0.6122 0.16649060023650225 -0.6100717704272673 0.7746569014477498 -1.291 -0.05989415775366823 -0.7904281045100037 -0.6096196367143214 1.3923 0.0 0.0 0.0 1.0 
0.9853092867527335 0.05701234042953199 -0.1609819942650933 -0.6142 0.16190081135509118 -0.6118109796842222 0.7742580011988223 -1.2887 -0.054348290878210324 -0.788946714408888 -0.6120533841929461 1.3922 0.0 0.0 0.0 1.0 
0.9866064506278115 0.056372286577277865 -0.153068209911925 -0.6162 0.1553603484258554 -0.6107031747928527 0.7764694420483831 -1.2862 -0.049707883847420906 -0.7898504906651509 -0.6112817097537205 1.3924 0.0 0.0 0.0 1.0 
0.987983619564575 0.05317137848372536 -0.14512467737163467 -0.6192 0.14714153338253874 -0.6109579390086646 0.7778687330881218 -1.2825 -0.047304720968586844 -0.7898754340226215 -0.611440154145652 1.3928 0.0 0.0 0.0 1.0 
0.9894109728251818 0.04717172482670156 -0.13726163058189755 -0.6211 0.13735305582422094 -0.6099332135704661 0.7804585914956363 -1.2796 -0.04690484952407171 -0.7910475986693077 -0.609953794750591 1.3932 0.0 0.0 0.0 1.0 
0.9901343941158991 0.04252048234051145 -0.13351363290043405 -0.6231 0.13159661573785605 -0.6094548564949822 0.7818229394313163 -1.2767 -0.048127043489961725 -0.7916797246843013 -0.609037766652204 1.3939 0.0 0.0 0.0 1.0 
0.9914652899042157 0.03431724519293039 -0.1257732308463036 -0.6256 0.1204811681722939 -0.6097606791479097 0.7833748797867589 -1.273 -0.04980830283184434 -0.7918423080686253 -0.6086911303128731 1.3944 0.0 0.0 0.0 1.0 
0.9923565735936344 0.029845952653672576 -0.11973992632241237 -0.6275 0.11287523800011429 -0.6117021053701055 0.7829940708154808 -1.2703 -0.04987596106261575 -0.7905249859403403 -0.6103954743542135 1.3942 0.0 0.0 0.0 1.0 
0.9931593836001267 0.02286752110705219 -0.1145055249559389 -0.6295 0.10467971885496995 -0.6088573494421445 0.7863427271175915 -1.2673 -0.05173582151141577 -0.7929500643222781 -0.6070861555527634 1.3944 0.0 0.0 0.0 1.0 
0.9944015012749206 0.018070026947319184 -0.10411113479502007 -0.6316 0.0934376346283382 -0.6104857587957413 0.7864963742717754 -1.2633 -0.04934635444736373 -0.7918210734968543 -0.6087563756290721 1.3939 0.0 0.0 0.0 1.0 
0.995114344476066 0.012852454355223301 -0.09788899751768067 -0.633 0.08513662716781925 -0.6137540424367782 0.7848934514359264 -1.2606 -0.04999196067826635 -0.7893926714947131 -0.6118496662236423 1.3934 0.0 0.0 0.0 1.0 
0.9956054820461947 0.006801811612380838 -0.09339946187400516 -0.6347 0.07790519650683014 -0.6136110473902462 0.7857558544979968 -1.2576 -0.051966378330572986 -0.7895791397190244 -0.6114444190961016 1.3928 0.0 0.0 0.0 1.0 
0.9962178925408209 0.0053532973237573195 -0.08672515661149618 -0.6366 0.07180442279117086 -0.6127624272166459 0.7869983053725028 -1.2538 -0.04892888154405198 -0.7902490430233547 -0.610829284294327 1.3918 0.0 0.0 0.0 1.0 
0.9968450517323769 0.0017397389599487743 -0.07935311049370582 -0.6377 0.06363335417957139 -0.6150885706426997 0.7858860264062328 -1.2509 -0.04744195477140746 -0.7884561012339699 -0.613258703447734 1.3907 0.0 0.0 0.0 1.0 
0.9971120680931482 -0.0040730711329123 -0.0758349111857544 -0.6391 0.05724378453872886 -0.6158936169753215 0.7857469068986142 -1.247 -0.049906640787460425 -0.7878188006519026 -0.6138818001412889 1.3896 0.0 0.0 0.0 1.0 
0.9973924088120875 -0.0066663753853456395 -0.07186057530554363 -0.6397 0.05233787311839659 -0.618768320234191 0.7838281143924353 -1.2437 -0.04969033992100143 -0.7855452407810639 -0.6168059215059111 1.3884 0.0 0.0 0.0 1.0 
0.9979760116664318 -0.00830378392162619 -0.06304702460025587 -0.64 0.04429015409892087 -0.6206708598167592 0.7828193061136263 -1.2399 -0.04563181333517406 -0.7840272514057839 -0.6190468533680111 1.387 0.0 0.0 0.0 1.0 
0.9984008304577275 -0.00830245721012437 -0.05591825234745772 -0.6403 0.03856019459482855 -0.6233087901063173 0.7810244961388904 -1.2357 -0.0413387606748057 -0.7819317242448172 -0.6219918693081111 1.3856 0.0 0.0 0.0 1.0 
0.9986909899387337 -0.015055805621015557 -0.048883835081691626 -0.6403 0.02875200311108131 -0.6251805993601343 0.7799503448943422 -1.2293 -0.042304006102167196 -0.7803348902239379 -0.6239293470954081 1.384 0.0 0.0 0.0 1.0 
0.9988282008879563 -0.021724434325523848 -0.043246665353111904 -0.64 0.019919604888755733 -0.629849382843434 0.7764618240923509 -1.2243 -0.044107079386464784 -0.7764134233029341 -0.6286785837477007 1.3828 0.0 0.0 0.0 1.0 
0.9988041855545547 -0.03183099977153488 -0.037107767007019066 -0.6394 0.008722373602876103 -0.6308136495123099 0.7758853393302985 -1.218 -0.048105291989910176 -0.7752811922409217 -0.6297816715656787 1.3819 0.0 0.0 0.0 1.0 
0.9987941769602307 -0.03524032632536017 -0.03418057154024245 -0.6388 0.004169304746205357 -0.6328284842615806 0.7742807800824735 -1.2135 -0.048916346636566944 -0.7734896436977502 -0.6319184774352293 1.381 0.0 0.0 0.0 1.0 
0.9987635117286848 -0.039214965139872236 -0.03055542747965191 -0.638 -0.0012729261575536027 -0.6345997368692644 0.7728399275558026 -1.209 -0.04969735705631717 -0.7718454252468815 -0.63386497949254 1.38 0.0 0.0 0.0 1.0 
0.9986111728413176 -0.04465992827786022 -0.02795024655891664 -0.637 -0.006648284091626638 -0.6330925946933175 0.7740475223544867 -1.2028 -0.05226400094830929 -0.7727866829537753 -0.6325102503945497 1.3791 0.0 0.0 0.0 1.0 
0.9987830951619582 -0.043007236834079574 -0.024139312305777684 -0.6362 -0.008703239406678397 -0.6354737459530663 0.7720734238582542 -1.1979 -0.04854464380885414 -0.770923793759328 -0.6350747371555544 1.3779 0.0 0.0 0.0 1.0 
0.9989454264171403 -0.04080718122926229 -0.021043027358247774 -0.6353 -0.00987171601607927 -0.6384959001261773 0.7695619109239754 -1.1925 -0.04483953906069625 -0.7685426204721407 -0.6382253961216521 1.3768 0.0 0.0 0.0 1.0 
0.9990290748196754 -0.04044180106030887 -0.017474793044330493 -0.6344 -0.012421765649872853 -0.6391340873956878 0.7689950052289165 -1.184 -0.042268278922655694 -0.768031300830819 -0.6390158945918613 1.3747 0.0 0.0 0.0 1.0 
0.9991647811860109 -0.038453445396107545 -0.013822900371481475 -0.6333 -0.014088679994074413 -0.6417220087547477 0.7668079111327663 -1.1773 -0.03835686553325095 -0.7659727123187486 -0.6417277887465402 1.3733 0.0 0.0 0.0 1.0 
0.9992502610060752 -0.037279878926502974 -0.010446363315356035 -0.6322 -0.016025093465111124 -0.6438875185898418 0.7649523251704323 -1.1676 -0.035243613020313196 -0.7642114066352593 -0.6440021845536188 1.3713 0.0 0.0 0.0 1.0 
0.9992709852530709 -0.03595715444417006 -0.0128289156063634 -0.6317 -0.013360177203461674 -0.6441492866687099 0.764783107913142 -1.1599 -0.03576316116409728 -0.7640541731634416 -0.644160086294611 1.3695 0.0 0.0 0.0 1.0 
0.9992668121942763 -0.03419523848707803 -0.01721986387577721 -0.6313 -0.008990345233940778 -0.6467642705808785 0.7626369726105325 -1.1524 -0.03721574585659943 -0.7619230039608959 -0.6465974979038669 1.3678 0.0 0.0 0.0 1.0 
0.9993257142557705 -0.03139721874581172 -0.01903500675655797 -0.6309 -0.006042650708404047 -0.6519965332276387 0.7581978679946003 -1.1419 -0.036216062729275016 -0.7575716040838442 -0.6517466236860925 1.3652 0.0 0.0 0.0 1.0 
0.999449378277973 -0.02567663294316961 -0.021015489061043453 -0.631 -0.0008701343267991917 -0.6534348680055426 0.7569822429494844 -1.1342 -0.03316900851738601 -0.7565471457849011 -0.6530974146930095 1.3634 0.0 0.0 0.0 1.0 
0.999568442849919 -0.01718174280245897 -0.023826786876510474 -0.631 0.0066195230598464 -0.6585011288348599 0.7525506263618916 -1.1237 -0.028620097362669194 -0.7523835797234583 -0.6581032130216855 1.3605 0.0 0.0 0.0 1.0 
0.9996885804073258 -0.007702415260727964 -0.023736364556030645 -0.6311 0.012800881158257699 -0.6582193568855433 0.7527173544317641 -1.1154 -0.021421476250661296 -0.752786789881659 -0.6579157767791476 1.3583 0.0 0.0 0.0 1.0 
0.999729185909543 1.7600915775649317e-06 -0.023271330807341905 -0.6312 0.01748842992300889 -0.6597886988059989 0.751247647415095 -1.1073 -0.015352838808203189 -0.7514511780047916 -0.6596100495108761 1.3565 0.0 0.0 0.0 1.0 
0.9996486076801852 0.007651848273800476 -0.025379329799302762 -0.6315 0.024076424119429625 -0.6626520725816647 0.7485402838223509 -1.0989 -0.011089948813605406 -0.7488882960236587 -0.6626034508769878 1.3544 0.0 0.0 0.0 1.0 
0.9995741857858278 0.015147057066035256 -0.024940203945387006 -0.6318 0.028680464475320588 -0.6674097563739245 0.7441381915036872 -1.0878 -0.005373831787384117 -0.7445366235176994 -0.6675599884450714 1.3519 0.0 0.0 0.0 1.0 
0.9994532524822457 0.01933117866919098 -0.026823527618864466 -0.632 0.03287978935440904 -0.6665074136357465 0.744772976832939 -1.0789 -0.003480740534693591 -0.7452477259944157 -0.6667786074443918 1.3507 0.0 0.0 0.0 1.0 
0.9993317715266281 0.02481902320530784 -0.026833309609235655 -0.6324 0.036547585031038124 -0.667777797190878 0.7434629026436338 -1.0703 0.0005333346508016677 -0.7439467922277995 -0.668238644413893 1.3497 0.0 0.0 0.0 1.0 
0.9990418242916643 0.03295567604300513 -0.028798554347949788 -0.6333 0.043475887688110185 -0.671704972927126 0.7395419369682154 -1.0595 0.00502797232631105 -0.7400853685633283 -0.6724941388092303 1.348 0.0 0.0 0.0 1.0 
0.9987278199162637 0.03850722402975267 -0.032556649441082317 -0.6345 0.04999290705349902 -0.6717293353616611 0.7391078468389585 -1.0518 0.0065917349497150845 -0.7397951701059582 -0.6727998627513603 1.347 0.0 0.0 0.0 1.0 
0.9982481909097267 0.048244107468960205 -0.03424989693387504 -0.6357 0.0577913379970234 -0.6710419922726458 0.7391635853173991 -1.0445 0.012677168373554244 -0.7398480591995099 -0.672654546331731 1.346 0.0 0.0 0.0 1.0 
0.997552843415632 0.05987309769429325 -0.03610452555950491 -0.6376 0.06698952385157583 -0.6706403066361508 0.7387516381092558 -1.0355 0.020018198908155517 -0.7393624221499624 -0.6730100151000833 1.3441 0.0 0.0 0.0 1.0 
0.9969683627901126 0.06568966601673062 -0.04170073589533933 -0.6393 0.0750597046879092 -0.6707805862343884 0.7378478473663891 -1.0295 0.020496934594380605 -0.7387410052986504 -0.6736776697817534 1.343 0.0 0.0 0.0 1.0 
0.9960499667032308 0.07617682791862718 -0.04562405855191477 -0.6418 0.08504923316933191 -0.6708158255926282 0.7367311287517238 -1.0219 0.02551649991282691 -0.7377013074563012 -0.6746448615452891 1.3411 0.0 0.0 0.0 1.0 
0.995042761221899 0.08709802433939941 -0.04799830722090582 -0.6437 0.09405877837408709 -0.6675196061328643 0.7386274579508942 -1.0162 0.032293181179212434 -0.7394805674149925 -0.6724028858243603 1.3394 0.0 0.0 0.0 1.0 
0.9939585552989452 0.09663211478224926 -0.05204444966318428 -0.6457 0.10343453015211274 -0.6661012187390867 0.738654495936033 -1.0112 0.03671087468646311 -0.7395751488435869 -0.6720721024508762 1.3381 0.0 0.0 0.0 1.0 
0.9925669479686356 0.10434573042011293 -0.06263243842706899 -0.6482 0.11648081536570755 -0.6654366580566062 0.7373101611711282 -1.0063 0.0352572468007276 -0.7391251738762171 -0.6726447085129594 1.3365 0.0 0.0 0.0 1.0 
0.989805453966528 0.12179831313631101 -0.07382637885786096 -0.6511 0.13662133282877403 -0.6654794982930874 0.7338062746854036 -1.0004 0.040246424862397934 -0.7364117111159557 -0.6753354847903859 1.3344 0.0 0.0 0.0 1.0 
0.9875031555756152 0.13654334309668054 -0.07869836837053501 -0.6529 0.1500906510813106 -0.6625088817360006 0.7338629150453795 -0.9962 0.048065727771360395 -0.7365038337150023 -0.6747234905773724 1.3329 0.0 0.0 0.0 1.0 
0.984923202862058 0.1502630063078537 -0.08571647099170152 -0.6545 0.1642112415084249 -0.6562333583386037 0.7364729781641005 -0.9921 0.05441463613961823 -0.7394449325940126 -0.6710143359383831 1.3319 0.0 0.0 0.0 1.0 
0.9816610337664102 0.16472458354371225 -0.0959553352399601 -0.6566 0.18143594709832275 -0.6528378307848635 0.735448002102561 -0.9875 0.05850309295410967 -0.7393703931538403 -0.67075242067572 1.3301 0.0 0.0 0.0 1.0 
0.9795766226671484 0.17486672409999096 -0.09925355976769928 -0.6577 0.19048273280072262 -0.648978076694776 0.7365757153710115 -0.9842 0.06438919807538465 -0.7404384409065257 -0.6690328440361669 1.3286 0.0 0.0 0.0 1.0 
0.9765873983083695 0.18797262064015932 -0.10461045528512462 -0.6588 0.20298071300759615 -0.6441316865138582 0.73749115287964 -0.9812 0.07124523571592843 -0.7414584710679912 -0.667205704463997 1.327 0.0 0.0 0.0 1.0 
0.9730743799689348 0.20026625114539465 -0.11410381106800162 -0.6606 0.21833173894364377 -0.6422015545089481 0.7347846045992897 -0.9778 0.07387491331918493 -0.7399125570217467 -0.6686343583331795 1.3246 0.0 0.0 0.0 1.0 
0.9705065307299128 0.20764391416995565 -0.12247889091091907 -0.6617 0.22933022627458555 -0.6385542975977772 0.7346128615374607 -0.9756 0.0743284678130533 -0.7410346914467563 -0.6673401418654317 1.323 0.0 0.0 0.0 1.0 
0.9654922360881213 0.2226762577122241 -0.13505564151429716 -0.6633 0.24848726031448648 -0.6324088139418662 0.733698285066854 -0.973 0.0779668103423491 -0.74193960421312 -0.6659180131105622 1.3209 0.0 0.0 0.0 1.0 
0.962468212570234 0.23059871769466322 -0.1431054547857487 -0.6648 0.2599175140847904 -0.6314880577185404 0.7305242766882208 -0.9713 0.07808857575754424 -0.7403020088831601 -0.6677238276261495 1.3191 0.0 0.0 0.0 1.0 
0.9596349510996949 0.23420728840357335 -0.15571675146409752 -0.6669 0.27168341737885787 -0.6287846682789457 0.7285725507172787 -0.9695 0.07272469559394118 -0.741469343261056 -0.6670339808846226 1.3175 0.0 0.0 0.0 1.0 
0.9560135515765179 0.23755191536938117 -0.17206736095608252 -0.6692 0.2864597085297943 -0.6299771225304008 0.721851550166197 -0.9682 0.06307871741782428 -0.7393902302523713 -0.670315718759651 1.3153 0.0 0.0 0.0 1.0 
0.9534473646411374 0.2421164869060338 -0.1797713259314461 -0.6709 0.2952250551497624 -0.6278802703667328 0.7201447999506891 -0.9672 0.06148406029768691 -0.7396931612854607 -0.6701296422908269 1.3134 0.0 0.0 0.0 1.0 
0.9495317093540105 0.2490353168891341 -0.1907116773382776 -0.673 0.3080356361584376 -0.6255931497843847 0.716761646434377 -0.9668 0.059191044827046235 -0.7393339041899679 -0.6707322851387889 1.3114 0.0 0.0 0.0 1.0 
0.9447908383766462 0.2556979203584414 -0.20491179869378343 -0.6761 0.3233848833342663 -0.6267591497566755 0.7089394793825294 -0.967 0.05284400581368223 -0.7360649031985271 -0.6748451447027727 1.3088 0.0 0.0 0.0 1.0 
0.9404960282522501 0.26627477648950915 -0.21110415497380647 -0.6783 0.3349721086225338 -0.622100558147525 0.7076613469714955 -0.9671 0.0571043543586333 -0.736266690104883 -0.6742777274649399 1.3063 0.0 0.0 0.0 1.0 
0.9338985965047184 0.280475872189281 -0.2217356456823743 -0.682 0.3520435873031222 -0.6130461130736662 0.7072763080183154 -0.9675 0.06243976365479237 -0.7385849635383407 -0.6712626367896561 1.3028 0.0 0.0 0.0 1.0 
0.92904057515564 0.2902143412929801 -0.22947602450443394 -0.6847 0.3647037754164379 -0.6140064830276201 0.6999908535095654 -0.9684 0.06224761771726199 -0.7340106776525359 -0.6762792020908163 1.3006 0.0 0.0 0.0 1.0 
0.9235864689495591 0.29879802954325196 -0.24022441989596988 -0.6879 0.3791291832630391 -0.6186469487531913 0.6881402583751858 -0.9701 0.05700084886724256 -0.7266331194897714 -0.6846570038267173 1.2984 0.0 0.0 0.0 1.0 
0.9166406845710329 0.3100817833810467 -0.2522283548778327 -0.6925 0.3957789124628876 -0.6157910652941854 0.6812931941194968 -0.9713 0.05593664129032275 -0.7243277238371331 -0.687182974645091 1.296 0.0 0.0 0.0 1.0 
0.9103622712177012 0.32343361236235935 -0.25813026466802313 -0.6958 0.4089254942922408 -0.6075513570528704 0.6809267865645042 -0.9724 0.06340721773737679 -0.7254461020209914 -0.6853520830940504 1.2942 0.0 0.0 0.0 1.0 
0.9030831924992342 0.33756038802539834 -0.26550655709705906 -0.6994 0.4237518268048637 -0.5998697609797572 0.678668298317838 -0.9738 0.06982217917633508 -0.7254028220914444 -0.6847741299120729 1.2926 0.0 0.0 0.0 1.0 
0.8933497362274943 0.35190671645238625 -0.27944214373992615 -0.7044 0.4434443933848343 -0.5898020657263174 0.6749004320938939 -0.976 0.0726864413616599 -0.7268391749078115 -0.6829505802483145 1.2908 0.0 0.0 0.0 1.0 
0.8867647955634432 0.3602927778712729 -0.28954673467875075 -0.708 0.45667993720746236 -0.5862260171598501 0.6691655189540834 -0.9775 0.0713556746272747 -0.7256226092251407 -0.684383077435281 1.2896 0.0 0.0 0.0 1.0 
0.8815713697285067 0.3662290628519691 -0.2978392076231284 -0.7118 0.4666544133198546 -0.580996639096303 0.6668407335248069 -0.9789 0.07117287829016611 -0.7268556795412474 -0.6830924114016524 1.2881 0.0 0.0 0.0 1.0 
0.8725246307900035 0.37610548267089194 -0.31184200257448214 -0.717 0.48319329768735075 -0.5698519120356461 0.664675135249801 -0.981 0.0722842011423733 -0.7306253925605197 -0.6789414776039208 1.2873 0.0 0.0 0.0 1.0 
0.8654040292149879 0.38433406628095634 -0.32150146456028694 -0.7205 0.49543467437939115 -0.5603128636482727 0.6637725350245056 -0.9825 0.07496899119669874 -0.7337143996993771 -0.6753094328030166 1.2869 0.0 0.0 0.0 1.0 
0.8586454652383987 0.39326527102556874 -0.3287406145135099 -0.7241 0.5063789939097273 -0.5514511283923133 0.6629343613977308 -0.9836 0.0794246784853834 -0.7356929247994919 -0.6726422829762214 1.2863 0.0 0.0 0.0 1.0 
0.8504059351664376 0.39815720541983185 -0.3439194458095771 -0.7284 0.5200991711830549 -0.5375210306348369 0.6637529613944951 -0.985 0.0794140892310439 -0.7433316765734747 -0.6641923072680617 1.2858 0.0 0.0 0.0 1.0 
0.8434346064246794 0.40473829786359544 -0.3532774758284565 -0.7315 0.5315857806422304 -0.5336602737671698 0.6577410356832998 -0.9861 0.07768283275110835 -0.7425588343324916 -0.6652606669949264 1.2853 0.0 0.0 0.0 1.0 
0.838011577124708 0.4086358989709228 -0.3615982559100439 -0.7357 0.5405462023503042 -0.5312608237971749 0.6523585978762075 -0.9871 0.0744741547761632 -0.7421446214657713 -0.6660893041475767 1.2842 0.0 0.0 0.0 1.0 
0.829610997035364 0.4174608298820586 -0.3707722334697843 -0.7402 0.5529167321718809 -0.5219103440633874 0.6495326627999589 -0.9881 0.07764458050860848 -0.7438656117026916 -0.6638036387696462 1.2829 0.0 0.0 0.0 1.0 
0.8229458168658927 0.4239948465489348 -0.3781382718039449 -0.7436 0.562300449517009 -0.5128600583443139 0.6486854129915646 -0.9886 0.08110725600030158 -0.7464602672982751 -0.660468532459412 1.2817 0.0 0.0 0.0 1.0 
0.8142442339498145 0.4341760888408176 -0.3853536704877355 -0.7483 0.5746141604272915 -0.5083153718708965 0.6414312506856765 -0.9897 0.08261291736719292 -0.7437113731809153 -0.6633765893408047 1.2801 0.0 0.0 0.0 1.0 
0.808417558047875 0.4377538178631991 -0.39348779750597573 -0.7521 0.5830672338295654 -0.5040448694702566 0.6371588266633768 -0.9901 0.0805832034250912 -0.7445202243773537 -0.6627186302035315 1.2789 0.0 0.0 0.0 1.0 
0.8029059295738112 0.4446476446172903 -0.3970271280296982 -0.7559 0.5904907938805655 -0.5020621239958654 0.6318656866700867 -0.9908 0.08162530610977212 -0.7417695705440177 -0.6656689970378895 1.2781 0.0 0.0 0.0 1.0 
0.793578857217325 0.4503486191387591 -0.40916832553052956 -0.7605 0.6032825001270639 -0.49475110212651585 0.6255170437206624 -0.9912 0.07926425687586863 -0.7432411911246649 -0.6643114551153739 1.2767 0.0 0.0 0.0 1.0 
0.7809147172565633 0.4613944132266439 -0.42105510306294036 -0.767 0.6193945828601266 -0.4848332927048945 0.6174844362479595 -0.9915 0.08076233711100819 -0.743001933865701 -0.6643986538037211 1.2743 0.0 0.0 0.0 1.0 
0.7713570419609703 0.4746733550170316 -0.42390272451836924 -0.7721 0.6301020606633552 -0.47613920167197565 0.613402684848189 -0.9917 0.08932920555459317 -0.7402544607552517 -0.6663659853015731 1.2724 0.0 0.0 0.0 1.0 
0.7618585475906738 0.4852621378098846 -0.42905968241167736 -0.7775 0.6407701509372373 -0.46767425823643777 0.6088467802746991 -0.9917 0.09479012148372276 -0.738783761185354 -0.6672431244141244 1.2706 0.0 0.0 0.0 1.0 
0.7481802085579381 0.4976892218198451 -0.43878447329703535 -0.7854 0.6566142644144958 -0.4603925497896262 0.5974080748245847 -0.9926 0.09531045739901917 -0.7350810421868892 -0.671246436212384 1.2677 0.0 0.0 0.0 1.0 
0.7391443293732359 0.5067856815739276 -0.4436597043985839 -0.7917 0.6664507631616943 -0.45491900418808007 0.5906708727453223 -0.9932 0.0975143099067231 -0.7322683746961731 -0.6739985065141022 1.2656 0.0 0.0 0.0 1.0 
0.728320565207253 0.5134285247834833 -0.45380646120878865 -0.7983 0.6778877039907514 -0.4431262562120276 0.5866066670552424 -0.9941 0.10008703749404987 -0.7348675193490107 -0.6707848492113521 1.2637 0.0 0.0 0.0 1.0 
0.7122612282457913 0.5270463870611343 -0.463579603330002 -0.8072 0.6943142409786317 -0.4320968239171151 0.5755172191472714 -0.9962 0.10301299681139048 -0.7317885218056831 -0.6737016267171912 1.2609 0.0 0.0 0.0 1.0 
0.7048413371968432 0.5304974594091956 -0.4709258274282208 -0.8141 0.7022331379678852 -0.42791402960311015 0.5689975423572629 -0.9978 0.10033598217161538 -0.7317527101618531 -0.674144392435656 1.259 0.0 0.0 0.0 1.0 
0.6889317513824238 0.5394249277525333 -0.48414232334750573 -0.8235 0.7178735434831606 -0.4155007081087157 0.5585845836828 -1.0005 0.10015297052048575 -0.7323796207434573 -0.6734905148668335 1.256 0.0 0.0 0.0 1.0 
0.6744621741145483 0.5475527674547506 -0.4952643158368273 -0.8306 0.7313963980452624 -0.40393643882263686 0.5494494174332176 -1.0029 0.10079724507690113 -0.7328173853313866 -0.6729179705885237 1.2537 0.0 0.0 0.0 1.0 
0.6630061233363551 0.553600877812009 -0.5039334762687141 -0.8379 0.7417062282929214 -0.3945338506675998 0.5424158106000271 -1.0054 0.10146305401468214 -0.7333956018160791 -0.6721875779176854 1.2516 0.0 0.0 0.0 1.0 
0.6447886054877183 0.5622366524363808 -0.5178200468216116 -0.8475 0.7570923876757761 -0.37656922445115104 0.5338602211437476 -1.0089 0.10516069016793358 -0.736264603151198 -0.6684726347353441 1.2488 0.0 0.0 0.0 1.0 
0.6282837372684038 0.5671578275855033 -0.5325331389618303 -0.8549 0.7708525292139913 -0.3613549339634377 0.5246036502967479 -1.0118 0.10509958938283423 -0.7401044590520802 -0.6642284742487237 1.247 0.0 0.0 0.0 1.0 
0.6073463476298474 0.5775021666106869 -0.5455471213200991 -0.8641 0.7868061483646601 -0.34230698966056494 0.5135776569566577 -1.0164 0.10984761679823984 -0.7411593434542159 -0.6622811553217128 1.245 0.0 0.0 0.0 1.0 
0.5926761275704419 0.5817505465150667 -0.5570469544280142 -0.8706 0.797736217101177 -0.32854926825089503 0.5056404911168656 -1.0202 0.11113926278866956 -0.7440575783910962 -0.6588067882965146 1.244 0.0 0.0 0.0 1.0 
0.5811835233713052 0.5814138466712003 -0.5693712769895525 -0.8774 0.8057317212642284 -0.31301990425098536 0.5028070533428184 -1.0234 0.1141144404109285 -0.7509836738849267 -0.6503855902831788 1.2431 0.0 0.0 0.0 1.0 
0.5619372029209719 0.5915207667426857 -0.5782125582218873 -0.8855 0.8189323913205183 -0.29937340591542877 0.4896175060970074 -1.0283 0.11651745971918381 -0.748651284873499 -0.652644570373375 1.242 0.0 0.0 0.0 1.0 
0.5535598298331119 0.5881518527007049 -0.5896175989231193 -0.8925 0.8255170568606288 -0.2940289642286038 0.4817349447848054 -1.0316 0.10996864838353396 -0.7534084989959846 -0.6482920098330042 1.2417 0.0 0.0 0.0 1.0 
0.5431784880931516 0.5890031019384426 -0.5983581502576281 -0.8992 0.8326267820770111 -0.286104530850249 0.47421180836735827 -1.0345 0.10811924824433089 -0.7557906742834626 -0.645825583904222 1.2415 0.0 0.0 0.0 1.0 
0.5279004051747143 0.5883575778990795 -0.6125002226490216 -0.9083 0.842242729568093 -0.2698440634760084 0.4667026525491835 -1.0382 0.10930849329334136 -0.7622463787618046 -0.6379906828147688 1.2414 0.0 0.0 0.0 1.0 
0.5187167567069559 0.5909387719032211 -0.6178384045791661 -0.9146 0.8480454879432782 -0.2640106816592665 0.45947492896659387 -1.0412 0.10840561189561942 -0.7622924162231461 -0.6380897236895562 1.2419 0.0 0.0 0.0 1.0 
0.5110519962390125 0.5863775949021014 -0.6284800500707621 -0.9215 0.8533032239913548 -0.2581123021091721 0.45304706976854336 -1.0439 0.10343821859487085 -0.7678146623350786 -0.6322666994529992 1.2419 0.0 0.0 0.0 1.0 
0.5006600015123805 0.5841817274229855 -0.6388045649732945 -0.931 0.8605616931766258 -0.2560392873347649 0.44031517754681676 -1.0479 0.09366501546790112 -0.7701789354988895 -0.6309130464582225 1.2419 0.0 0.0 0.0 1.0 
0.4924838858133063 0.5837735228969665 -0.6454983316622058 -0.9377 0.8656615064193074 -0.2519192768922391 0.43262782415599066 -1.0502 0.08994319606330242 -0.7718452901291528 -0.6294164516338623 1.2415 0.0 0.0 0.0 1.0 
0.480231650462036 0.5834287208767953 -0.6549721288349419 -0.9444 0.8727327643585133 -0.24304484039651228 0.4233990169707318 -1.0525 0.08783555037487434 -0.7749452452997572 -0.625895185216856 1.2407 0.0 0.0 0.0 1.0 
0.4672046141557832 0.5843630609524145 -0.6635055851354004 -0.9532 0.880253300943678 -0.2370585136900494 0.4110442643619088 -1.0552 0.08290943667221395 -0.7760947584421563 -0.6251423447738177 1.2397 0.0 0.0 0.0 1.0 
0.46123604172026456 0.585754935323689 -0.6664476495285756 -0.9597 0.8837695349661112 -0.2365659212833404 0.4037176909093137 -1.0569 0.07882082772976984 -0.7751952790305843 -0.6267850959337569 1.2381 0.0 0.0 0.0 1.0 
0.4496837464757216 0.5882036741418859 -0.6721614135619103 -0.9656 0.8905152903771816 -0.2370787191485257 0.3882991096195546 -1.0588 0.06904379595592464 -0.7731818147453294 -0.6304148123157608 1.2368 0.0 0.0 0.0 1.0 
0.43740941205210115 0.5970602580062547 -0.6724522693528063 -0.9728 0.8967284519689698 -0.2334993055146898 0.3759736131080108 -1.06 0.06746176456015535 -0.767461479576442 -0.6375357148338971 1.2333 0.0 0.0 0.0 1.0 
0.4287907592710859 0.6108931518969665 -0.6655434183651097 -0.9778 0.9004871370353094 -0.22986647168318797 0.36916706411850153 -1.0609 0.07253551404434533 -0.7576087130975407 -0.6486660443101755 1.23 0.0 0.0 0.0 1.0 
0.41164927827844777 0.6261657548733208 -0.6621641179622747 -0.9832 0.9073869765932381 -0.2139879594858615 0.3617430412655642 -1.0614 0.08481595605672043 -0.749750358865537 -0.6562626402433578 1.2256 0.0 0.0 0.0 1.0 
0.4015322806809316 0.6326947137020568 -0.662170089044078 -0.987 0.9111405375823464 -0.202777989295541 0.35875340811121326 -1.0609 0.09270786560655364 -0.7473810850635237 -0.6578957100817326 1.2229 0.0 0.0 0.0 1.0 
0.3879588732096103 0.646224555690047 -0.6571770966194205 -0.9911 0.9169032498950314 -0.19813081098960625 0.34645722978245197 -1.0608 0.0936821382647689 -0.7369789721286508 -0.6693920014538106 1.2205 0.0 0.0 0.0 1.0 
0.3781840645109239 0.6514498402430418 -0.6577156824930604 -0.9952 0.9211313690939913 -0.1940786748770208 0.3374173511083989 -1.0597 0.0921618913707084 -0.7334484123681055 -0.673468345339021 1.2181 0.0 0.0 0.0 1.0 
0.36340773877759036 0.6573756678280867 -0.6601454739253583 -1.0003 0.9273092914305436 -0.18707127128245335 0.3241941046461978 -1.0583 0.08962306300914841 -0.7299736781613047 -0.6775737124243489 1.2151 0.0 0.0 0.0 1.0 
0.351364103137021 0.662930317790453 -0.6611101729522595 -1.0041 0.9316663192195612 -0.1778740483091777 0.316794401102639 -1.0574 0.09241827015580961 -0.7272442620552974 -0.6801284045303905 1.2129 0.0 0.0 0.0 1.0 
0.33682239521301205 0.6669351950241615 -0.664641346683347 -1.0079 0.9370610285645482 -0.16845201489023298 0.30584399197135076 -1.0566 0.09201794840421329 -0.7258246098869232 -0.6816973909690246 1.2108 0.0 0.0 0.0 1.0 
0.3145137971492883 0.6683273892671939 -0.6741064991216399 -1.0128 0.9454827877276206 -0.15732693699737887 0.28515001842158516 -1.0559 0.08451845664435642 -0.727039707065797 -0.6813735354679815 1.2085 0.0 0.0 0.0 1.0 
0.30055388744932 0.6692144767989742 -0.6795729135139046 -1.0169 0.9503152723785467 -0.14957763179439854 0.2729970973304805 -1.0549 0.0810447026226267 -0.727858857272105 -0.6809208765101533 1.2072 0.0 0.0 0.0 1.0 
0.2849002521663633 0.6733652572399396 -0.6822104342926254 -1.0204 0.9555496724237194 -0.1431745462717902 0.25773217267308585 -1.0542 0.0758727213592934 -0.7253139179983084 -0.6842244153137754 1.2061 0.0 0.0 0.0 1.0 
0.2639552562852944 0.6744727322461956 -0.689502832579908 -1.025 0.9624455407431762 -0.13714973555043625 0.234283015052352 -1.0537 0.06345237413162536 -0.7254491598277562 -0.6853446670998931 1.205 0.0 0.0 0.0 1.0 
0.24888531605733621 0.6784008682000674 -0.6912513012475526 -1.0281 0.9667470553766057 -0.13068620116818408 0.21982094473659963 -1.0529 0.0587897131452616 -0.7229753653131092 -0.6883679181794241 1.2042 0.0 0.0 0.0 1.0 
0.2285047074416996 0.6814851919090854 -0.6952435054609432 -1.0311 0.9718376844979879 -0.1174262842245075 0.20431001630564943 -1.052 0.057594389193504236 -0.7223496390127584 -0.6891254496472794 1.2039 0.0 0.0 0.0 1.0 
0.2009819272402003 0.6831997003804373 -0.7020287987845625 -1.0343 0.9779933434963115 -0.09897800142316099 0.18366375611748365 -1.0512 0.055993615705012045 -0.7234925878226796 -0.6880575487311522 1.2033 0.0 0.0 0.0 1.0 
0.1822076314176862 0.6882931652561609 -0.7021772551961594 -1.0364 0.9819738380272306 -0.09086499654645659 0.16574357855640515 -1.0511 0.050276838437071814 -0.7197194391318524 -0.6924421769740091 1.2028 0.0 0.0 0.0 1.0 
0.15484884509426106 0.6932693480065151 -0.7038461808432255 -1.0391 0.9869964103693312 -0.07745867883169393 0.14084828359516116 -1.0515 0.0431268024670044 -0.7165038479926464 -0.6962487448611323 1.2017 0.0 0.0 0.0 1.0 
0.12532015894976686 0.6968613447358926 -0.7061721631257413 -1.0414 0.9910377395190565 -0.05474749292618655 0.12184790054513006 -1.0518 0.04624993632172825 -0.7151132625194282 -0.6974768563608797 1.2011 0.0 0.0 0.0 1.0 
0.10690072556661724 0.696337440225006 -0.709708675594583 -1.0436 0.9931995966472225 -0.04167928702370781 0.10870785736546312 -1.0518 0.046117199536889475 -0.7165033191647348 -0.6960576107857689 1.2002 0.0 0.0 0.0 1.0 
0.08063064465255397 0.6947018353905736 -0.7147643381198321 -1.0457 0.9957065734581161 -0.023428908882723434 0.08955169345613856 -1.0526 0.04546557725588385 -0.7189161607124527 -0.6936082721185324 1.1994 0.0 0.0 0.0 1.0 
0.06285991895028077 0.6901582348087778 -0.720923186972923 -1.0474 0.9970124497676898 -0.010937116940273314 0.07646276532577667 -1.0527 0.044886585944958535 -0.7235758359692969 -0.6887838586984594 1.1998 0.0 0.0 0.0 1.0 
0.046058852253950996 0.6879227491425348 -0.7243209739757823 -1.0489 0.9981720083088221 -0.0032906930612550817 0.060347437127927506 -1.0533 0.03913085684956652 -0.7257764549441885 -0.6868167976184516 1.2003 0.0 0.0 0.0 1.0 
0.025067779362662176 0.6817542801631787 -0.7311516312756272 -1.0505 0.999087515311493 0.008213562176426811 0.04191269670494924 -1.0541 0.034579519755658594 -0.7315351248406051 -0.6809262940567856 1.2011 0.0 0.0 0.0 1.0 
0.010245732631320212 0.6776075648733875 -0.7353523053538389 -1.0513 0.9993228335332835 0.019051296579793195 0.03147892116382395 -1.0546 0.03533976997459076 -0.7351768740411975 -0.6769535172618253 1.2019 0.0 0.0 0.0 1.0 
-0.006336472474132382 0.6755065601130321 -0.7373267500646126 -1.0517 0.9994583228696088 0.028090454021031497 0.017146056093511608 -1.0551 0.03229411654239972 -0.7368187115140001 -0.6753186480466797 1.2029 0.0 0.0 0.0 1.0 
-0.02458591371077959 0.6692922581586243 -0.7425923552097313 -1.0522 0.9991610558547592 0.040787666246998006 0.003681133701255279 -1.0555 0.03275236342936366 -0.7418788576654904 -0.6697335613799997 1.2039 0.0 0.0 0.0 1.0 
-0.039732507238628895 0.6658970529675426 -0.7449848607305208 -1.0521 0.9983821712026472 0.05680609114842247 -0.002471483992415091 -1.0562 0.04067392399584713 -0.7438778010248581 -0.6670767939669325 1.2047 0.0 0.0 0.0 1.0 
-0.05533158726363417 0.6585538027404696 -0.7504967050873399 -1.0517 0.9974522136691806 0.07035455183974938 -0.011803325034907386 -1.0566 0.045027734756908355 -0.7492376965499632 -0.6607687773882532 1.2057 0.0 0.0 0.0 1.0 
-0.0714705666010152 0.6522246376200032 -0.754648911873055 -1.0513 0.9964937245144461 0.079685381161916 -0.025504843312751824 -1.0573 0.04349959899881506 -0.7538257504957869 -0.6556329177035016 1.2068 0.0 0.0 0.0 1.0 
-0.0823735910737833 0.6488966562726776 -0.756404469164314 -1.051 0.9958125146804683 0.08378717599083217 -0.036566989830218555 -1.0582 0.03964879694733647 -0.756249190821134 -0.6530812616229386 1.2074 0.0 0.0 0.0 1.0 
-0.09365043313033465 0.6423422879782654 -0.7606746883190924 -1.0506 0.9947840577719762 0.09139459273639701 -0.04529577045674599 -1.0588 0.04042616451288461 -0.7609490216127461 -0.6475510109090882 1.2082 0.0 0.0 0.0 1.0 
-0.10720846581671294 0.6322494370425078 -0.7673115366112111 -1.0502 0.9934007652362009 0.09975629757914518 -0.05660035972881228 -1.0592 0.04075861240715417 -0.7683159053753426 -0.6387717941972002 1.2083 0.0 0.0 0.0 1.0 
-0.11421022203402877 0.6326342679369813 -0.7659829686192623 -1.05 0.9926355409725943 0.10400983920946291 -0.062101820791881146 -1.0595 0.040382025469051175 -0.7674345811725334 -0.6398542456212629 1.2085 0.0 0.0 0.0 1.0 
-0.12110378440243684 0.6315449118467118 -0.7658230198446228 -1.0497 0.9916521647882262 0.11138073735082112 -0.06496395475964006 -1.0598 0.04427027754863594 -0.7672974362447178 -0.6397615077964994 1.2088 0.0 0.0 0.0 1.0 
-0.12674101406210303 0.6319467949722365 -0.7645782913991399 -1.0491 0.9907859132787485 0.11775515115978283 -0.06691037605433775 -1.0599 0.04774923457926833 -0.7660136896294052 -0.6410483896691725 1.2091 0.0 0.0 0.0 1.0 
-0.13040939348725578 0.6357375553300729 -0.7608095365025525 -1.0483 0.9903070054634188 0.12052358911351667 -0.06903694226479434 -1.0606 0.04780611906819493 -0.7624380795908208 -0.64529276283676 1.2095 0.0 0.0 0.0 1.0 
-0.13291718706783603 0.6321301426964057 -0.763377039264737 -1.0477 0.9900054775000191 0.12130995511978063 -0.07192391333065751 -1.0613 0.047139960775683776 -0.7653073745126587 -0.6419364817601569 1.2101 0.0 0.0 0.0 1.0 
-0.12780603238465266 0.6344394037613743 -0.7623334316695058 -1.0468 0.9904823925797823 0.12124192035534058 -0.06515386970840159 -1.0621 0.05109058695614316 -0.7634048989255056 -0.6438965073837686 1.2108 0.0 0.0 0.0 1.0 
-0.11941972842898933 0.6399944406278264 -0.7590428475569889 -1.046 0.9915284476360233 0.11621796927050816 -0.05800621645252352 -1.063 0.05109076228090781 -0.7595396629433615 -0.6484514125402465 1.2112 0.0 0.0 0.0 1.0 
-0.11374997912507712 0.6343149530346737 -0.7646603707566281 -1.0451 0.9923817481875317 0.10920215595202287 -0.057038188958700775 -1.0644 0.047322384907175774 -0.7653230883045732 -0.6419043249539976 1.2122 0.0 0.0 0.0 1.0 
-0.10188792316152337 0.6376492460310265 -0.7635589631128004 -1.0431 0.9940264737859471 0.0954403704220849 -0.052938691959387996 -1.0672 0.03911803326481622 -0.7643916370093007 -0.6435644526725618 1.2133 0.0 0.0 0.0 1.0 
-0.09264079945370421 0.6367845198911657 -0.7654561760829657 -1.0415 0.9951961884570713 0.08365964221261722 -0.05084890112258428 -1.0693 0.03165799673220088 -0.7664897517200309 -0.6414758232007418 1.214 0.0 0.0 0.0 1.0 
-0.08547271544502172 0.6340993170335085 -0.7685131560696227 -1.04 0.9959544285542958 0.07584720717611552 -0.04818690077883553 -1.0717 0.027734295692162014 -0.7695227464482264 -0.638016889699041 1.2145 0.0 0.0 0.0 1.0 
-0.07953007934530418 0.6316047796756997 -0.7712006021588291 -1.0374 0.996539266506875 0.06913924003044383 -0.04614385980769786 -1.0756 0.024175541137054668 -0.7722015072368246 -0.6349176131057535 1.2156 0.0 0.0 0.0 1.0 
-0.07097452341457425 0.6298904083755164 -0.7734343478683885 -1.0359 0.9971856894031033 0.06358060102555105 -0.039726666395351606 -1.0782 0.024151974572111323 -0.7740772446014383 -0.6326303039805422 1.216 0.0 0.0 0.0 1.0 
-0.06864194899792607 0.625883679227138 -0.7768898911138353 -1.0344 0.9973402599492954 0.06218134603618254 -0.03802480886737086 -1.0813 0.024508951875542806 -0.7774336629463825 -0.6284872401216534 1.2166 0.0 0.0 0.0 1.0 
-0.066500661127718 0.6209946917397771 -0.7809886394183946 -1.0324 0.9976307073636614 0.05520763418028897 -0.04104983377914467 -1.086 0.017624806230323253 -0.7818680898714527 -0.6231947177617194 1.2175 0.0 0.0 0.0 1.0 
-0.06110597151971203 0.6197400112795816 -0.7824246792272194 -1.0315 0.9980558855729743 0.0475727937010008 -0.04026510365848862 -1.0895 0.012268232055963002 -0.7833639943976662 -0.6214421475596541 1.2179 0.0 0.0 0.0 1.0 
-0.05674984704368059 0.6192886836384305 -0.7831098142520619 -1.0287 0.9983844696602074 0.03741010413029999 -0.04276604786821525 -1.0949 0.0028116902079043937 -0.7842716432629323 -0.6204112216682051 1.2192 0.0 0.0 0.0 1.0 
-0.05542716803132164 0.6191910867924977 -0.7832817035273791 -1.0269 0.9984609164812424 0.03287639126607646 -0.04466476415203674 -1.0995 -0.0019045480999052011 -0.7845518089546701 -0.6200603452588221 1.2199 0.0 0.0 0.0 1.0 
-0.05492837390942035 0.6147418854743006 -0.7868133755746458 -1.0217 0.9984789255239349 0.03757826814046013 -0.040344876355394466 -1.1106 0.0047653986439018525 -0.7878326522854111 -0.6158709304462253 1.2213 0.0 0.0 0.0 1.0 
-0.05340421095401317 0.6156070789568979 -0.7862416388048497 -1.0165 0.998564986576449 0.03607253193670856 -0.03958206694012034 -1.1217 0.0039947260176741994 -0.7872272205518757 -0.616650099640155 1.2226 0.0 0.0 0.0 1.0 
-0.05369640364776604 0.6135439781198111 -0.7878327761322281 -1.0135 0.9985549579019111 0.03470413894722782 -0.04103192402806127 -1.1277 0.0021661682319865094 -0.7888975913595178 -0.6145208686955573 1.2233 0.0 0.0 0.0 1.0 
-0.05218368855972033 0.6120863334474695 -0.7890672867728934 -1.0104 0.9986337568448784 0.03414867891511876 -0.03955360183645468 -1.1334 0.0027353862957147923 -0.7900532818330581 -0.6130320787092858 1.2237 0.0 0.0 0.0 1.0 
-0.04958333362082076 0.6158380972011526 -0.7863109633362044 -1.0056 0.9987692835238595 0.031509319659687965 -0.03830249422452614 -1.1412 0.0011879883343873243 -0.787242402827901 -0.6166425122171436 1.2243 0.0 0.0 0.0 1.0 
-0.05013898019012081 0.6122529389664073 -0.7890706060882584 -1.0018 0.9987422378287416 0.03086157958633988 -0.0395158864543515 -1.147 0.00015824769149463958 -0.7900594291775984 -0.6130302385080488 1.2249 0.0 0.0 0.0 1.0 
-0.04569959501027575 0.6144406150928927 -0.7876384180194389 -0.9966 0.9989427085970661 0.032056080201516526 -0.032952582036477496 -1.1548 0.005001195522434498 -0.7883115743450564 -0.615255922195768 1.2253 0.0 0.0 0.0 1.0 
-0.04271831789327753 0.6139017166825107 -0.7882257465793889 -0.9925 0.9990802311461036 0.02918604486731878 -0.03141443168435587 -1.1605 0.003719818465610314 -0.7888427327669749 -0.6145838477468422 1.226 0.0 0.0 0.0 1.0 
-0.03727298948573812 0.6148566291859402 -0.7877576085325353 -0.988 0.9993017053506194 0.024994400222138807 -0.027773758133878557 -1.1659 0.002612649639675002 -0.7882427326043917 -0.6153588941083256 1.2272 0.0 0.0 0.0 1.0 
-0.030258546789418223 0.6136562128336702 -0.7889933287403829 -0.9825 0.9995371445221424 0.021063684693247348 -0.021950350969067167 -1.1727 0.003149137455615403 -0.7892923245780239 -0.6140095351828869 1.2286 0.0 0.0 0.0 1.0 
-0.01932392264391264 0.6128268133382206 -0.7899809382936867 -0.9782 0.9998041602091281 0.015218276671237263 -0.01265090050855644 -1.1772 0.0042693374394394135 -0.7900706936147418 -0.6130008742644246 1.2301 0.0 0.0 0.0 1.0 
-0.009522466136695037 0.6113266744588262 -0.7913210598320937 -0.9737 0.999942201783653 0.00977181844168297 -0.004483821629264473 -1.1817 0.004991565960274558 -0.7913180199259051 -0.611384392677642 1.232 0.0 0.0 0.0 1.0 
0.004223299628225485 0.6090167015085153 -0.7931461536337033 -0.9673 0.9999879806271708 -0.0005967488616444583 0.004866466067800668 -1.1879 0.002490450048316495 -0.7931571730587097 -0.6090119017589662 1.2348 0.0 0.0 0.0 1.0 
0.014218077443614169 0.6066634519982531 -0.794831618824623 -0.9621 0.9998946955751081 -0.0063162854103129 0.013065309004284376 -1.1924 0.0029058621043256405 -0.7949336831133644 -0.6066893730874572 1.2371 0.0 0.0 0.0 1.0 
0.02516789110533177 0.6013150089308923 -0.7986155754126957 -0.9567 0.9996757048873068 -0.012037104481604582 0.02244088175106046 -1.197 0.003881019888676618 -0.798921377952887 -0.6014229539471235 1.2395 0.0 0.0 0.0 1.0 
0.03838355992028068 0.5983566804253795 -0.8003099307881707 -0.9488 0.9992627128827927 -0.02229780281559096 0.031254417795226364 -1.2027 0.000856136652505668 -0.800919528404644 -0.5987713888038697 1.2428 0.0 0.0 0.0 1.0 
0.04512135940652966 0.5883024971090025 -0.8073810963978654 -0.9429 0.9989761236670553 -0.029226634462871076 0.03453271175448053 -1.2074 -0.00328135161954618 -0.8081126008999526 -0.5890188935834428 1.2461 0.0 0.0 0.0 1.0 
0.0552036971465074 0.5753893569366789 -0.8160144850095197 -0.9372 0.998466716202666 -0.03516359910899183 0.04275205180066233 -1.2115 -0.004094930624698512 -0.8171233745412604 -0.5764482824343237 1.2489 0.0 0.0 0.0 1.0 
0.07274367385576383 0.5724158203734908 -0.8167303634003755 -0.9294 0.9973395728892909 -0.0456126932196588 0.05686174958841822 -1.217 -0.00470470647043536 -0.818693844366374 -0.5742109846856243 1.2523 0.0 0.0 0.0 1.0 
0.0838386086689516 0.5599833894849267 -0.8242509879869282 -0.9239 0.9964002316887637 -0.057533339511673776 0.06226148998548331 -1.2207 -0.012556511738231746 -0.8265037920939065 -0.5627910941613773 1.2549 0.0 0.0 0.0 1.0 
0.09237050639181431 0.561394122063678 -0.8223772426698541 -0.9178 0.9956110946144325 -0.06454896311166537 0.06776414717135065 -1.2243 -0.01504120439231521 -0.8250273153499592 -0.5648926367876179 1.2572 0.0 0.0 0.0 1.0 
0.10217578781844383 0.5576431652216042 -0.8237682979244292 -0.9102 0.994648345650695 -0.07002590049540414 0.07596737295802353 -1.2292 -0.015322430551842181 -0.8271218009105059 -0.5618138033018995 1.2598 0.0 0.0 0.0 1.0 
0.1076872347317923 0.555272477910887 -0.8246671660436855 -0.9046 0.9940939564133985 -0.07135456659670149 0.08176632343546697 -1.2323 -0.013441179195902542 -0.8286018350815431 -0.5596769904161893 1.2618 0.0 0.0 0.0 1.0 
0.11670878111340437 0.5495956150080108 -0.8272386115112069 -0.8996 0.9930966055309578 -0.07443838173440417 0.09065351293608048 -1.2354 -0.011755530354367827 -0.8321079180543406 -0.5544891524794314 1.2634 0.0 0.0 0.0 1.0 
0.1259284561444541 0.547722060325792 -0.8271291123914959 -0.8932 0.991960811737215 -0.08001140318335145 0.09804041686099141 -1.239 -0.012480861777941887 -0.8328257440744137 -0.5533945320439834 1.2656 0.0 0.0 0.0 1.0 
0.13315705201324882 0.5410615214447627 -0.8303743911700434 -0.8886 0.9910048370220732 -0.08398482897125223 0.10419194547336219 -1.2414 -0.013364598684416695 -0.83677893049153 -0.5473777571179307 1.2674 0.0 0.0 0.0 1.0 
0.1416304796771637 0.5415348143312827 -0.8286620855895359 -0.8844 0.9898226851263684 -0.08918429118423399 0.11089280506503352 -1.2439 -0.013851326132983732 -0.8359343317947581 -0.5486546579508906 1.2691 0.0 0.0 0.0 1.0 
0.1471785212767915 0.5318745231734325 -0.8339352339803199 -0.879 0.9889890408230295 -0.09231488353718745 0.11566606853118006 -1.2472 -0.015464798955083403 -0.8417763680910444 -0.5396048425623416 1.2719 0.0 0.0 0.0 1.0 
0.15562235732227947 0.5263883701669211 -0.8358809518433049 -0.8755 0.9876698057598937 -0.09750457359267484 0.12247943875902051 -1.2499 -0.017030463636400595 -0.8446349163286604 -0.5350717909092259 1.2741 0.0 0.0 0.0 1.0 
0.16158828185280985 0.5244674516107046 -0.8359564099693417 -0.872 0.9866625450845958 -0.1027290496981493 0.12626862031123587 -1.2523 -0.019653226072193497 -0.8452104084481499 -0.5340722012573459 1.2758 0.0 0.0 0.0 1.0 
0.16544802799856428 0.5141514875959776 -0.8415908731885283 -0.8674 0.9858956275458388 -0.10806031526154894 0.1277997646772917 -1.2563 -0.025234135954749215 -0.8508649811035931 -0.5247780695819895 1.2787 0.0 0.0 0.0 1.0 
0.17288266066061336 0.5104279313085136 -0.8423626965761357 -0.8645 0.9847173032598668 -0.10785726549836896 0.13674298131834856 -1.2596 -0.021057499935250912 -0.8531296133761423 -0.5212738670575682 1.2799 0.0 0.0 0.0 1.0 
0.17559443480480053 0.5093755640741763 -0.8424387984831286 -0.8613 0.9842474739227102 -0.10872361057873911 0.13941336585667324 -1.2625 -0.02057922598997808 -0.8536484705233398 -0.5204428731674745 1.2812 0.0 0.0 0.0 1.0 
0.18068123430156713 0.5058531643862163 -0.8434849540162017 -0.8569 0.9832881339544659 -0.11237641192263526 0.14323403110901606 -1.2668 -0.022332424758780223 -0.8552684479880255 -0.5177037228768473 1.2829 0.0 0.0 0.0 1.0 
0.1852679025695958 0.5058568442869897 -0.8424871852826435 -0.8541 0.9824701344948916 -0.1134029994357573 0.14796011132924924 -1.2698 -0.02069393879987469 -0.8551307577247951 -0.5179991776923639 1.2836 0.0 0.0 0.0 1.0 
0.18798962819209686 0.5040298156180145 -0.8429791484136886 -0.8507 0.982021701011613 -0.11142292146828614 0.15237556009324543 -1.2739 -0.01712537399461095 -0.8564688421300231 -0.5159145704726726 1.2843 0.0 0.0 0.0 1.0 
0.19212373111262096 0.5036268667387637 -0.8422876296386292 -0.8479 0.981244000861966 -0.11237438121194204 0.15662761320927826 -1.2764 -0.01576967709775462 -0.8565815650281814 -0.5157706270602311 1.285 0.0 0.0 0.0 1.0 
0.19891876756604246 0.510913400918626 -0.836300675996241 -0.8453 0.9798568146121556 -0.11906511053462321 0.16032505203959008 -1.2798 -0.017662014837669826 -0.8513465782013463 -0.5243062626144499 1.2854 0.0 0.0 0.0 1.0 
0.20673697644640437 0.5075364349740471 -0.8364607520640963 -0.843 0.9782887456705721 -0.1199229191491265 0.16902551155683765 -1.2833 -0.014524209585978276 -0.8532439631410157 -0.5213096840643914 1.2856 0.0 0.0 0.0 1.0 
0.2133676173779973 0.5083470932617996 -0.8343006008787934 -0.8414 0.976906170473031 -0.12092609841149635 0.17615678475349822 -1.2863 -0.011339927078854173 -0.8526195584756735 -0.5224091256463597 1.286 0.0 0.0 0.0 1.0 
0.22306526458255366 0.5093876325563741 -0.8311234129389737 -0.84 0.9746826427941678 -0.1299753308560658 0.18193449151997793 -1.2895 -0.015350360663256402 -0.8506648300990636 -0.5254842654733244 1.2864 0.0 0.0 0.0 1.0 
0.2313420191773504 0.5057972873700306 -0.8310535327234131 -0.8385 0.9726328815450428 -0.13920271498025008 0.1860319377943308 -1.2942 -0.02159045854846442 -0.8513469963717767 -0.5241585102508792 1.2873 0.0 0.0 0.0 1.0 
0.23941279057289583 0.5056537890034174 -0.8288520744840937 -0.8379 0.9707384373744825 -0.14107473125578057 0.19433169171511067 -1.2982 -0.01866552741944999 -0.8511240602095539 -0.5246326640789316 1.2878 0.0 0.0 0.0 1.0 
0.2502407630128252 0.5066966192637992 -0.8250079372669066 -0.8373 0.9680748819994989 -0.14372007612376209 0.20536689743149156 -1.3038 -0.01451149090947551 -0.8500606306291434 -0.5264848914128188 1.2884 0.0 0.0 0.0 1.0 
0.2583463456606572 0.5056268677562518 -0.8231637967541976 -0.8369 0.9658776505010186 -0.15139740584706388 0.21014088075719856 -1.3089 -0.018371988091002878 -0.8493646426039767 -0.5274866576016902 1.289 0.0 0.0 0.0 1.0 
0.26602319581301076 0.5079733338307033 -0.8192647627027256 -0.8365 0.9637422723668143 -0.1584867142438469 0.2146690333081097 -1.3144 -0.020796435816785086 -0.8466670263598967 -0.5317165172648 1.2896 0.0 0.0 0.0 1.0 
0.27523787155984136 0.5025852986162609 -0.8195438558576422 -0.8366 0.9611380355314092 -0.16282463365266583 0.22293903949442945 -1.3217 -0.02139604435478354 -0.8490560383688928 -0.5278693522030703 1.2901 0.0 0.0 0.0 1.0 
0.2858527445065104 0.49823335572749794 -0.8185668767416701 -0.8366 0.9581743802164723 -0.16089678673556912 0.23667294123948374 -1.3302 -0.013786426472260471 -0.8519834195914175 -0.5233872248980096 1.2908 0.0 0.0 0.0 1.0 
0.3043213515509853 0.4943483857629778 -0.8142531476658346 -0.8365 0.9521852339665744 -0.1821429507940698 0.24529008478136416 -1.3436 -0.02705171355388325 -0.849966834040933 -0.5261412223198554 1.2912 0.0 0.0 0.0 1.0 
0.3167916535043814 0.49088265235916617 -0.8115893480589734 -0.8361 0.9477655356872529 -0.1973810616304736 0.2505617805513869 -1.3537 -0.03719593571096391 -0.8485722939870572 -0.5277703328571328 1.2909 0.0 0.0 0.0 1.0 
0.3253527237714128 0.48787125057934944 -0.8100168195739299 -0.8358 0.9449067122935799 -0.20036570335015885 0.25885302776582286 -1.3616 -0.03601263940702609 -0.8496088675261916 -0.5261823467428393 1.2902 0.0 0.0 0.0 1.0 
0.3330803087353449 0.4856508211745587 -0.8082083814371417 -0.8353 0.9421943464923059 -0.2045481064817006 0.2653862949978533 -1.3699 -0.036432421971426154 -0.8498843168497863 -0.5257084045381701 1.2895 0.0 0.0 0.0 1.0 
0.3439732423917629 0.48237293651508817 -0.8056045919905797 -0.8347 0.9381813479436185 -0.2119222094729159 0.2736872951066834 -1.3809 -0.038706160868688166 -0.849944308322568 -0.5254488613184721 1.2888 0.0 0.0 0.0 1.0 
0.35014452286456255 0.47839381499915434 -0.8053186765985894 -0.8344 0.9358681094658247 -0.214801682744167 0.2793047059666879 -1.3897 -0.03936616304406165 -0.8514690803903743 -0.5229251479383634 1.2887 0.0 0.0 0.0 1.0 
0.36266722181656713 0.4788124293273581 -0.799506812817431 -0.8337 0.9313056495885308 -0.21732661664351155 0.2922993820430839 -1.3978 -0.033797533406114966 -0.8505926164856581 -0.5247379608106741 1.2884 0.0 0.0 0.0 1.0 
0.3709201480819676 0.47780343547844967 -0.7963178516094198 -0.8331 0.9279704972110374 -0.22384878110587852 0.2979303265921615 -1.4106 -0.03590264687666922 -0.849467833553692 -0.5264175146258394 1.2887 0.0 0.0 0.0 1.0 
0.3799910783191526 0.47714829474072906 -0.7924243088294693 -0.8325 0.9242334788538655 -0.2304991572540393 0.3044053466528783 -1.42 -0.037406643307425824 -0.848056391598573 -0.5285840516940319 1.2894 0.0 0.0 0.0 1.0 
0.38390911456256693 0.4769338397253656 -0.7906629523890725 -0.8319 0.9228186764392959 -0.2277851316772689 0.31067607600456615 -1.4295 -0.03192933088261579 -0.8489099164879559 -0.5275722429372113 1.2903 0.0 0.0 0.0 1.0 
0.39185838533066164 0.47656180913072477 -0.786978937408173 -0.8312 0.9195738374930912 -0.22967932130467417 0.3187967483574039 -1.4421 -0.028826433082786096 -0.8486084205586666 -0.5282355396152825 1.292 0.0 0.0 0.0 1.0 
0.39475058823449405 0.47486785335312504 -0.7865573691348366 -0.8311 0.9182956571872183 -0.23194501133171216 0.32083422153727104 -1.4518 -0.030084199833396552 -0.848941713882718 -0.5276295171332414 1.2934 0.0 0.0 0.0 1.0 
0.3991526790486559 0.47453467435898034 -0.7845342450392443 -0.8309 0.9164633098183522 -0.2324187542901348 0.3256939121491415 -1.4615 -0.027787417387577285 -0.8489984484586754 -0.5276641867226637 1.2952 0.0 0.0 0.0 1.0 
0.40326542449068387 0.46708750315627373 -0.7868966017245129 -0.8306 0.9147318204886536 -0.22958362187716425 0.33250121375910335 -1.4734 -0.025351410135576014 -0.8538856041420312 -0.5198429388220414 1.2977 0.0 0.0 0.0 1.0 
0.4093132936109353 0.46611143227738866 -0.7843486217070123 -0.8303 0.9119494598154989 -0.2358315447581066 0.33575536516819077 -1.4819 -0.028474732932693425 -0.8527154362372753 -0.5215990552014883 1.2994 0.0 0.0 0.0 1.0 
0.4101525642018272 0.4624089270406456 -0.786099776282747 -0.8302 0.9112047259382144 -0.24413782531693018 0.3318172232982844 -1.4908 -0.038481443664829196 -0.8523935161899339 -0.5214829547078521 1.3017 0.0 0.0 0.0 1.0 
0.41521511002939115 0.46032668951213274 -0.7846628265223737 -0.8295 0.9089762171262281 -0.24487704391430323 0.3373388060432485 -1.5014 -0.03685985759837662 -0.853308017240312 -0.5201026616075276 1.3045 0.0 0.0 0.0 1.0 
0.4205871334251252 0.46141199785903175 -0.7811564705159737 -0.829 0.906571565142778 -0.24708675479950312 0.34216389768241845 -1.5095 -0.035134889665547675 -0.8520839769848907 -0.5222245069831584 1.3066 0.0 0.0 0.0 1.0 
0.4271973849665175 0.45425615306348643 -0.7817632260996494 -0.8284 0.9035795998653829 -0.2454223354750632 0.3511577764439798 -1.5263 -0.03234657609212582 -0.8563989868361173 -0.5153003729488156 1.312 0.0 0.0 0.0 1.0 
0.4393689839577539 0.4516768607234892 -0.7764939854389757 -0.8277 0.8978948848919311 -0.24698776958176638 0.3643923947641191 -1.5407 -0.027196904618657425 -0.8573126939244499 -0.5140771082387987 1.3152 0.0 0.0 0.0 1.0 
0.4471200449926001 0.4487667084037392 -0.773751967231288 -0.8272 0.8940281746939582 -0.2515198912280168 0.3707443420607193 -1.5481 -0.02823629258957866 -0.8575232858325887 -0.5136696662600155 1.3163 0.0 0.0 0.0 1.0 
0.4586191204760661 0.44827262425549647 -0.7672810154544747 -0.8269 0.8881723808194097 -0.2590267710890626 0.3795457203141088 -1.5577 -0.028606367880961492 -0.8555447306846466 -0.51693799387779 1.3177 0.0 0.0 0.0 1.0 
0.46753956398143404 0.44788722558708205 -0.7621048413886091 -0.8259 0.8836385378237717 -0.26048524975227927 0.3890120424024938 -1.5662 -0.024283545554915742 -0.8553037284014369 -0.5175575732204906 1.3185 0.0 0.0 0.0 1.0 
0.4745541190935643 0.44383381700849206 -0.7601380999075125 -0.8251 0.8799539593638062 -0.2606902317245548 0.39714182917864316 -1.5749 -0.021895603469460456 -0.857351821577974 -0.514264947848517 1.3189 0.0 0.0 0.0 1.0 
0.4872713233568544 0.4448430278746138 -0.7514528182031164 -0.8241 0.8730114311471793 -0.2682929414613153 0.4072713329567764 -1.5872 -0.020437674046086762 -0.8544785416342421 -0.5190845050338193 1.3192 0.0 0.0 0.0 1.0 
0.4946060332228783 0.44461994487635426 -0.7467783985344492 -0.8224 0.8689257258695807 -0.27101265887970727 0.41414999897256244 -1.5968 -0.018247049667027837 -0.8537360501613477 -0.5203862044994562 1.3198 0.0 0.0 0.0 1.0 
0.5024108605901518 0.440128393921924 -0.7442246462089056 -0.821 0.8644693740005407 -0.27223810096212253 0.42258622528384715 -1.6075 -0.016614107745411943 -0.8556713231423879 -0.5172528957633578 1.3206 0.0 0.0 0.0 1.0 
0.5136066857769631 0.44486002094505567 -0.7336945782067416 -0.8184 0.857961321250591 -0.27674738806835864 0.43279701296945355 -1.6219 -0.010513969904083154 -0.8517690091580614 -0.5238120001248063 1.3209 0.0 0.0 0.0 1.0 
0.5204121325134937 0.439707614997475 -0.7320030229759913 -0.8167 0.853849846159864 -0.2785635538364778 0.439707614997475 -1.633 -0.010566576812469308 -0.853849846159864 -0.5204121325134937 1.3216 0.0 0.0 0.0 1.0 
0.5318591783968084 0.4337688075159711 -0.7273035377208366 -0.8153 0.8468146421849883 -0.2780519981905204 0.4534225932652334 -1.6486 -0.005547624372853666 -0.8570482529755437 -0.515206284836847 1.3222 0.0 0.0 0.0 1.0 
0.5407862685467091 0.42961861321786154 -0.7231722194111772 -0.8139 0.8411503897766187 -0.2803189693854358 0.4624795100124213 -1.6597 -0.00402908550030695 -0.858399162732262 -0.5129665134203036 1.3229 0.0 0.0 0.0 1.0 
0.5464440429039776 0.4208280624147165 -0.7240874600896163 -0.8132 0.8374245101655633 -0.2858222269048167 0.4658603271165494 -1.6719 -0.010913191500323272 -0.8609351871607105 -0.5085975872532531 1.3234 0.0 0.0 0.0 1.0 
0.5557228950303397 0.41925492206636994 -0.7179118151014232 -0.8119 0.8312181828622478 -0.29656852092463376 0.4702376472335639 -1.6877 -0.015760597015367195 -0.8580631810768349 -0.5133022314991647 1.3238 0.0 0.0 0.0 1.0 
0.5608359923591562 0.41345341409556396 -0.7172999819094117 -0.8118 0.8277771202735338 -0.2965022209666756 0.4763102687466269 -1.7 -0.015748930953428386 -0.8608964556406016 -0.5085363938198262 1.3235 0.0 0.0 0.0 1.0 
0.5661174142585091 0.411008714861765 -0.7145508446436402 -0.8118 0.824207512680142 -0.29683705073001854 0.48225485104404886 -1.712 -0.013894218757195376 -0.8619510436339087 -0.506801094181477 1.3231 0.0 0.0 0.0 1.0 
0.571041198448237 0.40967643098455925 -0.711391011730226 -0.8122 0.8207711504157189 -0.3015020304879913 0.485212576358935 -1.7275 -0.015705677956018127 -0.8609655901993829 -0.5084206763818421 1.3225 0.0 0.0 0.0 1.0 
0.5758471147548427 0.4072119402794012 -0.7089277368832514 -0.8127 0.8173464843436298 -0.3064414154614413 0.48789177429128366 -1.7386 -0.018569463094866512 -0.860390663933468 -0.5092966527049776 1.322 0.0 0.0 0.0 1.0 
0.5811444556000975 0.40758068126232494 -0.7043785274885979 -0.8131 0.8136744799105943 -0.3062398768348701 0.494116361374917 -1.7492 -0.014316510311185526 -0.8602878158488022 -0.5096076053539694 1.3219 0.0 0.0 0.0 1.0 
0.5898868063115541 0.4048799630599721 -0.6986456693146466 -0.8139 0.8074298634340814 -0.3059506932470515 0.5044315502984216 -1.7624 -0.00951689940975703 -0.8616648935718596 -0.5073884506090185 1.322 0.0 0.0 0.0 1.0 
0.5938651859636468 0.4023851230122617 -0.6967139683390668 -0.8143 0.804454905097421 -0.31126483511861525 0.5059313274381027 -1.7721 -0.013283319052958042 -0.8609299711341151 -0.5085500351371034 1.3225 0.0 0.0 0.0 1.0 
0.6010466153591063 0.398047017155826 -0.6930379053837621 -0.8147 0.7990549827542993 -0.31658611700038114 0.5111598233998323 -1.7808 -0.015940536405320727 -0.8610062732965252 -0.5083444665216099 1.3232 0.0 0.0 0.0 1.0 
0.6105975010426007 0.39385834748282855 -0.6870562523102655 -0.8154 0.7918373793979738 -0.3176704633598091 0.5216119642961746 -1.7912 -0.012816251740692397 -0.86253178424152 -0.5058405528073638 1.3242 0.0 0.0 0.0 1.0 
0.6178801971036278 0.38598076304628215 -0.6850130747550678 -0.8164 0.7860781091352309 -0.32260175444583084 0.5272658858364081 -1.7984 -0.017471930790907197 -0.8642609320029928 -0.5027402640009612 1.3248 0.0 0.0 0.0 1.0 
0.6268762067595354 0.3804055662056389 -0.6799395756966523 -0.8174 0.7787744404212822 -0.3318845002109738 0.532318560136908 -1.8054 -0.023164462983094047 -0.863217402349767 -0.504300628529477 1.3253 0.0 0.0 0.0 1.0 
0.637864465655723 0.3723295972324268 -0.6741658508694115 -0.819 0.769570820887606 -0.3420478651794189 0.5392253791918349 -1.8138 -0.02982742181475012 -0.8627710756341689 -0.5047141725342613 1.3256 0.0 0.0 0.0 1.0 
0.6472510862403159 0.3693569879335298 -0.6668144020830694 -0.8204 0.7618252417359085 -0.3435438439681999 0.5491811434541227 -1.8199 -0.026236089928868056 -0.8634541347032993 -0.5037446027988994 1.3256 0.0 0.0 0.0 1.0 
0.6562984215512361 0.36445431429406316 -0.6606401703361673 -0.8219 0.754122195505397 -0.3446164491925857 0.5590520701974133 -1.8262 -0.023918530796760318 -0.8651084069284831 -0.5010143193025388 1.3256 0.0 0.0 0.0 1.0 
0.6658781954652466 0.3582425089027156 -0.6544222899772245 -0.8242 0.7455240207633006 -0.35276900660639104 0.5654626092350067 -1.8349 -0.028287157313320488 -0.8644167587414232 -0.5019795851806164 1.3258 0.0 0.0 0.0 1.0 
0.6718426799615148 0.35296078780191 -0.6511882183028075 -0.8258 0.7399823494723664 -0.35836975723183795 0.5692075540353891 -1.8416 -0.0324582170102809 -0.8642857162859101 -0.50195285114507 1.3262 0.0 0.0 0.0 1.0 
0.67931068536589 0.3522638475189692 -0.6437757175281291 -0.8275 0.7333172956747376 -0.35929105215157564 0.5771963995973151 -1.8483 -0.027977430404070525 -0.8641875499999676 -0.5023914229095071 1.3262 0.0 0.0 0.0 1.0 
0.6886461144521143 0.3503512618009268 -0.6348389736023645 -0.8302 0.7248032829724063 -0.3575465627142997 0.588914812586346 -1.8566 -0.02065744520571683 -0.865687269656709 -0.5001587958957485 1.3268 0.0 0.0 0.0 1.0 
0.6947745876669396 0.34705523972522556 -0.6299531196140711 -0.833 0.7189204799887661 -0.3607042241168674 0.5941765782635418 -1.863 -0.02101465643202599 -0.8657049862877739 -0.5001132481063955 1.3273 0.0 0.0 0.0 1.0 
0.7054889290843187 0.34384182381083594 -0.6197242702508102 -0.8368 0.7084425727574445 -0.3666450498912863 0.6030593076099807 -1.8712 -0.0198618237902336 -0.8644907215168097 -0.5022562098840306 1.328 0.0 0.0 0.0 1.0 
0.7121938203251024 0.3377449927850205 -0.6153927868763025 -0.8402 0.7017406441792724 -0.3655676544140302 0.6114902765809807 -1.8773 -0.018439918589729654 -0.8673457268557163 -0.497364413189699 1.3287 0.0 0.0 0.0 1.0 
0.7186792826229066 0.3333906070733102 -0.6102055324592804 -0.8437 0.6950966951865358 -0.3677529310458104 0.6177364859290502 -1.8836 -0.018457331047050496 -0.8681062635544712 -0.49603512184936516 1.3295 0.0 0.0 0.0 1.0 
0.7267228567912397 0.32741936037078956 -0.6038795011188588 -0.8475 0.6866519566735145 -0.3712897981813964 0.6250223805295706 -1.8899 -0.019569870045883175 -0.8688730909752013 -0.4946479272832206 1.33 0.0 0.0 0.0 1.0 
0.7377814526946916 0.3185647857101661 -0.5951428445047009 -0.8531 0.6746937436913067 -0.37621603876414855 0.6350195622186945 -1.8984 -0.021607412698424255 -0.8700448088932253 -0.4924988834854668 1.3306 0.0 0.0 0.0 1.0 
0.7446998311932793 0.3125626869884097 -0.5896835830539005 -0.8577 0.6670263185796176 -0.37811465340299466 0.6419542033541452 -1.9049 -0.022317072899986024 -0.8713976564029295 -0.49006945698814786 1.331 0.0 0.0 0.0 1.0 
0.7546746864767542 0.30554254846834694 -0.5806116332512468 -0.8641 0.6558300324842627 -0.3766492703805732 0.6542341290497404 -1.9129 -0.018790584953728096 -0.8745164825189113 -0.48463164952347787 1.3312 0.0 0.0 0.0 1.0 
0.7622873866451279 0.2981658318417353 -0.5744693872469337 -0.8687 0.647024805545575 -0.37386640127737264 0.6645169787180893 -1.9187 -0.016638544721592707 -0.8782488546636613 -0.4779143313518805 1.3318 0.0 0.0 0.0 1.0 
0.771816475189247 0.2859712019789573 -0.5679082674738567 -0.8742 0.6355811509876658 -0.3727252758694214 0.6761009312501044 -1.9244 -0.01832836969403373 -0.8827776279260676 -0.46943341433858843 1.3321 0.0 0.0 0.0 1.0 
0.7829175743134005 0.27513740374398016 -0.5579780290407891 -0.8807 0.6216172957309607 -0.38220843537619587 0.683746041725587 -1.9328 -0.025139798713372463 -0.8821655859238122 -0.4702678699766216 1.3325 0.0 0.0 0.0 1.0 
0.7899827265009451 0.26397727623055994 -0.553392527473969 -0.8859 0.6124105542368181 -0.38340519133339357 0.6913420082115344 -1.9388 -0.02967498760718118 -0.8850516690524336 -0.4645459484464536 1.3324 0.0 0.0 0.0 1.0 
0.7948850088475502 0.2609083878022232 -0.5477998136946335 -0.8904 0.6058801952639592 -0.3899109501384713 0.6934541368749787 -1.9455 -0.03266514497651918 -0.8831173558121026 -0.4680135939981912 1.3322 0.0 0.0 0.0 1.0 
0.8059209878365219 0.2540941963884421 -0.5347218910109408 -0.8971 0.590772318715942 -0.4038486300951419 0.6984943460109514 -1.9541 -0.03846334363512907 -0.878830144756078 -0.4755819044753667 1.3317 0.0 0.0 0.0 1.0 
0.8083248027061398 0.24854876994853156 -0.5336989060201944 -0.9021 0.5871710821409042 -0.4064141809036749 0.7000411658308923 -1.9612 -0.04290843305878039 -0.8792332014417263 -0.47445531281141035 1.3321 0.0 0.0 0.0 1.0 
0.8156435024232045 0.24918096368244635 -0.5221441604510152 -0.9091 0.5773774001301547 -0.4081274196459586 0.7071544012109907 -1.9683 -0.03689193372204025 -0.8782601304120659 -0.47675793496787194 1.3318 0.0 0.0 0.0 1.0 
0.8199145195194537 0.24952874573514117 -0.5152432296818955 -0.914 0.5712600309722089 -0.41547806829882267 0.7078417561689262 -1.974 -0.03744539617648879 -0.8747075967513521 -0.48320229975721324 1.3321 0.0 0.0 0.0 1.0 
0.8224192849365219 0.24341381440908944 -0.5141752957108279 -0.9192 0.5670652913398901 -0.4229457255590987 0.7067912482401668 -1.9803 -0.04542548978387956 -0.8728497168391045 -0.48587024676531665 1.3331 0.0 0.0 0.0 1.0 
0.8275076523137027 0.23964816180733142 -0.5077399372756007 -0.9262 0.5593950683717349 -0.4292976610165643 0.7090702896942509 -1.9876 -0.04804417595969332 -0.8707883076776317 -0.4893050994709537 1.3345 0.0 0.0 0.0 1.0 
0.8314065910782832 0.2387740554953688 -0.5017469787989586 -0.9315 0.5537864293743713 -0.43023317603547595 0.7128955076862326 -1.9933 -0.04564724474020895 -0.8705666916788865 -0.4899285298764563 1.3357 0.0 0.0 0.0 1.0 
0.8330135614740696 0.23695931245788693 -0.4999386868804733 -0.9365 0.5514198679526499 -0.42909042979651824 0.7154142382453129 -1.9989 -0.04499484000825699 -0.8716258872340384 -0.48810221990491554 1.3375 0.0 0.0 0.0 1.0 
0.8384303481877641 0.23033612431306613 -0.49394313546619883 -0.9437 0.542737716288663 -0.43551859261440773 0.7181638579077421 -2.0061 -0.04970233953759781 -0.870211942760843 -0.49016410733639815 1.3396 0.0 0.0 0.0 1.0 
0.8407888384414393 0.22845355630251793 -0.49079843292845543 -0.9492 0.5389659979140541 -0.4384621763400709 0.7192124672248362 -2.011 -0.05088990317148495 -0.8692294820885108 -0.49178280289507503 1.341 0.0 0.0 0.0 1.0 
0.8439327736137612 0.22594796626499175 -0.48654392418495795 -0.9567 0.5342867711290809 -0.4353739445660411 0.7245599868813256 -2.0177 -0.04811569200422136 -0.8714339016435612 -0.48814734993568804 1.3427 0.0 0.0 0.0 1.0 
0.8477363080570244 0.22341104558500716 -0.4810724027757772 -0.9624 0.5283360689713752 -0.43594118938986065 0.7285713950034187 -2.0222 -0.04694837830766935 -0.8718043267293225 -0.487599288012516 1.3437 0.0 0.0 0.0 1.0 
0.8516774397273561 0.21909816563636564 -0.4760688316559226 -0.9684 0.521662443911707 -0.44133948991664357 0.7301285840536459 -2.0266 -0.05013814188340651 -0.8701812733303885 -0.49017417136522273 1.3443 0.0 0.0 0.0 1.0 
0.8553530024938842 0.21366483711940681 -0.47193069247870933 -0.9744 0.5153019435982533 -0.44455012394521765 0.7326930422927147 -2.0311 -0.05324610829496701 -0.8698979967094007 -0.4903491891218048 1.345 0.0 0.0 0.0 1.0 
0.8603452761918923 0.21313415428497903 -0.46301170396818625 -0.9826 0.5072909265720317 -0.4464677856312521 0.7371040850593732 -2.0372 -0.0496177544028962 -0.8690456539622949 -0.49223747295107556 1.3453 0.0 0.0 0.0 1.0 
0.8640652634096647 0.21283188641169729 -0.4561730030319908 -0.989 0.50130143396688 -0.4460879835462065 0.74141916837807 -2.0416 -0.045695654843061845 -0.8693147295784867 -0.4921420608587991 1.3453 0.0 0.0 0.0 1.0 
0.8693659269517473 0.20637223564501403 -0.44901379200444136 -0.9981 0.4918340903059848 -0.4495657674117328 0.745647268072769 -2.0484 -0.047980336266154416 -0.869080618312466 -0.4923380608945527 1.3456 0.0 0.0 0.0 1.0 
0.8729401770622383 0.20230632361278902 -0.44390043782004285 -1.0053 0.4853268328569956 -0.4521741835091752 0.7483290540108735 -2.0534 -0.04932861826106724 -0.8686832905001042 -0.49290569912140975 1.3454 0.0 0.0 0.0 1.0 
0.8781520894396189 0.19887910351963567 -0.43508161302916226 -1.0124 0.47623028145042345 -0.44959068599892293 0.7556936774200698 -2.0585 -0.04531695976653871 -0.8708130208295257 -0.48952125174630967 1.3456 0.0 0.0 0.0 1.0 
0.8836812638210579 0.19505534553270684 -0.42551243947825373 -1.0197 0.46625197089030024 -0.4472496718187081 0.7632672079285006 -2.0637 -0.041430949935148786 -0.8728809444805028 -0.4861710945236223 1.3459 0.0 0.0 0.0 1.0 
0.8904476726069412 0.18338555000133688 -0.41650051908681757 -1.0299 0.45281851712502513 -0.44827589999830586 0.7707166197957599 -2.0708 -0.045368853826988076 -0.8748819677713192 -0.482206604653036 1.3468 0.0 0.0 0.0 1.0 
0.895590521640406 0.17472341244992537 -0.4091324317256194 -1.0377 0.44249690163365973 -0.44490166729852765 0.7786263535737802 -2.0762 -0.04597944750077612 -0.8783702155565404 -0.4757642849465268 1.3478 0.0 0.0 0.0 1.0 
0.9055541912890929 0.15904723430518947 -0.39328816902956454 -1.0508 0.4219303042017524 -0.4340690021475072 0.7959641447771906 -2.0855 -0.04411830725417565 -0.8867288642164175 -0.4601798521561852 1.3508 0.0 0.0 0.0 1.0 
0.9172919628209402 0.1327625437324964 -0.375432499826245 -1.0689 0.39412399253378716 -0.43747578805995957 0.8082581353568574 -2.0995 -0.05693622268234644 -0.8893756472059451 -0.45361792811095114 1.3553 0.0 0.0 0.0 1.0 
0.922028608663209 0.12334900311833838 -0.3669445029378409 -1.0769 0.3825640083472396 -0.4353509529611916 0.8149320997930292 -2.1052 -0.05922857691925537 -0.8917704700120399 -0.4485949224975973 1.3572 0.0 0.0 0.0 1.0 
0.9285433325173773 0.10812227873002447 -0.35512934612581604 -1.0937 0.36495725511978916 -0.4409175125695573 0.8199987494166701 -2.1166 -0.06792261459154747 -0.8910114028180003 -0.4488710265492158 1.3596 0.0 0.0 0.0 1.0 
0.9342632011638274 0.11491704851185004 -0.33755939168158733 -1.1143 0.3529447339563152 -0.4329187971325501 0.8294644837856605 -2.129 -0.05081619548553473 -0.8940779535648061 -0.4450194683671096 1.3603 0.0 0.0 0.0 1.0 
0.9397700957079609 0.11629015183851732 -0.32141681318565807 -1.1317 0.33941184330974133 -0.4286203489198414 0.8373077075441958 -2.1386 -0.04039514617046486 -0.8959694174899094 -0.4422748411210599 1.3603 0.0 0.0 0.0 1.0 
0.9416269431413496 0.11268804302570952 -0.31723824629025044 -1.14 0.3340033383381539 -0.4308077446709123 0.8383593842204731 -2.1429 -0.04219561504761413 -0.8953804175268734 -0.44329836225747055 1.3604 0.0 0.0 0.0 1.0 
0.9446776804510657 0.10701524058998853 -0.3100513156544593 -1.1485 0.32491209928624526 -0.43471995250660694 0.839911120672931 -2.1465 -0.04490220256289698 -0.8941847131181122 -0.4454407828554547 1.3605 0.0 0.0 0.0 1.0 
0.9481247743503647 0.1007916019433994 -0.3014970401857259 -1.1597 0.31443890388045226 -0.43687416238970406 0.8427746685578266 -2.1509 -0.04677165797285315 -0.893857941293793 -0.44590401747068026 1.3605 0.0 0.0 0.0 1.0 
0.9506325182101425 0.10054140124012372 -0.29358004352836287 -1.1681 0.30717641124291817 -0.43917613465265387 0.8442552784125638 -2.1533 -0.04405074003197432 -0.8927573855131227 -0.4483790616369245 1.3603 0.0 0.0 0.0 1.0 
0.9540859199734913 0.1001050138476623 -0.28231019023566234 -1.1767 0.29691833832693004 -0.4403372988540565 0.8473149140686052 -2.1555 -0.039491235401177924 -0.8922343018739374 -0.44984263124565704 1.3602 0.0 0.0 0.0 1.0 
0.9571074527642038 0.09956375265614087 -0.27208892483936903 -1.1885 0.2877343702618019 -0.4367506450261797 0.852324941697273 -2.1582 -0.033974343750267186 -0.8940558893191423 -0.4466652110255464 1.3608 0.0 0.0 0.0 1.0 
0.9584873819783708 0.09788652473886665 -0.2678062113969653 -1.1978 0.2830767931714275 -0.439318081131248 0.8525650431251208 -2.1606 -0.03419748172058411 -0.8929825596649161 -0.4487902409570254 1.3616 0.0 0.0 0.0 1.0 
0.9612556719585028 0.09590010123645058 -0.2584389748285757 -1.2105 0.2739029088993434 -0.43792376733784816 0.8562709679167593 -2.1631 -0.031060096974810464 -0.8938825116218934 -0.44722402193134786 1.3629 0.0 0.0 0.0 1.0 
0.9630319095556561 0.09477892227403069 -0.25216363153746 -1.2204 0.2679324075708486 -0.4341501895064226 0.8600731584724791 -2.1645 -0.027960081381772833 -0.8958407050609559 -0.4434948308661715 1.3639 0.0 0.0 0.0 1.0 
0.9647978413147583 0.09307566055649003 -0.24597163821537615 -1.2302 0.26171116474574385 -0.4320041859587559 0.8630641051286625 -2.1655 -0.025930515648728947 -0.8970559094761519 -0.44115564558566545 1.3649 0.0 0.0 0.0 1.0 
0.9672860065240328 0.08750187392184813 -0.23812014539503776 -1.2435 0.25229248897127066 -0.4301288797281485 0.8667973504992325 -2.1657 -0.0265759589002956 -0.8985168717859299 -0.4381337119242902 1.3659 0.0 0.0 0.0 1.0 
0.9690972558404871 0.08521337171633668 -0.23149339084123102 -1.2536 0.24540331411692895 -0.4283504186543469 0.8696511554980386 -2.1654 -0.025054383705559596 -0.8995857936402616 -0.4360248590823181 1.3667 0.0 0.0 0.0 1.0 
0.9714076367587603 0.08252913609869232 -0.22261209522746925 -1.2638 0.23628656635157402 -0.42748507759816956 0.872596795199633 -2.1646 -0.023148689132292538 -0.9002474382777719 -0.4347627951719948 1.3673 0.0 0.0 0.0 1.0 
0.9738246672399187 0.08032293306924904 -0.2126352367276287 -1.2774 0.22638824377293987 -0.4264750465550969 0.8757096537935573 -2.1633 -0.020344054572914355 -0.9009257800113065 -0.43349608804988465 1.3684 0.0 0.0 0.0 1.0 
0.9757816043636123 0.07693638371188839 -0.2047707338632954 -1.2876 0.21788720151813679 -0.4247646641245393 0.8786922939947538 -2.1618 -0.019375964496518266 -0.9020286985304321 -0.43124099877832256 1.3695 0.0 0.0 0.0 1.0 
0.9778132267300647 0.0732081034140829 -0.19626988364558606 -1.2977 0.20867445016213887 -0.4224314624448898 0.8820468430793232 -2.1598 -0.018337597478076825 -0.9034335798115899 -0.42833573209288456 1.3707 0.0 0.0 0.0 1.0 
0.9809816614341778 0.06464153348971885 -0.18302035973611594 -1.3106 0.193192843633321 -0.416247783439412 0.88848990312251 -2.1563 -0.018748469236471277 -0.9069505250728254 -0.4208197238383857 1.3729 0.0 0.0 0.0 1.0 
0.9829638621491086 0.05408949217834108 -0.1756598205190869 -1.3201 0.18206057462567998 -0.4176699953061336 0.8901717374686426 -2.1539 -0.025218899180492874 -0.9069873769005079 -0.4204020757171172 1.3749 0.0 0.0 0.0 1.0 
0.9851156946505305 0.035869425973889785 -0.1681084543784341 -1.3324 0.16749788287380624 -0.4200425466143495 0.8919129544224169 -2.1514 -0.03862029759071145 -0.9067952598652218 -0.41979855800129806 1.378 0.0 0.0 0.0 1.0 
0.986945553692011 0.029752680488406236 -0.15828219120079395 -1.3412 0.15623179544951157 -0.4155633038286165 0.8960461855293326 -2.1494 -0.039116494451725325 -0.9090775096298443 -0.41478666968335476 1.3809 0.0 0.0 0.0 1.0 
0.9892564013508611 0.02110841029450635 -0.14465893474370342 -1.3528 0.14033741483880038 -0.4143199507758899 0.8992465670690253 -2.1462 -0.04095341722868456 -0.9098864838010856 -0.4128309632445104 1.3848 0.0 0.0 0.0 1.0 
0.9911101259273989 0.006798794309541369 -0.13287021743081417 -1.3699 0.12411174711373252 -0.4070102123518689 0.904952463541408 -2.1415 -0.047926949752223905 -0.9133983049235547 -0.4042357530578223 1.3921 0.0 0.0 0.0 1.0 
0.9928888370538242 0.002051764651487528 -0.1190275073910213 -1.3807 0.10969399603463754 -0.40421152502070284 0.9080640232243489 -2.1378 -0.04624915661779844 -0.9146632349134038 -0.4015621772651026 1.397 0.0 0.0 0.0 1.0 
0.9934771742495854 -0.005136122320441597 -0.11391542692966863 -1.3891 0.10215176615100525 -0.4038734342540386 0.9090936507181641 -2.1356 -0.05067663087942556 -0.9148004532964326 -0.4007143742509773 1.4009 0.0 0.0 0.0 1.0 
0.9941047555452587 -0.011964163148708365 -0.10776174554290034 -1.3971 0.09410575851199017 -0.39842081438158683 0.9123622969426106 -2.133 -0.053850173789735375 -0.9171246989737352 -0.3949461296368799 1.4048 0.0 0.0 0.0 1.0 
0.994817603125646 -0.013964256013333544 -0.10071214457720097 -1.4052 0.08679252784785332 -0.3993276347847382 0.9126908004395611 -2.1311 -0.0529621904864646 -0.916701936100945 -0.39604616741947474 1.4088 0.0 0.0 0.0 1.0 
0.9960243801671941 -0.01728055608160711 -0.0873888808377086 -1.4156 0.07337572737230943 -0.39710906064164664 0.9148335349061563 -2.1273 -0.05051174858526797 -0.9176087272567863 -0.3942623326124869 1.4136 0.0 0.0 0.0 1.0 
0.9962096923686573 -0.025159443412342473 -0.0832661470102117 -1.4235 0.06681474707950621 -0.39159914475776525 0.9177068700830828 -2.1243 -0.05569594602344651 -0.9197918852828437 -0.3884338416827059 1.4177 0.0 0.0 0.0 1.0 
0.9969133490016346 -0.03371192200599717 -0.0709033207755944 -1.4334 0.0520473240757068 -0.3923495767343876 0.9183424664540487 -2.1194 -0.05877797749926093 -0.919198191877578 -0.389383915191791 1.4214 0.0 0.0 0.0 1.0 
0.9976528393296487 -0.04078488649637053 -0.05500368361272513 -1.4413 0.03409562657834476 -0.4007289469403377 0.9155620128272679 -2.116 -0.059382660985515506 -0.9152884267363848 -0.3983977854565875 1.4234 0.0 0.0 0.0 1.0 
0.997676597444257 -0.04556949012643913 -0.050644135708549275 -1.4492 0.028543631397994526 -0.39538723492595856 0.9180709098780008 -2.1121 -0.06186006804607485 -0.9173834291217718 -0.39316787248465984 1.4252 0.0 0.0 0.0 1.0 
0.9982543223981044 -0.05372911732518719 -0.024525288274709435 -1.4655 0.00035484764341823724 -0.4097836667401815 0.9121826684146777 -2.1043 -0.05906083217032495 -0.9105989943023374 -0.40904925092086475 1.4266 0.0 0.0 0.0 1.0 
0.9984000071992477 -0.05539333139686903 -0.011358013087632339 -1.4771 -0.012463497564504506 -0.4115005981874894 0.9113242666141389 -2.0992 -0.05515511629034766 -0.90972459377995 -0.41153259484383875 1.4276 0.0 0.0 0.0 1.0 
0.9981307043107537 -0.06111496847523626 0.00024029230056286238 -1.4856 -0.02572195670696383 -0.4165183515744171 0.9087633595963778 -2.0948 -0.055438957920255945 -0.9070707929538913 -0.4173117521885945 1.4283 0.0 0.0 0.0 1.0 
0.9974733611237614 -0.06345539344955974 0.03194224304316115 -1.4965 -0.05669870432362529 -0.4401725601958362 0.8961212943450598 -2.0876 -0.04280363041248861 -0.8956682032386796 -0.4426582416839278 1.4275 0.0 0.0 0.0 1.0 
0.997223147294209 -0.058093936309216214 0.04659494677250626 -1.5053 -0.06740126110626826 -0.43797626088550773 0.8964562816456999 -2.0821 -0.03167119356634054 -0.8971075127680351 -0.440675669890264 1.4283 0.0 0.0 0.0 1.0 
0.9964299502740218 -0.05393106266458861 0.06495224920492675 -1.5141 -0.08175082675298914 -0.42432280174264114 0.9018131526244659 -2.0763 -0.02107502128381952 -0.9039035348980242 -0.42721685720105096 1.4294 0.0 0.0 0.0 1.0 
0.9937194284993137 -0.05769843312715164 0.09587798619948683 -1.5257 -0.1115038743317695 -0.43850287572358104 0.8917859126444837 -2.0691 -0.00941187717739285 -0.8968757543811859 -0.4421824258958925 1.4296 0.0 0.0 0.0 1.0 
0.9914768105882756 -0.07211890427004232 0.1085016023503298 -1.5353 -0.1293262968926111 -0.44404877275936044 0.8866202097532799 -2.0636 -0.01576207466499356 -0.8930954882081726 -0.449590931786286 1.4302 0.0 0.0 0.0 1.0 
0.9896434269972052 -0.08471266644886997 0.11588637341961273 -1.5452 -0.14147101243542215 -0.4387587457571627 0.8873988481298013 -2.0584 -0.02432776277679581 -0.894602999751691 -0.44619909546473974 1.4312 0.0 0.0 0.0 1.0 
0.9859623349248107 -0.09750678829424284 0.13553855667726925 -1.5583 -0.16495161495910624 -0.44306138134850104 0.8811853250479953 -2.052 -0.025869650790035413 -0.8911728443989415 -0.45292573626799093 1.4313 0.0 0.0 0.0 1.0 
0.9831788757509412 -0.10431039508813192 0.14992878227236106 -1.568 -0.1809309296546058 -0.44402620620369765 0.8775561103990284 -2.0476 -0.024965916194590265 -0.8899213839890068 -0.4554301629752419 1.4314 0.0 0.0 0.0 1.0 
0.9796362434322754 -0.11345290658292878 0.16565406285927636 -1.5809 -0.19899562822356215 -0.438863090125219 0.8762419346696744 -2.0416 -0.026712740439904056 -0.8913627915240963 -0.45250282141060855 1.4308 0.0 0.0 0.0 1.0 
0.9759112811153496 -0.1278331281873941 0.17679327682245952 -1.5904 -0.21586242088554833 -0.4482896984592191 0.8674328570585582 -2.0369 -0.031632050853966504 -0.8847005355447503 -0.4650853424540538 1.4295 0.0 0.0 0.0 1.0 
0.9725020204104048 -0.13807888267764956 0.18754744054817896 -1.5998 -0.23045901372615196 -0.45439471959951294 0.8604731731974272 -2.0328 -0.03359260766969627 -0.8800338976190475 -0.47372130599264584 1.428 0.0 0.0 0.0 1.0 
0.9699876406050658 -0.13777151642028468 0.20035714695680942 -1.6123 -0.24187889040863192 -0.4624309151179826 0.8530253519783769 -2.027 -0.024871257469342573 -0.875886212933164 -0.48187629381978647 1.425 0.0 0.0 0.0 1.0 
0.9674066182842531 -0.13320301068438126 0.21536339717891184 -1.6206 -0.25292473491038453 -0.46665347920814354 0.8475043414717391 -2.0221 -0.012390051264495092 -0.8743520391052744 -0.48513400039794335 1.4228 0.0 0.0 0.0 1.0 
0.9634407095236344 -0.13468916106124584 0.23160489875046747 -1.6318 -0.2679110598959831 -0.4766420900443702 0.8372789152866241 -2.0165 -0.0023797516692877496 -0.8687181061142634 -0.4953011093175952 1.4195 0.0 0.0 0.0 1.0 
0.9618255091712005 -0.13579766070412486 0.23759352948859672 -1.6399 -0.273662450222968 -0.4796363370936618 0.8337012939160745 -2.0124 0.0007438047612605136 -0.8668955989544892 -0.49848918470495884 1.4175 0.0 0.0 0.0 1.0 
0.9587206762774483 -0.14459872489109032 0.2448384643759703 -1.6474 -0.2843432942691066 -0.4818121183151101 0.8288582349526961 -2.008 -0.0018857047236347374 -0.8642617030764335 -0.5030389176923771 1.4152 0.0 0.0 0.0 1.0 
0.9556938940130817 -0.15252019939977665 0.25176729279468535 -1.6541 -0.2943422980833763 -0.4851694003611861 0.823391319186791 -2.0033 -0.003434021710657903 -0.8610158196736106 -0.5085665794826388 1.4134 0.0 0.0 0.0 1.0 
0.9526636857438853 -0.1614037387519725 0.2576445904376049 -1.663 -0.3039852791915181 -0.49179376511180695 0.8159239196346728 -1.9969 -0.0049851679742009825 -0.8556212513221246 -0.5175784214843497 1.4115 0.0 0.0 0.0 1.0 
0.9495383631295924 -0.16540154087016196 0.2664943286881556 -1.6693 -0.3136421213442802 -0.4943555672164815 0.810704133997558 -1.992 -0.0023487579343977327 -0.853378522954408 -0.5212864662508692 1.4108 0.0 0.0 0.0 1.0 
0.9453063857575564 -0.16461939105160195 0.281595974999262 -1.6775 -0.326145009176201 -0.49032808968701536 0.8082127179482747 -1.9847 0.00502693101613555 -0.8558497651770908 -0.5172000671025448 1.4098 0.0 0.0 0.0 1.0 
0.9434083550992851 -0.16766362961919987 0.28612861239620324 -1.6836 -0.3316150089775519 -0.4860045906989466 0.8085981842920297 -1.9791 0.003487312672977916 -0.8577228253477137 -0.5141005675233745 1.4095 0.0 0.0 0.0 1.0 
0.9407062895365315 -0.17367310097403071 0.29139205690010683 -1.6894 -0.33922142937639604 -0.4798283829161683 0.8091313520065139 -1.9733 -0.0007061715412868819 -0.8600013819443074 -0.5102912152640247 1.4101 0.0 0.0 0.0 1.0 
0.9372845824140955 -0.1777518508205601 0.29983644057836 -1.695 -0.3485649807164757 -0.4773381014615593 0.8066292773704643 -1.9676 -0.00025648968398495064 -0.8605536685314518 -0.509359713552321 1.4105 0.0 0.0 0.0 1.0 
0.9320082048146103 -0.18183717784520856 0.3135218443929173 -1.7019 -0.36243097772307464 -0.4726456247195298 0.8032744859761083 -1.9587 0.0021195624413535286 -0.8622884402488387 -0.5064130263611728 1.4107 0.0 0.0 0.0 1.0 
0.9285994285675029 -0.1882795566523523 0.3197716526068267 -1.7067 -0.37107755423755107 -0.46618939722500763 0.8030995546357012 -1.9518 -0.0021330741160903444 -0.8644178702813692 -0.502769525262856 1.4113 0.0 0.0 0.0 1.0 
0.9266374122895964 -0.19364531790776357 0.32224927773020917 -1.7118 -0.37593416948117026 -0.4679680311894503 0.799799613654053 -1.9451 -0.004075090396917169 -0.8622687589360238 -0.5064345772172216 1.4119 0.0 0.0 0.0 1.0 
0.9215844568725251 -0.19387871351454766 0.33629322517249227 -1.7173 -0.3881728067045679 -0.4647288308183078 0.7958322599275216 -1.9349 0.0019902226184073113 -0.8639665261178768 -0.5035453115279067 1.4122 0.0 0.0 0.0 1.0 
0.9172711242345699 -0.19615302736775472 0.34660882057430853 -1.7214 -0.39825217580421657 -0.4582777711359059 0.794592152585157 -1.926 0.0029814614965998076 -0.8668941540564056 -0.49848333628133773 1.4121 0.0 0.0 0.0 1.0 
0.9130851939311919 -0.20240790885458027 0.3539865351348179 -1.727 -0.4077489178445868 -0.4617957847480334 0.7877090028592516 -1.9157 0.00403095772815279 -0.8635830542698623 -0.504190499471906 1.413 0.0 0.0 0.0 1.0 
0.90944521683195 -0.20479190528560465 0.36189732398980123 -1.7304 -0.4157873579429173 -0.45937507393949484 0.7849174570729919 -1.9069 0.0055018684404105345 -0.8643117591312613 -0.5029263489528948 1.4138 0.0 0.0 0.0 1.0 
0.9063170527053874 -0.20505329417297508 0.36951663903568793 -1.734 -0.4225634781693935 -0.45096637093736347 0.7861739242692855 -1.8976 0.0054320247425839185 -0.868667070189952 -0.49536654537302005 1.4147 0.0 0.0 0.0 1.0 
0.9018780762800345 -0.20904138439379413 0.378044488302833 -1.737 -0.4319675249514089 -0.44545571951848517 0.7842023076576752 -1.8883 0.004471343509367537 -0.8705578105783642 -0.49204583681627323 1.4164 0.0 0.0 0.0 1.0 
0.8945130849900751 -0.223609369346898 0.3870984251089398 -1.741 -0.4470359244908344 -0.4430010024382127 0.7771158176574222 -1.8765 -0.0022853875303613935 -0.8681871697848462 -0.49623161449550435 1.4182 0.0 0.0 0.0 1.0 
0.8898493340771838 -0.23727733524750128 0.38970197436019927 -1.7443 -0.4561337008397639 -0.44299493026771786 0.7718144457804094 -1.8676 -0.010498076043414156 -0.8645547743983285 -0.5024289327501372 1.4194 0.0 0.0 0.0 1.0 
0.8861944875108304 -0.2452821235272189 0.39305980484322606 -1.7478 -0.46305391456371536 -0.4405053717611026 0.7691138340043249 -1.8589 -0.015504918981930016 -0.8635923212532584 -0.5039522796453776 1.4209 0.0 0.0 0.0 1.0 
0.8800660813877089 -0.2543433412101654 0.40099022079463664 -1.7518 -0.4743223207687361 -0.43101665134967837 0.767621640054441 -1.847 -0.02240599052580103 -0.8657563808839984 -0.49996385924104414 1.4224 0.0 0.0 0.0 1.0 
0.8756321629063152 -0.2639007041249605 0.4045055421701398 -1.7547 -0.48227559926779584 -0.43257982304158504 0.7617643618916545 -1.839 -0.026049215629209393 -0.8621085285853871 -0.5060536763085927 1.4234 0.0 0.0 0.0 1.0 
0.8712075579689659 -0.2724889815622717 0.4083468450532054 -1.7584 -0.48989155004000134 -0.42888791623952127 0.7589871043062102 -1.8278 -0.03168059559344502 -0.8612809705496094 -0.5071404436957944 1.4247 0.0 0.0 0.0 1.0 
0.8689724383321054 -0.27513994082055 0.41132093842207873 -1.7605 -0.49354928474380594 -0.4213971215185602 0.760811126039012 -1.819 -0.03600006872261288 -0.864131054262683 -0.5019776051885492 1.4256 0.0 0.0 0.0 1.0 
0.8629545538504451 -0.28234536995151477 0.41903523724827885 -1.7627 -0.5041943323835029 -0.4267976088092191 0.7507542049879484 -1.8113 -0.033128736485608434 -0.8591419517062794 -0.5106638753986736 1.4258 0.0 0.0 0.0 1.0 
0.8566769629250706 -0.2886854612378467 0.42751056789671155 -1.7652 -0.514743620765992 -0.4240597281643796 0.7451257288739055 -1.8003 -0.033816949510471095 -0.8583903840439058 -0.5118811996027615 1.4259 0.0 0.0 0.0 1.0 
0.8545796755395745 -0.2925159175874059 0.42910140539582675 -1.7673 -0.5180827503038963 -0.42320010396302005 0.743298012807272 -1.7924 -0.03583074088302268 -0.857517410880786 -0.5132056586243829 1.4261 0.0 0.0 0.0 1.0 
0.8500101188071356 -0.29931245510460586 0.43346839809233245 -1.7697 -0.5255981420994118 -0.42713779875355584 0.7357308569698663 -1.7852 -0.03506267170547728 -0.8532088578391698 -0.5203895213757228 1.426 0.0 0.0 0.0 1.0 
0.8447610105797032 -0.2994286248869482 0.44353278751707814 -1.7723 -0.5343953323271976 -0.4281892034628578 0.7287493635158437 -1.7751 -0.02829246880818917 -0.852640900166157 -0.5217308037413384 1.4256 0.0 0.0 0.0 1.0 
0.8407363187189989 -0.30048836713010035 0.4504100172135522 -1.7744 -0.5408406296108756 -0.4267808447591275 0.7248099915900701 -1.7677 -0.025570603218108945 -0.8529741213930069 -0.5213264739919607 1.4258 0.0 0.0 0.0 1.0 
0.8353221385399312 -0.30580268352817863 0.45686063915820185 -1.7774 -0.5492735438512135 -0.4292538103938977 0.7169656479130984 -1.7582 -0.023140848951695048 -0.8498387405909926 -0.5265345345753785 1.4254 0.0 0.0 0.0 1.0 
0.8328644153965723 -0.30875208149084155 0.4593571788284132 -1.7792 -0.5529641269578415 -0.4284520348110468 0.7146044557403949 -1.7534 -0.02382309517838127 -0.8491766636226802 -0.5275712786863738 1.425 0.0 0.0 0.0 1.0 
0.8268183222720678 -0.3133490073119123 0.4671015538101344 -1.7829 -0.5620427029955579 -0.42793871249457854 0.707796904738873 -1.7441 -0.021896619936643963 -0.8477504691624307 -0.5299430913505985 1.4239 0.0 0.0 0.0 1.0 
0.8230836799505775 -0.31473104095533677 0.4727342040282104 -1.7859 -0.5676282302468972 -0.42921967692408514 0.7025444193557868 -1.7369 -0.01820571409725638 -0.8465901256218114 -0.5319339349711155 1.4224 0.0 0.0 0.0 1.0 
0.8188548137013567 -0.3179654626760703 0.47788571711582833 -1.791 -0.5737871368586642 -0.4307243893368114 0.6965951636395188 -1.7283 -0.015656169827053146 -0.8446149803168447 -0.5351452320358678 1.4207 0.0 0.0 0.0 1.0 
0.8136191286233814 -0.32125798730232064 0.48457942499923745 -1.7947 -0.5812042144254717 -0.4278932322879274 0.6921770314711838 -1.7214 -0.015019143524178519 -0.8448080772321319 -0.5348586149358991 1.4193 0.0 0.0 0.0 1.0 
0.8092025801098602 -0.32457622354874527 0.489736112054625 -1.7986 -0.5874224229515249 -0.4310255711584553 0.6849466066937534 -1.7148 -0.011228595517920187 -0.8419425349240662 -0.539450355944208 1.4176 0.0 0.0 0.0 1.0 
0.8036673549772553 -0.3282077055504347 0.4963854193680367 -1.8043 -0.5950189226409222 -0.431374010261016 0.6781363763805662 -1.7061 -0.008441815154265453 -0.8403547853666616 -0.5419710051914708 1.4156 0.0 0.0 0.0 1.0 
0.7982366178187218 -0.332885810643089 0.5020013337092051 -1.8087 -0.6022748326849263 -0.42846511075791616 0.6735597039443126 -1.6994 -0.009128411015685345 -0.8400027892428092 -0.5425052867729757 1.4139 0.0 0.0 0.0 1.0 
0.7933999351915332 -0.3397518672429517 0.5050596118707161 -1.8151 -0.608635812173193 -0.43068121761526423 0.6663903787823703 -1.6907 -0.008887686895275304 -0.8361114504050048 -0.548487603800934 1.4115 0.0 0.0 0.0 1.0 
0.787120078986089 -0.3441912940391713 0.5118342840847747 -1.8206 -0.6167532176093828 -0.4290042449483107 0.659977898406305 -1.6848 -0.0075795663072709685 -0.8351572971147235 -0.5499589432408778 1.4103 0.0 0.0 0.0 1.0 
0.7829085727731184 -0.34524748197108 0.5175503288289827 -1.8262 -0.6221183352344655 -0.4280481267192811 0.6555483034660468 -1.6789 -0.004789952343872139 -0.8352119356215784 -0.5499073366957385 1.4093 0.0 0.0 0.0 1.0 
0.7775877562581585 -0.3481387807847587 0.5235997236736325 -1.8343 -0.6287667141234877 -0.4264033730322053 0.6502557825018628 -1.6705 -0.0031145670252701874 -0.8348530126797528 -0.5504641193500132 1.4077 0.0 0.0 0.0 1.0 
0.7734410240457195 -0.354226187494194 0.5256546303576495 -1.8416 -0.633787381039591 -0.418920990979343 0.6502451529629895 -1.665 -0.010126102808352078 -0.8360795484941689 -0.548514767924895 1.407 0.0 0.0 0.0 1.0 
0.7677853664259354 -0.3624036955070018 0.5283646397943944 -1.8491 -0.6405544936456886 -0.4161797958061805 0.6453559624215469 -1.6599 -0.013984697798209156 -0.8339412083867747 -0.5516760726929332 1.4066 0.0 0.0 0.0 1.0 
0.759638756339565 -0.3690722062854168 0.5354761118990214 -1.8591 -0.650053203326199 -0.4062296812815034 0.642190220177227 -1.6521 -0.01948827114512869 -0.8359205420334773 -0.5485043798314022 1.4054 0.0 0.0 0.0 1.0 
0.7557687526830068 -0.3742047477673889 0.537386638479519 -1.8672 -0.6542918903574373 -0.3979937836691132 0.6430420440167459 -1.6467 -0.02675284434342301 -0.8375988030728603 -0.545630397256649 1.4046 0.0 0.0 0.0 1.0 
0.7526761879282569 -0.3800055006625426 0.5376563731529629 -1.8749 -0.6577753389056035 -0.39871440338276654 0.6390292857629792 -1.642 -0.028463303627762226 -0.8346392298480435 -0.5500610841945275 1.4038 0.0 0.0 0.0 1.0 
0.7456027750508081 -0.3898687412344366 0.5404432129695127 -1.8859 -0.6657039785130052 -0.39895453570587613 0.6306135832914362 -1.6353 -0.030244252817525907 -0.8299624347209847 -0.5569987810790296 1.402 0.0 0.0 0.0 1.0 
0.7432152709774671 -0.38862512967547447 0.5446113931700387 -1.894 -0.6684779583742902 -0.39760968933665247 0.6285250624385247 -1.6304 -0.0277178670469167 -0.831190136810063 -0.5552969262620118 1.4008 0.0 0.0 0.0 1.0 
0.736140308984312 -0.39042770405271043 0.552868567922441 -1.9018 -0.6763838361960566 -0.39474181293768684 0.621839052529973 -1.6246 -0.0245428527516231 -0.8317121551515269 -0.5546643483693673 1.3992 0.0 0.0 0.0 1.0 
0.7327215137293837 -0.39372638255577086 0.555066409538235 -1.9121 -0.680154811895954 -0.39666019525288987 0.6164820527450241 -1.6181 -0.022552498152097367 -0.8292407522435725 -0.558436352367585 1.3976 0.0 0.0 0.0 1.0 
0.7261821278358548 -0.40142977681178277 0.5581340802178563 -1.9204 -0.6868755560689566 -0.3889692419757388 0.6139258092569336 -1.6132 -0.029351110485838272 -0.8291906072102248 -0.5581948129708719 1.3967 0.0 0.0 0.0 1.0 
0.7193343288558286 -0.40840846413831267 0.5619258400800942 -1.9303 -0.6939427458310764 -0.38562044867625056 0.6080627723115054 -1.6065 -0.03164788836496152 -0.8273447866415259 -0.5608021176664076 1.3953 0.0 0.0 0.0 1.0 
0.7159192932032246 -0.4088502005352853 0.5659514812611166 -1.9369 -0.6975362579241112 -0.3839644786150074 0.6049912793116385 -1.6018 -0.030045540444846475 -0.8278966074843901 -0.5600754170781062 1.3949 0.0 0.0 0.0 1.0 
0.7077011689223807 -0.4155884239840122 0.5713539335266548 -1.9444 -0.7057874329440592 -0.37924798217749434 0.5983603157901886 -1.5976 -0.03198679421466222 -0.8267147209677496 -0.56171132722341 1.3943 0.0 0.0 0.0 1.0 
0.7060394396179531 -0.42019033726060206 0.5700424459430959 -1.9514 -0.7073343873737542 -0.3792781559739159 0.596511646859993 -1.5925 -0.03444378234981954 -0.8243713731528083 -0.5650004114897537 1.3943 0.0 0.0 0.0 1.0 
0.7025533381488775 -0.41966730542681185 0.5747157208669936 -1.9597 -0.7109320910164054 -0.37812064109254623 0.5929589722255694 -1.5853 -0.031533617282364035 -0.8251691544983738 -0.5640048736008656 1.3936 0.0 0.0 0.0 1.0 
0.6999477470477082 -0.41857592954001893 0.5786772352637923 -1.9659 -0.713507713185795 -0.3743186890059287 0.5922771836608769 -1.5802 -0.03130326863467786 -0.8274537511369393 -0.560660677328269 1.3933 0.0 0.0 0.0 1.0 
0.6959405668453444 -0.4262315664976246 0.5779216029358669 -1.9735 -0.7172581979945123 -0.37365248286842223 0.5881534659048848 -1.5736 -0.034747731273361115 -0.8238388639577794 -0.5657580060450846 1.3937 0.0 0.0 0.0 1.0 
0.691256016293271 -0.4250603185507449 0.5843704694214934 -1.9783 -0.7220081901334916 -0.3732822456195087 0.5825500308861179 -1.5688 -0.029483780600818132 -0.8246114786363311 -0.5649306293543364 1.3935 0.0 0.0 0.0 1.0 
0.6884898216162223 -0.4272852694946585 0.586011146654856 -1.9837 -0.7246325452381916 -0.3720597431580402 0.5800682907234225 -1.5638 -0.029823479214909132 -0.8240138627438558 -0.5657841585741576 1.394 0.0 0.0 0.0 1.0 
0.6848404487771528 -0.42620845195450885 0.5910498415542038 -1.9901 -0.728270089351341 -0.37269504977339263 0.5750835390015946 -1.5572 -0.02482411478579022 -0.824284389853981 -0.5656315125310404 1.3943 0.0 0.0 0.0 1.0 
0.6812569664828954 -0.4290085752882795 0.5931615192741718 -1.9947 -0.7316289019379829 -0.3717233965835859 0.571437543640058 -1.5522 -0.024659591795980096 -0.8232699185330912 -0.5671142263873944 1.394 0.0 0.0 0.0 1.0 
0.6755368482856581 -0.43241455622279446 0.597216558858613 -2.0007 -0.7369241319238206 -0.3692150584537959 0.5662358734655402 -1.5458 -0.02434728725347024 -0.8226164915546026 -0.5680750984031893 1.3936 0.0 0.0 0.0 1.0 
0.6735029381069911 -0.4304994779885053 0.600886005672353 -2.0049 -0.738907900677869 -0.36986171244967925 0.5632205855431912 -1.541 -0.02022144102370005 -0.8233301361637476 -0.5672024155515469 1.3934 0.0 0.0 0.0 1.0 
0.6694240306398679 -0.4337452528315169 0.6031057310687713 -2.0092 -0.7426042297651296 -0.3685711464972429 0.5591907258750336 -1.5364 -0.020258952016631082 -0.8222045764989586 -0.5688314418589714 1.3927 0.0 0.0 0.0 1.0 
0.6647265742091115 -0.4351882040223819 0.6072477324947311 -2.0144 -0.7468115040047073 -0.3650084606741309 0.5559149225578757 -1.5305 -0.02027705665144519 -0.8230310144314583 -0.5676343807923185 1.3919 0.0 0.0 0.0 1.0 
0.6596382058185466 -0.4411723379408017 0.6084771200795769 -2.0184 -0.7513222792256176 -0.36573246209524896 0.549321944681778 -1.5257 -0.019805811362117676 -0.8195161587214704 -0.572713711579087 1.3912 0.0 0.0 0.0 1.0 
0.6568757591620248 -0.4407336017427832 0.6117745739405551 -2.0221 -0.7538566763294963 -0.3681353256247422 0.5442209970045354 -1.5209 -0.014640648167313086 -0.8186759275329886 -0.5740691396506541 1.3904 0.0 0.0 0.0 1.0 
0.6534005634311033 -0.43682802030144124 0.6182628764428935 -2.0267 -0.7569109718251446 -0.36362322062611074 0.5430137513472472 -1.5147 -0.012388883671749062 -0.822775445732928 -0.568231538600551 1.3898 0.0 0.0 0.0 1.0 
0.6484259025134428 -0.44053421217674193 0.6208650874799165 -2.0301 -0.7611413997436651 -0.35972584277730474 0.5396861010202244 -1.5097 -0.01440897449096401 -0.8225125688644369 -0.5685643811514609 1.3896 0.0 0.0 0.0 1.0 
0.6431453853159885 -0.44938599930997813 0.6200130941931152 -2.0338 -0.7655985123018901 -0.36157803078132433 0.5320904487184789 -1.5049 -0.014930884363665908 -0.8168926191859441 -0.5765964944496687 1.3893 0.0 0.0 0.0 1.0 
0.6382353834674556 -0.4524874957883976 0.6228247437644835 -2.0388 -0.7695203806154556 -0.35162045218694626 0.5331054693222456 -1.4978 -0.02222564076903466 -0.8195231075198502 -0.5726149641193577 1.3888 0.0 0.0 0.0 1.0 
0.634115572263172 -0.4562071482415613 0.6243176106010883 -2.0422 -0.772850148169927 -0.3483583757595432 0.5304235010931309 -1.4925 -0.024496724006927928 -0.8188537597956518 -0.5734792329121023 1.3877 0.0 0.0 0.0 1.0 
0.6284301262128316 -0.46174799520424736 0.6259907071139181 -2.0472 -0.7774405846749326 -0.34622454076454867 0.5250854260714883 -1.4854 -0.025723797706086404 -0.8166500819183427 -0.576559563214713 1.3866 0.0 0.0 0.0 1.0 
0.6247023494699825 -0.46127978081414 0.6300539170410285 -2.0506 -0.780359809108895 -0.3398321451043417 0.5249311207018603 -1.4794 -0.028027538140429242 -0.8195944588428115 -0.5722581411740214 1.3856 0.0 0.0 0.0 1.0 
0.617679874581599 -0.470071506588291 0.6304794613868672 -2.0549 -0.7858426805058234 -0.3379610609964723 0.5179127366126082 -1.474 -0.030378512673963354 -0.8153619441352122 -0.5781539985365187 1.3845 0.0 0.0 0.0 1.0 
0.612641650572698 -0.47364162035369595 0.6327193876058212 -2.0589 -0.7897307430908631 -0.3348876220107212 0.5139801883741799 -1.4679 -0.03155251813585114 -0.8145636231091649 -0.5792154543056988 1.3832 0.0 0.0 0.0 1.0 
0.6057221420577441 -0.4770165860719077 0.6368326807202034 -2.0645 -0.7949572429357357 -0.3287913666165446 0.509842347341253 -1.4599 -0.03381816856353892 -0.8150775508199986 -0.5783640009754073 1.3819 0.0 0.0 0.0 1.0 
0.5999219920296429 -0.482047536821936 0.6385325173576434 -2.0686 -0.7992249362945242 -0.3246629566280764 0.5057998277960654 -1.4538 -0.03651170612555166 -0.8137715507668106 -0.5800368595859934 1.3807 0.0 0.0 0.0 1.0 
0.5968005966949183 -0.48643833640851986 0.6381275676984196 -2.0731 -0.8014436220280727 -0.32277020743744267 0.5034952968015827 -1.4477 -0.03895084716810615 -0.8119095627364552 -0.5824823546185627 1.3797 0.0 0.0 0.0 1.0 
0.5852425623881552 -0.49666603788356983 0.6409477279641316 -2.079 -0.8093073272004596 -0.30892000207965437 0.4995899142844602 -1.4398 -0.050127769838625824 -0.811104974172975 -0.5827485972208453 1.3789 0.0 0.0 0.0 1.0 
0.5795047486247416 -0.5027835389782813 0.6413914243688097 -2.0833 -0.8134530405186171 -0.3088735857429361 0.49283999320399974 -1.4345 -0.04968296682357559 -0.807344920689278 -0.5879845081673762 1.3776 0.0 0.0 0.0 1.0 
0.5722648540337585 -0.5093172273462355 0.6427354811787385 -2.089 -0.8183724289241504 -0.30429262402902385 0.4875167346238668 -1.4269 -0.05272100543908276 -0.8049856898665183 -0.590947150509771 1.3761 0.0 0.0 0.0 1.0 
0.5648350017478614 -0.5191359430027722 0.6414509283515897 -2.0934 -0.8229573612360428 -0.2970520173609051 0.48425332272399146 -1.4213 -0.060849013039680044 -0.8014099897458474 -0.5950121225215985 1.3749 0.0 0.0 0.0 1.0 
0.5595065434398611 -0.5266705532296155 0.6399769966247142 -2.0975 -0.8264920778696333 -0.29662774030338124 0.4784588058561007 -1.416 -0.06215523362288017 -0.7966367503720378 -0.6012542015570159 1.3733 0.0 0.0 0.0 1.0 
0.5523110698523331 -0.5280695513719877 0.645054285337566 -2.1029 -0.8314139622191798 -0.29244364604056405 0.47246961523203246 -1.409 -0.060854790654266855 -0.7972573378804915 -0.6005642610496703 1.3719 0.0 0.0 0.0 1.0 
0.5491798770004738 -0.5288059099880201 0.647121141873364 -2.1068 -0.8334334376153071 -0.2895146525040849 0.4707121955613335 -1.4039 -0.061564338398756246 -0.7978380634860566 -0.5997201486446345 1.3708 0.0 0.0 0.0 1.0 
0.5438051478230405 -0.5326287237033117 0.6485234027291091 -2.111 -0.8366536699036614 -0.28379982198744036 0.4684744365241633 -1.3984 -0.06547211496428296 -0.7973482951170576 -0.5999575805305116 1.3698 0.0 0.0 0.0 1.0 
0.5375123321326534 -0.5366845535712482 0.6504230798206241 -2.1146 -0.8404449073279391 -0.27802852189219407 0.46513707523801356 -1.3938 -0.06879571608645269 -0.7966616791163434 -0.6004975590921919 1.3692 0.0 0.0 0.0 1.0 
0.531301807794275 -0.5384345947983753 0.6540692441621487 -2.1197 -0.8440355401399984 -0.2699343706404962 0.4633998732493356 -1.3867 -0.07295475320440986 -0.7982628781743697 -0.5978745531578133 1.3685 0.0 0.0 0.0 1.0 
0.5251475327126123 -0.5407978534695983 0.657082757777535 -2.1239 -0.8479037101503917 -0.2665769445493814 0.45825323888426217 -1.3816 -0.07265925404968354 -0.7977934659530566 -0.5985367311064147 1.3681 0.0 0.0 0.0 1.0 
0.5201214191095408 -0.5407238848267519 0.661128875304462 -2.1276 -0.8511314312004759 -0.26374714034072944 0.4538862553379614 -1.3768 -0.07105628899757505 -0.7987835290865435 -0.5974076308969782 1.3678 0.0 0.0 0.0 1.0 
0.5177465300393359 -0.5366217428551666 0.6663149673595143 -2.1333 -0.8527635200558655 -0.26106951569305414 0.4523683088344317 -1.3693 -0.06879614447159538 -0.8024212192301983 -0.592779282224814 1.3676 0.0 0.0 0.0 1.0 
0.5173798555958051 -0.5341843165071782 0.6685545609906665 -2.137 -0.8531824815284577 -0.26144901616279337 0.4513580232591978 -1.364 -0.06631544493258762 -0.8039225882790373 -0.5910251549791486 1.3672 0.0 0.0 0.0 1.0 
0.5099474155504371 -0.5382471262120594 0.6710019854649383 -2.1429 -0.8577159930901845 -0.2588563538748187 0.44420340302158123 -1.3568 -0.0653980777297653 -0.8020495116781096 -0.5936662970441875 1.367 0.0 0.0 0.0 1.0 
0.5083763052753962 -0.5339928272190714 0.6755776733382479 -2.1518 -0.8587395513599764 -0.25589307671905887 0.4439426947448519 -1.3456 -0.06418656529682903 -0.8058352150196944 -0.5886507377635392 1.3664 0.0 0.0 0.0 1.0 
0.5050088007592455 -0.5345822274516776 0.6776340850698932 -2.1589 -0.8608800927223812 -0.25552303910367125 0.4399925481659066 -1.3382 -0.062061075643375097 -0.8055618030790848 -0.5892525810804401 1.3661 0.0 0.0 0.0 1.0 
0.506280468543593 -0.5333163546522324 0.6776826344475225 -2.1644 -0.8601664200104207 -0.2561724549694754 0.44100952733627996 -1.3325 -0.0615939693292854 -0.8061943557079563 -0.588435930044127 1.3654 0.0 0.0 0.0 1.0 
0.5052100821243248 -0.5374626781251751 0.6752011867158165 -2.1734 -0.8608302578612442 -0.2584490180449829 0.4383781155830292 -1.3248 -0.061106792343212535 -0.8027066554440035 -0.5932351854327464 1.3644 0.0 0.0 0.0 1.0 
0.5055966165741153 -0.5353027207733771 0.6766262324514373 -2.1802 -0.8607893693657329 -0.25986598698552815 0.4376200754021471 -1.3191 -0.058427073311527744 -0.8036918973964193 -0.5921702552168526 1.3637 0.0 0.0 0.0 1.0 
0.5031659035893896 -0.5369143258382578 0.6771610444899516 -2.1903 -0.8624920304840462 -0.2629053551746776 0.4324214050807197 -1.3114 -0.0541439822748605 -0.8016257112456696 -0.5953693376831679 1.3626 0.0 0.0 0.0 1.0 
0.5067429750254381 -0.5344921893940536 0.6764093854605505 -2.2059 -0.860574559387505 -0.26700929558268216 0.4337251016570769 -1.3 -0.05121508564251298 -0.801887857215204 -0.5952754651868655 1.3608 0.0 0.0 0.0 1.0 
0.5066078143729194 -0.5349897438908925 0.6761172208632545 -2.2149 -0.8607246050598324 -0.2683330568780575 0.4326089745151764 -1.2941 -0.05001676379864206 -0.8011138149589196 -0.5964184594905464 1.3599 0.0 0.0 0.0 1.0 
0.5046415426898138 -0.5363505353294667 0.6765094357386591 -2.2271 -0.8620088251605403 -0.2697153903075512 0.4291787431555645 -1.2871 -0.04772524213652107 -0.7997385269468011 -0.5984484854855685 1.3586 0.0 0.0 0.0 1.0 
0.5047327648934281 -0.5346961662155437 0.6777498401898996 -2.2358 -0.8618205365823483 -0.2665304481764588 0.43154012897964533 -1.2821 -0.05010188387624043 -0.8019111734034233 -0.5953387869127933 1.358 0.0 0.0 0.0 1.0 
0.501618962048877 -0.5384698791347384 0.6770735603888451 -2.246 -0.8635507152488 -0.26502630617099776 0.429000255513493 -1.2775 -0.05156141101922085 -0.7998820202392203 -0.5979382698838821 1.3575 0.0 0.0 0.0 1.0 
0.4981885330680532 -0.5381493110775372 0.6798555026667605 -2.258 -0.8655259254407163 -0.2618988613672143 0.426935426972919 -1.2718 -0.05170162385741084 -0.8011268971900326 -0.5962571900523951 1.3569 0.0 0.0 0.0 1.0 
0.4941796898964396 -0.5359618807378657 0.6844934597859855 -2.2676 -0.8677401696160825 -0.25605669922396596 0.42598352646220955 -1.2673 -0.05304179605284226 -0.8044748779038766 -0.5916136735176354 1.3573 0.0 0.0 0.0 1.0 
0.49084330836025175 -0.5358853505364451 0.686949588920755 -2.2775 -0.8696468175584156 -0.2535738602416872 0.42357373633483153 -1.2631 -0.05279450111974693 -0.805311857905098 -0.5904960221449054 1.3573 0.0 0.0 0.0 1.0 
0.48356090400386387 -0.5368652946960415 0.6913353075533601 -2.2901 -0.8735856322011313 -0.24644163374191763 0.4196601772510286 -1.258 -0.05492718207514535 -0.8068718463978946 -0.5881673470703187 1.3575 0.0 0.0 0.0 1.0 
0.48299886199850084 -0.534009870946264 0.6939348363067728 -2.2992 -0.8739362516961997 -0.2448592009017692 0.41985640367266464 -1.2546 -0.05429113444522571 -0.8092449749400372 -0.5849573003689661 1.3573 0.0 0.0 0.0 1.0 
0.481939438067407 -0.5335667361715902 0.6950114503275959 -2.3091 -0.8745462111010033 -0.2441443200972181 0.4190017608711762 -1.251 -0.05388230399817029 -0.8097531037393209 -0.5842915439233954 1.3572 0.0 0.0 0.0 1.0 
0.47812837175426054 -0.5338178468638803 0.6974466047614192 -2.3219 -0.876504295172152 -0.23940046325194392 0.41764535043446194 -1.2467 -0.05597750144825614 -0.8110030361005847 -0.5823577893076086 1.3574 0.0 0.0 0.0 1.0 
0.4756294946448374 -0.533023562734871 0.6997588623185285 -2.3316 -0.877725101043183 -0.23504029652700043 0.4175580271138769 -1.2434 -0.0580967367640392 -0.8127988315554621 -0.5796402579181721 1.3578 0.0 0.0 0.0 1.0 
0.47462178517776077 -0.5332447351318769 0.7002743844299961 -2.3451 -0.8780006165874833 -0.23074639584816414 0.41936978679332804 -1.2386 -0.06204094056890652 -0.8138833781674232 -0.577706472558607 1.3584 0.0 0.0 0.0 1.0 
0.47467009223729767 -0.5316090360159972 0.7014842381419397 -2.355 -0.8779170008137543 -0.22905312558150498 0.420471646301538 -1.2352 -0.06284936926984791 -0.8154302536008126 -0.5754332787516696 1.3588 0.0 0.0 0.0 1.0 
0.4798192612418455 -0.5245690949410852 0.703278565842882 -2.3641 -0.8750322232096787 -0.2276719905442055 0.4271815457933158 -1.2316 -0.06396940585981037 -0.8203613407239095 -0.5682562676817677 1.3592 0.0 0.0 0.0 1.0 
0.4805540080733821 -0.5197796220945368 0.7063264045608577 -2.3765 -0.8746192449708508 -0.2251915936037365 0.42933660745017854 -1.2262 -0.06410165092434728 -0.8240860941828045 -0.5628259835182656 1.3597 0.0 0.0 0.0 1.0 
0.483599977406977 -0.517272062078971 0.7060882916778473 -2.3858 -0.8727607986089612 -0.22369860907301894 0.4338750058602654 -1.2221 -0.0664804502347866 -0.8260681243646713 -0.559635420291831 1.3604 0.0 0.0 0.0 1.0 
0.4886003201398972 -0.513468629673214 0.7054216423534945 -2.3942 -0.8698192988557631 -0.22323442060619847 0.4399781594519017 -1.2181 -0.06844059100605554 -0.8285628279123596 -0.5556973328212178 1.361 0.0 0.0 0.0 1.0 
0.49366490447207356 -0.5075371199636104 0.7061876761538833 -2.4048 -0.867048494270816 -0.22445520594187382 0.4447996954903426 -1.2127 -0.0672448561251262 -0.8318809604652786 -0.5508649534505498 1.3615 0.0 0.0 0.0 1.0 
0.49511422331127614 -0.5054211494711264 0.7066904326097511 -2.4123 -0.8661967183344607 -0.22389516382420133 0.4467372838288126 -1.2082 -0.06756590132221141 -0.8333189169120183 -0.5486478211886909 1.3621 0.0 0.0 0.0 1.0 
0.4973896499100466 -0.5027515614393463 0.7069967493791331 -2.4191 -0.8649138553772198 -0.2241705273134968 0.4490786094443855 -1.2038 -0.06728713798992675 -0.8348583365783013 -0.5463368914020328 1.3622 0.0 0.0 0.0 1.0 
0.5014440741300519 -0.5025694373485907 0.7042569141747743 -2.4276 -0.862536466854295 -0.2266807883070545 0.45237889380363616 -1.1978 -0.06771029365143982 -0.83428998606936 -0.5471522048553059 1.3627 0.0 0.0 0.0 1.0 
0.5015165675572649 -0.5023575505651361 0.7043564607894048 -2.4334 -0.8625125688927733 -0.22682443980185144 0.45235245330446194 -1.1929 -0.06747741079478808 -0.8343785501190532 -0.5470459159281406 1.3629 0.0 0.0 0.0 1.0 
0.5041570629971984 -0.5012513777895358 0.7032586381226547 -2.4389 -0.8610355569447643 -0.2288916483289719 0.45412155091127954 -1.1878 -0.06665902419671721 -0.8344792805033199 -0.5469926004104655 1.3631 0.0 0.0 0.0 1.0 
0.5090384931470563 -0.49630541429817243 0.7032501320532359 -2.4461 -0.858290525798922 -0.2310338499169862 0.458214724246554 -1.1802 -0.06493986309182076 -0.836841858376393 -0.543579357822536 1.3628 0.0 0.0 0.0 1.0 
0.5116434803436916 -0.49430744439178875 0.7027667461118606 -2.4511 -0.8568948027811325 -0.2337183775812775 0.4594638363869988 -1.1744 -0.06286689103556675 -0.8372788486517699 -0.5431499642013135 1.3624 0.0 0.0 0.0 1.0 
0.5138711229057209 -0.49429599903820476 0.7011475838783425 -2.456 -0.855684710354758 -0.2370691360696915 0.4600020665043416 -1.1683 -0.06115672905501207 -0.8363430456804157 -0.5447845119249433 1.3618 0.0 0.0 0.0 1.0 
0.5188342142857114 -0.49173273459529243 0.6992924823090578 -2.4623 -0.85275766232184 -0.24016440498027372 0.4638161574717523 -1.1601 -0.060128424542132075 -0.8369707141279834 -0.5439343675979431 1.3613 0.0 0.0 0.0 1.0 
0.5231176917562033 -0.49011270912599925 0.6972355505314076 -2.467 -0.8503123951318768 -0.24486105573088662 0.46584535424478163 -1.1537 -0.05759089560644437 -0.8365599773713353 -0.5448400618564297 1.3609 0.0 0.0 0.0 1.0 
0.5251975740430052 -0.4876856501223438 0.6973737985356847 -2.4711 -0.8493423811634325 -0.24958372649747432 0.46510803371610887 -1.1475 -0.05277336239973046 -0.8365827335848985 -0.5452928590112343 1.3607 0.0 0.0 0.0 1.0 
0.5300890966852858 -0.4819320376819175 0.6976726027522742 -2.4769 -0.846414470130188 -0.2513721590348852 0.46946201381621233 -1.1385 -0.05087331647937671 -0.8393768812148065 -0.5411638910279342 1.3611 0.0 0.0 0.0 1.0 
0.5333891459593173 -0.479053559469973 0.6971396604210229 -2.481 -0.8444876331431395 -0.2544893637245632 0.4712491922744965 -1.1321 -0.04833897434874318 -0.8400850260004733 -0.5402966709583685 1.3616 0.0 0.0 0.0 1.0 
0.5349987721588628 -0.4778485319413788 0.6967331586123762 -2.4861 -0.8435945980749684 -0.25715311207980707 0.4714026209583514 -1.1236 -0.04609195035190006 -0.8399601523102983 -0.5406870394633282 1.3625 0.0 0.0 0.0 1.0 
0.5379845596899636 -0.47562108915370793 0.695957752372539 -2.4899 -0.8415302469946605 -0.25505781578758013 0.47620620953403614 -1.1169 -0.04898425183976374 -0.8418610872097066 -0.5374666993533544 1.3634 0.0 0.0 0.0 1.0 
0.5395132056157435 -0.4750318209957711 0.6951764308487927 -2.4919 -0.8404006734424923 -0.2533151466499848 0.4791222647248845 -1.1124 -0.05149960236380485 -0.8427195295702707 -0.5358839290716149 1.3641 0.0 0.0 0.0 1.0 
0.5369215080978389 -0.474745948430359 0.6973747762795132 -2.4965 -0.8419139363275269 -0.2487998821557928 0.47883143428220387 -1.1008 -0.053816521249808735 -0.8442244388124657 -0.5332812381402016 1.3658 0.0 0.0 0.0 1.0 
0.5389799340326694 -0.4708448109618397 0.6984309519919983 -2.5003 -0.8404750371861913 -0.24579348634237844 0.4828946820358758 -1.0914 -0.05569867661812 -0.8472843242158848 -0.5282110670565522 1.3672 0.0 0.0 0.0 1.0 
0.5357054801215932 -0.4735458673519517 0.6991237015590168 -2.5049 -0.842377653602234 -0.2423675733325866 0.48130847500170637 -1.0766 -0.05847672425237377 -0.846765770984374 -0.5287420938510106 1.3684 0.0 0.0 0.0 1.0 
0.531860936860006 -0.47290237599965457 0.702486502800074 -2.5094 -0.8447222176271482 -0.23775496669573526 0.47949655979848593 -1.0615 -0.05973540733492938 -0.8484314460139908 -0.525923723105489 1.3697 0.0 0.0 0.0 1.0 
0.5292796769451341 -0.4729382375429092 0.7044092894352408 -2.5124 -0.8462292483978433 -0.23426253323367052 0.47855733687716484 -1.0509 -0.061311358889485246 -0.8493824162253124 -0.5242045672048026 1.3702 0.0 0.0 0.0 1.0 
0.523739461641092 -0.47443415631224334 0.707537424907113 -2.5178 -0.8494012303859051 -0.22754157326633478 0.47617473920231357 -1.0354 -0.06491938184247648 -0.850374660817084 -0.5221574571921959 1.3718 0.0 0.0 0.0 1.0 
0.5192338105410548 -0.4742816658786262 0.7109522848985093 -2.5214 -0.8522011619072358 -0.22463002832534798 0.4725405062198482 -1.0244 -0.06441606659035598 -0.8512333709306446 -0.5208188923023802 1.3728 0.0 0.0 0.0 1.0 
0.5171544003334706 -0.4741056973832035 0.7125834083982834 -2.5247 -0.8532962831794263 -0.22080581804648144 0.47236664131689127 -1.0159 -0.0666091534843734 -0.852331260969355 -0.518743329833247 1.3737 0.0 0.0 0.0 1.0 
0.5153782342052567 -0.47872436876388236 0.710780032400386 -2.5283 -0.8540047258570821 -0.21805605023008778 0.4723637233867809 -1.0075 -0.07114213885765186 -0.8504554883764791 -0.5212142154326594 1.3742 0.0 0.0 0.0 1.0 
0.5136914632619642 -0.4823345204629127 0.7095593639305973 -2.5325 -0.8547482971526658 -0.21604236022710932 0.4719439024949019 -0.9989 -0.07433995619046158 -0.8489282118985748 -0.5232537261752546 1.3748 0.0 0.0 0.0 1.0 
0.5134996247365324 -0.47822485879769533 0.7124739432592357 -2.5383 -0.8551096612132696 -0.21604663627091908 0.47128687469072206 -0.9875 -0.07145350023034214 -0.8512489855406263 -0.519874563640968 1.3756 0.0 0.0 0.0 1.0 
0.5133496756201348 -0.4803483024464087 0.7111523176349466 -2.5429 -0.8551741455227323 -0.21703911517951907 0.47071350449244215 -0.9785 -0.07175856304419143 -0.8497997004111881 -0.5221984084721898 1.3763 0.0 0.0 0.0 1.0 
0.5141349932909558 -0.48202266134956495 0.7094500423702796 -2.549 -0.8545324399141035 -0.21674279050241735 0.47201363528999296 -0.9666 -0.07375308677037268 -0.8489268029168994 -0.5233390540377567 1.3771 0.0 0.0 0.0 1.0 
0.5125805645674751 -0.48286718477224067 0.7100003145758597 -2.5582 -0.8554435532617229 -0.21591023104886933 0.470743135171807 -0.9468 -0.07401008046642499 -0.8486589739103423 -0.5237370084219738 1.3783 0.0 0.0 0.0 1.0 
0.5125667455279994 -0.4840058579656624 0.709234559813436 -2.5659 -0.8550625892557423 -0.21232125564326593 0.4730619968432601 -0.9301 -0.07837920536788384 -0.8489157872586597 -0.5226841171385535 1.3794 0.0 0.0 0.0 1.0 
0.5128449651673731 -0.48333374976849863 0.7094917392311191 -2.571 -0.8550578760392795 -0.21385301522405975 0.4723800551492139 -0.9191 -0.0765902756599825 -0.8489142325431354 -0.5229517716386736 1.3799 0.0 0.0 0.0 1.0 
0.5142567394636985 -0.48108134827785065 0.7100005227148294 -2.5747 -0.8540309288574517 -0.21142462811669963 0.47532178487903687 -0.9106 -0.0785568486577965 -0.8507998371913811 -0.5195848906233469 1.3802 0.0 0.0 0.0 1.0 
0.5143698667698625 -0.48415477966004944 0.7078261011657334 -2.5784 -0.8538938048840554 -0.2128245376589624 0.47494324518923287 -0.9027 -0.07930327950207877 -0.8487048164718862 -0.522887296037719 1.3806 0.0 0.0 0.0 1.0 
0.5140266081025501 -0.48765872618626604 0.705666786052012 -2.582 -0.8537678115930262 -0.21144830563056347 0.4757837091931787 -0.8946 -0.08280803131485909 -0.8470410738685301 -0.525037378792601 1.3809 0.0 0.0 0.0 1.0 
0.5135115978813801 -0.4907573650850915 0.7038913605493746 -2.5872 -0.8540450275565236 -0.21282349252201493 0.4746717307115609 -0.8843 -0.08314403013619498 -0.8449043553240034 -0.5284162190993398 1.3813 0.0 0.0 0.0 1.0 
0.5145374337977827 -0.4920261350800717 0.7022545917393199 -2.591 -0.8534079886103556 -0.2142476628844179 0.47517653974558915 -0.8768 -0.083342871301744 -0.8438057959902452 -0.530137476940132 1.382 0.0 0.0 0.0 1.0 
0.5143284229732628 -0.4894302712307362 0.7042189169035755 -2.5954 -0.8540053898222553 -0.21726474645203406 0.4727270080116768 -0.8672 -0.07836496332146786 -0.8445436871779588 -0.5297215239835773 1.3829 0.0 0.0 0.0 1.0 
0.5134736960224137 -0.4868665625378944 0.7066156761462459 -2.598 -0.8548615351746686 -0.21869776985352163 0.470513592938509 -0.8602 -0.0745420631046037 -0.845654915283788 -0.5284990492749052 1.3834 0.0 0.0 0.0 1.0 
0.5120641312640714 -0.4868214898645523 0.7076688225991237 -2.6006 -0.8558112938178694 -0.21882401109674968 0.4687249529748917 -0.8534 -0.07333044965467456 -0.8456482065100047 -0.5286792562413017 1.3836 0.0 0.0 0.0 1.0 
0.5113946294133374 -0.4903870654047846 0.7056883583359432 -2.6044 -0.8560781719476389 -0.2191713410215798 0.4680748730594188 -0.8442 -0.07487119954951965 -0.8434953760148811 -0.5318927092182504 1.3835 0.0 0.0 0.0 1.0 
0.5096705206121761 -0.4896166893205602 0.7074683441382288 -2.6074 -0.857203703124017 -0.21849755830998177 0.466326739918534 -0.8374 -0.07374124876475369 -0.8441174767479642 -0.5310630034932433 1.3831 0.0 0.0 0.0 1.0 
0.5077113507132256 -0.49082893923726145 0.708036818791351 -2.6107 -0.8588166403985461 -0.22320147929925807 0.46110202538394596 -0.8312 -0.0682873526467847 -0.8421805341171495 -0.5348539851423434 1.3826 0.0 0.0 0.0 1.0 
0.5064212940633487 -0.4924148697942441 0.7078594980112376 -2.6159 -0.8598062055120705 -0.22614860668117456 0.45781010982622344 -0.8229 -0.06535106641929128 -0.8404667772742009 -0.5379078307816129 1.3822 0.0 0.0 0.0 1.0 
0.5057653079357262 -0.4914083134667027 0.7090270253978272 -2.6198 -0.8604369016748132 -0.22824178183092445 0.45558097772283335 -0.8166 -0.06204668826720883 -0.8404900704246635 -0.5382626217680512 1.3819 0.0 0.0 0.0 1.0 
0.5024564169706343 -0.4889956977864352 0.7130362940211317 -2.625 -0.8628284125841281 -0.23078805139727507 0.4497377077473076 -0.8083 -0.05535954734809506 -0.841201570896421 -0.5378803190662473 1.3817 0.0 0.0 0.0 1.0 
0.4971734993596988 -0.4903884419565662 0.7157776802400613 -2.629 -0.8660918874084116 -0.2310573581768136 0.44328020460842527 -0.8021 -0.05199378904991686 -0.8403164125659832 -0.5395970465750064 1.3817 0.0 0.0 0.0 1.0 
0.49149313916800264 -0.4923272544542061 0.7183650664337498 -2.6402 -0.8691298667946739 -0.2250024409410525 0.4404397532194844 -0.7883 -0.05520660102066183 -0.8408256514237369 -0.5384834771017528 1.382 0.0 0.0 0.0 1.0 
0.4873621895412905 -0.4935954825594053 0.720306598472114 -2.6455 -0.87160732455107 -0.22519126227516298 0.4354188410988258 -0.7826 -0.052714020852567545 -0.840031186916216 -0.539971144612088 1.3818 0.0 0.0 0.0 1.0 
0.48408753828252526 -0.49344718758864764 0.7226127097833381 -2.6509 -0.8733775003692141 -0.22190850830214226 0.43355317527604575 -0.7767 -0.05358168650190337 -0.8409913715395494 -0.5383888147683231 1.3819 0.0 0.0 0.0 1.0 
0.478630920294284 -0.4933577678197941 0.726299218690284 -2.6588 -0.8764106367042682 -0.21844870333477776 0.42916728659460235 -0.7688 -0.05307389197963619 -0.8419490940331396 -0.5369402993321599 1.382 0.0 0.0 0.0 1.0 
0.4729329498111784 -0.4940983364957021 0.7295212531894306 -2.665 -0.8796554392448745 -0.21740862912049053 0.4230127612624184 -0.7633 -0.050405686086038126 -0.8417840114044273 -0.5374559935046467 1.3821 0.0 0.0 0.0 1.0 
0.4676677987129855 -0.49312552065903853 0.7335625746462958 -2.6718 -0.8824055585604964 -0.2121583230684883 0.4199396101516322 -0.7573 -0.051451533198616395 -0.8436919264918439 -0.534356316425653 1.3824 0.0 0.0 0.0 1.0 
0.4624612251914477 -0.4960242414617919 0.7349078629846595 -2.6813 -0.8848377360701947 -0.20538004687527975 0.4181880165328514 -0.7494 -0.056495982340317885 -0.8436699521896948 -0.5338812749588064 1.3831 0.0 0.0 0.0 1.0 
0.45455689431151136 -0.4993088691336264 0.7376101158731305 -2.6886 -0.8887440251846851 -0.19914877740750211 0.4128847565067295 -0.7435 -0.05926286807434783 -0.8432261960242915 -0.5342822239285209 1.3833 0.0 0.0 0.0 1.0 
0.4465074893379763 -0.5004335366483936 0.7417528816005218 -2.6981 -0.8927322906421371 -0.19310191599589582 0.4071126469216557 -0.7358 -0.06049891908075533 -0.8439655949363662 -0.5329746291839464 1.3836 0.0 0.0 0.0 1.0 
0.441078370386215 -0.5027112712271744 0.7434589759755404 -2.7054 -0.8952649242669588 -0.18844436297638864 0.40371950341753327 -0.7302 -0.06285369165544274 -0.8436646844828705 -0.5331785006934368 1.3839 0.0 0.0 0.0 1.0 
0.43337403504766214 -0.507463002097674 0.7447605301360457 -2.7127 -0.8990960827331695 -0.1868297689982541 0.3958798699478524 -0.7248 -0.061750949469439265 -0.8411753318530418 -0.5372251681758291 1.3837 0.0 0.0 0.0 1.0 
0.4275335466721679 -0.5082682274458277 0.7475817516760248 -2.7198 -0.9019426522946925 -0.1840775355583308 0.3906595869480062 -0.7196 -0.06094684931587957 -0.8412959466631512 -0.537128114779537 1.3835 0.0 0.0 0.0 1.0 
0.4207298225812264 -0.5086620874062364 0.7511652928792039 -2.7294 -0.9049828728758205 -0.17766022654582425 0.38657837976937237 -0.7126 -0.06318556949332993 -0.842436777888535 -0.5350774327782726 1.3835 0.0 0.0 0.0 1.0 
0.4168239974281902 -0.5108047022346032 0.7518884966156899 -2.7366 -0.9067957419383728 -0.17626580053576305 0.3829514981873326 -0.7076 -0.06308119823227976 -0.8414326614391106 -0.5366673445376334 1.383 0.0 0.0 0.0 1.0 
0.4068348897536251 -0.5124984056810402 0.7561949197485708 -2.7458 -0.9113032676901407 -0.17029986395978175 0.37486572346981994 -0.7008 -0.06333819366249283 -0.8416313566578134 -0.5363253981622544 1.3826 0.0 0.0 0.0 1.0 
0.4014041234857302 -0.5160646414087666 0.7566716695742571 -2.7528 -0.913576053052114 -0.16676900417045412 0.37090011396293227 -0.6959 -0.06521905349185764 -0.8401579524920515 -0.5384060641616049 1.3822 0.0 0.0 0.0 1.0 
0.39587686878395745 -0.5189723247984133 0.7575943709236093 -2.7595 -0.9158138343347906 -0.1624106666803199 0.3672979664924137 -0.6909 -0.06757607270933669 -0.839220174591736 -0.5395766608697954 1.3812 0.0 0.0 0.0 1.0 
0.3901073912603768 -0.520810465227737 0.7593238324939442 -2.7661 -0.9183547759143804 -0.1603927354214371 0.36179922053436914 -0.6862 -0.06663879380114462 -0.8384692181191251 -0.5408591696804552 1.3802 0.0 0.0 0.0 1.0 
0.3842541510605778 -0.5213568970321942 0.7619289555527313 -2.7752 -0.9208279669747903 -0.15696742233874703 0.3569833099199504 -0.6799 -0.06651768659378138 -0.838777809816933 -0.5403953951773831 1.3787 0.0 0.0 0.0 1.0 
0.3795016194736917 -0.5253817366554491 0.7615461585522905 -2.7816 -0.9227919905821528 -0.15570747627582765 0.3524345669046116 -0.6752 -0.06658425440202748 -0.8364981844694688 -0.5439092979946281 1.3777 0.0 0.0 0.0 1.0 
0.3719889243326716 -0.5259583240227856 0.7648477505784824 -2.7896 -0.9258805519663782 -0.1515641705324254 0.34608309074737054 -0.6685 -0.06610176748209351 -0.8368967341326888 -0.5433547761212584 1.3765 0.0 0.0 0.0 1.0 
0.3678368559653562 -0.5274621436271295 0.7658196487645086 -2.7952 -0.9276263493529316 -0.150706573926092 0.34175559185127036 -0.6639 -0.06484908156384722 -0.8361047874613162 -0.54472321504099 1.3757 0.0 0.0 0.0 1.0 
0.36315712443987846 -0.5272219146964049 0.7682147848306587 -2.8006 -0.929602840506578 -0.14937034938866073 0.3369377652410175 -0.6592 -0.0628924629082066 -0.8364959960378568 -0.5443518960396607 1.3752 0.0 0.0 0.0 1.0 
0.356172581049619 -0.5317008095305977 0.7683979058098477 -2.8069 -0.9323505190061083 -0.14751795814920013 0.330092353338473 -0.6529 -0.06215788137873601 -0.833986031758325 -0.548273377626991 1.3745 0.0 0.0 0.0 1.0 
0.3502243762209657 -0.53350741200185 0.7698783849672127 -2.8113 -0.9346224885544873 -0.14478432049573822 0.3248358114906742 -0.648 -0.06183599428207609 -0.8333110714959184 -0.5493350233996295 1.3741 0.0 0.0 0.0 1.0 
0.343410293661855 -0.5339339515074151 0.7726473358750132 -2.8153 -0.9372472700793593 -0.1420026530660446 0.31843806501577787 -0.6429 -0.0603069227855863 -0.8335165157031272 -0.5491933112431826 1.3735 0.0 0.0 0.0 1.0 
0.3342703945983004 -0.5358396437587395 0.7753316577256497 -2.8203 -0.9408158892186772 -0.14088849801841602 0.30824648208825456 -0.6364 -0.05593537242895957 -0.8324820162037269 -0.5512213047484753 1.373 0.0 0.0 0.0 1.0 
0.3298545808587455 -0.5380575024732377 0.775686843719012 -2.8239 -0.9424154488273073 -0.13961952717269632 0.30390707369802566 -0.6312 -0.055218450703780286 -0.8312644053875604 -0.5531278433034623 1.3723 0.0 0.0 0.0 1.0 
0.32472730225538404 -0.5400249367082022 0.7764826121061836 -2.8276 -0.9442012153145147 -0.13726429830607187 0.29940370306516706 -0.6258 -0.055102124900347105 -0.8303803828028715 -0.5544656668249377 1.3717 0.0 0.0 0.0 1.0 
0.3149191537419681 -0.5464683692558645 0.7760143349251217 -2.8327 -0.9477683511125037 -0.13746584419564112 0.2878164246686868 -0.6188 -0.050607106575349836 -0.8261207315413506 -0.5612160525872859 1.3703 0.0 0.0 0.0 1.0 
0.30865237550156555 -0.5453205556963082 0.7793325366185542 -2.836 -0.9498678200480618 -0.1337722314748939 0.2825882420118893 -0.6132 -0.049848124682712824 -0.8274844298361734 -0.5592715644875212 1.3695 0.0 0.0 0.0 1.0 
0.3025058063554402 -0.5478947517514259 0.7799369065023712 -2.8394 -0.9519544354448057 -0.13274113522439449 0.27597562185146096 -0.6077 -0.04767588445122439 -0.8259486255346532 -0.5617258032342924 1.3681 0.0 0.0 0.0 1.0 
0.29531393597302613 -0.5481208230369621 0.7825300266273513 -2.8436 -0.9542582578381089 -0.12918609486971644 0.26963332553690394 -0.6001 -0.04669964205319821 -0.8263622185492245 -0.5611992758250025 1.3665 0.0 0.0 0.0 1.0 
0.29110995309848897 -0.5508362041146249 0.7821984859634972 -2.8466 -0.9556830169448849 -0.12994081635489854 0.26416917944405593 -0.5942 -0.043874438231376545 -0.8244360863533413 -0.5642518703453868 1.3653 0.0 0.0 0.0 1.0 
0.283749553622902 -0.5521215549713083 0.7839948847759586 -2.85 -0.9579134621932723 -0.12616331296757097 0.2578461118767258 -0.5861 -0.04345100421971976 -0.8241629735659758 -0.5646834540122337 1.3637 0.0 0.0 0.0 1.0 
0.2752898697424243 -0.5531431819355653 0.7862875478445506 -2.8537 -0.9603751595776672 -0.12119698912759416 0.2509797655042643 -0.5779 -0.04353206270519222 -0.8242232161887963 -0.5645892749707768 1.3627 0.0 0.0 0.0 1.0 
0.2612407285731384 -0.5568910261057342 0.7884324110394486 -2.8594 -0.9642105949422007 -0.11222664933330517 0.240214711832199 -0.5649 -0.045290289641190085 -0.8229687504530908 -0.5662783992365374 1.3615 0.0 0.0 0.0 1.0 
0.2546812473705703 -0.556984718314818 0.7905096367543747 -2.8622 -0.9657703618929261 -0.10487155223853073 0.23725422150151132 -0.5579 -0.049245003066072324 -0.8238749790440564 -0.5646281507135281 1.3613 0.0 0.0 0.0 1.0 
0.24928601047768678 -0.5576652396610229 0.7917486756881458 -2.8654 -0.9669512277371559 -0.0981690490052391 0.2353044007132335 -0.5507 -0.05349587047357596 -0.8242404493175648 -0.5637072587354659 1.3612 0.0 0.0 0.0 1.0 
0.2400125574656798 -0.559176347046433 0.7935463346034626 -2.8695 -0.9692286193222477 -0.09198781591843258 0.2283289846017052 -0.541 -0.05467957338415258 -0.8239296417937416 -0.5640479497597377 1.3608 0.0 0.0 0.0 1.0 
0.2310240005793719 -0.5580548987393854 0.7969960107486591 -2.8728 -0.971342685677361 -0.08525252829905205 0.22186796388778368 -0.5338 -0.05586857916032911 -0.8254130701725009 -0.5617579242440754 1.361 0.0 0.0 0.0 1.0 
0.22416886619102022 -0.5579937537928307 0.7989939237308492 -2.8764 -0.9729521153783346 -0.08120661313089089 0.2162629583739054 -0.5265 -0.055789789491054564 -0.8258622504461598 -0.5611051975133968 1.3612 0.0 0.0 0.0 1.0 
0.21432198748085673 -0.5561102727590127 0.8029990350020053 -2.8814 -0.9750763469648253 -0.07351884278162901 0.20933489280524026 -0.5165 -0.05737772452778861 -0.8278504359411465 -0.5580066777737221 1.3618 0.0 0.0 0.0 1.0 
0.20551735611018068 -0.5568190237487962 0.8048075491252049 -2.885 -0.9765637835137897 -0.0629702599525282 0.2058104056911198 -0.5088 -0.0639202085941018 -0.8282435156117727 -0.5567107739035935 1.3627 0.0 0.0 0.0 1.0 
0.18856849711647417 -0.5666871001839016 0.802064618581567 -2.8909 -0.979348774138967 -0.047864830783477225 0.19643048787439094 -0.4985 -0.07292393631542676 -0.8225416028744257 -0.5640101160910447 1.3643 0.0 0.0 0.0 1.0 
0.18257088738419824 -0.5661989975892816 0.8037951021302876 -2.8951 -0.9798880601600422 -0.03781232116584196 0.19593268722661145 -0.4904 -0.08054353254940039 -0.8234008279671234 -0.5617150664416254 1.3655 0.0 0.0 0.0 1.0 
0.175481913523919 -0.5629653370667133 0.8076361354516932 -2.8993 -0.9811195639945499 -0.032253403167539524 0.1906937836722959 -0.4826 -0.08130497631220396 -0.8258509231365392 -0.5579961949524368 1.3671 0.0 0.0 0.0 1.0 
0.16638189259492442 -0.560514911067322 0.8112583437399725 -2.9032 -0.9827157709703884 -0.02654146213920472 0.18320825383587014 -0.4746 -0.08115897549012369 -0.8277189047368108 -0.5552428616728794 1.3681 0.0 0.0 0.0 1.0 
0.16142605408539984 -0.5599378323450304 0.8126569097541507 -2.9086 -0.9830798439068662 -0.01899644456973265 0.18218988884611692 -0.4636 -0.08657741949532183 -0.8283168228416331 -0.5535301179078453 1.3698 0.0 0.0 0.0 1.0 
0.15421159628844605 -0.5598009859805531 0.8141508703338527 -2.9126 -0.9834326208540642 -0.007500293860262824 0.1811188168913329 -0.4552 -0.09528412150130677 -0.8285931460537255 -0.5516831830883682 1.3712 0.0 0.0 0.0 1.0 
0.14675260709008486 -0.5634226823712956 0.8130304750141887 -2.9182 -0.9840313825890636 0.0005423247417911947 0.17799422452352315 -0.444 -0.1007269099700725 -0.8261686189110602 -0.5543460135461175 1.3724 0.0 0.0 0.0 1.0 
0.14530152731579282 -0.5609613836214822 0.8149906700356576 -2.9223 -0.9838688345471456 0.004957807913472917 0.17882263991881558 -0.4354 -0.10435316270501427 -0.8278271233936259 -0.5511920456676559 1.373 0.0 0.0 0.0 1.0 
0.1443669768641796 -0.5611502435308736 0.8150267358659709 -2.9261 -0.9833478171543083 0.010525012121123722 0.1814284834795999 -0.427 -0.11038680396204381 -0.8276470433132059 -0.5502864028903075 1.3742 0.0 0.0 0.0 1.0 
0.14003131548644498 -0.5623613166457148 0.8149484524947784 -2.9295 -0.9837230194746932 0.014588238795505082 0.1790983088821272 -0.419 -0.11260662342299499 -0.8267629241985539 -0.5511649621773216 1.3747 0.0 0.0 0.0 1.0 
0.13844797831472977 -0.5639193742934109 0.8141419388516304 -2.934 -0.9837343574777496 0.016695218940644407 0.17885184813795718 -0.4085 -0.11445030021106561 -0.8256610739044513 -0.5524354440299291 1.3756 0.0 0.0 0.0 1.0 
0.1367451531188976 -0.5636351391751868 0.8146264131400709 -2.9372 -0.9835853124059863 0.0204809115094107 0.17927762125530933 -0.4008 -0.11773145848798311 -0.8257699208318936 -0.5515825790682486 1.3763 0.0 0.0 0.0 1.0 
0.13524231472430964 -0.5698091355301569 0.8105720605685753 -2.9401 -0.9829020058481694 0.026014239454444532 0.18228249023219922 -0.3931 -0.12495264386020716 -0.8213652101300507 -0.5565483163035911 1.3767 0.0 0.0 0.0 1.0 
0.13126103595482558 -0.5711550727887776 0.8102792254943428 -2.9446 -0.9837869500052309 0.025707243594303722 0.17748908311833833 -0.3844 -0.12220383561685477 -0.8204395288224655 -0.5585205476131558 1.3788 0.0 0.0 0.0 1.0 
0.12926781197552806 -0.5691464767549009 0.8120111580418968 -2.9476 -0.984165347308109 0.026514994507549003 0.17525844979393645 -0.3781 -0.121278200617294 -0.8218085197074483 -0.5567067046401396 1.3804 0.0 0.0 0.0 1.0 
0.12617923661554495 -0.568857782324411 0.812698974858509 -2.9506 -0.9848123930941153 0.026660414784808045 0.17156273689745066 -0.3722 -0.11926168980590635 -0.8220036774689363 -0.5568542031557135 1.3819 0.0 0.0 0.0 1.0 
0.12162362278802871 -0.567852226158091 0.8140955371620799 -2.9543 -0.9856892661941643 0.02735276918957505 0.16633849983473908 -0.3647 -0.11672345475321133 -0.8226759235962615 -0.5563991012263704 1.3835 0.0 0.0 0.0 1.0 
0.11791592280558127 -0.5648481222431792 0.8167266580363732 -2.958 -0.9863311553806724 0.0287054906680263 0.16225549830725516 -0.3578 -0.1150942530030758 -0.8246954550643907 -0.5537424666050108 1.3854 0.0 0.0 0.0 1.0 
0.10630967130717517 -0.5636806529126127 0.8191229305290941 -2.9651 -0.9886162156284276 0.028290644529443187 0.1477755650594344 -0.3468 -0.10647174265074671 -0.825508183462841 -0.5542562647844351 1.3876 0.0 0.0 0.0 1.0 
0.09434664716215468 -0.5644745847227027 0.8200409461553688 -2.9719 -0.9899470809576819 0.03399191294881476 0.13729285035079314 -0.3383 -0.1053730851433371 -0.8247502610222157 -0.5555929444036908 1.3892 0.0 0.0 0.0 1.0 
0.08981169443688772 -0.5622475771173026 0.8220775642043142 -2.9754 -0.9904562599195017 0.036224162949117095 0.13298198075268997 -0.3337 -0.10454786812101002 -0.8261752066265116 -0.5536282789263869 1.3898 0.0 0.0 0.0 1.0 
0.08513577539824964 -0.5608570693106983 0.8235236775901187 -2.9793 -0.9910603412291886 0.03754192279129338 0.12802345127287112 -0.3293 -0.1027195200048337 -0.827061032716055 -0.5526470377850854 1.3906 0.0 0.0 0.0 1.0 
0.07779626974094735 -0.5597961066553927 0.8249703384897291 -2.9845 -0.991803220817701 0.04067314532732992 0.1211283056300898 -0.3235 -0.10136129236561803 -0.8276315691312447 -0.5520433625969301 1.3912 0.0 0.0 0.0 1.0 
0.0726411378997382 -0.5548288839724105 0.8287871708675035 -2.9886 -0.992341377921564 0.04303584599138505 0.11578646563626227 -0.3189 -0.09990923255316686 -0.8308506637595803 -0.5474534864085733 1.3921 0.0 0.0 0.0 1.0 
0.06436463686460053 -0.5509096366418482 0.832079182395783 -2.9945 -0.9931088007434474 0.046471017033721085 0.10758882126765373 -0.3132 -0.09793928428980703 -0.8332700743642474 -0.5441221184272902 1.3929 0.0 0.0 0.0 1.0 
0.057070947832136454 -0.5516030909151496 0.8321519915294291 -2.9991 -0.9935287049237375 0.05060697318016544 0.10168405360774724 -0.309 -0.09820193178396619 -0.8325700957627504 -0.5451453166225515 1.3936 0.0 0.0 0.0 1.0 
0.04862204382281174 -0.5496081003899487 0.8340064944832533 -3.0038 -0.9936977780272018 0.05781512504873296 0.09603195957285066 -0.3051 -0.10099813264756352 -0.8334196705750061 -0.5433332585995023 1.3946 0.0 0.0 0.0 1.0 
0.038689218932315486 -0.547523288504361 0.8358955633832355 -3.0102 -0.994156505729122 0.06327422374193727 0.0874597891966179 -0.2993 -0.100776914295234 -0.8343947633795556 -0.5418758090096896 1.3958 0.0 0.0 0.0 1.0 
0.031845053161320316 -0.5439369039421706 0.8385216378358752 -3.0147 -0.9946966527258367 0.06484171401599943 0.07983809353612825 -0.2949 -0.09779806565146831 -0.8366171147264878 -0.5389873298154216 1.3968 0.0 0.0 0.0 1.0 
0.021549953684411788 -0.5456341295534453 0.8377463793790181 -3.02 -0.9942262266730788 0.07640727037233372 0.07534015681999162 -0.2893 -0.10511807499955245 -0.8345329985690818 -0.5408371886322957 1.3975 0.0 0.0 0.0 1.0 
0.01431437592212921 -0.5460328137699255 0.8376414894980178 -3.0264 -0.994127844001951 0.08209288786038645 0.070502393879745 -0.2824 -0.10726102937224058 -0.8337319257706519 -0.541651315450048 1.3986 0.0 0.0 0.0 1.0 
0.005391783777191073 -0.5426481695505048 0.8399427913561657 -3.0316 -0.9944605714642185 0.08526323803416191 0.06146830112334517 -0.2769 -0.10497190324444156 -0.8356214120781116 -0.5391824878515835 1.3989 0.0 0.0 0.0 1.0 
0.002941904260537337 -0.5409517004885396 0.8410485140215631 -3.037 -0.995070227459705 0.08178954623033698 0.0560866521618692 -0.2717 -0.09912914618119523 -0.837067337713038 -0.5380443146353228 1.3995 0.0 0.0 0.0 1.0 
-0.006827094011620072 -0.5403031469763723 0.841442749184272 -3.0443 -0.9946568581792535 0.09035048603718954 0.049945211480386 -0.2636 -0.10301031630052088 -0.8366058205871345 -0.5380330618980531 1.3996 0.0 0.0 0.0 1.0 
-0.008061243839097343 -0.5401436936342574 0.8415341981018405 -3.0499 -0.9947599455264393 0.09010635495142615 0.048306268471109026 -0.2577 -0.10191990543560109 -0.8367351044533202 -0.5380396805547794 1.3998 0.0 0.0 0.0 1.0 
-0.011984929766239272 -0.5384639667609394 0.8425633020483223 -3.0569 -0.9948074167087866 0.0915885546322071 0.044381756630110014 -0.2496 -0.10106713174761323 -0.8376563096882023 -0.5367656301588744 1.4 0.0 0.0 0.0 1.0 
-0.015155979398360359 -0.5406093834857651 0.8411372009224283 -3.0623 -0.9949386532071566 0.0917271340287916 0.04102693307077221 -0.2436 -0.09933464975931605 -0.8362581104957997 -0.5392633864700895 1.3996 0.0 0.0 0.0 1.0 
-0.016435405098909478 -0.5389438643155168 0.8421813276105645 -3.0675 -0.9948745683297447 0.09286364007111894 0.040011718826440223 -0.2375 -0.09977209404407217 -0.8372071759543154 -0.5377077959083922 1.3993 0.0 0.0 0.0 1.0 
-0.017862229799433305 -0.5381302236482839 0.8426724174570093 -3.0724 -0.9943708267340468 0.09759748405055922 0.041247909610657774 -0.2315 -0.10443945464641413 -0.8371920887724924 -0.5368443040676794 1.399 0.0 0.0 0.0 1.0 
-0.02383821654928764 -0.5387427401048761 0.8421330057752394 -3.0789 -0.9945450302404661 0.09834511082678053 0.034762364713277316 -0.2243 -0.10154763540201184 -0.8367105229174295 -0.538148286797888 1.3982 0.0 0.0 0.0 1.0 
-0.024973645316785947 -0.5378068673817342 0.8426981015978601 -3.0838 -0.9948220178310401 0.09644113657443072 0.03206649364695274 -0.2195 -0.09851634320339658 -0.8375338086150779 -0.537430599750845 1.3981 0.0 0.0 0.0 1.0 
-0.028205893294219103 -0.5360638399157791 0.8437061023355378 -3.0883 -0.9946644039598462 0.09884144940207604 0.02954811965761278 -0.2145 -0.09923281251017169 -0.8383709962867554 -0.5359915311891359 1.3979 0.0 0.0 0.0 1.0 
-0.03437897059395134 -0.5388976246962687 0.8416694342065774 -3.0942 -0.9947704720512935 0.0994957289120133 0.023071798003489352 -0.208 -0.09617585100089776 -0.8364747157117105 -0.5395000052449177 1.3976 0.0 0.0 0.0 1.0 
-0.0384077170241274 -0.533237935346779 0.8450929839846612 -3.0987 -0.9945529720495453 0.10240782775262357 0.019417069871771164 -0.2031 -0.09689805498775927 -0.8397439735550909 -0.5342666242780808 1.3979 0.0 0.0 0.0 1.0 
-0.04189648216091196 -0.532158661116575 0.8456073818156715 -3.1032 -0.9944090412786659 0.10431840193139182 0.01638077048630643 -0.1985 -0.0969295796224498 -0.8401933291910231 -0.5335539580746453 1.3981 0.0 0.0 0.0 1.0 
-0.045066801914084964 -0.5309171808073672 0.8462245154146706 -3.1092 -0.9944384849508996 0.1045579050010894 0.012638993248779706 -0.1919 -0.0951897211562055 -0.8409486260321379 -0.5326765673097169 1.3984 0.0 0.0 0.0 1.0 
-0.04707035525375672 -0.5290972481596314 0.8472546746086389 -3.1136 -0.9942302201942292 0.1066626266808067 0.011373360193239257 -0.1867 -0.09638802264192076 -0.8418308535920125 -0.5310651212720756 1.3987 0.0 0.0 0.0 1.0 
-0.05271345181682752 -0.5268953620993795 0.8482939168682744 -3.1192 -0.9937891326918256 0.11104529113311112 0.007218244993881129 -0.1797 -0.09800230477485772 -0.842644777302587 -0.5294764655237185 1.3994 0.0 0.0 0.0 1.0 
-0.05243263087066513 -0.5258572551591989 0.8489552205013018 -3.1235 -0.9938760041779562 0.11028365771815123 0.0069284312485126676 -0.1739 -0.09726925279470527 -0.8433929463996834 -0.5284193698418151 1.4002 0.0 0.0 0.0 1.0 
-0.05158323131257647 -0.5221627483779385 0.8512844615366537 -3.1276 -0.9937691146731638 0.11117264662051496 0.00797429401927946 -0.1678 -0.09880342589743052 -0.8455688658233504 -0.5246438565171074 1.4016 0.0 0.0 0.0 1.0 
-0.052575447722903346 -0.515706638545541 0.8551505629167271 -3.1329 -0.9935071822030838 0.11352957816161036 0.0073833456735792335 -0.1597 -0.10089252305114094 -0.849210043418297 -0.5183271177064435 1.4036 0.0 0.0 0.0 1.0 
-0.05394664218104983 -0.5124347544089315 0.8570299774635934 -3.1365 -0.9937566097110201 0.11149393526872553 0.004111332381638633 -0.1533 -0.0976604344299617 -0.851457412248053 -0.515250147670818 1.4051 0.0 0.0 0.0 1.0 
-0.05302918591907782 -0.5093814061302291 0.8589054013857114 -3.1401 -0.9939478741060053 0.10978889848724746 0.003744506524111735 -0.1465 -0.09620565992140029 -0.8535086296328509 -0.512120581642 1.4067 0.0 0.0 0.0 1.0 
-0.05602366967646005 -0.5078073129950569 0.8596470678742081 -3.1447 -0.9933833638998053 0.11480427689472611 0.0030773907431335124 -0.1373 -0.10025388153627646 -0.8537866893290263 -0.5108790936821459 1.4082 0.0 0.0 0.0 1.0 
-0.05523515668589071 -0.508495049490297 0.8592914884425107 -3.1479 -0.9935414203875147 0.1134233331946001 0.0032547598047143467 -0.1299 -0.09911873405287602 -0.8535619087862854 -0.5114758493114491 1.4091 0.0 0.0 0.0 1.0 
-0.05518332456632041 -0.5085907677828496 0.8592381693196944 -3.1512 -0.993676301281464 0.1122520144006001 0.0026255541504668356 -0.1224 -0.097786547957261 -0.8536597192025984 -0.5115690323402534 1.41 0.0 0.0 0.0 1.0 
-0.053351316650919106 -0.5056751124916559 0.8610727713835601 -3.1548 -0.9936186717102733 0.11269694471375889 0.004618861428546894 -0.1123 -0.0993759137836 -0.8553315610093757 -0.5084607639739169 1.411 0.0 0.0 0.0 1.0 
-0.05571067533312615 -0.5072737080145018 0.8599823869191421 -3.1572 -0.9933498615251539 0.11508075125292624 0.003531755798410696 -0.105 -0.10075898601060113 -0.85406662845956 -0.5103114939817006 1.4113 0.0 0.0 0.0 1.0 
-0.056642108676703135 -0.5071871137757025 0.859972617671359 -3.1592 -0.9930264191081868 0.11782134239049703 0.00408193954797903 -0.0977 -0.1033934353710555 -0.853744319393795 -0.5103238526906199 1.4116 0.0 0.0 0.0 1.0 
-0.05923659967390699 -0.5073639543197663 0.859693458807314 -3.1611 -0.9928426575748563 0.11941191523891408 0.002061989008305176 -0.0879 -0.10370382133156547 -0.8534181931245572 -0.5108061325838269 1.4113 0.0 0.0 0.0 1.0 
-0.06139287171028776 -0.5089586983547447 0.8585988345392785 -3.1622 -0.9931457368258916 0.11686972676299998 -0.001735624065923258 -0.0806 -0.09946085022621026 -0.8528203271119803 -0.5126451296334469 1.411 0.0 0.0 0.0 1.0 
-0.06532612639828844 -0.5081639256767921 0.858779320809803 -3.163 -0.9927317941931239 0.12026915879057348 -0.004349050690548195 -0.0709 -0.10107463582865872 -0.8528216425985913 -0.512327203950312 1.4114 0.0 0.0 0.0 1.0 
-0.06913973471951157 -0.5063764211185066 0.8595362803384908 -3.1632 -0.9924405262678225 0.12248661637071662 -0.007670112861012046 -0.0637 -0.1013977263263991 -0.8535689479738975 -0.511017174027029 1.4118 0.0 0.0 0.0 1.0 
-0.07333040647874658 -0.5027636297473888 0.8613079496259702 -3.1632 -0.9923011578581018 0.12320951223874317 -0.01256296968721654 -0.0566 -0.09980512812041642 -0.8555981233599814 -0.5079279355417909 1.4119 0.0 0.0 0.0 1.0 
-0.08144657793521162 -0.5008216874356961 0.8617099815696145 -3.1635 -0.9918433127800295 0.12578031502975634 -0.020643527909539494 -0.0474 -0.09804742646383025 -0.8563626274803666 -0.5069810178090918 1.4125 0.0 0.0 0.0 1.0 
-0.08576195440059647 -0.49643387240145104 0.8638277012864837 -3.1633 -0.991150543004272 0.13068148876500146 -0.023301278859760688 -0.0407 -0.10131874594430956 -0.8581816584072763 -0.5032482020768776 1.4128 0.0 0.0 0.0 1.0 
-0.0910423597770465 -0.49852238731297627 0.8620827791308663 -3.1632 -0.9902695135260771 0.1368133076552926 -0.02546388480270101 -0.0339 -0.10525007984345569 -0.8560125864706601 -0.5061273283441203 1.413 0.0 0.0 0.0 1.0 
-0.09991472465181 -0.5003142710246795 0.8600596944438197 -3.1638 -0.9888368607915317 0.1459573323643773 -0.029968648101366624 -0.0247 -0.11053827634671093 -0.8534530375703857 -0.5093124798433473 1.4131 0.0 0.0 0.0 1.0 
-0.1053491941950857 -0.4970292431313865 0.8613149707015939 -3.1643 -0.9882779977208898 0.14856378104597068 -0.03514828846635831 -0.0177 -0.11049048150513052 -0.8549214785192651 -0.5068541398303841 1.4133 0.0 0.0 0.0 1.0 
-0.10903814200249612 -0.49723742320643716 0.8607355160278135 -3.1642 -0.9881168343441813 0.14858527506564595 -0.039338755945005244 -0.0113 -0.108331921769522 -0.8547966781619412 -0.5075301308582904 1.4136 0.0 0.0 0.0 1.0 
-0.11738894058829882 -0.4977134590958249 0.8593608958187622 -3.165 -0.9870790455138941 0.15351124555257856 -0.045926630578297156 -0.0025 -0.10906325932657757 -0.8536484113051254 -0.5093030486275328 1.4141 0.0 0.0 0.0 1.0 
-0.12296922687340914 -0.49816881110885297 0.8583160285585655 -3.1653 -0.9862579215121912 0.15750182296959192 -0.049884747325290635 0.0045 -0.11033531391448881 -0.8526552711381354 -0.5106908136081398 1.4143 0.0 0.0 0.0 1.0 
-0.12689049820802753 -0.5017152669724925 0.8556755181441382 -3.1657 -0.9862195375534288 0.1561376267346322 -0.054699773907921245 0.0135 -0.10615943298840474 -0.8508247953629451 -0.5146137798224832 1.4142 0.0 0.0 0.0 1.0 
-0.12895921898992702 -0.49957334505168394 0.8566189308854779 -3.1658 -0.986045554088262 0.15630912949002418 -0.057285437074731604 0.0203 -0.10527908196921282 -0.8520527735721197 -0.5127595790892431 1.4143 0.0 0.0 0.0 1.0 
-0.1336082460494242 -0.49690485933998474 0.8574581023886276 -3.166 -0.9851508991639102 0.1607306348237243 -0.060360325593070585 0.027 -0.10782644603312969 -0.8527902577969991 -0.5110012071829108 1.4146 0.0 0.0 0.0 1.0 
-0.13647334574159406 -0.4986575452469677 0.8559881298653408 -3.1665 -0.9847124132170817 0.1626978274102871 -0.06221639825772313 0.0334 -0.1082427325887817 -0.8513930170750994 -0.513238191600618 1.4146 0.0 0.0 0.0 1.0 
-0.14055011055744648 -0.49869552743162365 0.8553060489333537 -3.1671 -0.9842109004701187 0.16424788471765872 -0.06596617134238719 0.0421 -0.10758517471328499 -0.8510730892734593 -0.5139066324697926 1.4147 0.0 0.0 0.0 1.0 
-0.14231862164008496 -0.49726188381185743 0.8558481342167832 -3.1672 -0.9837420232569725 0.16673817682827957 -0.06670841076100842 0.0482 -0.109531007540077 -0.8514276242264307 -0.5129073591706318 1.4151 0.0 0.0 0.0 1.0 
-0.14761445289096708 -0.49703549465228813 0.8550822711022932 -3.1676 -0.9827030195426538 0.17145583864705094 -0.0699833607051496 0.0539 -0.11182463359855516 -0.8506224852715756 -0.5137476412315265 1.4156 0.0 0.0 0.0 1.0 
-0.1553957206499165 -0.4973062486939771 0.8535447645048369 -3.1675 -0.9812195608202557 0.177662778028822 -0.07512729708159394 0.0614 -0.11428185974772048 -0.8491892794383393 -0.5155746543611279 1.4164 0.0 0.0 0.0 1.0 
-0.15641544323806453 -0.49505954362810195 0.8546638271153022 -3.1675 -0.9807117475195966 0.18053525639887813 -0.07490987567771057 0.0672 -0.1172121042968623 -0.8498959168390718 -0.513749212307498 1.4174 0.0 0.0 0.0 1.0 
-0.16246374478287232 -0.49798456259562546 0.8518315015585942 -3.1686 -0.9798395256462982 0.18315493610230335 -0.07980459487146535 0.0746 -0.11627568796770571 -0.847623527751445 -0.5177009943875247 1.4189 0.0 0.0 0.0 1.0 
-0.16562511097628202 -0.4967894771018109 0.8519204998443244 -3.1686 -0.9790663692344799 0.1864645253473354 -0.08160897880139129 0.0801 -0.11831046973158071 -0.8476032068296475 -0.5172730773237579 1.42 0.0 0.0 0.0 1.0 
-0.16652555789073295 -0.4949840625793669 0.852795412957648 -3.1691 -0.9784897578471792 0.1897583492459507 -0.08092936846176751 0.0857 -0.121766302224174 -0.8479283853509547 -0.5159364505041041 1.4214 0.0 0.0 0.0 1.0 
-0.16917719963369854 -0.49489415835558737 0.8523255523270525 -3.1706 -0.9782318214698339 0.1897599981440939 -0.08398599030889037 0.0932 -0.12017311924016644 -0.8479804921870955 -0.5162242790514802 1.4228 0.0 0.0 0.0 1.0 
-0.17607424668825383 -0.4924662750437879 0.8523349268906327 -3.1711 -0.9768460145372643 0.19431192133398695 -0.08952508648506063 0.0986 -0.12153075139991132 -0.8483630385465829 -0.5152770432419653 1.4232 0.0 0.0 0.0 1.0 
-0.1775735322904026 -0.4914510794700458 0.8526098035547305 -3.1718 -0.976693862069187 0.19415477026762618 -0.09150423475829655 0.1031 -0.12056840558904924 -0.8489874920574814 -0.514474001193124 1.4242 0.0 0.0 0.0 1.0 
-0.18445179776482135 -0.4923511700190148 0.8506279208221613 -3.1737 -0.9748459038008481 0.20182084187284263 -0.09457172742656828 0.1101 -0.125111942451684 -0.8466750694136711 -0.5171927384344468 1.4249 0.0 0.0 0.0 1.0 
-0.193712762957038 -0.490425353235036 0.8496813157718843 -3.1755 -0.9730887096267744 0.20621909342184064 -0.10282046831819619 0.1146 -0.12479474614121155 -0.8467329321648971 -0.5171746445089765 1.4258 0.0 0.0 0.0 1.0 
-0.20302186937258504 -0.48602122756020516 0.850038520843222 -3.1771 -0.9716993631567934 0.20706403032273746 -0.11368744428118205 0.1189 -0.12075789082765326 -0.8490629268242584 -0.514305043816878 1.4263 0.0 0.0 0.0 1.0 
-0.2120559817007671 -0.4791566624819924 0.8517283331109995 -3.1795 -0.9702666264799277 0.20729053312295959 -0.1249532249158049 0.1242 -0.11668305002949003 -0.8529006552211793 -0.5088669159604488 1.4281 0.0 0.0 0.0 1.0 
-0.22297980629758535 -0.4716320752069935 0.8531372642309301 -3.1811 -0.9681203717319722 0.20959114118808492 -0.1371659555903858 0.1278 -0.11411814851739738 -0.8565248035938134 -0.5033312120339253 1.4295 0.0 0.0 0.0 1.0 
-0.23597161731327657 -0.467442834067184 0.8519475293125722 -3.1833 -0.9652080233790598 0.21437777041397332 -0.14971854646977673 0.1311 -0.1126537501694706 -0.8576359183427273 -0.501766643113292 1.4307 0.0 0.0 0.0 1.0 
-0.24551657822586284 -0.4648177062136024 0.8506856703898269 -3.1862 -0.9623992753807243 0.2220913281880139 -0.15640676676647053 0.1356 -0.11622927584271087 -0.8570997269478093 -0.5018673265944595 1.4327 0.0 0.0 0.0 1.0 
-0.25356625707860636 -0.4572097253158055 0.8524455527174695 -3.1884 -0.959635545970506 0.22974257393503228 -0.1622281376074916 0.1389 -0.12167075318676679 -0.8591726350381232 -0.49700966894076914 1.4343 0.0 0.0 0.0 1.0 
-0.2691264065234801 -0.45077741521512454 0.851099699943391 -3.1909 -0.9555518212048899 0.23543259769358324 -0.17746044329728827 0.1419 -0.12038145332141992 -0.8610291597125054 -0.4941023090626071 1.4356 0.0 0.0 0.0 1.0 
-0.2806690227792378 -0.4442519597566013 0.8508026186516863 -3.1949 -0.952859820001319 0.23541136302607113 -0.191414872946857 0.1466 -0.115252171689742 -0.8644198554005029 -0.48938251962056417 1.4369 0.0 0.0 0.0 1.0 
-0.2868519247067939 -0.4421929967349674 0.8498125245785428 -3.1983 -0.9505515163562321 0.2416037256966296 -0.1951395769247622 0.1506 -0.11902851777988033 -0.8637667470839894 -0.48963171730094024 1.4383 0.0 0.0 0.0 1.0 
-0.3008536556609834 -0.4392191365395658 0.8465067205715856 -3.2031 -0.9455890690859506 0.2526955476141994 -0.20495431842516754 0.1563 -0.12388862054517968 -0.8621087578220036 -0.4913451937141691 1.4397 0.0 0.0 0.0 1.0 
-0.30714450234373614 -0.4362397648752913 0.8457878706990125 -3.2067 -0.9436163955618981 0.2549318871834251 -0.21118198532040772 0.1607 -0.12349231841207814 -0.8629626877441736 -0.48994392215289484 1.4409 0.0 0.0 0.0 1.0 
-0.31589064087375995 -0.42905369228109214 0.8462423010865903 -3.2112 -0.9405384392372376 0.259019184257837 -0.21976466163509112 0.1669 -0.12490215100448271 -0.8653450128858239 -0.48536322620083905 1.4425 0.0 0.0 0.0 1.0 
-0.3235647260777411 -0.4255455735493391 0.8451135029514083 -3.2147 -0.9374104901072021 0.2656655368174653 -0.22512973056542923 0.1721 -0.12871457211680076 -0.8650623026002531 -0.4848708813124757 1.4436 0.0 0.0 0.0 1.0 
-0.32752098458558243 -0.4240009514581363 0.8443655593513313 -3.2195 -0.9354931342364122 0.27093696367862175 -0.22681657238646358 0.1798 -0.13259939838711693 -0.8641853706671995 -0.4853875201034429 1.4447 0.0 0.0 0.0 1.0 
-0.3336413778646683 -0.4204375446362814 0.8437509715767919 -3.2231 -0.9331234862464826 0.27454322853089164 -0.2321778953368404 0.1862 -0.1340298115785284 -0.8647880010314951 -0.48391912845037927 1.4452 0.0 0.0 0.0 1.0 
-0.33709727243786297 -0.42180689035174496 0.8416913782181352 -3.2271 -0.9319107473615886 0.27657156138202194 -0.23462849440482653 0.1931 -0.13381998306276394 -0.8634738668231374 -0.4863178934057229 1.4454 0.0 0.0 0.0 1.0 
-0.3391787913336512 -0.4190243875418311 0.8422448041719445 -3.2321 -0.9312598927789886 0.2762259766936111 -0.23760097201174818 0.2032 -0.1330892918709481 -0.8649380165334706 -0.48391059912388334 1.4458 0.0 0.0 0.0 1.0 
-0.34003591486463236 -0.4190076406329728 0.8419074614786131 -3.2358 -0.9312594010542881 0.2746329845404496 -0.23944237668051593 0.2114 -0.13088737353229057 -0.8654532459316303 -0.4835898826032488 1.4456 0.0 0.0 0.0 1.0 
-0.34154821984258565 -0.4188446502076132 0.8413762371940527 -3.2395 -0.9309816171169035 0.27355661277183674 -0.24174368285271597 0.2196 -0.12891098522917255 -0.8658729344431904 -0.48336944388943603 1.4449 0.0 0.0 0.0 1.0 
-0.3415375525359763 -0.42010797801273636 0.840750490346444 -3.2445 -0.9308543217583829 0.2747909190442491 -0.24083227041772926 0.231 -0.12985504176379364 -0.8648694916696205 -0.48491074488781577 1.4439 0.0 0.0 0.0 1.0 
-0.34395905464904375 -0.42605552083709763 0.8367609347293679 -3.2521 -0.9300496456060826 0.2772254544307725 -0.24115079125653205 0.2479 -0.12922780441118692 -0.8611752089905287 -0.49160699139371766 1.4414 0.0 0.0 0.0 1.0 
-0.34628874835343243 -0.4280011222230914 0.8348048527288203 -3.2606 -0.9292766239317974 0.2784471743001392 -0.24271820561751983 0.2669 -0.12856538794611044 -0.8598152188116015 -0.4941545613694402 1.4384 0.0 0.0 0.0 1.0 
-0.3470591415643286 -0.4306327893332258 0.8331298536289028 -3.2642 -0.9289142935125567 0.280134672276685 -0.24216275662558445 0.275 -0.12910533515195666 -0.8579510278212388 -0.497244252149566 1.4368 0.0 0.0 0.0 1.0 
-0.35007480595229473 -0.4334466035607544 0.8304045231687441 -3.2674 -0.9276838126079517 0.28327564317093235 -0.24322346476289886 0.2828 -0.12980899068492013 -0.8554992412899856 -0.5012690635672836 1.435 0.0 0.0 0.0 1.0 
-0.3494155703955992 -0.4328092245272709 0.8310144007953295 -3.2714 -0.9280227855554791 0.2821244116603237 -0.24326842342393207 0.2926 -0.12916063121155497 -0.8562020739927104 -0.5002354843827196 1.4329 0.0 0.0 0.0 1.0 
-0.3495500774628542 -0.4346330606642196 0.830005328852391 -3.2742 -0.9281744695671931 0.2813854056242641 -0.24354549378982204 0.2994 -0.12769846275258184 -0.8555211020654729 -0.5017736008712558 1.4311 0.0 0.0 0.0 1.0 
-0.35343887296068366 -0.4349133572836542 0.8282097166397786 -3.2766 -0.9266488887303218 0.28398714914524814 -0.24631917532992514 0.3056 -0.1280734168168457 -0.8545183852771192 -0.5033840771500855 1.4297 0.0 0.0 0.0 1.0 
-0.35572320082257675 -0.43658822602705016 0.8263484285040382 -3.2792 -0.9259700011521008 0.28446089454863194 -0.24831745093522928 0.3131 -0.1266513377857441 -0.8535061337607042 -0.5054569400749542 1.428 0.0 0.0 0.0 1.0 
-0.3587589314137124 -0.43745906745263835 0.8245735827895286 -3.2805 -0.9250589761167165 0.284670499462199 -0.25145297262477245 0.3184 -0.12473139074340328 -0.8529901939878386 -0.5068035212227775 1.4267 0.0 0.0 0.0 1.0 
-0.3634646187149343 -0.43824060270383625 0.8220940609712406 -3.2817 -0.9235472388478415 0.2853323905644868 -0.25621460635819204 0.3236 -0.12228642017385077 -0.8523676442923755 -0.5084441271216839 1.4256 0.0 0.0 0.0 1.0 
-0.36719583036961856 -0.4388923571809495 0.8200858009789682 -3.2828 -0.9220271278771781 0.2879721331316157 -0.25872384118629 0.3304 -0.1226099409417028 -0.8511436713903104 -0.5104128260873694 1.424 0.0 0.0 0.0 1.0 
-0.3696628024386743 -0.4420207651775623 0.8172925153487139 -3.2835 -0.9209839836935847 0.2907792756062758 -0.2592988905834043 0.3357 -0.12303623154616072 -0.8485664711911093 -0.5145843271002214 1.4228 0.0 0.0 0.0 1.0 
-0.37165711855752614 -0.4409576165385404 0.8169622798160063 -3.2843 -0.9204602258733027 0.28965419704971074 -0.26239934968813494 0.3413 -0.12092956136026345 -0.8495038708258704 -0.5135359915732074 1.4219 0.0 0.0 0.0 1.0 
-0.37540135211046555 -0.44153186869398653 0.8149376870419178 -3.2847 -0.9192166103572289 0.29005705099095436 -0.26628505480743286 0.3487 -0.11880508439036153 -0.8490680279565515 -0.5147512368367577 1.4197 0.0 0.0 0.0 1.0 
-0.37475127790001284 -0.44727521505512374 0.8120999702682548 -3.2856 -0.9194010088392188 0.29212036746557035 -0.26337706023343566 0.3548 -0.11942891047704507 -0.8453464218349617 -0.5206977649588032 1.4186 0.0 0.0 0.0 1.0 
-0.37610614845322077 -0.4460020362166168 0.8121738414811912 -3.2862 -0.918836513644766 0.29258326871514606 -0.26482917524527366 0.3607 -0.11951412589654448 -0.8458588620795977 -0.5198453223340503 1.4179 0.0 0.0 0.0 1.0 
-0.3815403814250289 -0.4469951092470496 0.8090873312883236 -3.2864 -0.9169540418825814 0.2935482291902244 -0.27023086835977883 0.3688 -0.11671427683552738 -0.8449998872476264 -0.5218744754577084 1.4168 0.0 0.0 0.0 1.0 
-0.3810777327578222 -0.4471333885508699 0.8092289505691046 -3.2861 -0.9174485626065596 0.2911081476026417 -0.2711903047133435 0.3751 -0.11431490089798152 -0.8457705239853037 -0.5211567174951403 1.4163 0.0 0.0 0.0 1.0 
-0.381607276453282 -0.4433863857215876 0.8110390863051276 -3.2858 -0.9167212277989862 0.2938584749397644 -0.2706831860474443 0.3813 -0.11831346948098437 -0.8467914203998665 -0.5186002441925271 1.4167 0.0 0.0 0.0 1.0 
-0.3858468557100938 -0.43977804095966144 0.8109978289911237 -3.285 -0.9146670202898923 0.29712049901754445 -0.27405045348908735 0.3894 -0.12044270809245022 -0.8475344734895727 -0.5168934806264334 1.4172 0.0 0.0 0.0 1.0 
-0.39313062684980954 -0.433423826281223 0.8109205244932576 -3.2828 -0.910334253044437 0.3075680009503444 -0.276935863559481 0.4116 -0.129382603029551 -0.8470806995813049 -0.5154749561619307 1.4195 0.0 0.0 0.0 1.0 
-0.39752781465769177 -0.42327469429494946 0.8141315432674234 -3.2805 -0.9072228721840743 0.31429943419901013 -0.2795756174065629 0.4282 -0.1375437994224335 -0.8497378412379308 -0.5089472511063816 1.4211 0.0 0.0 0.0 1.0 
-0.40172884588272983 -0.42291482300945793 0.8122542624477932 -3.2794 -0.9046870997047651 0.32078955880366455 -0.28041988265872025 0.4356 -0.1419689614440779 -0.8474887087397853 -0.5114760038800069 1.4217 0.0 0.0 0.0 1.0 
-0.4067506845275942 -0.4175470285528399 0.8125320668029219 -3.2783 -0.9014859718102013 0.32746424409298136 -0.2830021403983187 0.4428 -0.14790849625951508 -0.8475975741985737 -0.50960909425455 1.4223 0.0 0.0 0.0 1.0 
-0.4097946346479576 -0.4113394297301745 0.8141672008641723 -3.2766 -0.8996408018669826 0.3297256413412696 -0.2862296788563701 0.4523 -0.15071424959133523 -0.849753420111589 -0.5051775331294707 1.423 0.0 0.0 0.0 1.0 
-0.4164988871219651 -0.4100401404898143 0.8114158984227866 -3.2753 -0.8963297315006614 0.3344817349581265 -0.2910583814415139 0.4594 -0.15205817786004416 -0.8485216863265752 -0.5068424394024125 1.4232 0.0 0.0 0.0 1.0 
-0.4247598336392965 -0.4070220639272029 0.8086483309839678 -3.2728 -0.8912331830847537 0.344885799966236 -0.2945457491634655 0.4687 -0.15900470777726955 -0.8458054294328508 -0.5092452046377812 1.4232 0.0 0.0 0.0 1.0 
-0.4311433976722194 -0.40355652041758794 0.8070052697920274 -3.271 -0.8873431129138856 0.3517289778046545 -0.2981759985927569 0.4757 -0.16351627016278675 -0.844647181372756 -0.5097387256145139 1.4233 0.0 0.0 0.0 1.0 
-0.44030536538204457 -0.405250577141848 0.8011885888740449 -3.2694 -0.882698259895417 0.3586154039358971 -0.3037083700484667 0.4825 -0.16424057718294593 -0.8409321980909594 -0.5156142657263474 1.4231 0.0 0.0 0.0 1.0 
-0.44490381694057946 -0.3963112005674043 0.8031176912361764 -3.2666 -0.879967099419118 0.36015504136742466 -0.30975191705223254 0.4916 -0.1664887311850503 -0.8445269554504768 -0.5089751702253664 1.4232 0.0 0.0 0.0 1.0 
-0.4573604273844124 -0.401168044602721 0.7936533496762785 -3.2636 -0.8737932966427018 0.3685678589447051 -0.31724282197584147 0.5051 -0.16524743327818192 -0.8385832894486662 -0.5191063016882261 1.4238 0.0 0.0 0.0 1.0 
-0.4636439359097567 -0.3969542574693268 0.7921247491216803 -3.2613 -0.8699306123617607 0.373559281937054 -0.32198477068731773 0.5136 -0.16809232692184817 -0.8383798544547978 -0.5185211560528177 1.4253 0.0 0.0 0.0 1.0 
-0.4664591849600493 -0.3918609791242113 0.7930074412048231 -3.2594 -0.8675282363531667 0.3776657268130644 -0.3236716822966197 0.5204 -0.17265742931125388 -0.8389359760020869 -0.5161161112318188 1.4263 0.0 0.0 0.0 1.0 
-0.46882110551164785 -0.38900756735073977 0.7930194723780093 -3.2579 -0.8658549169879286 0.37991181202755697 -0.3255184753739267 0.5268 -0.17464831449133372 -0.8392497409149426 -0.5149347906478434 1.4272 0.0 0.0 0.0 1.0 
-0.4711525084443764 -0.3857126636672104 0.7932471587552756 -3.2564 -0.8638815477946029 0.38338553108438933 -0.32668670914982484 0.5339 -0.1781122824697201 -0.8391908457805568 -0.5138431075644982 1.4281 0.0 0.0 0.0 1.0 
-0.47210039284243566 -0.3792984413776284 0.795772524938201 -3.2539 -0.8610954264878652 0.3917219530260526 -0.32414283579795006 0.5431 -0.18877469523137824 -0.8382640418662588 -0.5115442410528569 1.4288 0.0 0.0 0.0 1.0 
-0.47521077715496435 -0.38388663043733995 0.7917106619512209 -3.2526 -0.858256279778903 0.400462700789506 -0.32097629740598055 0.55 -0.19383208066739804 -0.8320220431261663 -0.519777302559767 1.4289 0.0 0.0 0.0 1.0 
-0.4782621825390818 -0.3822178548093381 0.790679958148619 -3.2502 -0.855865941987756 0.40468010386089337 -0.32206754397881826 0.5588 -0.19687248182101386 -0.8307487737000185 -0.5206704340535866 1.4294 0.0 0.0 0.0 1.0 
-0.48074321694193 -0.37874466723078115 0.7908466579613069 -3.248 -0.8543229824587678 0.4054832205387552 -0.3251393539765284 0.565 -0.19753025339699082 -0.8319470144821504 -0.5185035815567299 1.4295 0.0 0.0 0.0 1.0 
-0.4836515391853828 -0.3831671169027957 0.7869333829289551 -3.2457 -0.8537506770641345 0.40462594635859117 -0.3277005110553634 0.5713 -0.19284960476013974 -0.8303377650437282 -0.5228271472351489 1.4297 0.0 0.0 0.0 1.0 
-0.48711872319240224 -0.38382139128681425 0.7844721085583977 -3.2434 -0.8519277510670542 0.40650097677990016 -0.33011522660855697 0.5775 -0.1921833928237182 -0.8291188669109164 -0.5250023314758925 1.4302 0.0 0.0 0.0 1.0 
-0.4908959681303135 -0.3830389304321831 0.782497492805422 -3.2407 -0.8496676270904098 0.4090219324099583 -0.3328152374549219 0.5855 -0.1925774440269548 -0.8282404461151319 -0.5262429966004795 1.4312 0.0 0.0 0.0 1.0 
-0.492999616303226 -0.38606671228042766 0.7796819043647565 -3.2389 -0.8492423066176907 0.40826093724549317 -0.3348290784416661 0.5919 -0.18904730353944693 -0.8272094660897038 -0.5291366706589624 1.4314 0.0 0.0 0.0 1.0 
-0.49438102534839423 -0.38523928315292344 0.7792163348462942 -3.2365 -0.8492363551911171 0.4052911958389538 -0.33843265149382046 0.598 -0.18543196811007862 -0.8290535213671386 -0.5275274816647662 1.432 0.0 0.0 0.0 1.0 
-0.499959490044561 -0.38541529604317426 0.7755614468824084 -3.2338 -0.8472868679844452 0.40306765662557775 -0.3458922195185584 0.6062 -0.179291582779259 -0.8300551269393602 -0.5280748191176989 1.4322 0.0 0.0 0.0 1.0 
-0.5044004443564791 -0.38594501032570405 0.772416105954348 -3.2318 -0.8458434061015334 0.4006745987999559 -0.3521488296602029 0.6126 -0.173577429660491 -0.8309670961483291 -0.5285494877788368 1.4321 0.0 0.0 0.0 1.0 
-0.5053309241441205 -0.38407644278997966 0.7727392465750945 -3.2288 -0.845070823950751 0.4014826901843088 -0.3530820754294521 0.6217 -0.17463092398211755 -0.8314426832777866 -0.5274534148273059 1.4324 0.0 0.0 0.0 1.0 
-0.5088770023401704 -0.3813654579342193 0.771754225115681 -3.2272 -0.8422810741780918 0.4057310828449085 -0.3548871376859093 0.6286 -0.17778298166776746 -0.8306278805266056 -0.5276841247576024 1.4328 0.0 0.0 0.0 1.0 
-0.5136914829952121 -0.3813960764530524 0.7685428375597533 -3.2253 -0.8399096742976002 0.4063936819927526 -0.35971643590149277 0.6358 -0.1751365162365608 -0.8302898337945557 -0.5290992275348075 1.4324 0.0 0.0 0.0 1.0 
-0.5161745429981673 -0.38221756740843205 0.7664682461296186 -3.2229 -0.8394769086008933 0.4032243744736499 -0.36426449697468594 0.646 -0.16983038917261034 -0.8314564540580067 -0.5289969791206423 1.4325 0.0 0.0 0.0 1.0 
-0.5155026957975253 -0.38159699183012613 0.7672292398310183 -3.2213 -0.8402171358225305 0.4008578999419671 -0.36516860314695565 0.6537 -0.1682026613810465 -0.8328845537529881 -0.527267659565821 1.4328 0.0 0.0 0.0 1.0 
-0.5188356242633744 -0.38068838046662967 0.7654318728488705 -3.2195 -0.8383974084274208 0.4015364863126424 -0.3685895219643147 0.6618 -0.1670310765618765 -0.832973473249534 -0.5274995851421961 1.4331 0.0 0.0 0.0 1.0 
-0.5219275778430996 -0.3722324619466611 0.7674858941765395 -3.2165 -0.8362597296687415 0.40062298599484475 -0.3743940272319226 0.6724 -0.1681108801392649 -0.8372241141807262 -0.5203792027100043 1.4337 0.0 0.0 0.0 1.0 
-0.5260119329475899 -0.37088537427921076 0.7653466440394904 -3.2147 -0.8336912929610555 0.4027705411186374 -0.37780248708541353 0.6807 -0.16813766513682837 -0.8367914497368925 -0.5210660180913413 1.4343 0.0 0.0 0.0 1.0 
-0.5327081531023781 -0.3650394203252435 0.7635235721488001 -3.2122 -0.8285982512693607 0.4085248678515233 -0.38279546802470504 0.692 -0.17218293066274298 -0.8365725634728323 -0.520095553175456 1.4356 0.0 0.0 0.0 1.0 
-0.5353527402205708 -0.358835268373189 0.7646140815534775 -3.2104 -0.826533796966517 0.4089476892504099 -0.38678633627477477 0.701 -0.17389458303937777 -0.8390465050450375 -0.5155207429010683 1.437 0.0 0.0 0.0 1.0 
-0.538883951971199 -0.35365968271540815 0.76454490720267 -3.2087 -0.8244186240238047 0.4078403181946177 -0.3924286014265646 0.7103 -0.1730260635586412 -0.8417785360037104 -0.511342231438839 1.4384 0.0 0.0 0.0 1.0 
-0.5454869236231767 -0.3465334285799688 0.7631242356476003 -3.2065 -0.819363791796119 0.4120387711127967 -0.39858126874370614 0.7233 -0.17631503863711906 -0.8426972374325598 -0.5086987056931866 1.4405 0.0 0.0 0.0 1.0 
-0.5494534858440743 -0.340106632713166 0.7631699321109993 -3.2051 -0.8158461804011737 0.4154602033409877 -0.40222857850316973 0.7334 -0.18026612776284712 -0.8436351686744553 -0.5057507541833348 1.4422 0.0 0.0 0.0 1.0 
-0.5537210385533474 -0.3322685618568926 0.7635382205659087 -3.2038 -0.8126765716864508 0.4155185110083669 -0.40853538015861757 0.7435 -0.18152080127456166 -0.8467242584282924 -0.5001082171827403 1.444 0.0 0.0 0.0 1.0 
-0.5606888491818922 -0.32922037945547833 0.7597644083229198 -3.2021 -0.8083380839827482 0.4165280439050909 -0.4160455871941179 0.7572 -0.17949249674062967 -0.8474186275931098 -0.4996640003262447 1.4459 0.0 0.0 0.0 1.0 
-0.5658013611877364 -0.324998242902235 0.7577895234090826 -3.201 -0.8040533775299258 0.4210746685945605 -0.4197550351701568 0.7675 -0.18266632355424262 -0.8468011960185465 -0.4995605555493106 1.4477 0.0 0.0 0.0 1.0 
-0.571555461653167 -0.3183295434432919 0.7563006386521305 -3.1993 -0.7985243933881764 0.42795270747629205 -0.42333824930870134 0.7812 -0.18889983435270674 -0.8458857972178612 -0.4987926128629247 1.45 0.0 0.0 0.0 1.0 
-0.5748984692393 -0.3150726193407303 0.7551297865983575 -3.198 -0.7965507490607904 0.4265208124684796 -0.42847041986807194 0.7918 -0.18707927260122514 -0.8478261856495111 -0.49617749313123527 1.4516 0.0 0.0 0.0 1.0 
-0.5782544555419634 -0.3108155944713742 0.754331128138879 -3.1965 -0.7944464612842199 0.42494032266551895 -0.43391305848741796 0.8024 -0.1856787677653211 -0.8501878547746557 -0.4926499840605102 1.4527 0.0 0.0 0.0 1.0 
-0.5849207904027223 -0.30720143171137937 0.7506630064876871 -3.1948 -0.7898549733969831 0.42612938273118167 -0.44107014201053474 0.8161 -0.18438218448295352 -0.8509060051072743 -0.4918965140328535 1.4543 0.0 0.0 0.0 1.0 
-0.5850417625892008 -0.3056091785317814 0.7512184542619085 -3.1936 -0.790437406755337 0.4221458950768658 -0.4438485656974119 0.827 -0.18147959121735746 -0.8534611140918382 -0.48853790508485545 1.4553 0.0 0.0 0.0 1.0 
-0.5863874461255167 -0.3001385653496867 0.7523739792259074 -3.1922 -0.789693654748572 0.4186400039975524 -0.44846903873374866 0.8376 -0.18037099178148785 -0.8571215716820813 -0.482502763392088 1.4564 0.0 0.0 0.0 1.0 
-0.5895626785317172 -0.2937185616024939 0.7524262453241974 -3.1908 -0.7874761278532451 0.41627649851540527 -0.454527474246622 0.8482 -0.1797142068501178 -0.8604901413461493 -0.4767174430439034 1.4577 0.0 0.0 0.0 1.0 
-0.5901849652069916 -0.2900180193239005 0.7533732509925366 -3.1894 -0.7865996355257207 0.4164241134596035 -0.4559078537601502 0.8621 -0.18150129540701726 -0.8616730854545851 -0.47389531920957995 1.4595 0.0 0.0 0.0 1.0 
-0.5894060994574642 -0.2816174531114558 0.7571605246084577 -3.188 -0.78749274291847 0.4093154382005252 -0.46077765994181696 0.8727 -0.18015446087477938 -0.8678435816169463 -0.4630247164819482 1.4613 0.0 0.0 0.0 1.0 
-0.5841100009963713 -0.27696827439242844 0.7629574573435269 -3.1859 -0.7919354239372076 0.4005080813875793 -0.46090298443016786 0.8872 -0.17791512316105795 -0.8734310801221358 -0.4532817636164783 1.4639 0.0 0.0 0.0 1.0 
-0.58432705829604 -0.27039019782084694 0.7651477176764626 -3.1841 -0.7906959995124736 0.40191021755871104 -0.4618094990110968 0.8977 -0.18265192388274154 -0.8748470254532006 -0.44864346284953305 1.4659 0.0 0.0 0.0 1.0 
-0.5798830397988011 -0.2638919714679879 0.7707766781295607 -3.1821 -0.7937875685890099 0.39599182115013065 -0.46161864513443407 0.9081 -0.18340380614166563 -0.8795177684259378 -0.43910310738573544 1.4679 0.0 0.0 0.0 1.0 
-0.573421533369013 -0.25660525202346535 0.7780369462324419 -3.179 -0.7985279174882383 0.3873563618877375 -0.46076915467183066 0.9216 -0.1831417758476397 -0.8854991776049654 -0.4270249365087512 1.4706 0.0 0.0 0.0 1.0 
-0.5718442535151677 -0.25440126860268564 0.7799193190677001 -3.1759 -0.799100706398678 0.3877785386351973 -0.45941905272537903 0.9308 -0.18555918396785032 -0.8859502240573649 -0.4250411624041729 1.4719 0.0 0.0 0.0 1.0 
-0.5713238714824326 -0.25314806383407806 0.7807080706969682 -3.173 -0.7998799224233814 0.3847711820456203 -0.46059010754811214 0.9401 -0.18379647324769371 -0.8876188344352961 -0.4223170150224072 1.4733 0.0 0.0 0.0 1.0 
-0.5691382178956279 -0.25157186188549474 0.7828111440430919 -3.169 -0.8026758794657038 0.37644354027747734 -0.4626031706628462 0.9524 -0.17830625747445827 -0.8916287676442618 -0.41617907113960856 1.4751 0.0 0.0 0.0 1.0 
-0.5704235741398483 -0.25122218441422284 0.7819874424334876 -3.1658 -0.8023871035413785 0.37384871225098176 -0.4652011139483221 0.9615 -0.17547615831217084 -0.8928183210521774 -0.41482955952725103 1.4763 0.0 0.0 0.0 1.0 
-0.5710191435195308 -0.25105972193899434 0.7816048578112447 -3.1624 -0.8024817014842376 0.3714470059836708 -0.46695849979278625 0.9704 -0.1730903131812528 -0.8938658387955551 -0.4135741840554536 1.4774 0.0 0.0 0.0 1.0 
-0.568261123205919 -0.25211864707644455 0.7832722921494737 -3.1573 -0.8048232139135858 0.3684501500976487 -0.46529999058545746 0.9824 -0.17128598949871499 -0.8948076188149962 -0.4122868359674885 1.4784 0.0 0.0 0.0 1.0 
-0.5709491159805168 -0.25286916744457505 0.7810725261567928 -3.1535 -0.8033395436000947 0.36826738557516314 -0.46800075898445437 0.9909 -0.16930057486452216 -0.8946710663017561 -0.4134017398040565 1.479 0.0 0.0 0.0 1.0 
-0.5723558987758992 -0.25548766650828275 0.7791885377741288 -3.1495 -0.8032157595046359 0.36597791256215395 -0.47000490550635626 0.9993 -0.16508533799166786 -0.8948665932857258 -0.4146813371751565 1.4793 0.0 0.0 0.0 1.0 
-0.5721673134959554 -0.25591804901103293 0.7791858042580139 -3.1438 -0.803611044547605 0.3647054837836301 -0.47031818929237246 1.0104 -0.16381042228115017 -0.895263012912147 -0.41433112755806356 1.4796 0.0 0.0 0.0 1.0 
-0.5745061697078913 -0.2571979792058939 0.7770404496935615 -3.1394 -0.8023350074946693 0.36470635013757935 -0.4724910728446139 1.0182 -0.16186783718854264 -0.8948957915096762 -0.4158849908594604 1.4796 0.0 0.0 0.0 1.0 
-0.5798925720481936 -0.25863939860185864 0.7725479055529174 -3.1345 -0.7996050222372479 0.3623418801521474 -0.47889473822623785 1.0257 -0.15606541351721898 -0.8954406866893394 -0.41692872691267474 1.4792 0.0 0.0 0.0 1.0 
-0.5832199404858417 -0.2608748363054663 0.7692846162521951 -3.1283 -0.7982758667411876 0.35936768514387846 -0.4833327088589554 1.0354 -0.15036669045469064 -0.8959906175049637 -0.4178404860048591 1.4795 0.0 0.0 0.0 1.0 
-0.5881445777484197 -0.25898174792698353 0.7661686563060496 -3.1233 -0.7946776839001144 0.36104844122231117 -0.48798709183961936 1.0423 -0.15024424906226175 -0.8958640953468464 -0.4181556986244398 1.4793 0.0 0.0 0.0 1.0 
-0.5932784492040397 -0.26054375036963395 0.7616676675909091 -3.1161 -0.7910900402007737 0.36381799167175843 -0.49174487006075285 1.0514 -0.14898734847358014 -0.8942893396878072 -0.4219589398455232 1.4789 0.0 0.0 0.0 1.0 
-0.60381574683752 -0.2517991174355609 0.7563092940918553 -3.1026 -0.7824805932607832 0.3682585536069264 -0.5021053264660587 1.0674 -0.15208768865789435 -0.8949764478208391 -0.41938823636899053 1.4779 0.0 0.0 0.0 1.0 
-0.6153896294984224 -0.2523821521592823 0.7467254202029304 -3.0905 -0.7718864432983433 0.38483482248282397 -0.5060567933116269 1.0809 -0.15964624191639343 -0.8878093312621027 -0.43163372060800603 1.4757 0.0 0.0 0.0 1.0 
-0.6223025994709452 -0.25224657103578774 0.7410203385146668 -3.0846 -0.7663847429484243 0.3890516010996542 -0.5111685411463355 1.0877 -0.1593546374210097 -0.8860081935752527 -0.4354257461955318 1.4745 0.0 0.0 0.0 1.0 
-0.629442475576696 -0.25446866442123145 0.7341987937660719 -3.0771 -0.7604494414743252 0.3959726692368385 -0.5147060250073238 1.0976 -0.15974610136484396 -0.8822988972253835 -0.44275257091699094 1.4727 0.0 0.0 0.0 1.0 
-0.6328187333044163 -0.2555362524641026 0.7309183774236331 -3.0717 -0.7576353315741381 0.39914037603111063 -0.5164064916054886 1.1049 -0.1597784563999165 -0.8805612891209481 -0.44618680053550885 1.4717 0.0 0.0 0.0 1.0 
-0.6381091465200726 -0.2562396008319404 0.7260564606784465 -3.0662 -0.7532667485922259 0.4029805649471716 -0.5198036838462716 1.1117 -0.15939235424800352 -0.8786056744867667 -0.4501623553418619 1.4705 0.0 0.0 0.0 1.0 
-0.645555971212288 -0.2541154866398695 0.7201963673068215 -3.0591 -0.7470767448657979 0.4058793994823525 -0.5264392181026873 1.1201 -0.1585365109773877 -0.8778879384782705 -0.4518616405067922 1.4689 0.0 0.0 0.0 1.0 
-0.6515590627448588 -0.2557040201027386 0.7142032216801739 -3.0538 -0.7416825378682596 0.4124353120722982 -0.5289651466563028 1.1266 -0.159304114122452 -0.8743640931895158 -0.4583771719496256 1.4677 0.0 0.0 0.0 1.0 
-0.6569749437827336 -0.2593743438652088 0.7078904385469311 -3.049 -0.7373939239899456 0.4165476450551982 -0.5317313797978063 1.1335 -0.15695261738621746 -0.8713283015852642 -0.4649224308980528 1.4667 0.0 0.0 0.0 1.0 
-0.6628087281808106 -0.2600145500011425 0.7021944343520818 -3.0418 -0.7329484830866363 0.4171587120544176 -0.5373687096380835 1.1417 -0.15320284262485384 -0.8708450164896182 -0.4670737053901252 1.4654 0.0 0.0 0.0 1.0 
-0.6685243219633499 -0.26130780067527903 0.6962711140422903 -3.0369 -0.727694814236487 0.4229774702917366 -0.5399539952245264 1.1482 -0.15341280349686603 -0.8676452575401147 -0.4729230580034982 1.4649 0.0 0.0 0.0 1.0 
-0.6715747681945405 -0.25812552425684576 0.6945203700767728 -3.0301 -0.7244677360268879 0.4252941725562674 -0.5424678481216699 1.1564 -0.15535066842638467 -0.8674653194893777 -0.47262044951807475 1.4646 0.0 0.0 0.0 1.0 
-0.6751450825189389 -0.257180823158513 0.6914023009435278 -3.0249 -0.721693853234177 0.4243691430021997 -0.5468718430049078 1.1627 -0.15276485117493865 -0.8681986262757433 -0.4721165593139162 1.4646 0.0 0.0 0.0 1.0 
-0.6797471355056495 -0.2599704580206842 0.6858273782289388 -3.0183 -0.7177325718842695 0.428297097620137 -0.5490187168271758 1.1715 -0.15100922828839325 -0.8654345481471619 -0.4777229907017888 1.4648 0.0 0.0 0.0 1.0 
-0.682561408034208 -0.2563446754004698 0.6843955958772583 -3.0131 -0.7153302189091881 0.4261703144598292 -0.553788353966155 1.1775 -0.14970839047191892 -0.8675634100554483 -0.47425850267050507 1.4654 0.0 0.0 0.0 1.0 
-0.6859158364329041 -0.2581256181988626 0.6803606621197356 -3.008 -0.713216972068483 0.42396273353944575 -0.5581909631328925 1.1841 -0.14436417867329382 -0.8681167927181321 -0.47490232481718736 1.466 0.0 0.0 0.0 1.0 
-0.6872300454252628 -0.26067586081896116 0.6780582277733121 -3.0017 -0.713102022040532 0.4201199874336633 -0.561234979594504 1.1929 -0.1385654027039065 -0.8692222338073459 -0.47460756149525485 1.4676 0.0 0.0 0.0 1.0 
-0.6905403709409427 -0.25495302111412277 0.6768699676640461 -2.9968 -0.7088664115591409 0.4245325237094494 -0.5632766166601914 1.1992 -0.14374424045509349 -0.8687756288810519 -0.47388447959214786 1.469 0.0 0.0 0.0 1.0 
-0.6896935389439781 -0.25365665862203274 0.678219081031813 -2.9914 -0.709856701520081 0.4217203117258165 -0.5641413315694137 1.2053 -0.14292055711465124 -0.8705229912039003 -0.47091765324677726 1.47 0.0 0.0 0.0 1.0 
-0.6922139335269165 -0.2531684653264027 0.6758295631262865 -2.9849 -0.7083247409513704 0.41773309446953105 -0.5690124103577034 1.214 -0.13826037605679792 -0.8725851190280427 -0.4684861561065054 1.4714 0.0 0.0 0.0 1.0 
-0.6938343940068691 -0.24558178806020836 0.6769663352532914 -2.9803 -0.7064920656462145 0.4142439253895251 -0.5738213410608065 1.2208 -0.13950912110706515 -0.8764083270091793 -0.46091826767541516 1.4727 0.0 0.0 0.0 1.0 
-0.6966556534620046 -0.24594786852014633 0.6739291850556886 -2.9718 -0.7051319327051679 0.40777151681173296 -0.5800959813311357 1.2359 -0.1321357558683578 -0.8793361337096615 -0.4575020283819978 1.4744 0.0 0.0 0.0 1.0 
-0.6963263242999196 -0.2421623047629176 0.6756382672990595 -2.9664 -0.7051838639654688 0.40604749633044795 -0.581241041846243 1.2467 -0.13358655654553936 -0.8811826421779352 -0.4535105103904635 1.4756 0.0 0.0 0.0 1.0 
-0.6973022510469089 -0.24535659019912867 0.6734758453951935 -2.9626 -0.7047064891774277 0.4063788723922828 -0.5815883219119867 1.2548 -0.1309898270711799 -0.8801456446060695 -0.45627328377281623 1.4761 0.0 0.0 0.0 1.0 
-0.6975926868388052 -0.2454296042593759 0.6731483882637638 -2.9584 -0.7045494573478198 0.4058088129733315 -0.5821763216277936 1.2635 -0.13028624416994072 -0.8803882760840592 -0.4560065546829659 1.4766 0.0 0.0 0.0 1.0 
-0.6985942152014039 -0.242067664349642 0.6733270886897718 -2.9534 -0.7041561946220799 0.39962302139482087 -0.5869118284262348 1.2749 -0.1270046300828686 -0.8841406486795998 -0.4496277763772275 1.4773 0.0 0.0 0.0 1.0 
-0.7007181264796598 -0.2423767689487166 0.671004924793265 -2.95 -0.7023630174097529 0.399438209005293 -0.5891818980261617 1.2839 -0.12522100062649982 -0.8841394794152243 -0.45013007224742707 1.4774 0.0 0.0 0.0 1.0 
-0.7012317974333734 -0.2423326285269909 0.6704840515773363 -2.9468 -0.7013967373575009 0.40300017461991977 -0.5879060095632357 1.2936 -0.12773638124126468 -0.8825337140344917 -0.4525678518187882 1.4776 0.0 0.0 0.0 1.0 
-0.7040505197887343 -0.2349641660891525 0.6701527484381768 -2.943 -0.6976120249530914 0.4053762321386576 -0.5907686290400944 1.3062 -0.13285453784519613 -0.8834375762163926 -0.44931917464408855 1.4778 0.0 0.0 0.0 1.0 
-0.7087273936245352 -0.23382848768702805 0.6656047775310594 -2.9405 -0.6934920030047581 0.40411898645273825 -0.5964534236274117 1.3154 -0.12951572605140405 -0.8843144707254369 -0.4485683822684884 1.4778 0.0 0.0 0.0 1.0 
-0.7119826304268868 -0.23196734677682868 0.6627758927418301 -2.9381 -0.6898938523865465 0.4069895781041435 -0.5986701560574583 1.3249 -0.130870953269476 -0.8834877663804577 -0.4498023568706691 1.4776 0.0 0.0 0.0 1.0 
-0.7149427596720201 -0.2233117221413082 0.6625622424699725 -2.9355 -0.6849994458647343 0.41361699192418455 -0.5997472327210818 1.3377 -0.14011641430454358 -0.8826397106100947 -0.44868087957541203 1.4779 0.0 0.0 0.0 1.0 
-0.7213619877538034 -0.22178049871034913 0.6560871077956572 -2.9338 -0.6781577998343996 0.4183820339521494 -0.6042006886704359 1.3472 -0.1404951285548645 -0.88077799930394 -0.4522070707037881 1.4775 0.0 0.0 0.0 1.0 
-0.7259772847658469 -0.22519612853703122 0.64980280523859 -2.932 -0.6740914215831393 0.4201775731329175 -0.6074961418677107 1.3566 -0.1362267864703211 -0.8790548963108415 -0.4568421520830853 1.4769 0.0 0.0 0.0 1.0 
-0.7314159320087714 -0.21830908664120957 0.6460432470768662 -2.9298 -0.6677587429517708 0.42142785587704945 -0.6135933698324512 1.3688 -0.13830761228222627 -0.8801929930309338 -0.45401684925125374 1.477 0.0 0.0 0.0 1.0 
-0.7352184005190965 -0.2155341500893409 0.6426499308981579 -2.9279 -0.6634240015231303 0.42324391775295883 -0.6170358014638732 1.3777 -0.13900538745379343 -0.8800054637503066 -0.45416724455692375 1.4768 0.0 0.0 0.0 1.0 
-0.7377200124588118 -0.21398554115800644 0.6402963153049421 -2.9255 -0.6603311005712023 0.42605706761795525 -0.6184158897952202 1.3896 -0.14047071166686512 -0.8790253485014549 -0.45561213313047355 1.4768 0.0 0.0 0.0 1.0 
-0.741499663301118 -0.20764700484403176 0.6380132997858522 -2.924 -0.6553242705850947 0.4281800923395785 -0.6222635365391292 1.3985 -0.14397343403018045 -0.87951380313408 -0.4535715162906337 1.4772 0.0 0.0 0.0 1.0 
-0.7449889547091626 -0.20667158186250542 0.6342541403978368 -2.9226 -0.6512411756146593 0.4312702553956198 -0.6244124422167077 1.4075 -0.14448663794754713 -0.8782327846655729 -0.4558846207026157 1.4772 0.0 0.0 0.0 1.0 
-0.7476641571827285 -0.20381432678793954 0.6320269205185954 -2.9211 -0.6481366406274482 0.43123692616706943 -0.6276572381372998 1.4191 -0.1446278090147466 -0.8789166250025973 -0.45451992602485247 1.4776 0.0 0.0 0.0 1.0 
-0.7487536985064582 -0.19924482696572013 0.632194114098115 -2.9201 -0.6468866348992218 0.42769037455616554 -0.6313625148049004 1.4274 -0.14458762243588183 -0.8816929411305318 -0.4491235654014738 1.4779 0.0 0.0 0.0 1.0 
-0.7517159047090608 -0.19999591807800554 0.6284304506940872 -2.919 -0.6436233603575835 0.4302299883049234 -0.6329700839416958 1.4356 -0.14377819239874326 -0.8802861977307612 -0.4521327697427703 1.478 0.0 0.0 0.0 1.0 
-0.7535990711308073 -0.19701787406415447 0.6271143414801049 -2.9174 -0.640823465834776 0.4326795528681042 -0.6341401187161739 1.4462 -0.1464026148205363 -0.8797569902132625 -0.4523205860278872 1.4778 0.0 0.0 0.0 1.0 
-0.7547551648240701 -0.19436236675861773 0.6265524012876971 -2.9161 -0.6388364785393206 0.4348548846747472 -0.6346567442027167 1.4539 -0.14910598532208869 -0.8792749852364168 -0.45237474009788403 1.4778 0.0 0.0 0.0 1.0 
-0.7571581607109841 -0.19643792152986456 0.622995716400833 -2.9142 -0.6368748064876868 0.4340753420205772 -0.6371570279852455 1.4633 -0.14526527640847875 -0.8791989197188236 -0.4537700508354674 1.4772 0.0 0.0 0.0 1.0 
-0.7601327635399088 -0.19774608530010046 0.618946417342945 -2.9119 -0.6339055246631129 0.43487919008648895 -0.6395653804196278 1.47 -0.1426953664095829 -0.8785081535069582 -0.4559182565186769 1.4765 0.0 0.0 0.0 1.0 
-0.761425781168949 -0.19685620406813817 0.6176393888760168 -2.9093 -0.6322673278394549 0.43580011619274933 -0.6405593531228323 1.4764 -0.14306923470128388 -0.8782516118096623 -0.45629519002036295 1.476 0.0 0.0 0.0 1.0 
-0.764445497225634 -0.1997412864663945 0.6129653336463682 -2.9054 -0.629353017186342 0.4373572183565622 -0.6423655060087355 1.4847 -0.13977790072075627 -0.8768250008024182 -0.4600435375461091 1.4756 0.0 0.0 0.0 1.0 
-0.7675893777336976 -0.19851217616632896 0.609425518914414 -2.902 -0.6260883954606913 0.4357406296069124 -0.6466401045243237 1.4907 -0.13718552496474024 -0.8779083207394036 -0.45875604858864677 1.4754 0.0 0.0 0.0 1.0 
-0.7697315301791484 -0.19822119989871567 0.6068127613677715 -2.8984 -0.6242562611989759 0.4324910934444504 -0.6505809514926636 1.4971 -0.13348217784387004 -0.8795793369571258 -0.45664285628499707 1.4755 0.0 0.0 0.0 1.0 
-0.7695945717166405 -0.19968983775040808 0.6065048753996101 -2.8931 -0.6246022798737311 0.43274905683248643 -0.6500771075704257 1.5058 -0.13265062065749306 -0.8791201411125837 -0.45776805298029777 1.4756 0.0 0.0 0.0 1.0 
-0.7717515083674629 -0.19678786309600774 0.6047099687210826 -2.8891 -0.6217984762465939 0.43282743232160126 -0.6527074909691963 1.5121 -0.1332901506862371 -0.8797357278001141 -0.4563976171739328 1.4758 0.0 0.0 0.0 1.0 
-0.7752513513333243 -0.20073770517950937 0.5989071012896066 -2.885 -0.6188310271617271 0.4314432295203193 -0.6564334692282524 1.5185 -0.1266234657471374 -0.8795232307451245 -0.4586996669955647 1.4757 0.0 0.0 0.0 1.0 
-0.775528323068649 -0.2002038069701983 0.5987271964701193 -2.8789 -0.6194363847243576 0.42440231455915794 -0.6604401870543973 1.5269 -0.12187856824703408 -0.8830634807710424 -0.4531495377141897 1.4755 0.0 0.0 0.0 1.0 
-0.7772238626920273 -0.20587519944653063 0.59459101028769 -2.8745 -0.6170288012400259 0.4345137482631833 -0.6561046113315889 1.5334 -0.12328230084801786 -0.8768199386550981 -0.46474538133744653 1.4756 0.0 0.0 0.0 1.0 
-0.7800653582156359 -0.20594836205344938 0.5908327251256595 -2.8696 -0.6138940480398026 0.43446742738644406 -0.6590691559476212 1.5393 -0.12096336095370538 -0.8768257105649369 -0.4653434630453911 1.475 0.0 0.0 0.0 1.0 
-0.7831452332537887 -0.2083824855186994 0.5858841893761239 -2.8627 -0.6114960767703409 0.4291979376367532 -0.6647267697504282 1.547 -0.11294286930280287 -0.8788434843915078 -0.4635493913449171 1.4741 0.0 0.0 0.0 1.0 
-0.7838713193391578 -0.207305554172284 0.5852949358458615 -2.8572 -0.6109651509542676 0.42565241590225084 -0.6674890299892627 1.5528 -0.11075802019229944 -0.8808203154139328 -0.4603131900317248 1.4735 0.0 0.0 0.0 1.0 
-0.787017780794688 -0.2064276690854382 0.5813696157772239 -2.8517 -0.6069853408415561 0.427617055834205 -0.6698600223652297 1.5584 -0.1103259204197456 -0.880074582632426 -0.46184079539154704 1.473 0.0 0.0 0.0 1.0 
-0.7909182822977822 -0.20500260451166202 0.5765606671206082 -2.844 -0.6023172658326903 0.427091319558205 -0.6743937396194182 1.5661 -0.10799158303755915 -0.8806627827389246 -0.46127094108731337 1.4724 0.0 0.0 0.0 1.0 
-0.7932192805148481 -0.19946985523569935 0.575338986921411 -2.8381 -0.5989444767479857 0.4260274723742219 -0.6780605478535919 1.5715 -0.10985757503507929 -0.8824468083882908 -0.45740457318738215 1.4723 0.0 0.0 0.0 1.0 
-0.7978201357507917 -0.1951932752370849 0.570423190528583 -2.8251 -0.5917479781823587 0.43462752127862 -0.6789206493135217 1.583 -0.11540087221368542 -0.8792033343029487 -0.4622598140038763 1.4712 0.0 0.0 0.0 1.0 
-0.8007545986479939 -0.18804633506083862 0.5687096347120177 -2.816 -0.5869351959512619 0.43586763445363175 -0.6822950102334391 1.5905 -0.11957904706822065 -0.8801465679680753 -0.45939402520741857 1.4705 0.0 0.0 0.0 1.0 
-0.8035387485910181 -0.18703701610952267 0.5651040914005374 -2.809 -0.5827395299303217 0.4408078573163703 -0.6827174182520455 1.5959 -0.1214088949351256 -0.87789839248799 -0.46320005688431753 1.4694 0.0 0.0 0.0 1.0 
-0.8080887291721022 -0.1843990728056142 0.5594547235777414 -2.7998 -0.5755345431465964 0.4495129365627647 -0.6831530644795198 1.6033 -0.12550934399500285 -0.874033810450803 -0.4693743737772594 1.4681 0.0 0.0 0.0 1.0 
-0.8123152542897317 -0.18246900098276356 0.5539395195583726 -2.793 -0.5690648252488103 0.4559547605703795 -0.6843029160961898 1.6091 -0.12770729154104518 -0.8710971931957765 -0.4742156974349228 1.4669 0.0 0.0 0.0 1.0 
-0.8172017028496107 -0.18127792285677563 0.5471011712146386 -2.7864 -0.5624844452852966 0.45782307418706103 -0.6884833197354898 1.6149 -0.12566871397364063 -0.8703656400769975 -0.47609980771007404 1.4661 0.0 0.0 0.0 1.0 
-0.8205148029883065 -0.18091141325982732 0.5422421217771567 -2.7777 -0.5580225563917294 0.45921167323820633 -0.691184104070548 1.6231 -0.12396081895139294 -0.8697101239574592 -0.47774262490466685 1.4651 0.0 0.0 0.0 1.0 
-0.8239014916791209 -0.1780523267151733 0.5380368955380592 -2.7712 -0.5519379955974582 0.467598748272963 -0.6904461308671506 1.629 -0.12864983880588227 -0.8658226028262783 -0.4835291505280205 1.465 0.0 0.0 0.0 1.0 
-0.8280782918156584 -0.17804347500436546 0.5315889987876266 -2.765 -0.5456565225416478 0.47353571343643314 -0.6913919926553999 1.6346 -0.1286285428332979 -0.8625917047529602 -0.4892752281282635 1.4651 0.0 0.0 0.0 1.0 
-0.8330434578446178 -0.17768628332852743 0.5238952014088094 -2.7565 -0.5390643548183576 0.4734955242147936 -0.6965713243543878 1.6416 -0.12429086332691777 -0.8626874134154574 -0.4902266904484061 1.466 0.0 0.0 0.0 1.0 
-0.8363735187055005 -0.16920151929646257 0.5213925422135887 -2.7502 -0.532755473413247 0.4748179272518264 -0.7005137696780174 1.6469 -0.12903853206080376 -0.8636658971083947 -0.48726817607509 1.467 0.0 0.0 0.0 1.0 
-0.8401249255725792 -0.16419135235492133 0.5169442032207443 -2.7423 -0.5252598953783828 0.48394191118866925 -0.6999301885917969 1.6537 -0.13524848146562854 -0.8595588556968744 -0.4928147946788136 1.4684 0.0 0.0 0.0 1.0 
-0.8428626579003983 -0.1621210320941604 0.5131269929265078 -2.7366 -0.520166965784598 0.48975601500636884 -0.699689483607926 1.6586 -0.13787265001994056 -0.8566538488314902 -0.49712706188526223 1.4697 0.0 0.0 0.0 1.0 
-0.8457570980053521 -0.15486865117024326 0.5105983079273515 -2.7307 -0.5151621031148005 0.48619259015300886 -0.7058503898097979 1.6634 -0.1389350160611088 -0.8600188754701943 -0.49098329416292935 1.4716 0.0 0.0 0.0 1.0 
-0.8484552144177265 -0.14728151237266277 0.5083619824894381 -2.7232 -0.508888347080892 0.49097606204030686 -0.7070892141085672 1.6699 -0.14545239541736033 -0.8586330197567613 -0.49152104537927765 1.4741 0.0 0.0 0.0 1.0 
-0.850074455261262 -0.14073630788199226 0.5075103074381976 -2.7176 -0.5051149238073878 0.49068321540454707 -0.7099921801451843 1.6747 -0.14910511144600544 -0.8598972460497825 -0.48820527647361045 1.4766 0.0 0.0 0.0 1.0 
-0.8519746660496866 -0.13744632239089635 0.5052204240435486 -2.7102 -0.5021762872097659 0.4875998558619451 -0.7141886005304379 1.6815 -0.14818280930573538 -0.8621803112021456 -0.4844450082327528 1.4793 0.0 0.0 0.0 1.0 
-0.8551045798476018 -0.132695607937202 0.5011866250787553 -2.6987 -0.49659860544203127 0.48735780589140926 -0.7182424340776179 1.6916 -0.1489495975042773 -0.8630609739009683 -0.48263834569211966 1.4838 0.0 0.0 0.0 1.0 
-0.8569913545072032 -0.13024282527594802 0.49860066663016767 -2.6914 -0.49320174724801935 0.487775298684864 -0.7202966711740325 1.6982 -0.1493916155994359 -0.8631987398374897 -0.48225520290771345 1.4869 0.0 0.0 0.0 1.0 
-0.8611205555252983 -0.12954052504400299 0.4916204239279789 -2.686 -0.48688160035461175 0.4884844095028565 -0.7241058547676422 1.7029 -0.14634785986796583 -0.8629033746857 -0.483714864220748 1.489 0.0 0.0 0.0 1.0 
-0.8656349810760524 -0.127936607150447 0.48405403013330517 -2.6807 -0.4798414078677019 0.4879819306176923 -0.7291267781985322 1.7071 -0.1429276139624681 -0.8634268121511295 -0.48380351096858915 1.4906 0.0 0.0 0.0 1.0 
-0.8754968264780005 -0.11928891029145847 0.46826857967242064 -2.6732 -0.4633240528129735 0.4824542170105899 -0.7433496825678071 1.7117 -0.13724477735750348 -0.8677603841903448 -0.47765655728558176 1.4927 0.0 0.0 0.0 1.0 
-0.8806581379190365 -0.11645739628498122 0.4592155473930499 -2.6671 -0.4551989129709074 0.4766145093837947 -0.7520854732508463 1.7154 -0.13128287682359774 -0.871364610421704 -0.47274572653547337 1.494 0.0 0.0 0.0 1.0 
-0.8857253176488663 -0.11286625070313328 0.45027976984096485 -2.6614 -0.44629371347827906 0.47392015965345313 -0.7590926185807717 1.7192 -0.1277207226161149 -0.8733045813038328 -0.47013458210192793 1.495 0.0 0.0 0.0 1.0 
-0.8945603831953457 -0.11056454057126319 0.4330556583000176 -2.654 -0.4302751081716695 0.47520746631756544 -0.767490192278636 1.7242 -0.12093408165299893 -0.8728993907228398 -0.4726749428205818 1.4958 0.0 0.0 0.0 1.0 
-0.8976424005601304 -0.1091196262745345 0.42700237455821255 -2.6481 -0.42466044975681305 0.4733439486429516 -0.7717570917688026 1.7279 -0.11790514462476756 -0.8740929089317706 -0.47123238792150945 1.4965 0.0 0.0 0.0 1.0 
-0.9023061987119361 -0.10147540739993166 0.4189824166466112 -2.6419 -0.414853480788671 0.4686584905572451 -0.7799075642062518 1.731 -0.11721822914350985 -0.8775317435407239 -0.4649708870830917 1.4967 0.0 0.0 0.0 1.0 
-0.906754021017774 -0.09925359735378461 0.4098119919919756 -2.6362 -0.40567123526418847 0.4704437540527588 -0.7836539562536355 1.7344 -0.11501301772984543 -0.8768303129369333 -0.46684109509295985 1.4967 0.0 0.0 0.0 1.0 
-0.9109074155075438 -0.09165998120653523 0.4023010417816296 -2.6285 -0.3953384486375388 0.47303408842069633 -0.7873666631378705 1.7388 -0.11813209302400005 -0.8762632019189317 -0.4671269737026011 1.4966 0.0 0.0 0.0 1.0 
-0.9158208911584427 -0.08640310965735346 0.3921818429750349 -2.623 -0.3837808931819343 0.47587950761718667 -0.7913601710084355 1.742 -0.11825532269725667 -0.8752560750269391 -0.46898025734800874 1.4956 0.0 0.0 0.0 1.0 
-0.9194954258507871 -0.07977504145183506 0.38492090694172143 -2.6157 -0.3737488987735232 0.48085919659944193 -0.7931495405730987 1.7465 -0.12181922058960185 -0.8731611396569919 -0.4719636656437069 1.4941 0.0 0.0 0.0 1.0 
-0.9232315456376703 -0.06331534842847114 0.37899166190413686 -2.6087 -0.36009838110254294 0.4866986756410044 -0.7958979551780618 1.7507 -0.13406218358212002 -0.8712723832319453 -0.4721353250398876 1.4924 0.0 0.0 0.0 1.0 
-0.9277161484857191 -0.06124982221518274 0.36822711350120746 -2.6037 -0.34865897294848613 0.49454468875771307 -0.7961548036682584 1.754 -0.13334042305816124 -0.8669913552626374 -0.4801523940151974 1.4902 0.0 0.0 0.0 1.0 
-0.9373735621779076 -0.0396712054613059 0.34605924404232696 -2.5868 -0.31561912461886144 0.5170377802832558 -0.7956484788740483 1.7653 -0.14736136910575842 -0.8550427645545047 -0.49717853702494635 1.4844 0.0 0.0 0.0 1.0 
-0.9396831025387259 -0.03177946597490788 0.3405667810364723 -2.5752 -0.30599787980360443 0.5230204708651996 -0.7954966276557331 1.7721 -0.15284294016700176 -0.8517274520633318 -0.5011979479634886 1.481 0.0 0.0 0.0 1.0 
-0.9421979344966233 -0.032564182243624784 0.3334705778102482 -2.5696 -0.29903063437929345 0.5306826108667665 -0.7930678698739153 1.7757 -0.15114143023345422 -0.8469448273402678 -0.5097457479062967 1.4795 0.0 0.0 0.0 1.0 
-0.9436704835617038 -0.028416945248384978 0.329664216555529 -2.5616 -0.2931732664189216 0.5337346126062636 -0.7932066560255921 1.7797 -0.15341269279847886 -0.8451744438450517 -0.5120006886318882 1.4777 0.0 0.0 0.0 1.0 
-0.9461388135878466 -0.024607666683421625 0.3228247328860977 -2.5531 -0.2860555085608346 0.5305407453496851 -0.7979340596476651 1.7823 -0.151636379027544 -0.8473021776581239 -0.5090043499727843 1.4762 0.0 0.0 0.0 1.0 
-0.9516612642844424 -0.01993786345428175 0.3065017449565583 -2.5407 -0.2690642151573548 0.5354016288127905 -0.8005932450291895 1.7864 -0.1481394146818915 -0.8443622311931589 -0.5148855565581707 1.4743 0.0 0.0 0.0 1.0 
-0.9541405930489214 -0.016035709292453543 0.29892906302957684 -2.534 -0.25948677582188295 0.5422282781452697 -0.7991590001702917 1.7879 -0.1492727097289276 -0.8400781811278664 -0.5215230653797388 1.4731 0.0 0.0 0.0 1.0 
-0.9563776990331914 -0.017073006230821627 0.29163369018379987 -2.527 -0.253335483185531 0.5455924805169645 -0.7988428995506559 1.7883 -0.14547449862821932 -0.8378766959771516 -0.5261176794095406 1.4719 0.0 0.0 0.0 1.0 
-0.960255660148982 -0.014393895297429626 0.27875057476175646 -2.517 -0.23911275013992128 0.5576151344181295 -0.7949153757403207 1.7896 -0.14399361052618456 -0.829974805428465 -0.5388948528995388 1.4703 0.0 0.0 0.0 1.0 
-0.9625788559672703 -0.01776097725246767 0.27041910755673026 -2.5093 -0.23413569715676397 0.5569750958060162 -0.7968432831923697 1.7899 -0.13646399291262593 -0.8303392621928198 -0.5402909293144078 1.4692 0.0 0.0 0.0 1.0 
-0.9652306093059653 -0.01995529581773718 0.2606370215983555 -2.4983 -0.22744529617170695 0.5555425566656609 -0.7997756591587079 1.7902 -0.1288351974741357 -0.8312486113685892 -0.5407654186332487 1.4677 0.0 0.0 0.0 1.0 
-0.9668657514570315 -0.01623776601652281 0.2547684313533016 -2.4896 -0.22092706067809775 0.5532678520610167 -0.8031724084752443 1.7908 -0.12791345714804772 -0.8328451349624257 -0.5385230994580018 1.4668 0.0 0.0 0.0 1.0 
-0.968334410524807 -0.013824802768164432 0.24927363322661278 -2.4805 -0.21501398455656012 0.5536022070182353 -0.8045455753589414 1.7915 -0.12687574960837023 -0.8326664825804868 -0.5390445927271267 1.4663 0.0 0.0 0.0 1.0 
-0.9693875782679535 -0.011793103457241258 0.24525220857443766 -2.4683 -0.21119731837614392 0.5495016839597913 -0.8083585788720743 1.7916 -0.12523344525532457 -0.8354093739216725 -0.5351707784934461 1.466 0.0 0.0 0.0 1.0 
-0.9708653971688738 -0.0030619474327688995 0.23960593702586783 -2.4588 -0.20227753966353484 0.5465507864203664 -0.8126290880905918 1.792 -0.12846858576240447 -0.8374203617904203 -0.5312466095242486 1.4653 0.0 0.0 0.0 1.0 
-0.9714015167499218 0.0014285702286300217 0.2374385235025121 -2.4491 -0.19804108767327802 0.546792174670189 -0.8135097081858521 1.7921 -0.1309916823662332 -0.8372671478724979 -0.5308718322197142 1.4653 0.0 0.0 0.0 1.0 
-0.972187370738006 0.009446201208551191 0.2340138574107338 -2.4357 -0.19125251359882808 0.5447070160114722 -0.8165272455650262 1.7918 -0.1351820706294062 -0.8385732144485692 -0.527750671993642 1.4655 0.0 0.0 0.0 1.0 
-0.9720428440706216 0.01378911490472104 0.23439831398975852 -2.4254 -0.18928944632758102 0.5446559992507473 -0.8170185726096854 1.7918 -0.1389324109057885 -0.8385461840532781 -0.5268188326261608 1.466 0.0 0.0 0.0 1.0 
-0.9723046431061236 0.025421790435785643 0.23233039741995287 -2.4117 -0.1810858565723228 0.5465027076547798 -0.8176446068283353 1.7911 -0.14775518110625557 -0.8370713966544513 -0.5267635934261444 1.4664 0.0 0.0 0.0 1.0 
-0.9729161835163977 0.030121975379312355 0.2291871864898534 -2.4014 -0.17601160540696276 0.5461812852812202 -0.8189663719412524 1.7905 -0.14984663697911402 -0.8371252416501381 -0.5260867943393439 1.467 0.0 0.0 0.0 1.0 
-0.9732490763455207 0.0347630972192744 0.22710738091113242 -2.3917 -0.1724551747275035 0.5426007320238303 -0.8220971100283165 1.7896 -0.15180727288999418 -0.8392710960583161 -0.522090585261577 1.4684 0.0 0.0 0.0 1.0 
-0.9736015980793352 0.04132000389851548 0.22448292918436244 -2.3821 -0.16680532077360133 0.5425272296565423 -0.8233105064572013 1.7885 -0.15580729501207827 -0.839021371813033 -0.5213129812905059 1.4699 0.0 0.0 0.0 1.0 
-0.974034437853127 0.05237070769277049 0.22025944441022596 -2.3662 -0.15611238986251239 0.5492389459890951 -0.8209540193824518 1.7858 -0.1639690080702996 -0.8340227150291211 -0.5268019316668225 1.4727 0.0 0.0 0.0 1.0 
-0.9746565528063171 0.06144516079971702 0.21510252505724764 -2.3507 -0.14793211347204324 0.5442609930158353 -0.8257699808573278 1.7825 -0.16781148314522892 -0.8366626940982334 -0.5213778307800254 1.476 0.0 0.0 0.0 1.0 
-0.9759806681211536 0.06464164487766388 0.20804613238725891 -2.3387 -0.13908770601854867 0.5501300060332623 -0.8234145896790636 1.7798 -0.167679293558521 -0.8325733806754531 -0.5279253927425376 1.4779 0.0 0.0 0.0 1.0 
-0.9758202370283977 0.07278253055425594 0.20610086911985792 -2.3294 -0.1329072557949041 0.55100079374535 -0.8238530127693061 1.7774 -0.173523849550746 -0.8313247431287688 -0.5280043987496477 1.4793 0.0 0.0 0.0 1.0 
-0.9769157966246202 0.07502277603655877 0.2000177726629626 -2.3175 -0.12707945981223834 0.5485299240938106 -0.8264174086183498 1.7748 -0.17171586181571563 -0.8327583715877056 -0.5263336939162069 1.4806 0.0 0.0 0.0 1.0 
-0.978838683221224 0.07347615160704132 0.19098713929152086 -2.3088 -0.11999321334855978 0.5499247921462996 -0.8265496668277931 1.7725 -0.16576025150809445 -0.8319759480464971 -0.5294710198793745 1.4809 0.0 0.0 0.0 1.0 
-0.9792886065196036 0.07895740518246233 0.18643914102930614 -2.2997 -0.11290325225785186 0.5514109266561498 -0.826558434470187 1.7707 -0.16806748873739058 -0.8304888428697034 -0.5310758901498434 1.4809 0.0 0.0 0.0 1.0 
-0.9807047412670896 0.0814761458134884 0.17770719771475155 -2.2881 -0.10456839184673737 0.549419320324913 -0.8289776003489465 1.7678 -0.16517766762743022 -0.8315648189510482 -0.5302983028447973 1.4805 0.0 0.0 0.0 1.0 
-0.9828025411717983 0.07613623131465146 0.16823328846413618 -2.2795 -0.09891543906391422 0.5522563341989964 -0.8277854053146136 1.7665 -0.15593236027537213 -0.8301904694817257 -0.5352278798798352 1.48 0.0 0.0 0.0 1.0 
-0.9836448591589212 0.07681106571538429 0.16291976931573915 -2.2709 -0.0939893532494836 0.552712126362697 -0.8280551351494481 1.765 -0.15365152952694788 -0.8298249005394414 -0.5364530193024702 1.4794 0.0 0.0 0.0 1.0 
-0.9835818865919043 0.08659386043340572 0.1583293267324471 -2.259 -0.08413707857163844 0.556117423036712 -0.8268339396786011 1.7629 -0.15964843994771788 -0.8265802532907778 -0.5397012696779703 1.4787 0.0 0.0 0.0 1.0 
-0.9845198376167947 0.08898752376031728 0.1510030130626783 -2.2502 -0.07598279536180728 0.5596764099863238 -0.8252205347141007 1.7617 -0.15794715618841051 -0.8239196178753286 -0.544251007470052 1.4774 0.0 0.0 0.0 1.0 
-0.9851242078034561 0.0959434622569124 0.14256629072038676 -2.2385 -0.06537281552498962 0.5580149805201675 -0.8272518821407497 1.761 -0.1589235356702999 -0.8242658148711699 -0.5434419713684409 1.4757 0.0 0.0 0.0 1.0 
-0.9853033154565369 0.10277933164148384 0.1364323478420209 -2.2298 -0.05638917416992087 0.5582267022385929 -0.8277700223759374 1.7601 -0.1612378292671749 -0.8232978549074177 -0.5442269788590548 1.4742 0.0 0.0 0.0 1.0 
-0.9863228929602705 0.11196343415621707 0.12096007702721379 -2.2122 -0.036892864598430546 0.5652853832686859 -0.8240699921757236 1.7591 -0.16064266981161923 -0.8172616624280878 -0.5534232627574249 1.4706 0.0 0.0 0.0 1.0 
-0.9867533385278043 0.11955774388737059 0.10965306553304385 -2.2004 -0.02376153517124003 0.5621157839015999 -0.8267171432448923 1.7583 -0.16047815536869195 -0.8183714262883643 -0.5518287508677037 1.4687 0.0 0.0 0.0 1.0 
-0.9871192344542807 0.12395806492780563 0.10114353716253047 -2.1913 -0.013603127532827844 0.5648812443872631 -0.8250600794250212 1.7581 -0.15940693802880687 -0.8158085424159583 -0.5559189241512013 1.4669 0.0 0.0 0.0 1.0 
-0.9868521835039533 0.13158794443022837 0.09384764671586632 -2.1827 -0.0036964021463776336 0.562122234949605 -0.8270459053682768 1.7581 -0.1615831195535325 -0.8165189562134412 -0.5542451529959108 1.4659 0.0 0.0 0.0 1.0 
-0.9865032181847393 0.1401384418340636 0.08469130788619011 -2.1711 0.007551034583738403 0.5556094646913483 -0.8314091078537139 1.7588 -0.16356766913992465 -0.8195482535310011 -0.5491687151927156 1.4647 0.0 0.0 0.0 1.0 
-0.9861740053290422 0.14845662578019395 0.07363057432367223 -2.1603 0.02186998282091679 0.5570362584125992 -0.830200163011972 1.7598 -0.16426361454895352 -0.8171115205867872 -0.5525814219277205 1.4636 0.0 0.0 0.0 1.0 
-0.9846295210842673 0.16089346052842254 0.06795587221539892 -2.1524 0.03318254510120927 0.5543248567165102 -0.8316386666857348 1.7604 -0.1714748521211577 -0.816601033299254 -0.5511434727043565 1.4628 0.0 0.0 0.0 1.0 
-0.9833449742545557 0.1710402913541997 0.061464464056703604 -2.1447 0.044492135915626146 0.5544332559710825 -0.8310380343371592 1.761 -0.1762189304529249 -0.8144623891910384 -0.5528091037087328 1.4618 0.0 0.0 0.0 1.0 
-0.9829976078902875 0.17752336777770672 0.04691648723885686 -2.1346 0.06064838786943851 0.5550736328535798 -0.8295872679589334 1.7615 -0.1733132306859776 -0.8126368906243367 -0.5564025593629119 1.4601 0.0 0.0 0.0 1.0 
-0.9826652278655 0.18175319448128097 0.03653527391295709 -2.1274 0.07206079507914082 0.5560484422525437 -0.8280201517361047 1.7618 -0.17081068981948178 -0.8110338501963833 -0.559506748912847 1.4589 0.0 0.0 0.0 1.0 
-0.9817361686959368 0.18814656437841742 0.028195130551588274 -2.12 0.08305909934994986 0.557209963264992 -0.8262071428240024 1.7627 -0.17115864304614664 -0.8087755727955835 -0.5626604586780356 1.4579 0.0 0.0 0.0 1.0 
-0.9813771911135418 0.19126617928733225 0.017778003907090528 -2.1101 0.09385271129879309 0.5581802355554117 -0.824394622263616 1.7641 -0.16760214003395016 -0.807373564898016 -0.5657362012103424 1.4567 0.0 0.0 0.0 1.0 
-0.9804970979998224 0.19626326645688358 0.010303933889574235 -2.1028 0.10226821486276373 0.5542808688889442 -0.8260229601000814 1.7647 -0.1678292377469134 -0.8088593503344023 -0.5635422773261103 1.4561 0.0 0.0 0.0 1.0 
-0.9793055984184926 0.20238646166326685 -0.0005148219314142777 -2.0936 0.11406701925502026 0.5498415432497425 -0.8274436490994518 1.7655 -0.16718032188171217 -0.8103789221420833 -0.5615485219670358 1.4557 0.0 0.0 0.0 1.0 
-0.978582690141072 0.20579248516250528 -0.0050370236154979875 -2.0866 0.11973550546277198 0.5491204497691068 -0.8271215995105852 1.7657 -0.1674494768216298 -0.8100099904914841 -0.5620004341779005 1.4554 0.0 0.0 0.0 1.0 
-0.9767921083700412 0.2139554091255179 -0.01001298816247305 -2.0795 0.12889523998610433 0.5498363547128663 -0.8252672295353739 1.7654 -0.17106488282208637 -0.8074051436187407 -0.5646536459840371 1.455 0.0 0.0 0.0 1.0 
-0.9758545470690166 0.2176453009629508 -0.018396356527053223 -2.0701 0.1384004543391685 0.5509848873429152 -0.822958667345102 1.7646 -0.16897697240581516 -0.8056340216801058 -0.5678033162179513 1.454 0.0 0.0 0.0 1.0 
-0.9751965115040437 0.22011252497907252 -0.023286053716351174 -2.0621 0.14417442447780904 0.551862008677239 -0.821378145987106 1.7635 -0.1679449292977795 -0.8043623559851992 -0.5699085023028729 1.4532 0.0 0.0 0.0 1.0 
-0.9741111561209173 0.2241257378578937 -0.02958224383688586 -2.0546 0.15176959879460844 0.5513541573072185 -0.8203502801253687 1.7626 -0.16755131871308515 -0.8036020450756095 -0.5710957089208466 1.4525 0.0 0.0 0.0 1.0 
-0.9739060335117271 0.2239832660171496 -0.0365859868494134 -2.0441 0.1575971124503279 0.5514423287891459 -0.819191374568191 1.7607 -0.16331009777957195 -0.8035812681763396 -0.5723521271030032 1.4518 0.0 0.0 0.0 1.0 
-0.9743540719885808 0.22128279020688676 -0.040842002369210324 -2.0363 0.15975920332021046 0.5524592959543952 -0.8180866233279125 1.7596 -0.15846494676666917 -0.803630918439447 -0.573642926893035 1.4515 0.0 0.0 0.0 1.0 
-0.9728395522933548 0.22633484436362653 -0.048536004373641056 -2.0286 0.16800056492396917 0.5461132688957098 -0.8206924562351415 1.758 -0.1592451433447575 -0.8065561578482526 -0.5693049697290307 1.4517 0.0 0.0 0.0 1.0 
-0.9715784571485313 0.23021999720194655 -0.055082252071014574 -2.0181 0.17560855412338375 0.5449431284137525 -0.8198771996545133 1.7555 -0.15873543184674827 -0.8062479393356412 -0.5698836047768512 1.4518 0.0 0.0 0.0 1.0 
-0.9705753264112524 0.23330616968407555 -0.05959670250136553 -2.01 0.18140434126830665 0.5456728374726452 -0.8181281191925651 1.7534 -0.15835403604172094 -0.8048660668905714 -0.5719393443691383 1.452 0.0 0.0 0.0 1.0 
-0.9700866103757925 0.23385535485825343 -0.06514323735987908 -2.0019 0.1856499212286573 0.5417613719832027 -0.8197735800662711 1.7508 -0.15641635182230318 -0.8073452104465586 -0.5689706811880585 1.4522 0.0 0.0 0.0 1.0 
-0.9696103625911254 0.23382622707865677 -0.07197944349650647 -1.9904 0.1911549176660017 0.5404302896374029 -0.8193869046393999 1.7469 -0.1526942769327339 -0.8082452583050478 -0.5687038422759216 1.4525 0.0 0.0 0.0 1.0 
-0.9692330677097583 0.23463819191862884 -0.07437862159981151 -1.9818 0.19315432361061796 0.5377166053909985 -0.8207022965468697 1.7435 -0.15257348304491156 -0.8098183569047678 -0.5664940962548561 1.4528 0.0 0.0 0.0 1.0 
-0.9679422187810323 0.23864669123984622 -0.07833018486845239 -1.9736 0.19915609554407737 0.539180802591642 -0.8183036794028677 1.7404 -0.15305133357436243 -0.807670612859541 -0.5694238056265324 1.4532 0.0 0.0 0.0 1.0 
-0.9657154468720011 0.2454083743193918 -0.08466643660107877 -1.9625 0.20862908372669206 0.5395720712057595 -0.8156812400675204 1.7352 -0.15449136252934054 -0.8053798543474007 -0.572272408137233 1.4532 0.0 0.0 0.0 1.0 
-0.9650188387209507 0.2472330775492759 -0.08726079462840879 -1.9539 0.21102977813835486 0.5349601492480264 -0.818097837336957 1.7308 -0.15557979834330787 -0.8078944510776411 -0.5684201634930032 1.4533 0.0 0.0 0.0 1.0 
-0.9630752548162645 0.25422472591314604 -0.08863318957914458 -1.9423 0.21597149116887668 0.5329252203429217 -0.8181363117016259 1.7243 -0.1607556175157765 -0.807069078986944 -0.5681523855272342 1.4535 0.0 0.0 0.0 1.0 
-0.9613110259371292 0.25920215691662873 -0.09324887807084964 -1.9335 0.22288908458136958 0.5329921876488989 -0.8162351278153377 1.7191 -0.16186898216206802 -0.8054399851975371 -0.5701445982019017 1.4531 0.0 0.0 0.0 1.0 
-0.9611289920623991 0.259953750475562 -0.09303283415443409 -1.9246 0.22330892113995507 0.5337422793879345 -0.8156300049244645 1.7135 -0.16237052182100825 -0.8047007063545191 -0.5710451705741957 1.4523 0.0 0.0 0.0 1.0 
-0.9587637590262161 0.26800577437822176 -0.09457779484556236 -1.9127 0.2301157725831042 0.5367527573056035 -0.811753169832624 1.7061 -0.16678964472172927 -0.800043362840266 -0.5762914470897844 1.4512 0.0 0.0 0.0 1.0 
-0.9580579723058195 0.26871090213415205 -0.09959604799143268 -1.9041 0.23424246410675229 0.5340767162310266 -0.8123376940589919 1.7 -0.16509206434731644 -0.8015962276945505 -0.5746199596563001 1.4507 0.0 0.0 0.0 1.0 
-0.9578135388429285 0.2685328465930639 -0.10238815903126619 -1.8958 0.23669347288198855 0.5350220740645553 -0.8110040568078095 1.6942 -0.16300130276856445 -0.8010252746101633 -0.5760113581618538 1.4499 0.0 0.0 0.0 1.0 
-0.9561106133739729 0.2734794183751806 -0.10517367883086773 -1.8852 0.242968010138979 0.5393745906442423 -0.8062515717916221 1.6863 -0.1637652009516997 -0.7964195243039494 -0.5821485207957849 1.4496 0.0 0.0 0.0 1.0 
-0.9533227441384461 0.28199481776038 -0.10795678887699947 -1.8773 0.25069142410711504 0.5398724326709791 -0.8035493552489889 1.6798 -0.16831385976053645 -0.7931057175422512 -0.5853663514537722 1.449 0.0 0.0 0.0 1.0 
-0.9522178966227162 0.28442223215266904 -0.11128823481709074 -1.8675 0.25453687148329784 0.537640831828351 -0.8038366233298994 1.6709 -0.16879590755378468 -0.7937545778187441 -0.5843471671745162 1.4487 0.0 0.0 0.0 1.0 
-0.9515410555182399 0.28520163592137104 -0.11502020053454856 -1.8602 0.2569723339485602 0.5319669950726552 -0.8068310453486525 1.6644 -0.16892258359456755 -0.7972898738985359 -0.579477366020963 1.4486 0.0 0.0 0.0 1.0 
-0.9516220945589607 0.2831183193313681 -0.11941275646344512 -1.8529 0.2596942101750195 0.5333353253426162 -0.8050542515528124 1.6579 -0.16423856535171455 -0.7971182145708801 -0.5810578677296637 1.4483 0.0 0.0 0.0 1.0 
-0.9507425610971976 0.28614646680246714 -0.11920059586598626 -1.8432 0.2625396558775335 0.5388693071529986 -0.8004328821957238 1.6501 -0.1648074986462932 -0.7923004918242269 -0.5874507801042061 1.4482 0.0 0.0 0.0 1.0 
-0.9504590396603076 0.2869761404733579 -0.11946676829571334 -1.8361 0.2621215027491302 0.5333258615504635 -0.8042734878124442 1.6436 -0.16709258428950058 -0.7957438156847163 -0.5821270033892816 1.4481 0.0 0.0 0.0 1.0 
-0.9506045237679908 0.2847396666367836 -0.12358948836937894 -1.8292 0.26531082024723524 0.538651407768463 -0.7996654485275655 1.6383 -0.16112482133914297 -0.7929552214044792 -0.5875889794710267 1.4476 0.0 0.0 0.0 1.0 
-0.9497753904147327 0.28449568072413817 -0.13034153371757942 -1.8196 0.2714887850617112 0.5419683768369113 -0.7953389957084209 1.6321 -0.15562951952716955 -0.7907796697930927 -0.5919856134178173 1.4482 0.0 0.0 0.0 1.0 
-0.9500941466190774 0.28434064020541006 -0.1283413919503153 -1.8133 0.26769072859383836 0.5318163890769702 -0.803438237908822 1.626 -0.16019608729637214 -0.7976977677270448 -0.5813909914835479 1.4486 0.0 0.0 0.0 1.0 
-0.9493563377762405 0.2847757904912263 -0.13276028425015315 -1.8067 0.27318416949257723 0.5393846645320574 -0.7965140257436089 1.6217 -0.1552190499350358 -0.7924436464618393 -0.589864487589758 1.4488 0.0 0.0 0.0 1.0 
-0.9477711847981073 0.29042781793279926 -0.1318387797166843 -1.7976 0.2759667700704389 0.5394649664295245 -0.7954997748661411 1.6154 -0.1599128609064359 -0.7903348863399519 -0.5914377772435019 1.4488 0.0 0.0 0.0 1.0 
-0.9466443546457695 0.29507924976856426 -0.1295866589326079 -1.7912 0.2762173412387564 0.5357073469704987 -0.7979483810377851 1.6101 -0.16603748437111182 -0.791167412598529 -0.5886303415776848 1.4488 0.0 0.0 0.0 1.0 
-0.9462107913299184 0.29463729919102616 -0.1336936808388011 -1.7852 0.2804037307353558 0.5405888326095508 -0.793181859252679 1.6055 -0.16142764992560463 -0.7880054415949552 -0.594128384994553 1.4487 0.0 0.0 0.0 1.0 
-0.9453242970509474 0.29351573493945887 -0.14216359149965901 -1.7774 0.2866728647794962 0.5400031571216404 -0.7913376389998001 1.5991 -0.15550126045871543 -0.7888251413599916 -0.5946211015042608 1.4488 0.0 0.0 0.0 1.0 
-0.9445030349616823 0.2965947690922194 -0.14122875024336792 -1.7708 0.2872038423681871 0.5368644772437121 -0.7932783156010158 1.5943 -0.15946149967035958 -0.7898152163772033 -0.5922532854293938 1.4482 0.0 0.0 0.0 1.0 
-0.9423691280657818 0.3014422068250469 -0.14516550007830145 -1.7649 0.2940801098900439 0.5393728323346814 -0.7890461562585064 1.5901 -0.15955348769487113 -0.7862630244922556 -0.5969364630182119 1.4478 0.0 0.0 0.0 1.0 
-0.9413757059527758 0.301119590645623 -0.15211433979518738 -1.7573 0.3000459846819935 0.5411898030675318 -0.785548218845883 1.5846 -0.1542212284937655 -0.785137305944087 -0.5998126569994461 1.4474 0.0 0.0 0.0 1.0 
-0.9406303265031275 0.3025046266662661 -0.15396603426770242 -1.752 0.30124363169391766 0.5349512095875695 -0.7893538355672038 1.5796 -0.15641887106893357 -0.7888714433963875 -0.5943189232787569 1.4467 0.0 0.0 0.0 1.0 
-0.9376278063704871 0.31011735734990925 -0.15710290064533264 -1.7465 0.30886219596066705 0.5357081785967747 -0.7858885997969949 1.5756 -0.15955638698348326 -0.7853941507643378 -0.5980784123490347 1.446 0.0 0.0 0.0 1.0 
-0.933961721351158 0.3174740752713262 -0.16409056822803156 -1.7404 0.31855084210369145 0.5314311072701254 -0.7849244162469896 1.5693 -0.1619903208398917 -0.785360547618904 -0.5974679457493297 1.4452 0.0 0.0 0.0 1.0 
-0.9305068313420887 0.3250377056787363 -0.16884172088914753 -1.7357 0.3273610612875942 0.5312504859365815 -0.7814138831277608 1.5649 -0.16429172948863127 -0.7823831612958252 -0.600736894607269 1.4442 0.0 0.0 0.0 1.0 
-0.9269423118881538 0.3317305071466436 -0.17530778950085224 -1.7316 0.33655085646845956 0.5285639479485399 -0.7793289895412587 1.5603 -0.16586582360990104 -0.7813930019889375 -0.6015924741890687 1.4433 0.0 0.0 0.0 1.0 
-0.9207374589749927 0.3429633498435084 -0.18606093707275773 -1.7258 0.35238090799755806 0.5261446484785591 -0.7739505827610634 1.5542 -0.16754171814533236 -0.7781696148922114 -0.6052948233211791 1.4419 0.0 0.0 0.0 1.0 
-0.91763693320343 0.3472113672255889 -0.19335647206737347 -1.7219 0.3603800661562866 0.5218846831867054 -0.7731510753871474 1.5492 -0.16753706079012556 -0.7791537999165822 -0.6040287156562645 1.441 0.0 0.0 0.0 1.0 
-0.913236333720839 0.35493908395869495 -0.20004410876274917 -1.7169 0.37056040578061783 0.5194853784351349 -0.7699480029585168 1.5445 -0.16936464932158649 -0.7772729174946642 -0.6059392934028199 1.4397 0.0 0.0 0.0 1.0 
-0.9060746328107895 0.3663500353058712 -0.21169886964313164 -1.7108 0.38688166963746373 0.5147382225122569 -0.7650928936955632 1.5382 -0.17132230874968116 -0.7751336748692506 -0.6081253592873509 1.4385 0.0 0.0 0.0 1.0 
-0.9016498448951806 0.3740267875052974 -0.21709794892850584 -1.7058 0.39624236550499214 0.5133710534068163 -0.7612109755534165 1.5335 -0.17326149306613162 -0.7723691628699602 -0.6110861897212634 1.4372 0.0 0.0 0.0 1.0 
-0.8921196078191955 0.3886843411696552 -0.23031953515504527 -1.694 0.41420189623410963 0.5000247257316344 -0.7605340642029599 1.5226 -0.18044221928526866 -0.7738861392908618 -0.6070756533685833 1.4351 0.0 0.0 0.0 1.0 
-0.8845760592842788 0.3979819632717316 -0.24317802584007026 -1.6826 0.42894060671904227 0.4894803085416155 -0.7592226178516448 1.5144 -0.18312605289416267 -0.7758990813632807 -0.6036931872160074 1.434 0.0 0.0 0.0 1.0 
-0.8829467209064789 0.3994980722061549 -0.24658949358004378 -1.6762 0.4327314337105855 0.4888444234837312 -0.7574791323248711 1.5108 -0.18206755427389515 -0.7755207411361893 -0.604498954298763 1.4334 0.0 0.0 0.0 1.0 
-0.8776386302395196 0.40522627550828566 -0.25601191446685145 -1.6682 0.4435886059270568 0.48429226092464783 -0.7541154783587078 1.5058 -0.18160281771764933 -0.7754048437082242 -0.6047873551512419 1.4329 0.0 0.0 0.0 1.0 
-0.8742878391043745 0.40997495857384236 -0.25988710575282264 -1.662 0.4483529672103691 0.4768842186080435 -0.756016573122741 1.5021 -0.1860118038938933 -0.7774972510465689 -0.6007475621483351 1.433 0.0 0.0 0.0 1.0 
-0.8744993760468843 0.40915198834719546 -0.26047167163656554 -1.6559 0.44900498992497273 0.4798194960844361 -0.7537690430096962 1.4989 -0.18342671647305225 -0.7761236380943533 -0.6033131343465846 1.433 0.0 0.0 0.0 1.0 
-0.8685811733701168 0.4193648714046539 -0.2640072913742133 -1.647 0.4565449842048856 0.4700283208015463 -0.7554072114044444 1.4934 -0.19270034422478702 -0.7766636867243352 -0.5997166789905146 1.4321 0.0 0.0 0.0 1.0 
-0.8689403958376847 0.42036507838805404 -0.26121981041500897 -1.6411 0.45592657730523345 0.47456327284195043 -0.7529413364773325 1.49 -0.1925449157681996 -0.7733581970480057 -0.6040228095614231 1.4316 0.0 0.0 0.0 1.0 
-0.8673376413075616 0.4242734127163528 -0.26022583890354745 -1.6348 0.456876043597972 0.4712529873530219 -0.7544434390311289 1.4859 -0.1974580886094558 -0.7732481446294405 -0.6025758127155688 1.4307 0.0 0.0 0.0 1.0 
-0.8656124496566355 0.4287040203136149 -0.25870436789196766 -1.6267 0.4604108456125352 0.47838024647824945 -0.7477795082922236 1.4805 -0.19681702223585515 -0.7663975487606631 -0.6114718775314674 1.4291 0.0 0.0 0.0 1.0 
-0.8639711539757706 0.43199107703826556 -0.2587229299020378 -1.6207 0.4628969601361548 0.4791451489695647 -0.7457521910900704 1.4759 -0.1981924554428918 -0.7640704388852202 -0.6139349436440837 1.4278 0.0 0.0 0.0 1.0 
-0.8637998691988221 0.4285311033365098 -0.26497335610451583 -1.616 0.4659308088848727 0.4792970629610103 -0.7437626010823862 1.4712 -0.19172445671845106 -0.7659212876726577 -0.6136825839030075 1.427 0.0 0.0 0.0 1.0 
-0.8610558148968256 0.431693865623844 -0.268743911587046 -1.6087 0.471263410884105 0.4789006036893547 -0.7406517463341667 1.4634 -0.19103319395917226 -0.7643916654233706 -0.6158016731359562 1.4253 0.0 0.0 0.0 1.0 
-0.8602396488048865 0.4329891659544077 -0.2692733347179992 -1.6031 0.47209630706325306 0.4768268621903715 -0.7414588460264823 1.4576 -0.19264688806540303 -0.7649552442200723 -0.6145979587168551 1.4246 0.0 0.0 0.0 1.0 
-0.8583824048773417 0.434718512120107 -0.27239578230411743 -1.5977 0.47528049531945665 0.47402294544539453 -0.7412224348737461 1.4517 -0.19310126298365754 -0.7657166985323965 -0.6135061856434402 1.4241 0.0 0.0 0.0 1.0 
-0.8583613249782704 0.4316051806451696 -0.27736763297435896 -1.5905 0.4780107012449667 0.47643867458574163 -0.7379105358065279 1.4438 -0.18633734267946236 -0.7659785619710466 -0.6152684270494662 1.4232 0.0 0.0 0.0 1.0 
-0.8582615306748597 0.43194895049992 -0.2771412079169466 -1.5851 0.4782888645366157 0.47740535718612176 -0.7371050718793529 1.4379 -0.18608306484987147 -0.7651824809102786 -0.6163350256833288 1.4227 0.0 0.0 0.0 1.0 
-0.8571734352454483 0.43310101160296804 -0.27870632511301746 -1.578 0.4800066296788899 0.475663892038463 -0.7371143040771455 1.429 -0.18667441542383437 -0.7656156839820532 -0.6156178092508877 1.4216 0.0 0.0 0.0 1.0 
-0.8561844794331408 0.43291403537608675 -0.28201697670919357 -1.573 0.4830186852614007 0.47689705076595806 -0.7343447096963925 1.4222 -0.18341506717319997 -0.7649540123073565 -0.6174174213518169 1.4203 0.0 0.0 0.0 1.0 
-0.8568095202138888 0.43044344011327673 -0.2838941544560111 -1.5681 0.48274336585391564 0.47614336151601133 -0.7350145182295826 1.4151 -0.1812078607425134 -0.7668154563828775 -0.6157578802235835 1.4193 0.0 0.0 0.0 1.0 
-0.8585178587765734 0.428177906689785 -0.2821537991671232 -1.5614 0.4802553123329066 0.4785385577495536 -0.7350888951160938 1.4054 -0.17972735222472358 -0.7665928051904288 -0.6164686122525291 1.4177 0.0 0.0 0.0 1.0 
-0.8590079147248652 0.4296009161969874 -0.2784752327277027 -1.556 0.47886496404313234 0.48181614856989424 -0.7338538990761333 1.3975 -0.18109044329287166 -0.763738339865155 -0.6196047123513576 1.4163 0.0 0.0 0.0 1.0 
-0.8594490676103386 0.43046205913263247 -0.2757711294371 -1.5491 0.47755327480186305 0.48349315932233167 -0.733605639710142 1.3873 -0.18245593963950874 -0.7621920890010632 -0.6211063109922965 1.4149 0.0 0.0 0.0 1.0 
-0.8605749668505955 0.4273964165655664 -0.27702532291653414 -1.5449 0.47689096844817835 0.48517240765225145 -0.7329275128315739 1.3796 -0.17884554968647046 -0.7628499445892561 -0.6213487196393936 1.4139 0.0 0.0 0.0 1.0 
-0.8608600513114859 0.42538146901739105 -0.27923212184953383 -1.54 0.4769427452661742 0.48330595785471264 -0.7341259897593222 1.3717 -0.17732904385337386 -0.7651574719747207 -0.618941397296467 1.4132 0.0 0.0 0.0 1.0 
-0.8627443225943443 0.42310342960453956 -0.2768676970831055 -1.5334 0.4732451388216358 0.48282542885368346 -0.7368301322787683 1.3612 -0.1780765914232313 -0.7667223050812679 -0.6167865388268055 1.4122 0.0 0.0 0.0 1.0 
-0.8642819308690277 0.4233117265503842 -0.27170558724148186 -1.5225 0.4702358073554793 0.48817481365012183 -0.7352303290795408 1.3428 -0.17859179559556018 -0.7632119846298289 -0.6209770020406167 1.4091 0.0 0.0 0.0 1.0 
-0.870079927001149 0.4146410540629239 -0.26652151304399924 -1.5132 0.46052308009106663 0.4910613161045163 -0.7394438968097156 1.3265 -0.1757253918280231 -0.7661145998551965 -0.61821436941857 1.4065 0.0 0.0 0.0 1.0 
-0.8700900034969768 0.41608298878121136 -0.26423158831132465 -1.5084 0.459945794559906 0.49269540300271963 -0.7387158492455977 1.3183 -0.17718140952506223 -0.7642814836870525 -0.6200649657994154 1.4047 0.0 0.0 0.0 1.0 
-0.8722843997763563 0.4129152265989364 -0.26195599162750705 -1.5043 0.4571054950150336 0.4982276748506564 -0.7367657364725707 1.3103 -0.173708066404133 -0.7624107814398072 -0.6233420473628262 1.403 0.0 0.0 0.0 1.0 
-0.8755817855534809 0.4088259386182931 -0.2573283674992921 -1.4982 0.44998384719286466 0.4965082316917138 -0.7422897770600622 1.2993 -0.1757016621221543 -0.765729017195535 -0.6186986327383255 1.4006 0.0 0.0 0.0 1.0 
-0.8774219913911706 0.4062980409000644 -0.25505401581610493 -1.4938 0.4463287720755318 0.49651824182274973 -0.7444865766115554 1.2914 -0.17584446605082643 -0.7670668403066416 -0.6169985301937798 1.3988 0.0 0.0 0.0 1.0 
-0.8803273365719251 0.402117304921065 -0.25164549184755897 -1.4879 0.44268118694260306 0.50577310940915 -0.7404234791831551 1.2812 -0.1704615710688738 -0.7632137543844576 -0.6232556601484756 1.3953 0.0 0.0 0.0 1.0 
-0.8821018975565439 0.40040333302424486 -0.24813990656526919 -1.4833 0.43861151435447204 0.5060245813072962 -0.7426702246545586 1.2735 -0.17180274096422798 -0.7639478346169007 -0.6219867556317636 1.3931 0.0 0.0 0.0 1.0 
-0.8868519293057301 0.3947542639204449 -0.24013064486510716 -1.4783 0.42766421859889203 0.5045430060915909 -0.7500264469565459 1.2664 -0.1749199005742445 -0.7678576861116186 -0.6162772121881578 1.3911 0.0 0.0 0.0 1.0 
-0.8912638080734654 0.38709905682146684 -0.23622689225893873 -1.4716 0.420182301975474 0.5089827910336024 -0.7512545184810778 1.2574 -0.1705744925977417 -0.768824322351716 -0.6162901133682479 1.388 0.0 0.0 0.0 1.0 
-0.8938298192491115 0.3826603331520224 -0.23375055861555566 -1.466 0.41616835644090977 0.5138496407575351 -0.7501749434569408 1.2516 -0.16694955321405613 -0.7678083199115101 -0.6185452534425365 1.3857 0.0 0.0 0.0 1.0 
-0.898173332911072 0.37643407247799116 -0.22711682704073397 -1.4608 0.4062856817204262 0.5133143707148872 -0.755936704788534 1.2456 -0.16797800116796466 -0.7712365045141557 -0.6139850529356569 1.3836 0.0 0.0 0.0 1.0 
-0.9027876311768227 0.37074724424893446 -0.21799305923804504 -1.4532 0.39584747924312635 0.5180923206982994 -0.7582117912630434 1.2384 -0.16816440221106108 -0.7707962299565762 -0.6144867010063969 1.3806 0.0 0.0 0.0 1.0 
-0.9053836427889791 0.36575070982001723 -0.21565453307619536 -1.4482 0.39179435110808614 0.5239124938372438 -0.7563153345272285 1.2331 -0.16363876621984175 -0.7692477605215328 -0.617640864194278 1.3782 0.0 0.0 0.0 1.0 
-0.9090312144454603 0.3575723915839988 -0.21401924198704922 -1.4426 0.3851207000614665 0.5246374402498247 -0.7592348797785029 1.2283 -0.15919892445609576 -0.7725914451150824 -0.6146203392233381 1.3765 0.0 0.0 0.0 1.0 
-0.9142675993328829 0.34587901172916696 -0.2109086675680772 -1.4356 0.3746971094273221 0.52407507245249 -0.7648185370535463 1.2223 -0.15400270451162967 -0.7782756758881599 -0.6087447242678424 1.3743 0.0 0.0 0.0 1.0 
-0.916735379184144 0.34341873719324867 -0.20410736267145912 -1.4266 0.3693371324531165 0.5338263940849192 -0.760670404031603 1.2173 -0.15227057215172346 -0.7727178993157124 -0.6162148334255674 1.3713 0.0 0.0 0.0 1.0 
-0.9227494901906577 0.33214602144321115 -0.1954799191536759 -1.4141 0.3551958474642608 0.5360843578618195 -0.7657998897884659 1.2107 -0.14956365968050978 -0.7760751134364037 -0.6126484554845839 1.368 0.0 0.0 0.0 1.0 
-0.9268511207304255 0.3214000738911709 -0.19403348294432135 -1.4063 0.348818246259277 0.5461092526541853 -0.7616367344358396 1.2074 -0.13882662236529705 -0.7736062801375369 -0.6182721829861069 1.3657 0.0 0.0 0.0 1.0 
-0.9286970071129242 0.31748329183430096 -0.19164088390934056 -1.4 0.3442691542373976 0.5460222880737243 -0.7637659395177308 1.2045 -0.13784273074835765 -0.7752831871856831 -0.6163889691153185 1.364 0.0 0.0 0.0 1.0 
-0.9309461502143271 0.31373915788332934 -0.18683416767760552 -1.3937 0.33810140200455624 0.547320479824193 -0.7655897950779968 1.2023 -0.13793733129098057 -0.7758917664053893 -0.615601542769873 1.3624 0.0 0.0 0.0 1.0 
-0.9314647080429466 0.3120744939983082 -0.18703745043752043 -1.3851 0.3384771263423847 0.5547338696003066 -0.7600681343545925 1.2001 -0.13344186979156633 -0.7712845416018459 -0.6223450998220847 1.3597 0.0 0.0 0.0 1.0 
-0.9332121207006149 0.3078415144193881 -0.18533413009329705 -1.3785 0.3344508279151076 0.5555845572911288 -0.7612282465900223 1.1984 -0.13136887563026692 -0.7723725795881146 -0.6214360923023713 1.3579 0.0 0.0 0.0 1.0 
-0.9360912928672822 0.3023414322436063 -0.17978528796023563 -1.3689 0.3268531051044985 0.5587310079445755 -0.7622248411359908 1.1975 -0.13000053500508257 -0.7722754166164579 -0.6218444675224415 1.3555 0.0 0.0 0.0 1.0 
-0.9370831395891427 0.2989831253588752 -0.18023395975341228 -1.362 0.3256545520471151 0.5625987417907853 -0.7598893132992584 1.1974 -0.12579468283178097 -0.7707734728738818 -0.6245670110446014 1.3538 0.0 0.0 0.0 1.0 
-0.9391791409645819 0.2935952893393283 -0.17816943412040823 -1.3546 0.32036187959602624 0.5620533730521965 -0.7625380462261212 1.1976 -0.12373684689182755 -0.7732385220088333 -0.6219255428126939 1.3523 0.0 0.0 0.0 1.0 
-0.9419622658521848 0.2879513667909393 -0.17260098514738437 -1.3447 0.31175289818146895 0.5594950779133129 -0.7679683510837088 1.1991 -0.12456813471378747 -0.7772060654382502 -0.6167929244567595 1.351 0.0 0.0 0.0 1.0 
-0.9424121697247398 0.2865694373367327 -0.1724449475607125 -1.3374 0.31117136950653745 0.5622650132163856 -0.7661791133359118 1.2007 -0.12260375668850604 -0.7757164510936237 -0.6190575953403523 1.3501 0.0 0.0 0.0 1.0 
-0.9446325744838475 0.2819791820087889 -0.1678005963567266 -1.3299 0.3043819250777493 0.5620133303856463 -0.7690856000178383 1.2028 -0.12255995638862718 -0.7775787788915598 -0.6167254654281182 1.3491 0.0 0.0 0.0 1.0 
-0.9456562718802178 0.2826363573110269 -0.16078216623606473 -1.3192 0.2983249851887758 0.5573889414179108 -0.7748030531671501 1.2059 -0.12936931114342654 -0.7806627040604506 -0.6114158354371443 1.3484 0.0 0.0 0.0 1.0 
-0.9471192334681149 0.27903423839474245 -0.1584457364470144 -1.3038 0.29373393818947907 0.5551469372530693 -0.7781595283836319 1.2112 -0.12917248604277157 -0.7835507461945289 -0.6077521674066881 1.3474 0.0 0.0 0.0 1.0 
-0.9486759878399514 0.27512762949111186 -0.15594440543505847 -1.2963 0.289151488755567 0.5548901260294162 -0.7800566419084564 1.214 -0.12808312397162872 -0.785112562328269 -0.6059645021187366 1.3475 0.0 0.0 0.0 1.0 
-0.9489550999567796 0.27488914598216446 -0.1546614874078697 -1.2859 0.28769860806353226 0.5533887227028703 -0.7816587698629062 1.2179 -0.12928158872911646 -0.7862549707356271 -0.6042262753382986 1.347 0.0 0.0 0.0 1.0 
-0.9495409533275841 0.27205228892296107 -0.15607539859158048 -1.2789 0.2873337400591808 0.5550365225710095 -0.7806239686532079 1.221 -0.12574299096707592 -0.7860801553938752 -0.6051997104415986 1.3468 0.0 0.0 0.0 1.0 
-0.949325475877866 0.27336871844136573 -0.15508283150300153 -1.2711 0.28691415763500056 0.5523457453195368 -0.7826841277143696 1.2245 -0.12830201478488593 -0.7875174419688308 -0.602789243099948 1.3462 0.0 0.0 0.0 1.0 
-0.949008139158171 0.27477066162341923 -0.15454654743013035 -1.2634 0.2880603647314518 0.5566314048544153 -0.779219292241011 1.2283 -0.12808113866736215 -0.7840041853464992 -0.6073982707226319 1.3458 0.0 0.0 0.0 1.0 
-0.9493223927484411 0.2733146073651319 -0.15519703614185987 -1.2536 0.28703212269568257 0.5527019185054602 -0.7823893850386734 1.2328 -0.12806074795652483 -0.7872862977857717 -0.6031423796680084 1.345 0.0 0.0 0.0 1.0 
-0.9495348190808877 0.27378154126305976 -0.15305977595910006 -1.2457 0.2860328367566305 0.5555466980268515 -0.7807388056247859 1.2367 -0.12872002039302657 -0.785118802459275 -0.6058214443009864 1.3444 0.0 0.0 0.0 1.0 
-0.9495246256037042 0.27383780165934635 -0.15302236357644533 -1.2359 0.28640843222630274 0.5578112907520754 -0.7789844503320814 1.2414 -0.1279577872652411 -0.78349181380017 -0.6080850124664341 1.3431 0.0 0.0 0.0 1.0 
-0.9501439682989314 0.27144764017962264 -0.15343603926742005 -1.2281 0.2847839647433783 0.5550567282342482 -0.7815434228927617 1.2445 -0.12698241189314924 -0.7862748928223552 -0.6046877375860971 1.3422 0.0 0.0 0.0 1.0 
-0.950789106346067 0.2699333758006161 -0.1521053841339304 -1.2176 0.2829054948576312 0.5561345445747887 -0.7814594354859061 1.2494 -0.12635092493925773 -0.7860345672802664 -0.6051323019039045 1.3409 0.0 0.0 0.0 1.0 
-0.9519831114678895 0.26740869150344865 -0.1490662510038025 -1.202 0.2794497123555128 0.5601226521304791 -0.7798528533221756 1.2563 -0.12504404721671636 -0.7840632667576839 -0.6079545871008228 1.3389 0.0 0.0 0.0 1.0 
-0.9525844475396726 0.26527239728117474 -0.14904169063129674 -1.1937 0.2781963424828679 0.5609007437564505 -0.779741720496355 1.2601 -0.12324636033040265 -0.7842326892537441 -0.608103135801115 1.338 0.0 0.0 0.0 1.0 
-0.9543208676298636 0.26147315499862456 -0.14458032653597575 -1.1822 0.2727692510547969 0.5649522173580985 -0.7787335409375743 1.2651 -0.12193693978934067 -0.782598735826498 -0.6104675268985056 1.3373 0.0 0.0 0.0 1.0 
-0.9550069969294148 0.260507908817183 -0.1417648237735964 -1.1739 0.2697054445812611 0.5639889299498877 -0.7804969314848104 1.2684 -0.12337183219473108 -0.783614775471774 -0.6088737756573495 1.3369 0.0 0.0 0.0 1.0 
-0.9558076720864529 0.25960715846250587 -0.13797034919032222 -1.1651 0.2661518706925124 0.5647442759518587 -0.7811703300218765 1.2721 -0.12487944469588368 -0.7833696611783193 -0.6088818425916588 1.3365 0.0 0.0 0.0 1.0 
-0.9572199149854399 0.25551588871655795 -0.13580009193168693 -1.1532 0.26239249490228145 0.5686339244325134 -0.7796189060069252 1.2771 -0.12198447841517891 -0.7818996678589052 -0.6113531683306388 1.3366 0.0 0.0 0.0 1.0 
-0.9585125039505633 0.25276903938934614 -0.13176339589054625 -1.1448 0.2573608580976712 0.5686629554165665 -0.7812732120430896 1.2808 -0.12255271718591955 -0.7827708833771754 -0.6101234101780268 1.3366 0.0 0.0 0.0 1.0 
-0.9593275446799909 0.25354873246244025 -0.12411165249463708 -1.1359 0.2516039078215121 0.568597014124169 -0.7831940430685256 1.2845 -0.1280083418656914 -0.7825665951187601 -0.6092646293828543 1.3375 0.0 0.0 0.0 1.0 
-0.9614061037191727 0.24762723969835732 -0.11991269278475891 -1.1244 0.24407208794176666 0.5664367434533913 -0.7871329186062946 1.2894 -0.12699259671046265 -0.786021733685074 -0.6050146399513358 1.3387 0.0 0.0 0.0 1.0 
-0.9628295548675811 0.24333573259890665 -0.11724747124799081 -1.1156 0.23887242458602068 0.5644471825000643 -0.7901514683528309 1.293 -0.1260920816145522 -0.7887883742857092 -0.6015926259071138 1.3397 0.0 0.0 0.0 1.0 
-0.9634567683137029 0.2426410657522643 -0.1134740886772008 -1.1075 0.23512393698438017 0.563115455591867 -0.7922232753021898 1.296 -0.12832688668973896 -0.7899533510810428 -0.599588119685797 1.3406 0.0 0.0 0.0 1.0 
-0.9653508924779062 0.237723584471467 -0.10763434293081352 -1.0963 0.22751841417704763 0.5647286591669141 -0.7932949720790503 1.3001 -0.127800726142194 -0.7902968043093539 -0.5992478080860633 1.3418 0.0 0.0 0.0 1.0 
-0.9659505493717566 0.23662097433902418 -0.10464248979861313 -1.0882 0.22444325157230155 0.5651631430881827 -0.7938613534606275 1.3028 -0.12870416851079283 -0.7903171111633213 -0.5990276294215553 1.3432 0.0 0.0 0.0 1.0 
-0.9671084300503907 0.2333970509945502 -0.10112913087986038 -1.0805 0.21939056618193284 0.564184538043556 -0.7959670762682024 1.3051 -0.1287208763015523 -0.7919732467827602 -0.5968327340088961 1.3446 0.0 0.0 0.0 1.0 
-0.967560284747456 0.2308865854893831 -0.10255964128484135 -1.0702 0.21942613134176905 0.5667949092157745 -0.7941005627573038 1.3079 -0.12521688489898739 -0.7908444319385043 -0.5990707939868694 1.3462 0.0 0.0 0.0 1.0 
-0.968940573982289 0.22655396761908353 -0.09913356569257165 -1.0623 0.21340430752485007 0.5634792201526194 -0.7980913293514942 1.3094 -0.12495105289957098 -0.7944586006912173 -0.5943254715785297 1.3474 0.0 0.0 0.0 1.0 
-0.9692106697632957 0.2274306494723652 -0.09437148561701161 -1.0516 0.20994087608175416 0.5629869884822941 -0.7993562906174334 1.3114 -0.1286682018488221 -0.7945570781763984 -0.5933999859730158 1.349 0.0 0.0 0.0 1.0 
-0.9698162366249087 0.2249764632033971 -0.0940322188571011 -1.0361 0.20840801449063218 0.5645988097877911 -0.7986202373357953 1.3137 -0.12658027759004042 -0.7941119410956494 -0.594443990914643 1.3504 0.0 0.0 0.0 1.0 
-0.9705433038528825 0.222357474546467 -0.09275154370493623 -1.0259 0.20557185661636643 0.5635296912398117 -0.8001090543535064 1.3148 -0.12564197990174905 -0.7956075920983156 -0.5926404072301251 1.3512 0.0 0.0 0.0 1.0 
-0.9706807546882398 0.2221521957837081 -0.09180018728927666 -1.018 0.20505496635952447 0.5660168698757352 -0.7984844167467322 1.316 -0.1254246118158774 -0.7938975405709177 -0.5949750934503767 1.3519 0.0 0.0 0.0 1.0 
-0.9709122763929002 0.21930868271569978 -0.09608877788306504 -1.0106 0.20709465508378247 0.5677622357823183 -0.79671691801743 1.3166 -0.12017135842323513 -0.7934417088261543 -0.5966649807972199 1.3521 0.0 0.0 0.0 1.0 
-0.9712695678214214 0.2171974661093683 -0.09726606468681079 -1.0003 0.2063822183020927 0.5652290183027446 -0.798700530134557 1.317 -0.11849812906833765 -0.7958275049181104 -0.5938154391922781 1.3532 0.0 0.0 0.0 1.0 
-0.9711237761712647 0.21783013116666353 -0.0973069643487967 -0.9927 0.20644349572591722 0.5628205637123863 -0.8003837180596163 1.3175 -0.11958132976065718 -0.7973600485466941 -0.5915380448916935 1.3542 0.0 0.0 0.0 1.0 
-0.9710778808325907 0.2179027353805339 -0.09760198395199524 -0.9821 0.20708995058861368 0.5652199236620593 -0.7985237568542723 1.318 -0.11883392496627404 -0.7956411476344952 -0.5939980323771897 1.3553 0.0 0.0 0.0 1.0 
-0.9707899005573168 0.21694332274832787 -0.10248201642644005 -0.9746 0.21026466819918563 0.5635096027482229 -0.7989028081798347 1.3183 -0.11556702939420328 -0.7971151248881522 -0.5926649469907466 1.356 0.0 0.0 0.0 1.0 
-0.9714493152868843 0.21488215128539787 -0.10055788824156547 -0.9664 0.20709200260316982 0.5612353270064284 -0.8013287778295474 1.3187 -0.11575461237658088 -0.7992750269956811 -0.5897120491685758 1.3569 0.0 0.0 0.0 1.0 
-0.970961805621358 0.21699170146578053 -0.10073615795481666 -0.9584 0.20847856472425166 0.5609263800542763 -0.8011855491767944 1.319 -0.11734504708349733 -0.7989218970926953 -0.5898762092768113 1.3577 0.0 0.0 0.0 1.0 
-0.9705629549033618 0.21650523101742 -0.10551320064972382 -0.948 0.21234972017069711 0.5625204368648223 -0.7990484055755548 1.3192 -0.11364482791874829 -0.7979324802585136 -0.5919363226190931 1.3585 0.0 0.0 0.0 1.0 
-0.9705200483099877 0.21605417670062496 -0.1068242882428614 -0.9402 0.21279212761380165 0.5599614052052976 -0.8007263796741679 1.3195 -0.113182800168446 -0.7998523722604836 -0.5894283979715483 1.3592 0.0 0.0 0.0 1.0 
-0.9692902064510325 0.22045670228351147 -0.10897402487012435 -0.93 0.21701160505802533 0.5583335916679586 -0.8007306436532184 1.3198 -0.11568257841289208 -0.7997889989449949 -0.5890289451447261 1.3605 0.0 0.0 0.0 1.0 
-0.9688959510443503 0.21912352462180704 -0.115002247835336 -0.9227 0.22147344156250134 0.560465690520655 -0.7980148647936746 1.3199 -0.11040901562972572 -0.7986633149873116 -0.5915629793700355 1.3615 0.0 0.0 0.0 1.0 
-0.968445184912924 0.21998381362336625 -0.11713686679560753 -0.915 0.22325020674937376 0.5567953974038641 -0.8000863894706836 1.3197 -0.11078478688580712 -0.8009906411273433 -0.5883372534703827 1.363 0.0 0.0 0.0 1.0 
-0.9665058366163423 0.22613480734518623 -0.12136522027953621 -0.9054 0.22924509608678437 0.5480863017326677 -0.8043929958503918 1.3195 -0.11538264040446396 -0.8052729070072847 -0.5815689052325025 1.3652 0.0 0.0 0.0 1.0 
-0.9660936697760177 0.22433920326319015 -0.12780822781786688 -0.8981 0.23382406766541944 0.5502729263531699 -0.8015772027092064 1.3197 -0.10949578347636982 -0.8042833010836145 -0.5840710958427408 1.3664 0.0 0.0 0.0 1.0 
-0.9654415151247436 0.22564434698305877 -0.13041207592944834 -0.8906 0.2369290734937515 0.5514417418193384 -0.7998603750109431 1.3201 -0.10856930969215797 -0.8031168246611716 -0.5858464567948883 1.3677 0.0 0.0 0.0 1.0 
-0.9640815169433851 0.22848245669624515 -0.13543483920391197 -0.8807 0.24218687755900983 0.5468487237243055 -0.8014374521441554 1.3214 -0.10905202898781023 -0.805451575417881 -0.582542199870958 1.3698 0.0 0.0 0.0 1.0 
-0.9648081023097004 0.2239173480568174 -0.137863508430464 -0.8759 0.24147432579713635 0.5469168950939758 -0.8016059255279887 1.3222 -0.10409359105330634 -0.806686389559144 -0.5817401423330351 1.3708 0.0 0.0 0.0 1.0 
-0.9645279447578822 0.22054122604084353 -0.1450772600979814 -0.866 0.2451224876529235 0.5442539879964329 -0.8023107643530786 1.3236 -0.09798372226027213 -0.8094128514956879 -0.5790077944256377 1.3727 0.0 0.0 0.0 1.0 
-0.9642841982099647 0.21908156438245846 -0.1488598442505561 -0.8567 0.24662280287498817 0.5376541823144195 -0.806290997929344 1.3248 -0.09660837533386968 -0.8142059004868163 -0.5724819415735335 1.3749 0.0 0.0 0.0 1.0 
-0.9639179199947784 0.21958704367350204 -0.15047848272650516 -0.8497 0.24838178734383073 0.5385747379174527 -0.8051358515139112 1.3258 -0.09575349199284405 -0.8134609898009114 -0.5736832635202963 1.3761 0.0 0.0 0.0 1.0 
-0.9634904365963528 0.2206270044894484 -0.15169015616506562 -0.8429 0.2496824184565728 0.5358324234172063 -0.8065620273286614 1.3268 -0.09666886003799759 -0.8149891649002804 -0.5713560996384806 1.3776 0.0 0.0 0.0 1.0 
-0.9626939130571305 0.22172642239575216 -0.155105845712954 -0.8339 0.2521682917410979 0.527234225468021 -0.8114402159959243 1.3281 -0.09814062565078102 -0.8202813329015334 -0.5634775527828565 1.3799 0.0 0.0 0.0 1.0 
-0.9628644658923511 0.22009992453110933 -0.15635870152708753 -0.8273 0.2519574562253934 0.5244644103731673 -0.8132985445113955 1.329 -0.09700237406510122 -0.822492009367462 -0.5604439614737662 1.3817 0.0 0.0 0.0 1.0 
-0.9620589835140269 0.22351820054735577 -0.1564676524526057 -0.8212 0.25359222579407276 0.5209527262715495 -0.8150455447440027 1.3302 -0.10066526340682458 -0.8238008685442811 -0.557869728277958 1.3835 0.0 0.0 0.0 1.0 
-0.9614417254817096 0.22445384436228097 -0.1589033676601781 -0.8134 0.25516950202558014 0.5126079178579761 -0.8198302554708065 1.3317 -0.10255892812802908 -0.8287663086179983 -0.5501164167346093 1.3861 0.0 0.0 0.0 1.0 
-0.961549398201327 0.2237532428774755 -0.15923957146538442 -0.8077 0.2546005634120364 0.5088852910171289 -0.8223225119724532 1.3328 -0.10296265307838304 -0.8312462011270941 -0.546286047032903 1.3878 0.0 0.0 0.0 1.0 
-0.9608152736385982 0.22658209409944785 -0.15967017434791908 -0.8021 0.2563222273371616 0.5070023990436545 -0.8229504742916767 1.3341 -0.10551268035502831 -0.8316303998757428 -0.5452136758068435 1.3897 0.0 0.0 0.0 1.0 
-0.9599670693218495 0.22729508164097292 -0.1637075797861622 -0.7948 0.25918804581662 0.4991269214154071 -0.8268578313253976 1.3353 -0.10622985796554982 -0.8361873367734058 -0.5380575760050385 1.3918 0.0 0.0 0.0 1.0 
-0.9599906655546349 0.22639430027629937 -0.16481366099439243 -0.7892 0.25933590037247584 0.4966961139431139 -0.8282740254117636 1.336 -0.10565421347947751 -0.83787743208432 -0.5355358027040014 1.3934 0.0 0.0 0.0 1.0 
-0.959952595107877 0.22625316122187833 -0.16522869660794048 -0.7834 0.258981554737477 0.49167499201960985 -0.8313749193524397 1.3368 -0.10686238557795397 -0.8408716960747479 -0.5305800799963803 1.3951 0.0 0.0 0.0 1.0 
-0.961070006014809 0.22176179287515613 -0.16482157249429133 -0.7754 0.2559562621587978 0.48986415747539674 -0.8333783648995311 1.3385 -0.10407129959980008 -0.8431220637853784 -0.5275550683652774 1.3974 0.0 0.0 0.0 1.0 
-0.9615612847049414 0.21766629789764858 -0.16739557495977767 -0.7692 0.25523573907969016 0.48367951602401277 -0.8372029880950145 1.3395 -0.10126506432638435 -0.8477473140849865 -0.5206437152301605 1.3993 0.0 0.0 0.0 1.0 
-0.963602204898529 0.20955367699163516 -0.16600616607216362 -0.7604 0.24916529334241097 0.47892155384858526 -0.8417545971676347 1.3415 -0.09688883995736357 -0.8524795608802255 -0.513703368660528 1.4024 0.0 0.0 0.0 1.0 
-0.9642835178828408 0.2066772818758021 -0.16565566182875666 -0.7536 0.2467374531717979 0.47347006040029327 -0.8455452271208428 1.3428 -0.09632199303268155 -0.8562187822402478 -0.507554401613501 1.4049 0.0 0.0 0.0 1.0 
-0.9650238915082249 0.20498542374659914 -0.1634315296072001 -0.7468 0.24374177158073615 0.47198873365841837 -0.8472405703731419 1.3444 -0.09653412663408817 -0.857442482823746 -0.5054439148353099 1.4074 0.0 0.0 0.0 1.0 
-0.9665634330035429 0.19668775289360005 -0.1645267693783366 -0.7382 0.23976459504849415 0.46569279927824936 -0.8518469085825342 1.3464 -0.09092892247045403 -0.8628117665876229 -0.49728039021894666 1.4112 0.0 0.0 0.0 1.0 
-0.9674718965988967 0.19072260225467233 -0.16620173970370994 -0.7314 0.23756063905480693 0.45908382548888715 -0.8560414615813655 1.3477 -0.08696592472460374 -0.8676790478994493 -0.4894588826174263 1.414 0.0 0.0 0.0 1.0 
-0.9678408713057034 0.1896200937927669 -0.1653126367227833 -0.7247 0.2361182654888319 0.4580255117525968 -0.8570068817030101 1.349 -0.08678832025544751 -0.8684796201487943 -0.48806857802305187 1.4165 0.0 0.0 0.0 1.0 
-0.9684088884293537 0.19067012004822395 -0.16071443660051146 -0.7153 0.2322504925908507 0.45497113401865996 -0.85968655677583 1.3509 -0.09079610951098702 -0.8698541099118696 -0.48488131946600965 1.4193 0.0 0.0 0.0 1.0 
-0.9687659602263136 0.18708260667648524 -0.16276551411745738 -0.7082 0.23204172359774455 0.4524077588541838 -0.861094569857645 1.3526 -0.08745943526330713 -0.8719674982518938 -0.4816882074285784 1.421 0.0 0.0 0.0 1.0 
-0.9699389106127646 0.17933894233966635 -0.16448724400333653 -0.6988 0.22956689618832538 0.45008536480746536 -0.8629728875002906 1.3552 -0.08073134368869375 -0.8747918084588014 -0.4777255927827159 1.4231 0.0 0.0 0.0 1.0 
-0.9701506556559774 0.1795387682492265 -0.16301391359582654 -0.6915 0.22834721920651818 0.4500230126928795 -0.8633289266134169 1.3572 -0.08164099957084911 -0.8747828980623563 -0.47758729929374966 1.4242 0.0 0.0 0.0 1.0 
-0.970688698578821 0.1784051509212548 -0.1610436356274887 -0.684 0.22601882402750634 0.44976100357748416 -0.8640778499916532 1.3594 -0.08172479205588823 -0.8751494968208225 -0.47690084564580437 1.4251 0.0 0.0 0.0 1.0 
-0.9708606342030919 0.1737807461312832 -0.16501479093955593 -0.6742 0.22694265754962856 0.4455091987795289 -0.8660361331879488 1.3626 -0.07698479810380007 -0.8782492847004643 -0.47196560762839534 1.4261 0.0 0.0 0.0 1.0 
-0.9707197430261327 0.1723418095629806 -0.16733643110762175 -0.667 0.22823190567518284 0.4444284112441866 -0.866252610103336 1.3652 -0.0749224781434314 -0.8790800236358037 -0.4707493327805378 1.427 0.0 0.0 0.0 1.0 
-0.970404202824402 0.1758528399451121 -0.16550366105913145 -0.6595 0.22850770657342226 0.44702047901482844 -0.864845026220252 1.3684 -0.07810192812787548 -0.8770681102540397 -0.4739742807348475 1.428 0.0 0.0 0.0 1.0 
-0.9695481174368911 0.18074150577230014 -0.1652542164840056 -0.6497 0.23039762705289457 0.44440549623177794 -0.8656908734458179 1.3727 -0.08302638991896663 -0.8774031359700906 -0.47251492629003267 1.4297 0.0 0.0 0.0 1.0 
-0.9692344125381099 0.17971334827988297 -0.16818967269704208 -0.6425 0.2320667178649141 0.43946778888819765 -0.8677632747409426 1.376 -0.08203470004401206 -0.8800972531372607 -0.4676527910843011 1.4309 0.0 0.0 0.0 1.0 
-0.9680354568458365 0.18288548894257473 -0.17163989111948116 -0.6353 0.2366389353570617 0.4391746516526968 -0.8666762022917257 1.3794 -0.08312261161891113 -0.8795899745222017 -0.46841446194335606 1.4319 0.0 0.0 0.0 1.0 
-0.966775478148724 0.1887793414103349 -0.17235873957239967 -0.6278 0.23975001878991056 0.4356925661033853 -0.8675781903278141 1.3829 -0.08868541785741102 -0.8800763308366653 -0.4664767395707195 1.4332 0.0 0.0 0.0 1.0 
-0.9659900492550961 0.19080965226395905 -0.17451332712158069 -0.6177 0.24231573626434774 0.4324149581971769 -0.868504685010968 1.3879 -0.09025690388443353 -0.8812542088014336 -0.46394472814221666 1.4346 0.0 0.0 0.0 1.0 
-0.9644932266105781 0.19274518141346347 -0.18056054625583678 -0.6098 0.24843745665740546 0.43013517259629847 -0.8679070015993369 1.3913 -0.0896194507454431 -0.881948427254929 -0.46274758314943315 1.4351 0.0 0.0 0.0 1.0 
-0.964427053048152 0.1957436106949167 -0.17766512944574586 -0.6013 0.2474149861869323 0.43170509198954865 -0.8674194707063101 1.3953 -0.0930928781324159 -0.8805198194375934 -0.4647779723896248 1.4356 0.0 0.0 0.0 1.0 
-0.9638513838920623 0.20012916926520216 -0.17589435857518806 -0.5895 0.24741170767973988 0.42725946648919905 -0.869618764286029 1.4004 -0.09888355107069993 -0.8817015730419139 -0.46132892758103 1.4363 0.0 0.0 0.0 1.0 
-0.964088790872613 0.19633887927248203 -0.1788402857294989 -0.5806 0.24851878463711694 0.42947966711003627 -0.8682082867731353 1.4048 -0.09365477561915014 -0.8814750478743447 -0.46285043262229797 1.4362 0.0 0.0 0.0 1.0 
-0.9643233957801505 0.19590396566234544 -0.17805062366867908 -0.5681 0.24765356563793764 0.429965026370346 -0.8682152886958183 1.4105 -0.09353127700322879 -0.8813351872790023 -0.46314164991504597 1.4359 0.0 0.0 0.0 1.0 
-0.96511228913523 0.1980416792015124 -0.17128269807310278 -0.5583 0.24271708423681304 0.4312849049725786 -0.8689543991271198 1.4149 -0.09821754619077103 -0.8802118063522206 -0.46430646084070887 1.4359 0.0 0.0 0.0 1.0 
-0.966895143087377 0.19279942038176467 -0.16715910317567578 -0.5486 0.23666481323626298 0.43261550528777637 -0.8699618329331733 1.4195 -0.09541251725997692 -0.8807225488682899 -0.4639226697037526 1.4355 0.0 0.0 0.0 1.0 
-0.9668989475259824 0.19120604003035746 -0.16895761459329733 -0.5391 0.23740368648512128 0.43144150575630036 -0.8703434475849237 1.4236 -0.09351959642995733 -0.8816453240201787 -0.46255335661622043 1.4348 0.0 0.0 0.0 1.0 
-0.9685247930273121 0.1893527877694785 -0.1615711826265129 -0.5264 0.23012739226711365 0.4337461221680305 -0.8711519298219655 1.4298 -0.09487417256419758 -0.8809141974495153 -0.463669136467089 1.4344 0.0 0.0 0.0 1.0 
-0.9697581527222036 0.18920868144627861 -0.15417263082071206 -0.5142 0.22403637105712704 0.43946471019313854 -0.8698726762799333 1.4357 -0.09683403158173379 -0.87810639637815 -0.46856411190722486 1.4337 0.0 0.0 0.0 1.0 
-0.9718936838231237 0.18035937582596556 -0.15130486739158866 -0.4969 0.217149667431686 0.4385514395199725 -0.8720772080666184 1.4436 -0.09093233351798627 -0.8804221319609293 -0.4653903525797947 1.4333 0.0 0.0 0.0 1.0 
-0.9730124011524266 0.17821823920295352 -0.14657805572113694 -0.4886 0.21208711616331768 0.44042527893918076 -0.8723787186932477 1.4474 -0.09091711808629477 -0.879922628920716 -0.4663370505890981 1.4333 0.0 0.0 0.0 1.0 
-0.9738387922413144 0.17816840726763858 -0.14104618171964342 -0.4775 0.20726415269899537 0.44194933922654106 -0.8727670666123871 1.4518 -0.09316425136255499 -0.8791682434033524 -0.4673153347142785 1.433 0.0 0.0 0.0 1.0 
-0.9753324611699458 0.17512729248744469 -0.13437641762673186 -0.4696 0.20007587307507874 0.4441792583243425 -0.873312333296446 1.4548 -0.09325360690837559 -0.87865534648146 -0.46826119516582215 1.4326 0.0 0.0 0.0 1.0 
-0.9766371768138711 0.17197308189502702 -0.12886071538121358 -0.4619 0.1931230986569697 0.4393860004154863 -0.8772932300001026 1.4573 -0.09425122614673064 -0.881683164034796 -0.46233267743847534 1.4322 0.0 0.0 0.0 1.0 
-0.9774721774775735 0.16826457713251972 -0.1274173235461538 -0.452 0.19023239014598467 0.44083256533695947 -0.8771991148409699 1.4605 -0.09143183251251605 -0.8816766308691921 -0.462910940227765 1.4312 0.0 0.0 0.0 1.0 
-0.9793507780700067 0.1639605744088275 -0.11827503343140452 -0.4442 0.18031438375885223 0.4438365954731101 -0.8777789012778242 1.4628 -0.09142634468979868 -0.8809801397071141 -0.46423616504780835 1.4304 0.0 0.0 0.0 1.0 
-0.9803746445307551 0.1590155714887612 -0.11653155961068341 -0.4339 0.17642113019706526 0.4438443771764011 -0.8785657366804619 1.465 -0.08798375521188968 -0.8818822012451523 -0.46318748034226803 1.4288 0.0 0.0 0.0 1.0 
-0.9819034352993651 0.15188958233588068 -0.1131158632780438 -0.4265 0.17047832310487965 0.44877510233436557 -0.8772331781665167 1.4666 -0.08247899792464525 -0.8806420738884845 -0.4665476959526592 1.4273 0.0 0.0 0.0 1.0 
-0.9833238062576883 0.14692543502015282 -0.10717839610215799 -0.4188 0.16266834298668226 0.4470411568167983 -0.8795983255451694 1.468 -0.08132221244444429 -0.8823645055508735 -0.46348632893226 1.4264 0.0 0.0 0.0 1.0 
-0.9845106175510367 0.14329788724758596 -0.10101761945153033 -0.4087 0.15570804884838163 0.4498080691869908 -0.8794473858157184 1.4699 -0.080584411973446 -0.881554545337184 -0.46515345440214084 1.4252 0.0 0.0 0.0 1.0 
-0.985974830779808 0.13443548974419717 -0.09889758422715374 -0.4012 0.14992320051672908 0.45310358982253174 -0.8787605878945389 1.4713 -0.07332575956340139 -0.8812628642959902 -0.46690373418647824 1.4239 0.0 0.0 0.0 1.0 
-0.9874651820334187 0.12775252009448645 -0.09269200548707536 -0.3939 0.14119961063516945 0.4525623561424212 -0.8804828128699035 1.4725 -0.07053498584521524 -0.8825341961716434 -0.46492817548465165 1.4233 0.0 0.0 0.0 1.0 
-0.9885127227907498 0.12527779131539063 -0.0845462706685268 -0.384 0.1329257104225356 0.45442596580846284 -0.8808108747669444 1.4743 -0.07192602025333092 -0.8819311291717643 -0.4658584881789043 1.4226 0.0 0.0 0.0 1.0 
-0.9896701585844707 0.11936441409882902 -0.07940474705098712 -0.3768 0.12576414171110004 0.4569636658325852 -0.8805495947239516 1.4755 -0.06882120216225758 -0.8814399269125993 -0.46725506672186334 1.4221 0.0 0.0 0.0 1.0 
-0.9904429408566338 0.11600824006894477 -0.07459805053329872 -0.3698 0.11993221004557632 0.45730655603932996 -0.8811849855717191 1.4766 -0.06811054177472288 -0.8817101576139139 -0.46684917485157923 1.4218 0.0 0.0 0.0 1.0 
-0.9917305730642965 0.10938707909166406 -0.06711883027404472 -0.3608 0.11021365177955483 0.4579715798637509 -0.8821082603617965 1.478 -0.06575272930439482 -0.8822111419410288 -0.4662403667896302 1.4217 0.0 0.0 0.0 1.0 
-0.9929670019699444 0.10093605544264314 -0.0618744350317612 -0.354 0.10155692114410603 0.4575739920709625 -0.8833528363841778 1.4788 -0.06085001862407107 -0.8834239947454008 -0.4646066301093086 1.4217 0.0 0.0 0.0 1.0 
-0.9938834467859871 0.09393863726614422 -0.05806226514170675 -0.3451 0.09476872448790306 0.45557220347817007 -0.8851400207181803 1.4797 -0.05669729326645143 -0.8852285014879631 -0.461688116686615 1.4218 0.0 0.0 0.0 1.0 
-0.9945877570815386 0.09030541049300156 -0.05138215934743098 -0.3381 0.08719335831548 0.45651843537431963 -0.8854311020226538 1.4808 -0.05650231613998334 -0.88511911684195 -0.46192167872026074 1.422 0.0 0.0 0.0 1.0 
-0.9953706675470959 0.0864434125327797 -0.04200917300467539 -0.3309 0.07710678741725815 0.4573103401648151 -0.8859581232273517 1.4815 -0.057374014336098574 -0.8850959209080274 -0.4618586723998287 1.422 0.0 0.0 0.0 1.0 
-0.9961574247336187 0.07983715517158711 -0.03600574679398669 -0.3217 0.06861019021698507 0.4558660758896264 -0.8874000014939049 1.4828 -0.05443369311808531 -0.8864604613332178 -0.4595920185843361 1.4222 0.0 0.0 0.0 1.0 
-0.9967466237512126 0.07421652326645878 -0.03143367167223754 -0.3145 0.06194315826815919 0.45585207407235484 -0.8878974781514464 1.4836 -0.05156755941795799 -0.8869559144840129 -0.45896622160841405 1.4225 0.0 0.0 0.0 1.0 
-0.9971791694758095 0.07057148041725271 -0.025561105517018658 -0.3073 0.054939308766028504 0.45423002035122156 -0.8891888218843286 1.4841 -0.05114075005165477 -0.8880848803821887 -0.4568258627975303 1.4229 0.0 0.0 0.0 1.0 
-0.9974052823453738 0.07010077763927915 -0.016388524153006685 -0.2976 0.04653749406311809 0.4541412110177088 -0.8897134494328464 1.4849 -0.054926900475728575 -0.8881675750835184 -0.4562251573229957 1.4234 0.0 0.0 0.0 1.0 
-0.9977171707126262 0.06707281679371875 -0.007853948850622558 -0.29 0.037747511360040994 0.457468508136957 -0.8884242733340136 1.4859 -0.05599618425674674 -0.8866926194066932 -0.45895601754240173 1.4237 0.0 0.0 0.0 1.0 
-0.9979710321782095 0.06365015864753718 -0.0015736064637554836 -0.2826 0.030568245978646255 0.45730645297440065 -0.8887836578187975 1.4866 -0.055851600433187244 -0.8870284467660075 -0.4583242666027362 1.424 0.0 0.0 0.0 1.0 
-0.9983456451438931 0.0572058537085663 0.005784731946892885 -0.2727 0.02090216770146596 0.4548131642222147 -0.8903415552671661 1.4872 -0.05356372100221459 -0.8887477009543543 -0.4552564682030846 1.4241 0.0 0.0 0.0 1.0 
-0.9985552775496899 0.05248447528900474 0.011521177513600694 -0.2653 0.013719862992580985 0.4563342529958185 -0.8897026553305398 1.4877 -0.05195308496255881 -0.8882592129532834 -0.4563950564658726 1.424 0.0 0.0 0.0 1.0 
-0.9986544473856134 0.04745518634047581 0.02091171935364311 -0.2577 0.003045889648584512 0.45622561200887446 -0.8898589289900823 1.4879 -0.05176888325223425 -0.8885978821922312 -0.4557562797047321 1.4242 0.0 0.0 0.0 1.0 
-0.9988541903637411 0.03993355584120462 0.026374561810064822 -0.2479 -0.005532666529725519 0.45105848340184546 -0.8924772457336367 1.488 -0.047536259779944745 -0.8916005583606958 -0.4503207171972316 1.4244 0.0 0.0 0.0 1.0 
-0.9989700863723973 0.033539746414595804 0.030558991206672128 -0.2405 -0.012068228392652404 0.45283412907310067 -0.8915131010871735 1.4885 -0.043739277504179636 -0.8909637124805088 -0.45196298371256177 1.4244 0.0 0.0 0.0 1.0 
-0.9987916735782966 0.0327150183445584 0.0366731559233811 -0.2335 -0.018078733787996328 0.44931256871190206 -0.8931916787465807 1.4891 -0.04569849204610777 -0.8927754158646101 -0.44817820635600325 1.4244 0.0 0.0 0.0 1.0 
-0.998581978275907 0.02996173901384169 0.04400371413690057 -0.224 -0.02587783644845439 0.4491586011097689 -0.8930772019427337 1.4904 -0.0465227927291846 -0.8929495199866461 -0.4477463394739206 1.4242 0.0 0.0 0.0 1.0 
-0.9984567575804837 0.025538412272722834 0.04931422452453381 -0.2174 -0.03268104293870553 0.4477470705466267 -0.8935628183006235 1.4916 -0.04490047521247606 -0.8937954745440944 -0.4462214663260737 1.4242 0.0 0.0 0.0 1.0 
-0.998295946146042 0.023552651483056554 0.0533898540595135 -0.211 -0.037473084656178254 0.4426050283788806 -0.8959333439380861 1.4927 -0.04473222367297846 -0.8964073077914123 -0.44096821507158845 1.4243 0.0 0.0 0.0 1.0 
-0.9980024514241572 0.019739857669313784 0.06001204021334053 -0.2033 -0.04518673126048417 0.44082092338229967 -0.8964569553672775 1.4942 -0.044150495686516925 -0.8973779869862931 -0.4390483825309723 1.4246 0.0 0.0 0.0 1.0 
-0.9977886082656626 0.019953004050764944 0.06340166279066965 -0.1979 -0.04811569466850557 0.44125496845912376 -0.8960909176733713 1.4952 -0.0458560044251434 -0.8971599246731252 -0.4393191282185121 1.4248 0.0 0.0 0.0 1.0 
-0.9973489814884399 0.021504063461406833 0.06951679206220424 -0.193 -0.053034290013361296 0.4393070748442788 -0.8967701255475352 1.4959 -0.04982342026347289 -0.8980795450551199 -0.4370020109185292 1.4254 0.0 0.0 0.0 1.0 
-0.9967586828210191 0.01965604417703413 0.07801133346006733 -0.1867 -0.061647626732421676 0.43640451294391874 -0.8976361574716346 1.497 -0.05168847394891193 -0.899535847539992 -0.433778239024667 1.4267 0.0 0.0 0.0 1.0 
-0.996570158500836 0.0147480324279342 0.08142735857881701 -0.1823 -0.06714141599264481 0.43109153989164617 -0.8998067095173007 1.4976 -0.04837302392988539 -0.9021876632792946 -0.4286227604578703 1.4277 0.0 0.0 0.0 1.0 
-0.9964368218700742 0.012059892129429244 0.0834758589251548 -0.1783 -0.07042477949842738 0.42565088242530197 -0.9021428250134008 1.4983 -0.04641131816770234 -0.9048070983874895 -0.4232848972660707 1.4287 0.0 0.0 0.0 1.0 
-0.9958432285391062 0.007127868309614323 0.09080450245538307 -0.1734 -0.07948300098702543 0.4188688130975312 -0.9045614240991937 1.4993 -0.044482768876334434 -0.9080187833451605 -0.4165611268055007 1.4303 0.0 0.0 0.0 1.0 
-0.9949497954500559 0.00405845936661707 0.10029174164137986 -0.1702 -0.0896759802408552 0.41291339107393726 -0.9063447192098951 1.5002 -0.04509016635291468 -0.9107612532268768 -0.4104641476656338 1.4314 0.0 0.0 0.0 1.0 
-0.9947601536621363 0.001280734449601903 0.10222815857361502 -0.1667 -0.09279228357244139 0.4084349311237017 -0.9080586430112254 1.5014 -0.04291653289228055 -0.9127865395355292 -0.40617595257136924 1.432 0.0 0.0 0.0 1.0 
-0.9940509920142081 -0.0032834403729734424 0.10886617608277571 -0.1642 -0.1008482514321898 0.4052720761825851 -0.9086166267737603 1.5025 -0.04113703269122151 -0.9141902227031167 -0.40319223858525277 1.4324 0.0 0.0 0.0 1.0 
-0.9919660049611564 -0.01917704754097209 0.1250427360905637 -0.1593 -0.12220180978431329 0.4008641994987005 -0.9079507757834147 1.5052 -0.03271334111401006 -0.9159367524059057 -0.3999871284245045 1.4319 0.0 0.0 0.0 1.0 
-0.9904158237256028 -0.027921509956001817 0.1352659801861239 -0.1574 -0.1353227387427538 0.39219183656159623 -0.9098754418675136 1.5061 -0.027645116984675068 -0.9194595981424195 -0.3922114160636894 1.4319 0.0 0.0 0.0 1.0 
-0.9884654735716443 -0.04220442340993906 0.14544687759254302 -0.1561 -0.1505164671905036 0.38003375559411756 -0.9126440366942201 1.5066 -0.016757107783733183 -0.9240092701124083 -0.38200270690802607 1.432 0.0 0.0 0.0 1.0 
-0.9858171439233953 -0.06242934596147141 0.15577912411341524 -0.1533 -0.16780488770701477 0.38031609610619194 -0.90950601246181 1.5089 -0.002465442831639353 -0.922747118015206 -0.38539807704018864 1.431 0.0 0.0 0.0 1.0 
-0.9830433240296341 -0.07114234721770979 0.16901061952765745 -0.1512 -0.18336147580604756 0.3708269601438973 -0.9104207460403484 1.5107 0.0020957745575308356 -0.9259730730765292 -0.377583733317807 1.4307 0.0 0.0 0.0 1.0 
-0.9810752931003145 -0.07801089513854637 0.1772161660453562 -0.149 -0.19350507555093227 0.3625959562427314 -0.9116358693318554 1.5135 0.006859665018098343 -0.9286756553049629 -0.37082943820540654 1.4301 0.0 0.0 0.0 1.0 
-0.9778738268313458 -0.08739180106581995 0.19006696689506958 -0.1471 -0.20895232449947326 0.3642336536782514 -0.9075641969659549 1.5164 0.010084883959974908 -0.9271982089255046 -0.3744352767580133 1.4293 0.0 0.0 0.0 1.0 
-0.9750987223358953 -0.09014729674589837 0.20262267046979587 -0.1455 -0.22155365698181545 0.3555147294796066 -0.9080326283790833 1.5196 0.009821342926942311 -0.9303132494017535 -0.36663442174823446 1.429 0.0 0.0 0.0 1.0 
-0.9718927908599726 -0.10011661098644328 0.2130752620061816 -0.1439 -0.23496743230236636 0.35617460118725613 -0.9043948027417739 1.5231 0.01465294617633743 -0.9290405360767033 -0.3696876701956196 1.4287 0.0 0.0 0.0 1.0 
-0.9687799311548563 -0.11593479060893792 0.21914508736919788 -0.143 -0.24643345081117346 0.35358065284949236 -0.9023587292489742 1.526 0.027129307268867087 -0.9281917077075125 -0.37111205104405187 1.4279 0.0 0.0 0.0 1.0 
-0.9664043608595434 -0.12622070479490793 0.22389940820094748 -0.1423 -0.2542644343493289 0.3421184598896754 -0.904601877528304 1.5286 0.037579365836501594 -0.9311408556624468 -0.362718207675784 1.4274 0.0 0.0 0.0 1.0 
-0.9644691277893516 -0.13835403811804192 0.22507212550131236 -0.1426 -0.2595901225854512 0.3378952382068609 -0.9046766141849799 1.532 0.04911486330345935 -0.9309591656638653 -0.3618048673928012 1.4262 0.0 0.0 0.0 1.0 
-0.9601934609677665 -0.15407553347834724 0.23300053111120816 -0.1433 -0.2729203167978151 0.3397157216958069 -0.90005984751664 1.5341 0.05952325758661582 -0.9278221588300529 -0.36824315796796214 1.4248 0.0 0.0 0.0 1.0 
-0.957725486793731 -0.1575231711133897 0.240724619655101 -0.1442 -0.2812151356800857 0.33617246884749924 -0.8988359798391521 1.5373 0.06066250415324348 -0.9285335329170181 -0.36625884131103087 1.4238 0.0 0.0 0.0 1.0 
-0.9569600121445753 -0.16364145029800936 0.23968523296319025 -0.1473 -0.28289358661022596 0.3415698649190996 -0.8962707437119383 1.5406 0.0647977917143572 -0.9255006769978683 -0.3731618188741054 1.422 0.0 0.0 0.0 1.0 
-0.9555584874653404 -0.17222798054503863 0.2392603179600163 -0.1496 -0.2859499213209209 0.344104001919861 -0.8943294014843161 1.5437 0.07169811384903683 -0.9230005192740217 -0.37806007709142797 1.4205 0.0 0.0 0.0 1.0 
-0.9552250892621195 -0.17347304390292465 0.2396917434606996 -0.1528 -0.2866754295274809 0.3421304543853533 -0.894854150287803 1.5466 0.0732272281969637 -0.9235008690960315 -0.3765420532018491 1.4201 0.0 0.0 0.0 1.0 
-0.9555794487289618 -0.1792555882178547 0.23395587459930245 -0.158 -0.2834032846925162 0.3408592963281563 -0.8963802308909802 1.55 0.08093513076746246 -0.922866390220895 -0.3765197609798305 1.4191 0.0 0.0 0.0 1.0 
-0.9551012550001567 -0.18983923190730098 0.2274701271067736 -0.1623 -0.28166202890470354 0.34360467786558035 -0.8958807548006469 1.5528 0.09191351462332227 -0.9197265307566902 -0.3816477622780612 1.4184 0.0 0.0 0.0 1.0 
-0.9530144953665435 -0.19827335141148097 0.22902194161545286 -0.1666 -0.28599081553304767 0.3396698345673001 -0.8960098531354247 1.5564 0.09986303145806678 -0.9194085498868728 -0.38041463345003274 1.4178 0.0 0.0 0.0 1.0 
-0.9528531570738034 -0.2051290625605185 0.22359098538968106 -0.1727 -0.28364593435999436 0.3404215370379752 -0.8964698327560989 1.5612 0.1077768294928527 -0.9176247843284013 -0.38255576091691934 1.4166 0.0 0.0 0.0 1.0 
-0.9523534234065284 -0.2117907828322535 0.21947123099205326 -0.1775 -0.2826080946084024 0.3421634855535629 -0.8961343727453183 1.5652 0.11469795895164933 -0.9154609841282905 -0.38571435642349094 1.4158 0.0 0.0 0.0 1.0 
-0.9517078763239649 -0.216226286684917 0.21794107251590125 -0.1823 -0.2823632998189408 0.3378328301730783 -0.8978529644505315 1.5697 0.12051176315318021 -0.9160322984500604 -0.3825725331724843 1.4153 0.0 0.0 0.0 1.0 
-0.9511942417035686 -0.22474676251827266 0.2114672723792693 -0.1891 -0.2800473044635837 0.3408202600385484 -0.8974491950021108 1.5752 0.1296264703394093 -0.9128693461195918 -0.38712599383473956 1.4142 0.0 0.0 0.0 1.0 
-0.9503657757293037 -0.23074537851782115 0.20871382947736378 -0.1944 -0.2805136711195234 0.34524919378490165 -0.8956087731291623 1.5796 0.13459930400075065 -0.9097030089449759 -0.3928402510932028 1.4135 0.0 0.0 0.0 1.0 
-0.9501258041733234 -0.23310161536454488 0.20718251170992993 -0.1991 -0.27964753951772614 0.3427205436977056 -0.8968499777383231 1.584 0.13805147549257582 -0.9100583859522359 -0.39081392538180354 1.4134 0.0 0.0 0.0 1.0 
-0.9509823253459657 -0.23704775762085947 0.1985975263856577 -0.2063 -0.2730391229092765 0.34208937483703306 -0.8991242945135789 1.5895 0.14519729419143024 -0.9092762067878661 -0.39004426098707967 1.4132 0.0 0.0 0.0 1.0 
-0.9507383846792608 -0.2411541337307892 0.1947850294094054 -0.2112 -0.27212063498229144 0.348277560124608 -0.8970245822331095 1.5937 0.14848193127214093 -0.9058407282178269 -0.3967438609323306 1.4133 0.0 0.0 0.0 1.0 
-0.949621574887031 -0.24255037785504052 0.19846455278324088 -0.2158 -0.2753762713391381 0.3434475459209885 -0.897892918105608 1.5983 0.1496221029541696 -0.9073109155097979 -0.39293781811419526 1.4136 0.0 0.0 0.0 1.0 
-0.9514706350755227 -0.24260128268457826 0.18933633626110793 -0.2226 -0.2662621294536083 0.34049793818727 -0.9017569697590633 1.6041 0.15429876541246831 -0.9084083727762617 -0.38856932362472024 1.414 0.0 0.0 0.0 1.0 
-0.9496612254226865 -0.2514250633035068 0.18689300273554757 -0.2334 -0.2665080010102361 0.33479128530932123 -0.9038187211374087 1.6144 0.16467253057571504 -0.9081300748371681 -0.38494509329257587 1.4145 0.0 0.0 0.0 1.0 
-0.9493551736402361 -0.2570099419768179 0.18075022547037067 -0.2409 -0.26364129993576446 0.3386251060500262 -0.9032310349632529 1.6214 0.17093279161909636 -0.9051402804414801 -0.38923393155224967 1.4135 0.0 0.0 0.0 1.0 
-0.9463286090221505 -0.2703621171921968 0.17710587040963632 -0.2486 -0.26505725692356985 0.3356180903799009 -0.9039386859527042 1.6283 0.18495084292415304 -0.9023662355147725 -0.3892664417908945 1.4127 0.0 0.0 0.0 1.0 
-0.9421842985483337 -0.28650852946202054 0.1737861044919728 -0.261 -0.2667706504392149 0.3274745022732777 -0.9064181542892371 1.6385 0.2027860143925676 -0.9003739850231012 -0.384973400977779 1.4123 0.0 0.0 0.0 1.0 
-0.9418908937918148 -0.289136747006959 0.171001420234717 -0.2672 -0.2649460240303335 0.3264857248734888 -0.9073095810165077 1.6433 0.2065070181436323 -0.8998927786042439 -0.38411956273191716 1.4123 0.0 0.0 0.0 1.0 
-0.9430726829966799 -0.28419481184734113 0.1727634900796393 -0.2757 -0.26560337763668734 0.3309137745396189 -0.9055114132952302 1.6507 0.2001718271221665 -0.899849644517903 -0.3875588431291136 1.4132 0.0 0.0 0.0 1.0 
-0.94551343799911 -0.27792502297654725 0.1695936914115295 -0.2822 -0.26185161417687336 0.3395644248804722 -0.9033989891009179 1.6566 0.19348920051534982 -0.8985842659200528 -0.39383784267747923 1.4134 0.0 0.0 0.0 1.0 
-0.9454028588465001 -0.2818487864796001 0.1636297529327756 -0.2892 -0.25905748182213995 0.3452655208931309 -0.9020426493211761 1.6623 0.1977439141840679 -0.8951832112156547 -0.39943004739352317 1.4139 0.0 0.0 0.0 1.0 
-0.9448444475616204 -0.28667755131655653 0.15838229535879259 -0.2982 -0.2537561751629073 0.3350277676966207 -0.9073941802981279 1.6699 0.20706707483003814 -0.8975368384881829 -0.3892953250142738 1.4153 0.0 0.0 0.0 1.0 
-0.9456391843848762 -0.2889712271866854 0.14920510317722535 -0.3051 -0.2455791295713849 0.33371547305699956 -0.910123548844498 1.6753 0.21320746721178968 -0.897290149784652 -0.38653973020191534 1.416 0.0 0.0 0.0 1.0 
-0.9468393246481328 -0.2887728060719103 0.141794075240198 -0.3116 -0.23954184865087808 0.33862843223925165 -0.9099178466345776 1.6806 0.2147440244681743 -0.8955116143035453 -0.38979988789463593 1.4164 0.0 0.0 0.0 1.0 
-0.9483890689784168 -0.28594941358100934 0.13708065769804487 -0.3205 -0.23376651817405394 0.3383439632098044 -0.9115243153861899 1.688 0.2142694304445489 -0.8965245648793788 -0.3877271150497593 1.4176 0.0 0.0 0.0 1.0 
-0.9498147259892732 -0.2847942937978932 0.1293993682908859 -0.3274 -0.22671809140451213 0.341729352179576 -0.9120416420804601 1.6934 0.2155246930720848 -0.8956077601713185 -0.3891475897356903 1.4185 0.0 0.0 0.0 1.0 
-0.9518194232987396 -0.28379646814586085 0.11618670362477043 -0.3368 -0.2145271240047002 0.3454785788730299 -0.9135768520524936 1.7003 0.2191298667400837 -0.8944853918358908 -0.3897152618190186 1.4196 0.0 0.0 0.0 1.0 
-0.9535981984398878 -0.2789762420370273 0.1132375039953559 -0.3436 -0.20899715794575768 0.3426140896682419 -0.915934371847349 1.7056 0.2167271646628459 -0.8970996833907031 -0.38502142038788434 1.4209 0.0 0.0 0.0 1.0 
-0.9552703285260324 -0.2761341362528749 0.10587038411966238 -0.3505 -0.20160103094222723 0.3461270284444741 -0.9162713050746648 1.7106 0.21636918394447324 -0.896630369202425 -0.3863138067208131 1.4218 0.0 0.0 0.0 1.0 
-0.9582097609059795 -0.2718487525893754 0.08906351565094286 -0.3603 -0.1850510742475454 0.35161709881696485 -0.9176717908595479 1.7169 0.21815167664800247 -0.8958033665571595 -0.3872288398873773 1.4228 0.0 0.0 0.0 1.0 
-0.9601086685684558 -0.2675248505011248 0.08137443642851451 -0.3674 -0.17561795066617863 0.35043421501030175 -0.9199751063773007 1.7215 0.2175998160466115 -0.8975668862622244 -0.3834370935916562 1.424 0.0 0.0 0.0 1.0 
-0.9619409983637095 -0.2624431472468569 0.07611248340577542 -0.3742 -0.1696421865340389 0.3551921192141633 -0.9192714979787538 1.7264 0.2142219508243266 -0.8971968306404766 -0.38619529110762546 1.4249 0.0 0.0 0.0 1.0 
-0.9644681234822834 -0.2561791805950394 0.06460237005107836 -0.3835 -0.1570597356481874 0.3593238826444853 -0.9199014005856351 1.7325 0.21244641259546784 -0.8973620087740207 -0.38679186519932124 1.4264 0.0 0.0 0.0 1.0 
-0.9652090083822938 -0.2546418445136165 0.0594062383960824 -0.3899 -0.15006794299198248 0.35341440095449667 -0.9233514356322458 1.7369 0.21412889254797945 -0.9001420955719587 -0.3793323412991548 1.428 0.0 0.0 0.0 1.0 
-0.9671412084116973 -0.24903781098936323 0.05116690033203353 -0.3982 -0.13974103939343185 0.3525773635464607 -0.9252900327053514 1.743 0.21239191345530412 -0.9020362361968909 -0.3757928999948528 1.4301 0.0 0.0 0.0 1.0 
-0.9696375300690618 -0.24063969359551807 0.04353846744919378 -0.4042 -0.1298254272928251 0.35566207355541946 -0.9255538060331743 1.7476 0.20724000267758325 -0.903104106568293 -0.3761044455861704 1.4316 0.0 0.0 0.0 1.0 
-0.9714273316366874 -0.23458412262023481 0.03604481604503626 -0.4101 -0.12058530743439233 0.35702463617197816 -0.926278895796088 1.7522 0.20442143473760024 -0.9041591113187776 -0.37511088819049193 1.4332 0.0 0.0 0.0 1.0 
-0.9733101744328104 -0.22783002030710212 0.027582352917001424 -0.4172 -0.1098276612662619 0.35688477736698315 -0.9276697367622285 1.7583 0.20150729308478096 -0.9059396986171787 -0.37238162320804696 1.4348 0.0 0.0 0.0 1.0 
-0.9755033389475254 -0.2193232327468379 0.0170456821425628 -0.4223 -0.09670749710156051 0.35795508530170544 -0.9287172965499244 1.7627 0.19758769118186634 -0.9076152689791666 -0.37039658180022966 1.4358 0.0 0.0 0.0 1.0 
-0.9772524365832155 -0.2119750946715963 0.006650897017387469 -0.4273 -0.0852914676751957 0.36411343643359395 -0.9274409797665456 1.7673 0.19417270851996465 -0.906911222031951 -0.3739104098825464 1.4363 0.0 0.0 0.0 1.0 
-0.9790880852091186 -0.20343584025900066 0.0006166844059008053 -0.4331 -0.07777728837745276 0.37151901756056693 -0.9251617766658339 1.7741 0.1879819534268986 -0.9058628364652929 -0.3795725315362821 1.4369 0.0 0.0 0.0 1.0 
-0.9805775016939334 -0.19603713247211613 -0.00609966095727163 -0.4374 -0.06878653392758398 0.37286175699909024 -0.9253337359665325 1.7785 0.18367410248021634 -0.9069418685117921 -0.379104565019238 1.4372 0.0 0.0 0.0 1.0 
-0.9814235753984776 -0.19096082126079386 -0.018485951300165754 -0.442 -0.05657665106475515 0.38013993443925415 -0.9231970064936393 1.783 0.18332170686082405 -0.9050014336938493 -0.3838822173606267 1.4374 0.0 0.0 0.0 1.0 
-0.9831423037396387 -0.18004778720339115 -0.03184344391987813 -0.4476 -0.04122570438120425 0.38795671804783094 -0.920755139122139 1.7891 0.17813380334958773 -0.903920560251131 -0.38883925838255085 1.4377 0.0 0.0 0.0 1.0 
-0.9853013151009681 -0.16627914290202558 -0.039147989681098616 -0.4516 -0.030319147393721463 0.39575440742661744 -0.9178557611649694 1.7934 0.16811325873238386 -0.9031775548795349 -0.3949787799365984 1.4376 0.0 0.0 0.0 1.0 
-0.9866846071462884 -0.15369881585294126 -0.053199248359147036 -0.4559 -0.013763634831015753 0.4048183182421433 -0.9142935478126493 1.7974 0.16206186589328475 -0.9013871550122103 -0.40154345767572963 1.4374 0.0 0.0 0.0 1.0 
-0.9872950561679436 -0.1435122751173491 -0.06821069532689884 -0.4612 0.0031803109720728723 0.41134112912689524 -0.9114759245919396 1.8025 0.15886584808717585 -0.9001126053884884 -0.40565864952234054 1.4375 0.0 0.0 0.0 1.0 
-0.9881393242268497 -0.13210946923537414 -0.07828003611938628 -0.4648 0.016818941706621605 0.41359191201256373 -0.9103070105836057 1.8066 0.1526361658204698 -0.9008267416413323 -0.40646449097982296 1.4379 0.0 0.0 0.0 1.0 
-0.9882089075988574 -0.11887195718539106 -0.09650187944898993 -0.4695 0.037930038669039566 0.4205637397917227 -0.9064697749726492 1.8118 0.14833902759839704 -0.899441826116239 -0.41109601594256207 1.4384 0.0 0.0 0.0 1.0 
-0.988168929211764 -0.10852136515001386 -0.10837564600247085 -0.4724 0.05273241151539264 0.42314377460891833 -0.9045267485185211 1.8154 0.14401895748909865 -0.8995401376901944 -0.4124149373726162 1.4396 0.0 0.0 0.0 1.0 
-0.9880377850266454 -0.09652845555001141 -0.12026467739436181 -0.4751 0.06899823037381758 0.4207373627434662 -0.9045547610824645 1.8184 0.13791511724579741 -0.9020323324919137 -0.40904411934933815 1.4414 0.0 0.0 0.0 1.0 
-0.9875170529351928 -0.0838555653327334 -0.13333534536993227 -0.4782 0.08587112199570911 0.4230359650242036 -0.9020347680124301 1.8233 0.13204628192186815 -0.9022243714613167 -0.41055445798559065 1.4443 0.0 0.0 0.0 1.0 
-0.9873733563087947 -0.07041780135457941 -0.14189851480509846 -0.4792 0.09899172652584785 0.42504253698407074 -0.8997441190880752 1.8276 0.12367090737492592 -0.9024301496551029 -0.4127048965817231 1.4467 0.0 0.0 0.0 1.0 
-0.987051542812134 -0.05578545299698841 -0.15039027583626036 -0.4798 0.1134987136148413 0.4196207788955628 -0.9005756181059186 1.8345 0.11334590349881163 -0.905983656118035 -0.4078557600513154 1.451 0.0 0.0 0.0 1.0 
-0.985408629516566 -0.036997935312277436 -0.16613544371057964 -0.4791 0.13560763452004604 0.4192249585308127 -0.8976976125648969 1.8442 0.10286108269972788 -0.9071282086493985 -0.40809068935516385 1.4573 0.0 0.0 0.0 1.0 
-0.9857252876640838 -0.0186957940078967 -0.16732042477227058 -0.4778 0.1444366492159268 0.41674176731677237 -0.8974766591599852 1.8494 0.08650844827433954 -0.9088326395217698 -0.40809254062903244 1.4607 0.0 0.0 0.0 1.0 
-0.9857249932372601 -0.0013525480154545494 -0.16835797670817318 -0.4764 0.15237790941578427 0.41811684314793185 -0.8955217910235815 1.8545 0.07160454196123964 -0.9083922479248014 -0.4119421239454001 1.4637 0.0 0.0 0.0 1.0 
-0.9849792874847555 0.012726574527727949 -0.1722028963949616 -0.4741 0.16158335023170245 0.41956204807613257 -0.8932292587807792 1.8606 0.060882051163891365 -0.9076374397935286 -0.4153163297188373 1.4671 0.0 0.0 0.0 1.0 
-0.9848399182055196 0.026806317607046465 -0.17138190349420074 -0.4713 0.1668505763190192 0.41662566989695005 -0.8936352367520703 1.8653 0.04744703037026164 -0.9086828228371371 -0.4147822402053585 1.4699 0.0 0.0 0.0 1.0 
-0.984471968349262 0.03979397630434882 -0.17097187775894324 -0.4683 0.1718228477193896 0.4178645428273094 -0.8921132959716066 1.8699 0.03594235017537878 -0.9076374073921881 -0.4182134433112567 1.4724 0.0 0.0 0.0 1.0 
-0.9839543362803184 0.044666130851181596 -0.17273911216034143 -0.4631 0.17531966673836874 0.4217575887943162 -0.8895974093651307 1.8761 0.03311915714364144 -0.9056077920651906 -0.4228210595286204 1.4756 0.0 0.0 0.0 1.0 
-0.9834507020176271 0.04788427121298483 -0.17473354935855173 -0.4589 0.17848379264367 0.4217025815317268 -0.8889940767479885 1.8813 0.03111675536696494 -0.9054689554589259 -0.4232702661840939 1.4784 0.0 0.0 0.0 1.0 
-0.9828705715769638 0.04580349955382779 -0.17851464633635797 -0.4546 0.18118918936650125 0.4172913879288395 -0.890527021048285 1.8865 0.03370337052406802 -0.9076177262421912 -0.4184425239220699 1.4818 0.0 0.0 0.0 1.0 
-0.9815807997670362 0.04399111705520799 -0.1859137303938054 -0.449 0.18718593113067744 0.41611844273061627 -0.8898353043154604 1.8937 0.03821728294171192 -0.9082456844046559 -0.4166883920207898 1.4855 0.0 0.0 0.0 1.0 
-0.9808332529949069 0.04807834100050744 -0.188824264717404 -0.4448 0.1910684142108549 0.42729277728229215 -0.8836932406516047 1.8993 0.03819673952549495 -0.9028340687020093 -0.4282892170958746 1.4875 0.0 0.0 0.0 1.0 
-0.980365504984043 0.05214540305485581 -0.1901692235290165 -0.4391 0.19393333500987148 0.42949210942981214 -0.8820013545961701 1.9071 0.035683864831760656 -0.9015638551305042 -0.43117198066768175 1.4909 0.0 0.0 0.0 1.0 
-0.9800027973766264 0.052097329425379924 -0.19204266557390434 -0.4354 0.19551118457619415 0.43162099254946973 -0.8806126818847342 1.9122 0.037012076942538163 -0.9005493806878966 -0.43317539069416844 1.493 0.0 0.0 0.0 1.0 
-0.9788846787385337 0.05420928515111113 -0.1970942392216573 -0.4319 0.20068399584273866 0.4381948484412377 -0.876191308226778 1.9175 0.03886797580978461 -0.8972439067516518 -0.4398211593971846 1.4949 0.0 0.0 0.0 1.0 
-0.9791901240718988 0.05820220486309238 -0.19442017454249483 -0.4274 0.19996543213965415 0.44025438137229933 -0.8753227436961154 1.9246 0.034648620019575124 -0.895984700221811 -0.44273117136606777 1.498 0.0 0.0 0.0 1.0 
-0.9797129437896671 0.06252540144559111 -0.19040252609945094 -0.4242 0.19832132707421846 0.43916444156620005 -0.8762438270774684 1.9297 0.02883052199501937 -0.8962283009579173 -0.442655208445105 1.5005 0.0 0.0 0.0 1.0 
-0.9789994057314814 0.06629179924243864 -0.1927837154186181 -0.4221 0.2020859356997223 0.4401666159809794 -0.8748797773227023 1.9346 0.026859601072507303 -0.8954656596034566 -0.4443194957473423 1.5028 0.0 0.0 0.0 1.0 
-0.9773533063667555 0.07017632130893495 -0.19963917065925554 -0.4197 0.2101012497521015 0.4344024181249221 -0.875872139059021 1.9415 0.025258253830684585 -0.8979809703188397 -0.4393087724581187 1.507 0.0 0.0 0.0 1.0 
-0.9771723887347428 0.07354180050646068 -0.1993131362271549 -0.4184 0.211329962195552 0.4326019347971623 -0.8764674626523099 1.9467 0.02176625307357767 -0.8985806416721982 -0.43826825191783786 1.5099 0.0 0.0 0.0 1.0 
-0.9768725137424711 0.075053837503226 -0.20021741525278158 -0.4171 0.21275111104154745 0.4347960915660353 -0.8750367555191534 1.9521 0.02137888315727872 -0.8973958325259477 -0.44070813825025773 1.5123 0.0 0.0 0.0 1.0 
-0.9755639558107652 0.08261291679396104 -0.20359291269993918 -0.4161 0.219146315538839 0.43252450850311575 -0.8745841537152896 1.9592 0.01580697658006089 -0.8978294133759106 -0.4400596368317198 1.5156 0.0 0.0 0.0 1.0 
-0.9736374633277374 0.08724274537962819 -0.2107576650642966 -0.4158 0.22760712721944565 0.4323566320680834 -0.8725037182417363 1.9648 0.015002854516389774 -0.8974722536576658 -0.44081568514628733 1.5178 0.0 0.0 0.0 1.0 
-0.9728175411079716 0.08284368997625917 -0.21624743869872104 -0.4155 0.2306439264066849 0.43018543370254986 -0.8727793947165896 1.9708 0.020722232610106597 -0.8989312630347586 -0.43759932976912336 1.5199 0.0 0.0 0.0 1.0 
-0.9713642016932733 0.08558882895619618 -0.22164417435767775 -0.4154 0.23678312733540957 0.42579033967763374 -0.8732905228195644 1.9789 0.019630035100653462 -0.9007647523050133 -0.4338634839748961 1.523 0.0 0.0 0.0 1.0 
-0.9700117690150224 0.09021314371724735 -0.2256961600758823 -0.4152 0.24258353276986366 0.41731457042135295 -0.8757863774591007 1.9849 0.015178853752490423 -0.9042732651221604 -0.426684267795366 1.5252 0.0 0.0 0.0 1.0 
-0.9679244135601479 0.09768579421181688 -0.23147314151635404 -0.4156 0.2509789427491313 0.41806272915988774 -0.8730596341510208 1.9916 0.011484769513219112 -0.9031506187212588 -0.4291701993063304 1.5272 0.0 0.0 0.0 1.0 
-0.9655096766202093 0.11086500910878713 -0.23558440973045686 -0.4155 0.2603664260767786 0.4132814409339897 -0.8725868293479628 1.9996 0.0006233175311170375 -0.9038292982277316 -0.42789275658793485 1.5295 0.0 0.0 0.0 1.0 
-0.9648607991256006 0.11352629822276472 -0.2369713440957426 -0.4154 0.2627495763809026 0.4082360348192529 -0.8742459608066312 2.0063 -0.0025096657871463424 -0.9057897766517843 -0.42371993355369436 1.5315 0.0 0.0 0.0 1.0 
-0.9617503235514914 0.12259771973005788 -0.24496145465274935 -0.4148 0.2737883829202969 0.40171354673940995 -0.8738799389755622 2.0123 -0.00873135307324499 -0.9075219146020846 -0.4199139649862532 1.5334 0.0 0.0 0.0 1.0 
-0.9589156064202997 0.1314991607963211 -0.2513738858223975 -0.4133 0.2833041574886186 0.39759123498002014 -0.8727313241867316 2.021 -0.014819383025363661 -0.9080909539120656 -0.4185106991581241 1.5354 0.0 0.0 0.0 1.0 
-0.9584129170384906 0.13399723381466316 -0.25197107330761154 -0.4114 0.2848094463714205 0.3930442754158964 -0.8742995921424175 2.028 -0.018117938938416248 -0.9097037643611305 -0.4148623885046852 1.5373 0.0 0.0 0.0 1.0 
-0.9568908426744698 0.13454122628270918 -0.25740740788891053 -0.4094 0.2898234446656033 0.3842203068605903 -0.876571233111216 2.0351 -0.019033815379663185 -0.9133856875527987 -0.4066500948552627 1.5393 0.0 0.0 0.0 1.0 
-0.9537586518621115 0.13883600085009293 -0.2665876945136837 -0.4065 0.2999370330042396 0.38192315338602767 -0.8741695951817857 2.0455 -0.019550197717206674 -0.9137063367273023 -0.405904570057535 1.5414 0.0 0.0 0.0 1.0 
-0.9531576422401381 0.1408676901333078 -0.2676692042722274 -0.4037 0.3016133638292423 0.37593212112135305 -0.8761874337542223 2.0537 -0.022801048195864745 -0.9158773576116547 -0.40081015208632514 1.5435 0.0 0.0 0.0 1.0 
-0.9511011743642463 0.15076507712873735 -0.2695856962847197 -0.399 0.307122914500373 0.36864599727937275 -0.8773685907751047 2.065 -0.03289485539940562 -0.9172622417870816 -0.39692305082974166 1.546 0.0 0.0 0.0 1.0 
-0.9486610597616187 0.15374823779964908 -0.27641214348408205 -0.3959 0.3145278755183392 0.36632593492876814 -0.875715436041003 2.074 -0.03338276821778434 -0.9176964578617847 -0.3958772562475031 1.5476 0.0 0.0 0.0 1.0 
-0.946771238137648 0.15394831020325814 -0.28270857861208665 -0.3918 0.320337416767718 0.3639493215671929 -0.8745998117707121 2.0835 -0.031751567739094405 -0.9186080824357803 -0.3938921538057953 1.5494 0.0 0.0 0.0 1.0 
-0.9456461561509403 0.15756393070000516 -0.2844766336613881 -0.3853 0.3230530802843865 0.3548687066744906 -0.8773282785491097 2.0966 -0.037283437015937046 -0.9215431670657313 -0.38648174155933995 1.5519 0.0 0.0 0.0 1.0 
-0.9452376657744663 0.16079705127477284 -0.2840247586084279 -0.38 0.32402612624424626 0.3579346043072866 -0.8757224951721485 2.1069 -0.039151305372687725 -0.9197973294920594 -0.39043571551138906 1.5532 0.0 0.0 0.0 1.0 
-0.9441128322274182 0.16538065644310485 -0.2851318966688414 -0.3723 0.32680903684834367 0.35686651467353514 -0.8751240735684406 2.1205 -0.0429745675694487 -0.9193995481721814 -0.3909701489410766 1.5551 0.0 0.0 0.0 1.0 
-0.9435538027589406 0.1688581102144661 -0.284944134724583 -0.3661 0.3278816495483796 0.35436195269653153 -0.8757403898248239 2.1306 -0.04690250727387284 -0.9197361279714418 -0.38972504373663736 1.5563 0.0 0.0 0.0 1.0 
-0.9434221544233815 0.1651975521622227 -0.2875141862634873 -0.36 0.32872858021453194 0.35220088795025195 -0.8762945024802976 2.1407 -0.04349895508266356 -0.9212297776812602 -0.3865792772770582 1.5573 0.0 0.0 0.0 1.0 
-0.9414662175182464 0.16354843212825482 -0.2947766470062977 -0.3517 0.33494079073079197 0.35484042267378074 -0.872870517970062 2.1542 -0.038157934646906755 -0.9205108281737278 -0.3888493117370791 1.558 0.0 0.0 0.0 1.0 
-0.9406162399095674 0.16182544631471396 -0.29841852178346884 -0.3454 0.337580936911082 0.35323962020247873 -0.872502654295931 2.1639 -0.03577988614603392 -0.9214305701702393 -0.3868921091249144 1.5584 0.0 0.0 0.0 1.0 
-0.9396020164027594 0.16305746585866682 -0.3009324070279198 -0.3389 0.3403563899528657 0.3523078377679869 -0.8718008461027655 2.1736 -0.036132791064636405 -0.9215701005756398 -0.3865268051958154 1.559 0.0 0.0 0.0 1.0 
-0.9374678849337617 0.16565535394365366 -0.3061245962473824 -0.3328 0.34619169937396116 0.35246512813537706 -0.86943639257457 2.1831 -0.03612854830170961 -0.9210464902263705 -0.38777324667812757 1.5592 0.0 0.0 0.0 1.0 
-0.9356861441335219 0.16581133478346513 -0.31144508494093687 -0.3246 0.3511950186595455 0.3527094975746026 -0.867328120833974 2.1954 -0.03396319397911851 -0.9209248674989707 -0.388257504598095 1.5596 0.0 0.0 0.0 1.0 
-0.9336773549108383 0.1673903427471395 -0.31658659175918347 -0.3185 0.3563907396797277 0.34766290312434645 -0.8672463009213057 2.2041 -0.03510324197616624 -0.922556761910153 -0.3842613478566591 1.5598 0.0 0.0 0.0 1.0 
-0.9312569106690205 0.16642333445345653 -0.3241355273347631 -0.3108 0.3630417758270092 0.34811412576621414 -0.8643015818835439 2.2153 -0.03100379550254473 -0.9225615584834529 -0.3846023082003266 1.5596 0.0 0.0 0.0 1.0 
-0.9290464901102982 0.16951459373810146 -0.3288425485297511 -0.3047 0.3686604571185426 0.34966325989026403 -0.8612926750182313 2.2235 -0.031017520385782982 -0.9214121809444022 -0.38734675193732726 1.5594 0.0 0.0 0.0 1.0 
-0.9286099129364207 0.17173691377804234 -0.3289225775805098 -0.2984 0.36949636116250395 0.3467538143128574 -0.8621103359472921 2.2308 -0.034001010042080726 -0.9220998995257932 -0.3854551940376995 1.5594 0.0 0.0 0.0 1.0 
-0.925904046937829 0.17401495180847887 -0.33529165276105977 -0.293 0.3762475985485671 0.3455002706124842 -0.859690239326431 2.2379 -0.03375559880355533 -0.9221433508700221 -0.38537280650769895 1.5593 0.0 0.0 0.0 1.0 
-0.9190039566432139 0.1780344255657808 -0.3517605307415549 -0.2859 0.393244778413881 0.3503266238021153 -0.8500763500448821 2.2466 -0.028111775545767076 -0.9195515211062802 -0.3919626616232609 1.5587 0.0 0.0 0.0 1.0 
-0.9171845244174098 0.18301078461987658 -0.353948585082675 -0.2806 0.39719825891681276 0.3492083768806954 -0.8486972679523621 2.2525 -0.031718942016767726 -0.9189997618221497 -0.3929800840859109 1.5593 0.0 0.0 0.0 1.0 
-0.9143085653867503 0.191412089980885 -0.3569331296889835 -0.2738 0.40308782270082555 0.3441012058223326 -0.8480062307211693 2.2592 -0.039497524615233315 -0.9192147583458214 -0.39177056243227726 1.5608 0.0 0.0 0.0 1.0 
-0.9100643887492201 0.195993626940648 -0.36519762667514555 -0.2691 0.412382979971595 0.3399412392270758 -0.8452101701366989 2.2635 -0.041510072997477804 -0.9197969624169294 -0.3901928520210665 1.5619 0.0 0.0 0.0 1.0 
-0.9064910532990381 0.20069321318779315 -0.371478403772224 -0.2638 0.4199658101006711 0.33767763142974944 -0.8423790925577875 2.2678 -0.04361981929453107 -0.9196173396649029 -0.3903860396483963 1.5633 0.0 0.0 0.0 1.0 
-0.9033385511413689 0.20415467439819854 -0.37722716092982783 -0.2563 0.42629701649740537 0.33005488828452795 -0.8422200570188878 2.2722 -0.04743749305373929 -0.9216206592958154 -0.38518183318002314 1.5647 0.0 0.0 0.0 1.0 
-0.9012217622013784 0.2032990113197071 -0.38271248651052847 -0.2501 0.4309947103213557 0.3283705970348129 -0.8404857587597846 2.275 -0.04519839609601803 -0.9224111138746268 -0.3835555266071881 1.5652 0.0 0.0 0.0 1.0 
-0.8996286792076084 0.20552771004325088 -0.3852617291550655 -0.243 0.4341531051311399 0.3266881893416749 -0.8395152817249053 2.2775 -0.04668319667892329 -0.9225146000736438 -0.3831285577959461 1.5654 0.0 0.0 0.0 1.0 
-0.8973274492528157 0.21286432219702095 -0.3866422495706312 -0.2328 0.43810180249743896 0.3232340345492967 -0.8388006733172542 2.28 -0.05357480252815092 -0.9220675350778742 -0.38330301497572744 1.5653 0.0 0.0 0.0 1.0 
-0.8957890654452098 0.21608588844145185 -0.3884183814461747 -0.2245 0.4412335016250596 0.32689486294860837 -0.8357348536596396 2.2817 -0.053618534784962396 -0.9200253460607914 -0.38817317698835774 1.5649 0.0 0.0 0.0 1.0 
-0.8947339916653725 0.2182879415096134 -0.3896170668105342 -0.2157 0.4431140847809494 0.3251324619837525 -0.8354273098439654 2.2828 -0.05568655158375599 -0.9201300216577432 -0.38763352695146275 1.5649 0.0 0.0 0.0 1.0 
-0.8930055010160657 0.22050546454248393 -0.3923245025000978 -0.2031 0.44636548084644995 0.32270456001966086 -0.8346374209506994 2.2836 -0.05743720626704829 -0.9204559234691364 -0.38660297501030183 1.5649 0.0 0.0 0.0 1.0 
-0.891122003800616 0.22202948034638567 -0.395732844479061 -0.1929 0.4503352635900606 0.32573208782807783 -0.8313222944962031 2.2841 -0.05567517139304845 -0.9190220437053047 -0.39025473536406874 1.5646 0.0 0.0 0.0 1.0 
-0.8913837476163918 0.22060033755924527 -0.39594255335099304 -0.1822 0.44972312260231107 0.3217128279322911 -0.8332166401006612 2.2839 -0.056428073528906025 -0.9207802926934064 -0.3859786588728206 1.5642 0.0 0.0 0.0 1.0 
-0.8916376133564565 0.22248292186727836 -0.3943142350022377 -0.167 0.4485959221908685 0.3164283383785085 -0.835843768454811 2.2831 -0.06118876564963241 -0.9221575007277303 -0.38194433993693344 1.5636 0.0 0.0 0.0 1.0 
-0.8920002640767626 0.22500148148183713 -0.39205849336287146 -0.1549 0.44767211153991265 0.3195007829204015 -0.8351700008157901 2.2827 -0.06265149189270941 -0.9204855148475881 -0.3857216710523129 1.5625 0.0 0.0 0.0 1.0 
-0.8932371604972 0.22534246813685507 -0.389034891958151 -0.1422 0.4448798160197337 0.3181508362519394 -0.8371750084005374 2.2817 -0.06487930644780085 -0.9208695985025146 -0.38443446534964865 1.5613 0.0 0.0 0.0 1.0 
-0.8935424579237776 0.2268245283669093 -0.3874693655228281 -0.1249 0.44404445522638564 0.3188642975690968 -0.8373470496266578 2.2803 -0.06638070254400946 -0.9202587641891248 -0.3856389623246957 1.5595 0.0 0.0 0.0 1.0 
-0.8929605869287015 0.22807041685160737 -0.3880789547876604 -0.1118 0.4451272802097491 0.3191642423045773 -0.8366575708419883 2.2788 -0.0669559153848295 -0.919846765168677 -0.38652145348440936 1.5578 0.0 0.0 0.0 1.0 
-0.8936839568767401 0.23146462241496027 -0.38438667223439493 -0.0938 0.44287666209917587 0.31749997662334123 -0.8384831703809383 2.2767 -0.07203643098477838 -0.9195748438351699 -0.38625491478620394 1.5556 0.0 0.0 0.0 1.0 
-0.8952665725709457 0.2351498767437387 -0.3784207968709914 -0.0798 0.43865935147351764 0.3166312478559591 -0.8410247477012854 2.275 -0.0779470166324828 -0.918939164661395 -0.38662006446835195 1.5544 0.0 0.0 0.0 1.0 
-0.8944317216482283 0.24829649660939207 -0.37194185712405115 -0.0662 0.4383062464849125 0.32163734912778824 -0.8393074823557549 2.2731 -0.08876671449193677 -0.9137276757423685 -0.39651255337095653 1.5524 0.0 0.0 0.0 1.0 
-0.8929711091193583 0.2648670324281208 -0.3639341333412739 -0.0477 0.43864295246601614 0.33070039454185934 -0.8356013459190662 2.2704 -0.10097008730331777 -0.9058050033989543 -0.4114879552154365 1.55 0.0 0.0 0.0 1.0 
-0.8942609172626691 0.26787446411590154 -0.3585257080477614 -0.0334 0.435330504216068 0.3347546114845413 -0.835719272356943 2.2687 -0.10384971812919888 -0.9034282603308649 -0.41597189145425856 1.5486 0.0 0.0 0.0 1.0 
-0.8949538478309842 0.2674335983589895 -0.3571230610325774 -0.0157 0.4345344290405244 0.34094647638559633 -0.8336278127669873 2.266 -0.10118023636531384 -0.901240684117738 -0.42134046691488164 1.5475 0.0 0.0 0.0 1.0 
-0.8944871740947895 0.2695931832082483 -0.35666820849013314 -0.0027 0.43535514610532366 0.34360528967250875 -0.8321065446616096 2.2641 -0.10177716904851289 -0.8995859716984891 -0.4247193042278103 1.5468 0.0 0.0 0.0 1.0 
-0.8947779570386345 0.2746850729946489 -0.3520234626721516 0.0102 0.4331063902485454 0.3421960156969549 -0.8338589458457611 2.262 -0.10858757904862788 -0.8985822152229889 -0.4251573122519525 1.5468 0.0 0.0 0.0 1.0 
-0.8976457530535724 0.2805219602183111 -0.3399110646333263 0.0272 0.42558961280712326 0.3514071659067607 -0.8338983662413912 2.2595 -0.1144796204377352 -0.8932079453210517 -0.43482638250200223 1.5463 0.0 0.0 0.0 1.0 
-0.8973132915729709 0.2867306684646494 -0.33558066173171475 0.0395 0.4242072225762173 0.3501112296798758 -0.8351469087329586 2.2572 -0.12197167327150969 -0.8917441620856625 -0.4357926804175209 1.5461 0.0 0.0 0.0 1.0 
-0.8986553454068709 0.28557721840458705 -0.3329627944680263 0.0513 0.4213798575352812 0.351086839840463 -0.8361680731494021 2.2551 -0.12189169715450053 -0.8917307234917593 -0.43584255293128454 1.5457 0.0 0.0 0.0 1.0 
-0.9018537789544055 0.28161884325525216 -0.3276439966018476 0.0668 0.415405923546774 0.3568097368231975 -0.8367345638793773 2.2522 -0.11873365179219228 -0.8907174854193296 -0.43877634519234976 1.5452 0.0 0.0 0.0 1.0 
-0.9030686957391807 0.2819504190103714 -0.323992117181593 0.0781 0.4124451763240827 0.35885864246050087 -0.8373227879727165 2.2501 -0.1198161395761498 -0.8897889839457906 -0.44036309648491917 1.5452 0.0 0.0 0.0 1.0 
-0.9055749414730465 0.27851643216114885 -0.31994159215755724 0.0884 0.40793769163410654 0.36505855615626276 -0.8368506977480161 2.2476 -0.11627925490097167 -0.8883472561973325 -0.44420523104342874 1.5452 0.0 0.0 0.0 1.0 
-0.908254130273139 0.27406176828694395 -0.3161717602905378 0.1014 0.40301486629129835 0.3698550010898009 -0.837129796218645 2.2444 -0.11248756549054977 -0.8877485146888711 -0.44637329924370756 1.5462 0.0 0.0 0.0 1.0 
-0.9084389358348522 0.2767101293504941 -0.313321247562425 0.1104 0.40141205407754177 0.36829819240814743 -0.8385850012432491 2.2422 -0.11664931504509689 -0.8875741917066563 -0.44565119938780107 1.5475 0.0 0.0 0.0 1.0 
-0.9070880988493318 0.2765147872536691 -0.31738108537838705 0.1187 0.40497030804651707 0.36754178978644153 -0.8372049225615485 2.2398 -0.11484872888549533 -0.8879485374674805 -0.44537306191859954 1.5483 0.0 0.0 0.0 1.0 
-0.9072525122604229 0.2714424273382255 -0.32126606985158496 0.1296 0.4068783369845515 0.3730213596011704 -0.8338495572787576 2.2365 -0.10650304169288789 -0.8872283099191698 -0.4488686090473876 1.5489 0.0 0.0 0.0 1.0 
-0.9072819133181588 0.2707611464166225 -0.32175756612222406 0.1378 0.40682333378887614 0.3714310783378077 -0.8345859626963049 2.234 -0.10646269229474593 -0.888103234785219 -0.44714465166586154 1.5493 0.0 0.0 0.0 1.0 
-0.9060132877783487 0.27419602704709795 -0.32242279869862545 0.1463 0.40935011303559005 0.37405525370807435 -0.8321749528381264 2.2318 -0.10757512410783861 -0.8859453741201968 -0.451141204888456 1.5494 0.0 0.0 0.0 1.0 
-0.903849255828138 0.2728027557106504 -0.32959851215622354 0.1576 0.41576946420625827 0.37825548317426677 -0.8270783167767384 2.2286 -0.10095679953604869 -0.8845911179326169 -0.45530899255578156 1.5484 0.0 0.0 0.0 1.0 
-0.9046414632170358 0.26888615318182335 -0.3306418903521169 0.1667 0.415085223928036 0.380091045488406 -0.8265803373031217 2.2264 -0.09658198540697141 -0.8850034089011247 -0.45545678865094985 1.5483 0.0 0.0 0.0 1.0 
-0.9045401586492313 0.2682921755674423 -0.3314006788166133 0.1759 0.4156102618958421 0.38111938535673884 -0.8258426752791183 2.2244 -0.09526390500967774 -0.8847413874317117 -0.4562427706470721 1.5478 0.0 0.0 0.0 1.0 
-0.9018967072446104 0.2721381723999943 -0.3354446967595701 0.1889 0.422044475685682 0.3898105300663547 -0.8184902022581483 2.2216 -0.0919825527180386 -0.8797661994940348 -0.466423245800737 1.5465 0.0 0.0 0.0 1.0 
-0.9028789073406338 0.2692535297548317 -0.3351301469488339 0.1991 0.42070637905449154 0.39309211314122944 -0.8176091567546324 2.2198 -0.08840713377460842 -0.8791934527171632 -0.46819125514797016 1.5456 0.0 0.0 0.0 1.0 
-0.9033642782431222 0.2655424160732341 -0.336779165122001 0.2096 0.4204913927601274 0.39389740532372114 -0.8173321373186596 2.2181 -0.08437991116925195 -0.8799613965085226 -0.46749114563362554 1.5442 0.0 0.0 0.0 1.0 
-0.9017960448187019 0.2638208087858742 -0.34229004426204535 0.2199 0.42485584000168786 0.39618712759469116 -0.8139614703072425 2.2163 -0.07912906397655664 -0.8794511588370527 -0.4693657959996222 1.5426 0.0 0.0 0.0 1.0 
-0.9006324448065804 0.2670624296744655 -0.34283940557948234 0.2346 0.42766461025103786 0.4044622739132819 -0.8084016638526451 2.2145 -0.07722810693361265 -0.874693047667162 -0.47848499648597337 1.5397 0.0 0.0 0.0 1.0 
-0.9010353545649107 0.2659321904625675 -0.3426592475037946 0.2459 0.4270443500853905 0.4055642201523392 -0.8081774473420869 2.2126 -0.07595006836226362 -0.8745271484682484 -0.47899254034667577 1.538 0.0 0.0 0.0 1.0 
-0.8984614065939226 0.2687089545219899 -0.3472212531239545 0.2611 0.43306447430940326 0.4122093862615177 -0.8015850441275856 2.2108 -0.07226521952080622 -0.8705624157046996 -0.48672252712403574 1.535 0.0 0.0 0.0 1.0 
-0.8958709113011168 0.27133540618123375 -0.35184145241425346 0.2724 0.43891098369400183 0.4173175914646535 -0.7957406463458457 2.2094 -0.06908298399222568 -0.8673079759846588 -0.4929547810054432 1.533 0.0 0.0 0.0 1.0 
-0.8955770123368866 0.2735740986310746 -0.350854710003915 0.2848 0.4391982078222355 0.4177066200775591 -0.7953779691373896 2.208 -0.07104047592374857 -0.8664169851183533 -0.49424170066775075 1.5313 0.0 0.0 0.0 1.0 
-0.8912804004270493 0.2758884332662749 -0.35986778155939325 0.3008 0.44841567954636885 0.4182875578095705 -0.7899106894571524 2.2066 -0.06739900705179017 -0.8654022714157767 -0.4965242013002461 1.5293 0.0 0.0 0.0 1.0 
-0.8869698069651476 0.281584028964558 -0.36605326957192386 0.3132 0.45655371304801723 0.4151838646262999 -0.7868805917393304 2.2058 -0.069593596216012 -0.8650623059560838 -0.49681378622142264 1.5275 0.0 0.0 0.0 1.0 
-0.8855387502420414 0.2852618960869751 -0.36666984122044627 0.3305 0.4588406436267127 0.4135289749096521 -0.7864216748452426 2.2049 -0.0727075345200725 -0.8646498930498032 -0.49708568363309 1.5264 0.0 0.0 0.0 1.0 
-0.882992629471304 0.2917715304287509 -0.3676865381416856 0.3436 0.4630749337050778 0.4134586366340733 -0.7839729342054682 2.2044 -0.07671780805908443 -0.8625087418826305 -0.5001930108494637 1.5255 0.0 0.0 0.0 1.0 
-0.8789458980705785 0.29949618604698797 -0.3711551465468484 0.3563 0.4703410870646669 0.41551108834538875 -0.7785433817590759 2.2036 -0.07895169462229418 -0.8588670269636265 -0.5060771284210831 1.5246 0.0 0.0 0.0 1.0 
-0.872431642756203 0.310669652131068 -0.3772895386337574 0.3726 0.4817482615552794 0.41656524770446784 -0.770968226902627 2.2025 -0.08235072073866989 -0.8543756560493023 -0.5130892682020792 1.5239 0.0 0.0 0.0 1.0 
-0.8686400797431113 0.3144990244854458 -0.382824732040113 0.3847 0.48861191042227575 0.41591894916959643 -0.7669875023200527 2.2014 -0.08199276100592903 -0.8532888088562758 -0.5149518383531251 1.5233 0.0 0.0 0.0 1.0 
-0.862747479259072 0.32028791564582304 -0.39125750871180875 0.3965 0.4992603765240603 0.41712293997996636 -0.7594389569777962 2.2006 -0.08003663826754925 -0.850543416901056 -0.5197788303702892 1.5227 0.0 0.0 0.0 1.0 
-0.8559817432770932 0.32800481272442966 -0.3996349559359393 0.4125 0.5105483633438155 0.41448805201842903 -0.7533525226750881 2.1993 -0.08145933871116073 -0.8488889783496896 -0.5222565256396138 1.5222 0.0 0.0 0.0 1.0 
-0.8540576407238851 0.3301308064293304 -0.4019940260345556 0.4248 0.513621756903966 0.41288179077431825 -0.7521444792603846 2.1984 -0.08233005013987438 -0.8488476173573865 -0.5221872129329228 1.5219 0.0 0.0 0.0 1.0 
-0.8490841038530603 0.3377050759676695 -0.40621603396433814 0.4409 0.5213706467611692 0.41196114056769645 -0.7473022597035307 2.1974 -0.08502254571515713 -0.8463115858404832 -0.5258591697330006 1.5213 0.0 0.0 0.0 1.0 
-0.8436110241327907 0.3474541681140091 -0.40938495456211654 0.4533 0.5288673001319529 0.4058367724214599 -0.7453830511902394 2.1966 -0.09284297934019115 -0.8453236748197309 -0.5261255230232637 1.5209 0.0 0.0 0.0 1.0 
-0.8415714771707097 0.35136922625233225 -0.41024031451765774 0.4656 0.5312719890070488 0.4013513685663008 -0.7461013018662085 2.1955 -0.09750652546985594 -0.8458467625952081 -0.5244384918157721 1.5207 0.0 0.0 0.0 1.0 
-0.8393010750720559 0.35381292093136424 -0.4127833843130166 0.4777 0.5341223100025113 0.39497414298225747 -0.7474682497156735 2.194 -0.10142516127900719 -0.8478277203285154 -0.5204815974672686 1.5205 0.0 0.0 0.0 1.0 
-0.8383208423458177 0.35403463249762734 -0.41458128790487997 0.4941 0.5358827429587033 0.395298547993946 -0.7460353502032827 2.1918 -0.10023896990519882 -0.8475839409439919 -0.5211080616975683 1.5196 0.0 0.0 0.0 1.0 
-0.836808289282069 0.3565710655070792 -0.4154623475502484 0.5062 0.5378575705946151 0.39363716784875996 -0.7454924639740269 2.1897 -0.10227962036923971 -0.8472938423776922 -0.5211832920633304 1.519 0.0 0.0 0.0 1.0 
-0.8363698183209121 0.36284676405219124 -0.4108865449472613 0.522 0.5376522971766865 0.396900910270481 -0.7439083779385036 2.1864 -0.10684350397883954 -0.8430966096737176 -0.5270413384301147 1.5185 0.0 0.0 0.0 1.0 
-0.8394255310429565 0.35834132036905814 -0.40860283399581343 0.5335 0.5332853534508564 0.3981977703315001 -0.7463546526268975 2.1835 -0.10474497423764717 -0.8444110573761939 -0.5253555525097006 1.5191 0.0 0.0 0.0 1.0 
-0.8420018290055057 0.3560725390847725 -0.405271843163458 0.5452 0.5286105918315248 0.3945550965308017 -0.7515963797179274 2.1803 -0.10772076009251111 -0.8470765152636998 -0.5204398285429342 1.5198 0.0 0.0 0.0 1.0 
-0.8432854750312028 0.3567894552498967 -0.4019588190646908 0.5606 0.5257655789376193 0.3924166379623251 -0.7547050670657617 2.1751 -0.11153548137605729 -0.8477679322036354 -0.5185068654525066 1.5208 0.0 0.0 0.0 1.0 
-0.8501115815695246 0.34883890788520105 -0.3944891826486786 0.5844 0.5147860604427054 0.39270048557977494 -0.7620903100022259 2.1666 -0.11093065786896616 -0.8509393309577774 -0.5134166379987011 1.5223 0.0 0.0 0.0 1.0 
-0.8535858632474856 0.3447139928421836 -0.3905936983655062 0.6005 0.509065650850997 0.39268026316460547 -0.7659336616474219 2.1608 -0.11064961449411331 -0.8526279810443564 -0.5106683745372617 1.5225 0.0 0.0 0.0 1.0 
-0.8555870154495511 0.3417860008942223 -0.3887842442626297 0.6128 0.5059643036562933 0.3934021190609324 -0.7676163730301548 2.1565 -0.10941198480848255 -0.8534735510319593 -0.5095212608607866 1.5222 0.0 0.0 0.0 1.0 
-0.8605235837776583 0.3341404279420065 -0.384511815393478 0.6246 0.49783914228321424 0.3916569886445896 -0.7737964794805965 2.1524 -0.10795994707839066 -0.8572951520104288 -0.5033782595288027 1.5223 0.0 0.0 0.0 1.0 
-0.8603468509518841 0.33375869917277334 -0.3852381429501436 0.639 0.4978377805969715 0.38806834269601215 -0.7756033171715117 2.1466 -0.10936562653530005 -0.8590739736039436 -0.5000310666437362 1.5225 0.0 0.0 0.0 1.0 
-0.861614593729642 0.3252869982328549 -0.3896263089843435 0.6494 0.49676442340895577 0.38293955835159205 -0.778834001751757 2.1419 -0.10414124786688564 -0.8646072307297381 -0.49153732011168966 1.5224 0.0 0.0 0.0 1.0 
-0.8648637350961356 0.3176220043115888 -0.3887505396686294 0.6592 0.4920085041335627 0.3825217246499347 -0.7820516364224893 2.1375 -0.09969128134303198 -0.8676366708178768 -0.48710189475740695 1.5228 0.0 0.0 0.0 1.0 
-0.8630625209597431 0.32268488464690287 -0.38858403226976235 0.6683 0.4942921851277717 0.38130342856476024 -0.781206074660439 2.133 -0.10391496829728372 -0.8663037346018854 -0.48858931504751596 1.5233 0.0 0.0 0.0 1.0 
-0.8618093244159671 0.3277231218950577 -0.38714628207571833 0.68 0.4954272440983263 0.3801470361969911 -0.7810506236319008 2.1265 -0.10879583702895956 -0.8649195258785645 -0.48997722355142936 1.5232 0.0 0.0 0.0 1.0 
-0.8604915489131394 0.3327751647066768 -0.38576545206058943 0.6882 0.4970450555038062 0.38218668772625286 -0.7790247419203413 2.1216 -0.11180566644086065 -0.8620870173475996 -0.4942726651074639 1.5236 0.0 0.0 0.0 1.0 
-0.8579604252761134 0.33711590498272703 -0.3876296883208346 0.698 0.5001606282298768 0.3759703768064477 -0.7800548837951804 2.1146 -0.11723162810745819 -0.8631333282707223 -0.49117980719852466 1.5247 0.0 0.0 0.0 1.0 
-0.853493984502295 0.3402405791030246 -0.3946952834149843 0.7047 0.5072276713964565 0.36880947135287273 -0.778909277907346 2.1088 -0.11944918496216142 -0.864994752684693 -0.4873561018801574 1.525 0.0 0.0 0.0 1.0 
-0.8508943230782003 0.3437138011748106 -0.3972904149803445 0.7114 0.5112451954360432 0.36779722910832374 -0.776758359082026 2.1032 -0.12086025441332476 -0.8640520939979268 -0.48867860374784616 1.5253 0.0 0.0 0.0 1.0 
-0.8473697272801235 0.3537310359585304 -0.3960289124406367 0.7199 0.5140419000194069 0.3594540685005495 -0.7788155735877654 2.0958 -0.1331370358452026 -0.8635201948061823 -0.4864230698149976 1.5252 0.0 0.0 0.0 1.0 
-0.8422300652051448 0.35776731269655304 -0.40330021972523755 0.7262 0.5224086851016045 0.35679088609031967 -0.7744607345329377 2.09 -0.13318289302665962 -0.8629616524323498 -0.48740076265459203 1.5245 0.0 0.0 0.0 1.0 
-0.8413152387118452 0.35456318609983295 -0.4080117843567347 0.7327 0.5249440540321728 0.3558878273558663 -0.7731607817758146 2.0844 -0.12892792268356193 -0.8646553078554811 -0.4855396887483505 1.5235 0.0 0.0 0.0 1.0 
-0.8397554247855095 0.35453653749681147 -0.41123554092889514 0.7414 0.5267699447888103 0.3483744354146525 -0.7753377831737057 2.077 -0.13162162364331612 -0.8677206326516008 -0.4793085142788548 1.5229 0.0 0.0 0.0 1.0 
-0.8353820793307403 0.35145701101731613 -0.4226283839732289 0.7471 0.5349104629799386 0.3428208788754495 -0.7722335408421808 2.0715 -0.12652105804029815 -0.8711784056172642 -0.47438445111378286 1.5219 0.0 0.0 0.0 1.0 
-0.8339895766797915 0.34569802691396045 -0.43006308860126174 0.7548 0.5395005907900118 0.34736196694723925 -0.7669933353398667 2.0648 -0.1157605223152105 -0.8716837374336747 -0.47620054952401086 1.5206 0.0 0.0 0.0 1.0 
-0.8335503349378243 0.35304128676136814 -0.42491844978409476 0.7606 0.5381876976734226 0.3453317726696731 -0.7688302601080435 2.0598 -0.12469098282563015 -0.869544603011656 -0.4778538920792418 1.5199 0.0 0.0 0.0 1.0 
-0.8311925408880502 0.36138726478263133 -0.4225141474850228 0.7657 0.5401688140787073 0.3449331307883837 -0.7676189077799783 2.0551 -0.1316685697836434 -0.8662680763698108 -0.48191597565724853 1.5201 0.0 0.0 0.0 1.0 
-0.8262128090729383 0.3652561830789134 -0.42890595105037643 0.7714 0.547709598404924 0.3426027803900759 -0.7633069701529696 2.0493 -0.13185821907989492 -0.8655699021983221 -0.4831171229313506 1.5196 0.0 0.0 0.0 1.0 
-0.8233932722627512 0.36622225546625775 -0.43347984819786717 0.7754 0.552271007066613 0.3415340991305807 -0.7604940459232352 2.0453 -0.13046169532114754 -0.8655840333163902 -0.4834708133089964 1.5196 0.0 0.0 0.0 1.0 
-0.8206009232458925 0.37243997788677136 -0.43347732079047685 0.7792 0.5544430251058264 0.3348783699428095 -0.7618723050852724 2.0414 -0.13858952586501116 -0.8655315940022915 -0.4812982475600377 1.5201 0.0 0.0 0.0 1.0 
-0.8166524127317027 0.3757160588554997 -0.43808250352825023 0.7833 0.5604583760682215 0.3351604996943627 -0.7573333797869979 2.0366 -0.13771436190340042 -0.8640051403566507 -0.4842828429366701 1.5204 0.0 0.0 0.0 1.0 
-0.8146353801196579 0.3731824436975666 -0.4439640313958023 0.7858 0.5638423384162811 0.33031184588515977 -0.7569517170052515 2.033 -0.1358345127961242 -0.8669653673497293 -0.4794997778410211 1.521 0.0 0.0 0.0 1.0 
-0.8123521904284132 0.3754162793036515 -0.4462583735236368 0.7896 0.5660665728685419 0.3236659404757009 -0.7581615883549124 2.0294 -0.14018756644946334 -0.8685061751132128 -0.4754413423369854 1.5218 0.0 0.0 0.0 1.0 
-0.8077885727722888 0.3780505291026931 -0.4522780330103181 0.7919 0.5723716308016272 0.3195680902590817 -0.7551602160744758 2.0261 -0.14095509196901831 -0.868880908487082 -0.47452884940187623 1.5221 0.0 0.0 0.0 1.0 
-0.8058660938839101 0.3740399106449619 -0.4589923572054304 0.7935 0.5764885561282906 0.3188371964975827 -0.7523322316521339 2.0232 -0.1350584443172925 -0.8708828781037496 -0.47256981414847277 1.5219 0.0 0.0 0.0 1.0 
-0.801870769761466 0.37353932485619984 -0.46633854804007796 0.7962 0.5830187230972997 0.3183824122634933 -0.7474769615709055 2.0205 -0.1307380477143047 -0.8712640313631989 -0.4730819702045288 1.5217 0.0 0.0 0.0 1.0 
-0.7995674993920661 0.3736886370413004 -0.47015807603627724 0.798 0.5865734296558629 0.3178433680056867 -0.7449209387824725 2.0185 -0.128931863934704 -0.8713968074080929 -0.47333305240739953 1.5215 0.0 0.0 0.0 1.0 
-0.7975082114388926 0.37296729305635473 -0.47421097730625517 0.7993 0.5898343010017549 0.3168215443148196 -0.7427783023350534 2.017 -0.12679175860169176 -0.8720776957176395 -0.47265668574823133 1.5213 0.0 0.0 0.0 1.0 
-0.7928685152952747 0.3714802776158137 -0.4830754814684191 0.8004 0.5971260570251679 0.31534370198507994 -0.7375627577636504 2.0158 -0.12165520734864982 -0.8732472461799253 -0.47184664623597145 1.5213 0.0 0.0 0.0 1.0 
-0.7877960100988882 0.3708396458219544 -0.4917879660574456 0.8008 0.604474661040472 0.3121719812828727 -0.7329113440668877 2.0154 -0.1182701595174303 -0.8746579966984656 -0.4700910105279067 1.5214 0.0 0.0 0.0 1.0 
-0.7852056754971294 0.37080579153634935 -0.4959386173007684 0.8013 0.6076927706441895 0.3075150535866341 -0.732218538637474 2.0153 -0.11900228432213053 -0.876320464659311 -0.4667985642066649 1.5216 0.0 0.0 0.0 1.0 
-0.7792879179062828 0.37247214916360377 -0.5039591641221902 0.8015 0.6145313654660378 0.2967253634831185 -0.730961872825292 2.0154 -0.1227254735730838 -0.8793284692100316 -0.46013030912232344 1.5217 0.0 0.0 0.0 1.0 
-0.7765729679508037 0.37424145555741983 -0.5068310945377601 0.8017 0.6179812903869609 0.2959129740421567 -0.7283780862472407 2.0157 -0.12261137867158506 -0.878850866038027 -0.4610722341287355 1.5214 0.0 0.0 0.0 1.0 
-0.7740029874116394 0.37616301245385453 -0.5093336465809999 0.8021 0.620856635178117 0.292928983870285 -0.7271379848172073 2.0163 -0.12432382729454666 -0.8790301465082775 -0.46027121080562083 1.5215 0.0 0.0 0.0 1.0 
-0.7701475813622304 0.37620613286398613 -0.5151132385383151 0.8021 0.6250787555134858 0.28423209319324755 -0.7269722598591342 2.0167 -0.12707970855969983 -0.8818622697419987 -0.4540591204654652 1.5215 0.0 0.0 0.0 1.0 
-0.766019317141985 0.37315250036186315 -0.5234229811911364 0.8025 0.631327002423268 0.28345194064352325 -0.7218595523761334 2.0175 -0.12099843708320351 -0.8834094230984354 -0.45271091151452464 1.5209 0.0 0.0 0.0 1.0 
-0.7624880139778887 0.37236266011747476 -0.5291106480598294 0.8027 0.6361649113435381 0.2824239023851877 -0.7180048362906687 2.018 -0.11792469679979264 -0.8840717101636947 -0.45222889909084435 1.5205 0.0 0.0 0.0 1.0 
-0.7597877072194502 0.37644878690768263 -0.5301027738032932 0.8034 0.6387156945574191 0.27978850001639 -0.7167709932639661 2.0187 -0.12151091096788372 -0.8831787509300215 -0.45302361132886027 1.5205 0.0 0.0 0.0 1.0 
-0.75650820641486 0.37625304596435183 -0.5349102532477003 0.8045 0.6426099762919371 0.2757848111704617 -0.7148392520684275 2.02 -0.12144032278056408 -0.8845204256150447 -0.4504174338019481 1.5209 0.0 0.0 0.0 1.0 
-0.7538798654153198 0.3737374236357258 -0.5403568142399139 0.8053 0.6461827417845598 0.2730602302902568 -0.7126611921899636 2.0207 -0.11879820175898145 -0.8864301714224091 -0.447357282773926 1.5211 0.0 0.0 0.0 1.0 
-0.7522120557852715 0.37350238591355595 -0.5428379047636378 0.8072 0.6474248401983362 0.26572584656860504 -0.7143044524287641 2.0216 -0.1225483554579741 -0.8887551643632114 -0.4416969078364334 1.5216 0.0 0.0 0.0 1.0 
-0.752378864871323 0.37471463016908957 -0.5417702369383004 0.8088 0.6463570180430107 0.26128649575463014 -0.7169044373993043 2.0219 -0.1270773344128953 -0.8895607416435982 -0.43878586805525666 1.522 0.0 0.0 0.0 1.0 
-0.7511569829791673 0.3733441690060938 -0.5444054724107612 0.8105 0.6483588078947885 0.26225235207012093 -0.7147409041456478 2.0218 -0.1240727332933535 -0.8898527042734874 -0.43905366591144385 1.5219 0.0 0.0 0.0 1.0 
-0.7487927704439159 0.37132690414253866 -0.5490225106412694 0.8128 0.6522561967207141 0.2656351431540654 -0.7099294504110588 2.0217 -0.11777623177175445 -0.8896933746979555 -0.4411059490056883 1.5215 0.0 0.0 0.0 1.0 
-0.7497212689247513 0.36642595388176313 -0.5510444984243114 0.8146 0.6509854747848063 0.2587716453135755 -0.7136211510324687 2.0211 -0.11889461947902102 -0.8937389193179098 -0.4325445798474345 1.5219 0.0 0.0 0.0 1.0 
-0.7495785216652536 0.365442970384951 -0.551890818237047 0.8164 0.6512486296291845 0.25809075509154367 -0.7136276231637803 2.0208 -0.11835228035083498 -0.8943380778724012 -0.43145352032780615 1.5219 0.0 0.0 0.0 1.0 
-0.7458994409494766 0.3681105399176132 -0.5550933744811064 0.819 0.6561817129562613 0.2631331460614435 -0.7072386492730681 2.0213 -0.11427853504943603 -0.8917710344283282 -0.43781827118290123 1.5216 0.0 0.0 0.0 1.0 
-0.7459851138758747 0.3635739397580211 -0.5579607514910249 0.8211 0.6562270302674857 0.2585720610554583 -0.7088769808562335 2.0217 -0.11345613523258544 -0.8949606022447935 -0.4314779551816316 1.5218 0.0 0.0 0.0 1.0 
-0.7478796661442502 0.3584724958131229 -0.5587248649500713 0.8236 0.6543964141474279 0.25669506071960474 -0.7112474808061864 2.0224 -0.11154074645147838 -0.8975550766096023 -0.4265601321424424 1.5223 0.0 0.0 0.0 1.0 
-0.7490802644222475 0.3550880978658755 -0.5592773911102528 0.8262 0.6530410751441531 0.25379017957852457 -0.7135319887181438 2.0231 -0.1114276071163012 -0.8997238395771755 -0.4219963280276744 1.5224 0.0 0.0 0.0 1.0 
-0.7483462345587643 0.35604842204012055 -0.5596493852265534 0.8279 0.6536083021440136 0.25205648311352763 -0.7136271552350427 2.0236 -0.11302256672956429 -0.8998316789728954 -0.4213417246448315 1.5227 0.0 0.0 0.0 1.0 
-0.7504960676644264 0.3522808382343754 -0.5591545970776942 0.8303 0.6507193132387283 0.24614973360804154 -0.7183137782493164 2.0243 -0.11541242480058422 -0.9029443613299638 -0.41397035225251766 1.5231 0.0 0.0 0.0 1.0 
-0.7506455362011839 0.34729288107476486 -0.5620666630712293 0.8319 0.6511410835571908 0.24463439705848283 -0.7184492334742938 2.025 -0.11201146497214023 -0.9052854061182154 -0.409770381047939 1.5231 0.0 0.0 0.0 1.0 
-0.7490672836864715 0.33979217232207215 -0.5687174027047341 0.8331 0.6536821410325088 0.23953797755744785 -0.7178587714884057 2.0257 -0.10769337493888279 -0.9094849294718055 -0.40154613689828766 1.5231 0.0 0.0 0.0 1.0 
-0.7533844173052164 0.3310671383392293 -0.5681606020075252 0.8351 0.6491311141389268 0.2363659345741823 -0.7230213977674722 2.027 -0.10507481343516795 -0.9135237790472381 -0.3929803922549033 1.5233 0.0 0.0 0.0 1.0 
-0.7567152384274123 0.3271821640573825 -0.5659804585447037 0.8363 0.6450567808740684 0.23300970436902255 -0.7277418684659042 2.0279 -0.10622522007569224 -0.9157828941362626 -0.38737306750377215 1.5233 0.0 0.0 0.0 1.0 
-0.7542922799317178 0.3213104077865063 -0.5725406346133697 0.8366 0.6487643520879712 0.23097383859900436 -0.72509027116816 2.0289 -0.10073714258050989 -0.9183739476547176 -0.38267652184815826 1.5221 0.0 0.0 0.0 1.0 
-0.7561503414692582 0.31545155768319066 -0.573347168695523 0.837 0.6474949704818607 0.23373346488726876 -0.7253405618001009 2.0302 -0.09479938974813251 -0.9197059215570161 -0.38099093631783576 1.5213 0.0 0.0 0.0 1.0 
-0.7578756707419456 0.3102225187685741 -0.5739219951755882 0.8367 0.6453941928050642 0.22794200665409242 -0.7290464851406977 2.031 -0.09534570567647915 -0.9229325167374847 -0.372967513273833 1.5209 0.0 0.0 0.0 1.0 
-0.7547684276323313 0.3071065271514457 -0.5796638695230165 0.8353 0.6503479896534681 0.23465178122766647 -0.7224860094980221 2.0327 -0.08586100979554645 -0.9222928615942236 -0.3768338685007325 1.519 0.0 0.0 0.0 1.0 
-0.7547452999470784 0.3050584374662453 -0.5807743812690493 0.8341 0.6508275575497514 0.23704692259072427 -0.7212712713148166 2.0341 -0.08235910721723017 -0.9223600740605156 -0.3774504884583682 1.518 0.0 0.0 0.0 1.0 
-0.756461438002017 0.30124428473987996 -0.5805324915346932 0.833 0.6485860741559328 0.23114380995076828 -0.7251955898462413 2.0354 -0.0842745348662052 -0.9251077883322577 -0.3702342268619738 1.5174 0.0 0.0 0.0 1.0 
-0.7562693934831447 0.2983590914086927 -0.58227008943824 0.831 0.6498703156871473 0.23963940777875467 -0.7212777045134109 2.0377 -0.07566490117170643 -0.9238802989636845 -0.37512666649739634 1.5158 0.0 0.0 0.0 1.0 
-0.7550443471960869 0.29776085360480836 -0.5841630832462545 0.8292 0.6518209016446961 0.24443073084978265 -0.7179018944085162 2.0393 -0.07097567151024442 -0.9228174748436316 -0.3786427896803172 1.5145 0.0 0.0 0.0 1.0 
-0.7580973208546835 0.2916482360425357 -0.5832921725226807 0.8277 0.6483358523769451 0.2405689348938066 -0.7223483993799112 2.0406 -0.07034965981162433 -0.925779614150872 -0.3714606727327294 1.5136 0.0 0.0 0.0 1.0 
-0.7594412864975757 0.28386264784070225 -0.5853810122678842 0.825 0.6472824174074114 0.23926256899086104 -0.7237257043902139 2.0424 -0.06537892992489869 -0.9285340167386218 -0.36544517411113286 1.5119 0.0 0.0 0.0 1.0 
-0.7576665393469322 0.2787725825666676 -0.5901078396048927 0.8227 0.6501591976638923 0.24361048768637758 -0.7196853117733116 2.0437 -0.05687207440464087 -0.928945519122793 -0.3658220737661921 1.5105 0.0 0.0 0.0 1.0 
-0.7606013917811162 0.2718559272259976 -0.5895590535754008 0.8205 0.6470330559315302 0.24296360279857074 -0.7227149591969464 2.0453 -0.05323295363338998 -0.9311621999132222 -0.360698225806884 1.5099 0.0 0.0 0.0 1.0 
-0.7609244672702832 0.26687182239952306 -0.5914164231052375 0.8176 0.6467621883295507 0.23907382263191634 -0.7242529800279277 2.0473 -0.05189052761927454 -0.9336075930182447 -0.3545197249830718 1.5093 0.0 0.0 0.0 1.0 
-0.7583593158273355 0.26421870930365654 -0.595885577734355 0.815 0.6503536663811172 0.24506583944013693 -0.7190151896616233 2.0489 -0.043946066064377176 -0.9328082375244182 -0.35768356865259354 1.5085 0.0 0.0 0.0 1.0 
-0.7582114843146318 0.26037394182062934 -0.5977631265595018 0.8123 0.6506295558462765 0.2425456132803477 -0.7196199042117566 2.0501 -0.04238544694444629 -0.9345464332494391 -0.35330785157999534 1.5081 0.0 0.0 0.0 1.0 
-0.7608624696244477 0.2574297181084166 -0.5956662173999857 0.8094 0.6473896503153054 0.2382676209852716 -0.7239579970237534 2.0519 -0.044440330574968545 -0.9364606137070793 -0.3479462257213711 1.5079 0.0 0.0 0.0 1.0 
-0.758457546229793 0.25758283034081986 -0.5986595326900706 0.8042 0.6504414172270532 0.24161276866482667 -0.7201036264134347 2.054 -0.0408425430494217 -0.9355609844001241 -0.3507955688795495 1.5078 0.0 0.0 0.0 1.0 
-0.7624075583097587 0.25696374349512363 -0.5938891727933121 0.8017 0.6454690364075872 0.2369289713533737 -0.726109072779354 2.0549 -0.04587415471933054 -0.9369281173400683 -0.34649857844785215 1.5081 0.0 0.0 0.0 1.0 
-0.7648237159214839 0.25811303719324674 -0.5902731093273106 0.7993 0.6424844460224816 0.23800335090438474 -0.7284010856509409 2.0554 -0.047522838543572476 -0.9363397166569205 -0.34786421895273967 1.5084 0.0 0.0 0.0 1.0 
-0.7675228143192588 0.25701011081705116 -0.5872431629548801 0.797 0.639233978521852 0.23850161209621723 -0.731092950130577 2.0556 -0.047839839073403945 -0.936516302028594 -0.3473450241936945 1.5087 0.0 0.0 0.0 1.0 
-0.7711626492334271 0.2547037814584475 -0.583467353103882 0.7932 0.6344239247784552 0.23107982326529627 -0.7376370374028006 2.0555 -0.053051409933984384 -0.9390037800725016 -0.33979030138244015 1.5095 0.0 0.0 0.0 1.0 
-0.7743333732637877 0.2562990525281228 -0.5785487211316865 0.7884 0.6302751278986324 0.2311565675119941 -0.7411611865501562 2.0556 -0.056223573368169744 -0.9385507109204378 -0.34053116278610174 1.5102 0.0 0.0 0.0 1.0 
-0.7790212372406322 0.25527785736386305 -0.5726771581508988 0.7797 0.6240283168941361 0.226887718364311 -0.7477370012041055 2.0553 -0.06094728576684916 -0.9398697669332449 -0.33605096274598256 1.512 0.0 0.0 0.0 1.0 
-0.781532261730968 0.2579796776904174 -0.5680262403907288 0.7731 0.6205464853234977 0.22767482904544564 -0.7503907194067511 2.0547 -0.06426027876014767 -0.9389412431658734 -0.33802360635877593 1.5135 0.0 0.0 0.0 1.0 
-0.7834270082543694 0.2577272571392859 -0.5655252281420065 0.7677 0.6179040823520954 0.22548714997692695 -0.7532264534705999 2.0539 -0.0666083159239372 -0.939538294122567 -0.3359034476260012 1.5149 0.0 0.0 0.0 1.0 
-0.7843715965918104 0.2585909754851714 -0.5638190364448875 0.7624 0.6167123382625831 0.22760652032036843 -0.7535656333341846 2.0532 -0.06653638324038388 -0.9387896352779365 -0.33800433488345616 1.5163 0.0 0.0 0.0 1.0 
-0.7849662837326423 0.25450792389532517 -0.5648483425464366 0.7547 0.6160913489696922 0.22462821006535058 -0.7549659707348019 2.0524 -0.06526394967874719 -0.940621009715033 -0.33312570143266007 1.5192 0.0 0.0 0.0 1.0 
-0.7863311400754461 0.24229121487015273 -0.5683118029254668 0.7351 0.6140611924160799 0.20539489777551087 -0.7620641626112131 2.0515 -0.06791310710158399 -0.9482130051652596 -0.3102900364486038 1.5291 0.0 0.0 0.0 1.0 
-0.7868769318503738 0.2380348246294092 -0.569354122129092 0.7241 0.613182785456376 0.19766616525594705 -0.7648104070506421 2.0512 -0.06950946512312292 -0.9509298130654309 -0.3014978024491096 1.535 0.0 0.0 0.0 1.0 
-0.7869801242460374 0.23911397162816878 -0.5687589934356156 0.7189 0.6126080889785197 0.1933117429211474 -0.766382345417008 2.0513 -0.0733049340752556 -0.9515540334741854 -0.2986156526694991 1.5378 0.0 0.0 0.0 1.0 
-0.7859890992786369 0.23849982977186387 -0.5703849288103153 0.7122 0.613572590023741 0.1877666446583219 -0.7669891550245761 2.0517 -0.07582751866383838 -0.952817673194902 -0.2939194941829102 1.5413 0.0 0.0 0.0 1.0 
-0.7851056342056377 0.2360579272714676 -0.5726131312770097 0.7072 0.6147613725282665 0.18453071673242333 -0.766822580150963 2.0518 -0.07534983733045142 -0.9540571626241882 -0.28999540075621527 1.5435 0.0 0.0 0.0 1.0 
-0.7846679447446292 0.23842954420219625 -0.5722303460511091 0.7024 0.6150259165809113 0.18369720552953717 -0.7668105754451021 2.0521 -0.07771318050401077 -0.9536281713184503 -0.29078165768111847 1.5454 0.0 0.0 0.0 1.0 
-0.7832885599972121 0.23863487332309985 -0.5740317317113768 0.6966 0.6162221890783927 0.17620308143283947 -0.7676084208637931 2.0523 -0.08203197830680237 -0.9549899849357796 -0.2850699619522058 1.5475 0.0 0.0 0.0 1.0 
-0.7815471811482627 0.24168929884840906 -0.5751263221774578 0.6925 0.6183347274677279 0.17783714350063354 -0.7655299570878631 2.0524 -0.08274157628795414 -0.953918357729685 -0.2884330049416764 1.5484 0.0 0.0 0.0 1.0 
-0.7815724503848873 0.23790359361022273 -0.5766683491806228 0.6878 0.6185654065651082 0.17588996498719056 -0.765793417324638 2.0527 -0.08075483019798368 -0.9552301295311757 -0.2846296840379583 1.5493 0.0 0.0 0.0 1.0 
-0.7813836496980869 0.2372815899218206 -0.5771802483355357 0.6845 0.6187176688885191 0.17390460403077382 -0.7661237725733728 2.053 -0.08141276429193817 -0.9557482073125082 -0.28269652638345694 1.5497 0.0 0.0 0.0 1.0 
-0.7799946871644822 0.2398088507263527 -0.5780138433536759 0.6812 0.6204054825750425 0.17546958856686118 -0.7644000658549196 2.0532 -0.08188605000859689 -0.9548309476559097 -0.28564407260173846 1.5498 0.0 0.0 0.0 1.0 
-0.7783594321362682 0.24123982530251062 -0.5796205147271107 0.678 0.6224981787387861 0.1766084476023072 -0.7624339143180857 2.0534 -0.08156354499039903 -0.9542603433673212 -0.28763620287627534 1.5501 0.0 0.0 0.0 1.0 
-0.7789540233464242 0.23817395820190046 -0.5800894716738596 0.6742 0.6216737587188703 0.17208584732049467 -0.7641388609881969 2.0538 -0.08217278888275642 -0.9558554424108421 -0.2821134629556044 1.5507 0.0 0.0 0.0 1.0 
-0.7770250075520659 0.23786000077308356 -0.5827990714396689 0.6713 0.6244808151520771 0.17495465385034864 -0.7611928668892671 2.0539 -0.0790939260987149 -0.9554127323457298 -0.28448314840418515 1.5508 0.0 0.0 0.0 1.0 
-0.7735593738675485 0.23764497969887508 -0.5874783048977794 0.6674 0.6288809188483062 0.1734786135361161 -0.7579010229272007 2.0541 -0.07819645139107684 -0.9557353369367005 -0.2836464008591239 1.5512 0.0 0.0 0.0 1.0 
-0.774775930533918 0.23813359549449786 -0.585674524084977 0.6652 0.6270883267838875 0.17147648743972702 -0.7598394861197444 2.0542 -0.08051389865536068 -0.955975002263237 -0.28218665307047797 1.5517 0.0 0.0 0.0 1.0 
-0.7744277922952288 0.23600975248183814 -0.5869931782007345 0.6629 0.6280560343603874 0.1750343408973224 -0.7582272727950002 2.0541 -0.07620506691973711 -0.9558568806260178 -0.28377880741108374 1.5519 0.0 0.0 0.0 1.0 
-0.7738697253950942 0.23694397463574024 -0.5873527057916215 0.6603 0.6291256346517704 0.18072098087197008 -0.7560032161946668 2.0543 -0.0729834497740997 -0.9545666451099633 -0.28892202426014657 1.5521 0.0 0.0 0.0 1.0 
-0.7726895986013552 0.23752036362668677 -0.5886721167814244 0.6586 0.6304343310647451 0.1787636833855858 -0.7553781170495776 2.0532 -0.07418448913502057 -0.9547919262148504 -0.28786983031695335 1.5522 0.0 0.0 0.0 1.0 
-0.7724515994692944 0.23826789139343896 -0.5886823748068675 0.6569 0.630854752023788 0.18121577448023987 -0.7544422608314912 2.0526 -0.07308083419292494 -0.954143204666077 -0.290292846386567 1.552 0.0 0.0 0.0 1.0 
-0.7728755655304551 0.2361334029392355 -0.5889858879653369 0.6547 0.6306307127903167 0.18272333271875182 -0.7542659264249778 2.0515 -0.07048591555450529 -0.9543862947970752 -0.2901353753197879 1.5514 0.0 0.0 0.0 1.0 
-0.774616935554639 0.2347485014845726 -0.587249303279866 0.6531 0.6286733517225321 0.1847496660140468 -0.7554054393116689 2.0505 -0.06883618224377258 -0.9543378342905859 -0.290690347372692 1.5511 0.0 0.0 0.0 1.0 
-0.7739310881668755 0.2357533280562021 -0.5877508307771759 0.6512 0.6296987344174937 0.18806731665374646 -0.75373084604497 2.0491 -0.06715783380844481 -0.9534416881577416 -0.294004715338161 1.5505 0.0 0.0 0.0 1.0 
-0.7763396738773124 0.23550374319594466 -0.5846663131263563 0.6485 0.6269115637429228 0.19223713872130826 -0.7550011746624289 2.0469 -0.06541102360819001 -0.9526714383442713 -0.2968813374962895 1.5497 0.0 0.0 0.0 1.0 
-0.7785132426778658 0.23446078612632942 -0.5821900641064037 0.6462 0.624388795137307 0.19520222593851047 -0.7563297716575971 2.045 -0.06368487640073334 -0.9523256957352745 -0.2983622056496918 1.5491 0.0 0.0 0.0 1.0 
-0.7798570772186915 0.23168982692394874 -0.5815004412826106 0.6433 0.6230806251616827 0.1983623164202284 -0.7565863638557915 2.0427 -0.05994558916256437 -0.9523508888662582 -0.2990556985171845 1.5485 0.0 0.0 0.0 1.0 
-0.7832062736819948 0.23058378171867047 -0.5774244993706802 0.6395 0.6189136874317978 0.20033516923534336 -0.75948118309608 2.0397 -0.05944560854040548 -0.9522063534632411 -0.29961521998973617 1.5479 0.0 0.0 0.0 1.0 
-0.7860734673962275 0.23190908833270488 -0.5729805220113207 0.6366 0.6152536080962461 0.20417460815210642 -0.7614300539842674 2.0374 -0.059594476088162984 -0.9510682962514455 -0.3031791455314001 1.5473 0.0 0.0 0.0 1.0 
-0.7888570962565417 0.2304345326054707 -0.5697406496543806 0.6339 0.6121534567795925 0.21237215960085892 -0.7616864257548922 2.0352 -0.05452180333126294 -0.949630450232808 -0.30859258084429303 1.5467 0.0 0.0 0.0 1.0 
-0.7932877050294367 0.22235226479836567 -0.5667928081655298 0.6307 0.6070899664522355 0.2182022525866238 -0.7640873965713261 2.0321 -0.04622109563990462 -0.9502353641625642 -0.30808499316371457 1.546 0.0 0.0 0.0 1.0 
-0.7949493306686103 0.21885236325165183 -0.5658261259156343 0.6283 0.6050740079252409 0.21828269993927113 -0.7656618756608609 2.0302 -0.04405685647902907 -0.951029077371659 -0.30594556278984847 1.545 0.0 0.0 0.0 1.0 
-0.7997236558185088 0.22044824747376715 -0.5584305189636611 0.626 0.5985888921366622 0.22121877009709853 -0.7699049252780047 2.028 -0.046188878909132314 -0.9499814871577611 -0.3088717557865168 1.5441 0.0 0.0 0.0 1.0 
-0.8030185342148348 0.22098535302423272 -0.5534678919830975 0.6233 0.5941900631786348 0.2254827156670041 -0.7720723500781538 2.0258 -0.045819237523428924 -0.9488535285723442 -0.31237410070071964 1.5426 0.0 0.0 0.0 1.0 
-0.8048035231755459 0.21976509889625656 -0.5513570443835343 0.6211 0.5919123563041517 0.22839482252383395 -0.7729654374542065 2.0247 -0.0439437315062689 -0.9484403546620233 -0.31389463536333323 1.5419 0.0 0.0 0.0 1.0 
-0.8069591450287366 0.21659267875860552 -0.5494584149529992 0.619 0.5891529350444644 0.22995872225830946 -0.7746081623542441 2.0237 -0.04142170183591887 -0.9487921782801002 -0.3131735063052412 1.5413 0.0 0.0 0.0 1.0 
-0.8110633545058189 0.21728671592967932 -0.5431047026663123 0.6161 0.5831992031011102 0.22841880682500398 -0.7795534222815471 2.0227 -0.04533127485521221 -0.9490054434876213 -0.31198356327035065 1.5411 0.0 0.0 0.0 1.0 
-0.8110384868902386 0.22154904879017978 -0.5414172067481402 0.6135 0.5829125366024551 0.22808314858598763 -0.7798660474740475 2.0223 -0.04929043978788597 -0.9481002564661969 -0.3141279297264857 1.541 0.0 0.0 0.0 1.0 
-0.8137500480369203 0.22599321226192803 -0.5354791567665779 0.6102 0.5785392370314091 0.22665009433336145 -0.7835318027711408 2.022 -0.05570646762293577 -0.9473947449454286 -0.31518246574763853 1.5407 0.0 0.0 0.0 1.0 
-0.8152235400001926 0.23154595433194777 -0.5308455998330037 0.6077 0.5757017893975253 0.22417051562795542 -0.7863301021883772 2.0222 -0.06307162209775008 -0.9466435712323852 -0.31605050155055037 1.5404 0.0 0.0 0.0 1.0 
-0.816378228428726 0.23221144214919404 -0.5287763556387206 0.6051 0.5738887789833722 0.2237112344952605 -0.7877848392280604 2.0227 -0.0646394423285758 -0.9465892085247953 -0.315896522297813 1.5399 0.0 0.0 0.0 1.0 
-0.8160430668862776 0.23347314518613427 -0.5287381237093968 0.6006 0.5745198735304835 0.2275454278030413 -0.7862251542684504 2.0239 -0.06325051703627668 -0.9453641461166304 -0.3198218306054458 1.5386 0.0 0.0 0.0 1.0 
-0.8183581979387077 0.2372340985004997 -0.5234594944932858 0.5972 0.5704100737619587 0.2240932111523758 -0.7901990764777529 2.0249 -0.07015844651492736 -0.9452524611044777 -0.31870923607347823 1.5384 0.0 0.0 0.0 1.0 
-0.8201848796707781 0.24312310091107875 -0.5178686329203699 0.5935 0.5667497825405627 0.2218010863282118 -0.7934727229677465 2.0263 -0.0780477235392319 -0.9442962649015438 -0.3197078618728934 1.5381 0.0 0.0 0.0 1.0 
-0.8201112814892267 0.24413633502844054 -0.5175083920990841 0.5874 0.5666240467503088 0.2204985055297514 -0.7939254364884967 2.0282 -0.07971621929320394 -0.9443399064839033 -0.319166830049068 1.5374 0.0 0.0 0.0 1.0 
-0.8209490284317659 0.24190410470314322 -0.5172282831059319 0.5826 0.5653705263736404 0.21746503282732924 -0.7956538992585915 2.0299 -0.07999287858885987 -0.9456169222392221 -0.31529315842543837 1.5374 0.0 0.0 0.0 1.0 
-0.82388441905632 0.24307333727595032 -0.5119861489745229 0.5759 0.5607542544963933 0.21846948728446042 -0.7986399371367922 2.0325 -0.08227472333848593 -0.9450854119238098 -0.31629801464501556 1.5374 0.0 0.0 0.0 1.0 
-0.8233169700006635 0.24608035368208184 -0.5114622434164893 0.5703 0.5614180213554382 0.22063715250369628 -0.7975769882791287 2.0342 -0.0834204543638511 -0.9438027900291258 -0.3198082571275584 1.5371 0.0 0.0 0.0 1.0 
-0.8248448998268584 0.2451533523866954 -0.5094415815804447 0.5651 0.5588345725178234 0.21704260874171022 -0.8003726797869942 2.0358 -0.08564351574078224 -0.944876891348369 -0.31602665774804617 1.5374 0.0 0.0 0.0 1.0 
-0.8289754652873957 0.24442014601655268 -0.503049172718525 0.5601 0.5525164521855435 0.2183868703694871 -0.8043834563903715 2.0376 -0.08674818739227566 -0.9447570942160041 -0.316083509396942 1.5374 0.0 0.0 0.0 1.0 
-0.8306202576279336 0.24473633590898877 -0.5001740831989883 0.5531 0.5503780696652422 0.22439189339335733 -0.8041966541903208 2.04 -0.0845811329414996 -0.9432668784947277 -0.32108196443454373 1.5372 0.0 0.0 0.0 1.0 
-0.8338836629923168 0.24144372466545064 -0.4963294917836235 0.5481 0.54586279094699 0.22768310495263291 -0.8063462142148934 2.0416 -0.08168139356107151 -0.9433267363638127 -0.3216563669618852 1.5373 0.0 0.0 0.0 1.0 
-0.8410196370374128 0.2301085307982232 -0.48962846544225896 0.541 0.5359426455416378 0.23085331480781057 -0.8120789541245829 2.0439 -0.07383394075415844 -0.9453871223451952 -0.31747714578624775 1.5376 0.0 0.0 0.0 1.0 
-0.8415735713988218 0.22592183652462464 -0.4906253639024108 0.5349 0.5361484436339197 0.23913976707545745 -0.8095412393399251 2.0454 -0.06556500828916251 -0.944336537249532 -0.3223813488767694 1.5372 0.0 0.0 0.0 1.0 
-0.8435969370226736 0.22643028215121225 -0.48690197696341886 0.5287 0.533080380929432 0.24410649989416322 -0.8100847635757339 2.0468 -0.06457178419476281 -0.9429429166361786 -0.3266330366811686 1.5375 0.0 0.0 0.0 1.0 
-0.8495540751069144 0.22523484523051374 -0.4769980481754841 0.5198 0.5229653124906188 0.24129329328792815 -0.8174868980881926 2.0487 -0.06903010503269047 -0.9439527589388423 -0.32278171182847915 1.5386 0.0 0.0 0.0 1.0 
-0.8511285438385655 0.22500947290869105 -0.47428993133377406 0.5129 0.5205030262759633 0.24427248886222622 -0.8181733012159572 2.0507 -0.06824076128537085 -0.9432399950629778 -0.3250253993348618 1.5392 0.0 0.0 0.0 1.0 
-0.8527937990508113 0.22181688606454292 -0.472800174870012 0.5059 0.5178872249627942 0.24244161514272855 -0.8203748444871535 2.0527 -0.06734655537457379 -0.9444677508012727 -0.3216288375994367 1.54 0.0 0.0 0.0 1.0 
-0.8570558637293751 0.21966942680029566 -0.4660478402227868 0.4963 0.5107576287696173 0.24340520793387346 -0.8245486943803292 2.0554 -0.06768966760689898 -0.9447217832144538 -0.3208096962676941 1.5409 0.0 0.0 0.0 1.0 
-0.8591833575532886 0.22349195048779852 -0.4602774230511607 0.4895 0.5066453808693736 0.2458691809574604 -0.8263527115578642 2.0574 -0.07151514627814881 -0.9431859275468792 -0.32447787279003787 1.541 0.0 0.0 0.0 1.0 
-0.8610407889452771 0.22242666669200248 -0.4573129538038251 0.4824 0.5034217101565098 0.24560464697517112 -0.828399021684174 2.0595 -0.07193984650796545 -0.9435066164730835 -0.3234500319306275 1.5413 0.0 0.0 0.0 1.0 
-0.8642010597145866 0.21608080173215027 -0.4543848759707748 0.4731 0.49886190278397835 0.2503716269482875 -0.8297293838174082 2.0621 -0.06552350981848987 -0.943728316594378 -0.3241659052383634 1.5417 0.0 0.0 0.0 1.0 
-0.8644343609901526 0.21251013261282034 -0.4556233961029964 0.466 0.49910154566148157 0.25382687144918514 -0.8285345897719895 2.0637 -0.060422534354877794 -0.9436161099023269 -0.32548080507909105 1.5418 0.0 0.0 0.0 1.0 
-0.8661253624558544 0.20915751014290368 -0.4539603423885573 0.4592 0.49664827683218377 0.257869038839943 -0.8287605492103173 2.0652 -0.05627917581430664 -0.9432691528713241 -0.3272246317303715 1.5416 0.0 0.0 0.0 1.0 
-0.8708078236452284 0.20390509474042265 -0.4473437678309154 0.4508 0.4887359513135533 0.2605757515989 -0.8326088202585318 2.0667 -0.05320624185090289 -0.9436752566521851 -0.3265671536001984 1.5414 0.0 0.0 0.0 1.0 
-0.8706492654719568 0.2047942175633625 -0.4472462241157016 0.4443 0.4892126634687136 0.2655083582004832 -0.8307684885860388 2.0674 -0.05138897191994976 -0.9421064908906499 -0.33135258168107967 1.541 0.0 0.0 0.0 1.0 
-0.8712492989410406 0.1986683412379253 -0.4488379989311473 0.4379 0.48908503089279565 0.2741035003081445 -0.8280477665421339 2.0685 -0.04147880966636386 -0.9409559826626294 -0.33597819429252734 1.5404 0.0 0.0 0.0 1.0 
-0.8730604711985235 0.19515742250854812 -0.44685455583492945 0.4298 0.4862539930578264 0.2801072290101689 -0.8277058623034901 2.0691 -0.03636575127687247 -0.9399220822472811 -0.33944662531538566 1.5395 0.0 0.0 0.0 1.0 
-0.8738472800895044 0.19304302358125436 -0.4462346043582709 0.4232 0.4850171896287152 0.2821171977608063 -0.827748882507402 2.0689 -0.033900690919775905 -0.9397575632971502 -0.34015653070456314 1.5386 0.0 0.0 0.0 1.0 
-0.8728021540551398 0.19182709962755004 -0.44879701840051256 0.4164 0.4872606717198268 0.2893961881063498 -0.8239095120853123 2.0685 -0.028168025700271687 -0.9377911335462691 -0.34605541777315474 1.5372 0.0 0.0 0.0 1.0 
-0.8733461900479875 0.19432205871201028 -0.44666023980939956 0.4078 0.4859374120746054 0.2842608489617837 -0.8264748037863956 2.0678 -0.03363426637968325 -0.938847542067109 -0.34268648774010413 1.5363 0.0 0.0 0.0 1.0 
-0.8727998437178669 0.19837860786799746 -0.4459443471403385 0.399 0.48675314418041815 0.28650256075995445 -0.825219764249782 2.0669 -0.03594175060489577 -0.9373164943701482 -0.34662080137393886 1.5345 0.0 0.0 0.0 1.0 
-0.8731846623898057 0.2014256267565975 -0.44382007869508655 0.3927 0.4860362930360036 0.29205330758494685 -0.8236950815565871 2.0662 -0.03629417610335081 -0.9349505775250393 -0.35291663373461823 1.5329 0.0 0.0 0.0 1.0 
-0.8745570982592303 0.2040452463083877 -0.4399038751174452 0.387 0.483058861866952 0.28712375631171394 -0.8271723427032948 2.0653 -0.042473731366579864 -0.9359089090399778 -0.3496719836123544 1.5314 0.0 0.0 0.0 1.0 
-0.875521559228168 0.20537325248338378 -0.4373600650391771 0.381 0.4812830106750714 0.29056594414637144 -0.8270054992186366 2.0645 -0.042762868966149004 -0.9345551130172707 -0.35323940574497054 1.5295 0.0 0.0 0.0 1.0 
-0.8770966369744494 0.21136943896631324 -0.43130551779356696 0.3735 0.47825863885713316 0.3013456755865443 -0.8248996655132135 2.0629 -0.04438652685932068 -0.92979231233451 -0.3653985387997764 1.5266 0.0 0.0 0.0 1.0 
-0.8810748945912856 0.21074566996835076 -0.4234303870892427 0.366 0.47067166682196404 0.30239171748430577 -0.8288711789222291 2.0605 -0.046639169932461366 -0.929594272673021 -0.3656217663672778 1.5245 0.0 0.0 0.0 1.0 
-0.8816654195013324 0.20724690648410135 -0.4239278332550366 0.3594 0.47004930574185255 0.30677496045364994 -0.8276126955347316 2.0584 -0.041469726634526194 -0.9289444780994351 -0.36788913871087037 1.5232 0.0 0.0 0.0 1.0 
-0.8828931518494095 0.20595844107652564 -0.4219962120289026 0.3526 0.46800229809033156 0.3124821158558843 -0.8266370281159668 2.0563 -0.038386604428936766 -0.9273273682036763 -0.37227734389949035 1.5223 0.0 0.0 0.0 1.0 
-0.8858935765230419 0.20594958965826554 -0.41566493428578377 0.3432 0.4620950858929605 0.31306805092341017 -0.8297328046332711 2.0523 -0.04075171982616632 -0.9271316853665442 -0.3725132686503939 1.522 0.0 0.0 0.0 1.0 
-0.8858769377562703 0.20677039824847224 -0.4152927323704827 0.3355 0.4622049928992251 0.3164691153243903 -0.8283802530147766 2.049 -0.03985719120310008 -0.9257933362548934 -0.37592300123221184 1.5218 0.0 0.0 0.0 1.0 
-0.8866044877979165 0.19860910777900248 -0.41771629669408783 0.3272 0.4612450847427357 0.3124231010214073 -0.8304485400967567 2.0447 -0.034430422844646896 -0.9289489912020985 -0.3686031982055265 1.5216 0.0 0.0 0.0 1.0 
-0.8882144594888591 0.19190111697817122 -0.4174314737264595 0.3163 0.45845021910096817 0.3109331675669264 -0.8325526781610108 2.0386 -0.029974498514367565 -0.9308568776183198 -0.36415244449197964 1.5227 0.0 0.0 0.0 1.0 
-0.8897527545812175 0.19485168605702208 -0.4127624694129438 0.3078 0.4550349812558113 0.3076866087538369 -0.8356267807024178 2.0335 -0.03582180269973953 -0.9313225924642325 -0.36242934099910007 1.5237 0.0 0.0 0.0 1.0 
-0.8903250141823085 0.19739857498236074 -0.41031106701648373 0.2993 0.45379651331454046 0.3108999916832589 -0.8351107230031928 2.0275 -0.0372839593503454 -0.9297176978880647 -0.36638082456493126 1.5245 0.0 0.0 0.0 1.0 
-0.8938931871210092 0.19134677620891194 -0.4053904059707145 0.288 0.4468004314355136 0.3068824936213505 -0.840352610264156 2.0198 -0.03639154417832596 -0.9323140813820191 -0.3598139924587684 1.5262 0.0 0.0 0.0 1.0 
-0.8953226897829922 0.1877346540178488 -0.40392199846077514 0.279 0.4440176430772086 0.30431938238850015 -0.8427562198755003 2.0139 -0.035293254255005346 -0.933887259353869 -0.3558215465940913 1.5271 0.0 0.0 0.0 1.0 
-0.8933440916063401 0.1911412394046123 -0.406695660895112 0.2693 0.4480809040157447 0.3103028701394052 -0.8384125668426496 2.0085 -0.03405638630971092 -0.9312234723105492 -0.3628539749946355 1.5273 0.0 0.0 0.0 1.0 
-0.8946875435515121 0.19444163101342876 -0.4021525227355893 0.2562 0.44493928829208945 0.3082351819255164 -0.8408448741340299 2.0013 -0.03953769274869226 -0.931226892197697 -0.36228889867056174 1.528 0.0 0.0 0.0 1.0 
-0.8964774182778805 0.19613654688662213 -0.3973143509781869 0.2457 0.44069850443769637 0.3016637108825291 -0.8454488948026129 1.9961 -0.04596810529273204 -0.9330216827662547 -0.35687178759860316 1.5288 0.0 0.0 0.0 1.0 
-0.8957535699095854 0.19689802305546916 -0.3985683260258911 0.2344 0.4424836816347975 0.3085342117397825 -0.842030184537957 1.9917 -0.04282211439371267 -0.9306115240544568 -0.3634947837533474 1.5288 0.0 0.0 0.0 1.0 
-0.8938131118464311 0.19619702810797923 -0.4032429134566361 0.2185 0.4465893636056135 0.30783778416886737 -0.8401153724056805 1.9854 -0.04069473437353352 -0.9309901314190172 -0.3627689537359405 1.5289 0.0 0.0 0.0 1.0 
-0.8955083757465759 0.19263001988882394 -0.401196241763754 0.2065 0.4431254702900878 0.3023051437611753 -0.8439498904767532 1.9814 -0.04128639664487285 -0.9335444689425173 -0.3560760564246294 1.5295 0.0 0.0 0.0 1.0 
-0.8944715540253764 0.19270669334189966 -0.40346594575088907 0.1773 0.4453307279657596 0.3032070775454896 -0.8424642490075231 1.9727 -0.04001476938475251 -0.9332360893512179 -0.35702831787342937 1.5303 0.0 0.0 0.0 1.0 
-0.8946341180875683 0.1921297081256571 -0.4033806762962606 0.1646 0.4449190239722307 0.3003411638555415 -0.8437074418312881 1.969 -0.04094944274683579 -0.9342811999336434 -0.35417761446663326 1.531 0.0 0.0 0.0 1.0 
-0.8946953225713352 0.18992189811653773 -0.4042894413471444 0.1477 0.4452237774347332 0.3062276098660376 -0.8414276195624204 1.9643 -0.03600094131716322 -0.9328206277583839 -0.3585381550863629 1.5318 0.0 0.0 0.0 1.0 
-0.8959779506022221 0.18439648762195993 -0.4040067417597465 0.1356 0.44309193091505983 0.3099639725590342 -0.84118480518456 1.9607 -0.029883988900512665 -0.9326951651360195 -0.3594254806483359 1.5329 0.0 0.0 0.0 1.0 
-0.89693901601365 0.17744581377263297 -0.40498565990295676 0.1237 0.4414271958957953 0.30686297715034205 -0.8431946062315648 1.9573 -0.025346247770437674 -0.9350658246503273 -0.3535667847733478 1.5344 0.0 0.0 0.0 1.0 
-0.8977977143213939 0.1725165414372771 -0.4052126689650771 0.1087 0.44000390154982605 0.3119534682783979 -0.8420698309819735 1.9537 -0.018863477415680452 -0.9343035248566703 -0.35597906210926117 1.5368 0.0 0.0 0.0 1.0 
-0.8966346435844742 0.17406115440971254 -0.40712286898392336 0.0977 0.4422534068339508 0.30761643800325333 -0.8424868255432568 1.9515 -0.021406542642533666 -0.9354543503537457 -0.35279869378491824 1.5387 0.0 0.0 0.0 1.0 
-0.8966063994923889 0.17710168051239134 -0.405871850648677 0.0877 0.4420643359314745 0.3041468172666841 -0.843844675544031 1.9504 -0.026001678537347472 -0.9360180064006425 -0.3509903195346095 1.541 0.0 0.0 0.0 1.0 
-0.8965711155599039 0.17695911641200654 -0.40601195285650293 0.0753 0.44209263865319237 0.3022495939627254 -0.8445112680112832 1.9493 -0.02672701989236867 -0.9366593052268521 -0.34922057834501025 1.5431 0.0 0.0 0.0 1.0 
-0.8972853157129385 0.17900057614640286 -0.40353172854831176 0.0667 0.44035969704057476 0.2986960338760844 -0.8466782249290639 1.949 -0.031022563212374704 -0.9374110480925393 -0.3468402045406233 1.544 0.0 0.0 0.0 1.0 
-0.8985865300717193 0.18578077975834842 -0.3975270429116077 0.0563 0.43716376839829196 0.300957767192201 -0.8475330447637364 1.9492 -0.037816498693978406 -0.9353661979348329 -0.35165322149450495 1.5448 0.0 0.0 0.0 1.0 
-0.898968753133334 0.17888864618379216 -0.3998174998126375 0.0412 0.43707548790108197 0.30667928004232115 -0.8455251841717989 1.949 -0.02863911251993409 -0.9348511493597541 -0.3538829323022191 1.544 0.0 0.0 0.0 1.0 
-0.9022982532388931 0.17805459979918165 -0.39262503956369865 0.0276 0.4298012203975305 0.3005525111949179 -0.8514335552227328 1.9494 -0.03359721933190449 -0.9369977307895587 -0.3477160901488193 1.5433 0.0 0.0 0.0 1.0 
-0.9033538914100483 0.17904639867102579 -0.3897359798597745 0.0208 0.42761670951952224 0.30585696274082697 -0.8506441489146049 1.95 -0.03310130834300906 -0.9350903194162007 -0.35286030935780877 1.5426 0.0 0.0 0.0 1.0 
-0.9038715796714762 0.18184652273812807 -0.3872312095250612 0.0116 0.42611301162835746 0.30229205240002077 -0.8526706376888995 1.951 -0.03799827342395537 -0.9357090131145658 -0.35072036438302767 1.5421 0.0 0.0 0.0 1.0 
-0.9052899225170836 0.1863205823195166 -0.3817522714970132 0.0044 0.4223360821426551 0.2982352418966002 -0.8559719470936353 1.9519 -0.04563321059716824 -0.936130536354302 -0.34867926378779956 1.5418 0.0 0.0 0.0 1.0 
-0.9052519789220151 0.1946855764042545 -0.3776458406998786 -0.0051 0.42163698395715526 0.30211370286076306 -0.8549558844193492 1.9535 -0.052355595854583964 -0.933179959538299 -0.35557566662921364 1.5411 0.0 0.0 0.0 1.0 
-0.9058522393926755 0.19625119085249287 -0.3753893851406208 -0.0123 0.4199030838317156 0.29929554331423136 -0.8567984465093609 1.9546 -0.05579534546797063 -0.9337599519369083 -0.3535240183960523 1.541 0.0 0.0 0.0 1.0 
-0.9062529930307194 0.1969143971964883 -0.3740724967163534 -0.0197 0.41862709324656266 0.2949665085549805 -0.8589214839732546 1.9557 -0.058795147952839466 -0.9349970475930005 -0.3497479829385375 1.5406 0.0 0.0 0.0 1.0 
-0.9061041267146815 0.19887350150681776 -0.37339609257334555 -0.0298 0.4189355261202739 0.29893487815565295 -0.8573977860808801 1.9571 -0.05889258446488821 -0.933320560697386 -0.35418130170092726 1.5393 0.0 0.0 0.0 1.0 
-0.9068383987535235 0.20265268612574067 -0.36956191274557404 -0.0371 0.4163868732557097 0.29487444630043413 -0.8600412970894744 1.9582 -0.06531531463966761 -0.9337992020370516 -0.35178538904918544 1.5387 0.0 0.0 0.0 1.0 
-0.9077183627345773 0.20714600449581402 -0.36488067470870256 -0.0445 0.4134386901265421 0.29333517986421076 -0.861987773556261 1.9593 -0.07152498487177009 -0.9332979187137679 -0.35190790196249044 1.5381 0.0 0.0 0.0 1.0 
-0.9082593695860588 0.2070933656096473 -0.3635619004785896 -0.0544 0.41258218235346056 0.2987985653861913 -0.8605204007620096 1.961 -0.06957629167748725 -0.9315748790320738 -0.3568296293650324 1.5368 0.0 0.0 0.0 1.0 
-0.9094037164765216 0.20462520538878903 -0.36209585164468083 -0.0617 0.40956653159852796 0.2890616526295349 -0.8652737238431746 1.9624 -0.07238878817222164 -0.9351854822967892 -0.34668137684086703 1.5365 0.0 0.0 0.0 1.0 
-0.9110500871649623 0.19974798288051632 -0.3606778091481084 -0.0713 0.4063839803474447 0.28744457030911114 -0.8673106015244929 1.9649 -0.06956866531479511 -0.9367370828225896 -0.3430507811845684 1.5359 0.0 0.0 0.0 1.0 
-0.9129350280959819 0.19771177961138592 -0.35701496702279567 -0.0786 0.4028054559849021 0.29601762432402173 -0.8660954512744873 1.9668 -0.0655545505985983 -0.9344964517281279 -0.3498842417191073 1.5351 0.0 0.0 0.0 1.0 
-0.9130498746550006 0.1975739583995299 -0.3567975018898373 -0.0862 0.40237835255186655 0.2935850929773954 -0.8671213609288493 1.9688 -0.06657017192507 -0.9352926409118136 -0.34755731623154135 1.5353 0.0 0.0 0.0 1.0 
-0.9158354373380658 0.1907357244688489 -0.3533628943835741 -0.0963 0.3965709627056784 0.2914187597104977 -0.8705208659345774 1.971 -0.06306285162030861 -0.9373873211752645 -0.34253187712295674 1.5358 0.0 0.0 0.0 1.0 
-0.9176647298786499 0.18777692006746532 -0.3501874809680108 -0.1039 0.39278969752451837 0.29545838989681494 -0.8708734657561791 1.9731 -0.06006410787934455 -0.9367198984379258 -0.34488858319042703 1.5361 0.0 0.0 0.0 1.0 
-0.917553627207303 0.187284018196274 -0.3507421242550991 -0.1121 0.3929641103218437 0.2926517334249279 -0.8717420323251295 1.9752 -0.06061805999604025 -0.937699130559287 -0.342119557100546 1.5368 0.0 0.0 0.0 1.0 
-0.9202867722850409 0.18340760206004303 -0.3455921125601199 -0.1224 0.3869946197045412 0.2968847836184915 -0.8729802916306526 1.9779 -0.05751018237598646 -0.9371345030263194 -0.3441968944669524 1.5375 0.0 0.0 0.0 1.0 
-0.9218376863955173 0.17760813720086113 -0.3444860367866889 -0.1306 0.3837665594901609 0.29396886147829987 -0.8753887915082286 1.9797 -0.05420800455693486 -0.9391685993905419 -0.33915163888851124 1.5384 0.0 0.0 0.0 1.0 
-0.9217153321935909 0.17518641651963868 -0.34604994706872283 -0.1388 0.38428629199628167 0.29151256087036864 -0.8759820047458441 1.9814 -0.05258224208805465 -0.9403882955044726 -0.3360133352936843 1.5396 0.0 0.0 0.0 1.0 
-0.9227748276056511 0.1736404505166048 -0.3439994352927792 -0.1497 0.3818531386634719 0.2922391766274329 -0.8768035379359362 1.9833 -0.05171844961148528 -0.9404494976278683 -0.33597610686070173 1.5409 0.0 0.0 0.0 1.0 
-0.92445180974758 0.1717956956376479 -0.3404043043423522 -0.1573 0.37784525083447157 0.29285761928376086 -0.8783321588381487 1.9844 -0.051203690064870744 -0.9405959035567955 -0.3356449438557302 1.5421 0.0 0.0 0.0 1.0 
-0.9245709040879299 0.16874023179804426 -0.34160705128373703 -0.1648 0.37775511705862924 0.28902844196020705 -0.8796383525484073 1.9853 -0.049696225712308945 -0.9423318385318395 -0.33096977390564497 1.543 0.0 0.0 0.0 1.0 
-0.9260037201434819 0.16550129828849822 -0.33930285961844453 -0.1739 0.37454496007311777 0.29025659522727676 -0.8806061445452762 1.9869 -0.047256567419343726 -0.9425287418386195 -0.3307663641361538 1.544 0.0 0.0 0.0 1.0 
-0.9276619875320994 0.1659307710122483 -0.3345298433911029 -0.18 0.37025219596134207 0.2922518435026687 -0.8817608356890748 1.988 -0.04854429187658363 -0.9418364184934519 -0.33254715834844933 1.5448 0.0 0.0 0.0 1.0 
-0.9299411947277004 0.16152765327602409 -0.3303304278681536 -0.1858 0.3647892088323818 0.2922926264173954 -0.8840214101827317 1.9893 -0.046240755485413565 -0.942588901785482 -0.33073849906380237 1.5453 0.0 0.0 0.0 1.0 
-0.9315637175945711 0.15710099171166242 -0.3278846115092845 -0.1912 0.3610148398368768 0.2927899854810606 -0.8854051670391101 1.9905 -0.04309669916520775 -0.9431825394933966 -0.3294683167101975 1.5452 0.0 0.0 0.0 1.0 
-0.9343601688251518 0.15336056411062893 -0.32163894709550184 -0.1971 0.354071857949251 0.2981306072219981 -0.8864261167439776 1.9924 -0.040052394702424554 -0.9421245556788721 -0.33286202436668694 1.5444 0.0 0.0 0.0 1.0 
-0.9382108486920403 0.14998810147789282 -0.3118717249312899 -0.2011 0.3438063262215945 0.3012019367409842 -0.8894237479140581 1.9939 -0.03946661179492553 -0.9416904813783225 -0.3341577828435111 1.5437 0.0 0.0 0.0 1.0 
-0.9398012832554352 0.14600748281507003 -0.3089585133208739 -0.2052 0.3397810434851565 0.3030558103165529 -0.890340394636521 1.9953 -0.03636468726079958 -0.941721291463342 -0.33442281430105775 1.5427 0.0 0.0 0.0 1.0 
-0.9433913840806591 0.13289435073312456 -0.3038943697826588 -0.2106 0.3308319111597721 0.3114779543640158 -0.8908039798426927 1.9971 -0.023726419889033706 -0.940914754634249 -0.3378113105134579 1.5407 0.0 0.0 0.0 1.0 
-0.9468001048512211 0.13190946756646837 -0.29354634015781567 -0.2141 0.3207756590454608 0.3133125592135513 -0.8938334390718473 1.9984 -0.025933337958455843 -0.9404441145572587 -0.3389577103075643 1.5393 0.0 0.0 0.0 1.0 
-0.9517553938263745 0.13487868614662563 -0.2756254892889314 -0.2188 0.3050778803070942 0.3193126492693134 -0.8971994867162725 2.0002 -0.033002382788718296 -0.9380016908513398 -0.3450560399272767 1.5371 0.0 0.0 0.0 1.0 
-0.9550241562177237 0.1304141484285437 -0.2663099902937969 -0.2222 0.2950869310167047 0.32954795647334234 -0.8968399230227133 2.0017 -0.02919870174797147 -0.9350883884820202 -0.35320976988516484 1.535 0.0 0.0 0.0 1.0 
-0.9580070175792259 0.12631966586178728 -0.25742163134733514 -0.2257 0.28535767668432754 0.3317948499654738 -0.8991569239536066 2.0031 -0.0281700306403755 -0.9348558817020705 -0.3539080810334305 1.5327 0.0 0.0 0.0 1.0 
-0.961735074572391 0.11772006685898483 -0.24740176271796044 -0.2304 0.2729799761828166 0.3345907091065787 -0.9019595279073147 2.0046 -0.02340040470732757 -0.9349818411275554 -0.3539228416212498 1.5297 0.0 0.0 0.0 1.0 
-0.9639048383756874 0.11280152765200187 -0.24117064065784327 -0.2344 0.2655934883286411 0.34395107462319774 -0.9006429687856179 2.0062 -0.018643001726221672 -0.9321874669962702 -0.3614954562117123 1.5271 0.0 0.0 0.0 1.0 
-0.9652909955133615 0.11322124886889048 -0.2353598155705267 -0.2387 0.26030603380733686 0.3435400935007191 -0.9023419379154505 2.0071 -0.02130874807015143 -0.9322881276526511 -0.3610883330898367 1.5254 0.0 0.0 0.0 1.0 
-0.9681163613793988 0.1125577244761179 -0.22378889492169016 -0.245 0.2492959738250139 0.34539323786657805 -0.9047403100728292 2.0079 -0.024540339528029004 -0.9316835674717031 -0.3624410322232422 1.5239 0.0 0.0 0.0 1.0 
-0.9699457006187537 0.10996888417030977 -0.21705340901614983 -0.2498 0.2422073454605475 0.3510919099592784 -0.9044722619108344 2.0081 -0.023258109470678107 -0.9298609117902973 -0.3671753601051777 1.5228 0.0 0.0 0.0 1.0 
-0.9700195797821671 0.11356113660534485 -0.214862474834787 -0.257 0.24154368545775234 0.35297820744505304 -0.9039153904455678 2.0074 -0.0268078879196718 -0.9287143012368114 -0.3698257479185394 1.5217 0.0 0.0 0.0 1.0 
-0.9720962700593042 0.11171472015599743 -0.20627327271669452 -0.262 0.2328126372817909 0.3516431254739145 -0.9067223324859901 2.0069 -0.02875965331303404 -0.9294444220110227 -0.3678395692879032 1.5216 0.0 0.0 0.0 1.0 
-0.9730431464894975 0.11184214328918236 -0.20168879506382975 -0.2676 0.22862308874714016 0.35286459705718637 -0.9073136499774408 2.0064 -0.03030706784786029 -0.9289660441201018 -0.3689221740561465 1.5212 0.0 0.0 0.0 1.0 
-0.9742269643739543 0.10666929534382855 -0.19875483218669185 -0.2762 0.2240880483654998 0.35683811495488776 -0.9068909009881965 2.0054 -0.025814113706466496 -0.9280561519360198 -0.3715446277195464 1.521 0.0 0.0 0.0 1.0 
-0.9746737873016624 0.10571572557955305 -0.19706647028914562 -0.2828 0.2220831458096595 0.35404704611129034 -0.9084766180189536 2.0041 -0.02626946315248177 -0.9292334876149584 -0.36855805621451543 1.5214 0.0 0.0 0.0 1.0 
-0.9747541569683523 0.10605157416766076 -0.1964876512391504 -0.2918 0.22152523857248357 0.34920180283189745 -0.9104859524310942 2.0013 -0.027944626465943007 -0.9310269408107983 -0.36387900919971333 1.5229 0.0 0.0 0.0 1.0 
-0.9756818585064383 0.10205999069596329 -0.19398110547309094 -0.2993 0.21775502142070552 0.3501678768801407 -0.9110242634789277 1.9988 -0.02505317599608127 -0.9311102063130844 -0.363876520363866 1.524 0.0 0.0 0.0 1.0 
-0.9758885979761311 0.10379916718321144 -0.19200827386405206 -0.3062 0.21638151437109945 0.34463205757694443 -0.9134592410878283 1.9958 -0.028644101987159262 -0.9329814991640258 -0.35878271647195575 1.5252 0.0 0.0 0.0 1.0 
-0.9775886153108959 0.10027238511237119 -0.18511063718328433 -0.3153 0.20860227438623852 0.34282751420532653 -0.9159445325043898 1.9918 -0.028382923306341484 -0.9340314471620712 -0.3560613224950351 1.5265 0.0 0.0 0.0 1.0 
-0.9782822377158631 0.09765953493878705 -0.18282909671379757 -0.3223 0.20560390902122283 0.3453474979956325 -0.9156757822632142 1.9888 -0.026284899939624018 -0.9333797302618567 -0.35792650526535136 1.5267 0.0 0.0 0.0 1.0 
-0.9790564373544997 0.09573953225840771 -0.17967313220861905 -0.3289 0.20206459825000478 0.34916566366692 -0.9150154301704991 1.986 -0.024867460843012584 -0.9321573264631784 -0.3611984608386927 1.5269 0.0 0.0 0.0 1.0 
-0.9811098469841052 0.08738786538863186 -0.17258861241010093 -0.3378 0.19235162899202896 0.345679249356531 -0.9184262122720681 1.982 -0.020599004222013564 -0.9342747013309969 -0.35595851370340587 1.5271 0.0 0.0 0.0 1.0 
-0.9817886253790652 0.07922023162149083 -0.1726709297424518 -0.3449 0.18955026818528392 0.34763220169059794 -0.9182715002539469 1.9787 -0.012719705467200484 -0.9342783349995786 -0.35631755758486394 1.527 0.0 0.0 0.0 1.0 
-0.9824103848268453 0.0710813303573869 -0.1726768086889322 -0.3524 0.18664887549546538 0.3457593728028144 -0.9195719946775689 1.9753 -0.005659775671200726 -0.9356270093331149 -0.3529448488726295 1.5272 0.0 0.0 0.0 1.0 
-0.9836570989787581 0.06433071396019949 -0.16816738943702636 -0.3623 0.1800443895905267 0.34286576886684844 -0.9219691330604942 1.9702 -0.00165209130139099 -0.9371790777544682 -0.34884473166957247 1.5281 0.0 0.0 0.0 1.0 
-0.9840869098554081 0.05672922239571445 -0.16838868482653813 -0.3727 0.17759574983217535 0.3445198815829942 -0.9218274246493141 1.9655 0.005718696772955403 -0.9370634164881355 -0.34911237443952314 1.5288 0.0 0.0 0.0 1.0 
-0.9846983731692844 0.05220183745960702 -0.16626509568639214 -0.3804 0.17405221773730042 0.3419965866141679 -0.9234414763508217 1.9622 0.00865675334589898 -0.9382501281162176 -0.3458493280482261 1.5298 0.0 0.0 0.0 1.0 
-0.9854078928763073 0.04581673075696148 -0.1639271540649087 -0.388 0.1697495808480719 0.3352879423245347 -0.9266968628055691 1.959 0.012504577521056603 -0.9410009686044557 -0.3381727555946758 1.5305 0.0 0.0 0.0 1.0 
-0.9868444190770193 0.028163574961724724 -0.15920083411187175 -0.4054 0.15944032029351907 0.332612908235195 -0.9294877285580622 1.9532 0.026774555108170284 -0.9426428095098912 -0.33272760161738696 1.5313 0.0 0.0 0.0 1.0 
-0.98765445690855 0.01981586661477662 -0.15538984902168773 -0.4242 0.15297893824949543 0.33545459482544576 -0.9295523972657773 1.9486 0.03370635252789297 -0.9418479422076591 -0.33434463590502544 1.5313 0.0 0.0 0.0 1.0 
-0.9879549055951644 0.010118446531821312 -0.1544108854654772 -0.4439 0.14859860003561598 0.34041346975017134 -0.9284595444498938 1.9448 0.043168977031023965 -0.9402214029963538 -0.33781674435951664 1.5304 0.0 0.0 0.0 1.0 
-0.9883787282811684 0.006779543520856662 -0.1518602228068605 -0.4548 0.14507675913362753 0.3403663400396374 -0.9290336315372579 1.9425 0.04538968429702864 -0.9402684682353605 -0.33739440452050373 1.5309 0.0 0.0 0.0 1.0 
-0.9883786813885305 0.0011114765494309592 -0.15200771952946984 -0.4599 0.14326086233402435 0.34119795801787756 -0.9290103760280303 1.9412 0.05083215025927617 -0.9399908074360678 -0.33739201892710446 1.531 0.0 0.0 0.0 1.0 
-0.9889812801020003 -0.0018832526363392055 -0.14802864914372796 -0.4644 0.13880126321764547 0.33592146906105447 -0.9316066637551758 1.9404 0.051480451989032595 -0.9418881143656984 -0.3319586466408643 1.532 0.0 0.0 0.0 1.0 
-0.9890365360473434 -0.0012315036229076232 -0.14766588557381327 -0.4701 0.13906935794567415 0.3285311138097451 -0.934198598232467 1.9401 0.04966330681750575 -0.9444923454733527 -0.3247580103680203 1.5334 0.0 0.0 0.0 1.0 
-0.9887597890464278 1.0899564562391606e-05 -0.14951280696336183 -0.4741 0.14098558762577434 0.332955248437825 -0.9323432128886453 1.9407 0.04977091165207951 -0.9429426294419541 -0.3292142978887995 1.534 0.0 0.0 0.0 1.0 
-0.9893852358687979 0.0009309270358736493 -0.14531341445199425 -0.4781 0.13756528881312313 0.32822626750786765 -0.9345283883497684 1.9402 0.04682570190189567 -0.9445986717610328 -0.3248702863431606 1.5345 0.0 0.0 0.0 1.0 
-0.9891645847002981 0.005181062947720777 -0.1467193953143849 -0.4839 0.1403680691135333 0.3261851512989564 -0.934826214996892 1.9402 0.04301429469403558 -0.9452917029461376 -0.3233780555219634 1.5353 0.0 0.0 0.0 1.0 
-0.9890305535067805 0.00721715373374629 -0.14753466345931832 -0.4881 0.1417018701605508 0.3283493357759834 -0.9338668500854244 1.9405 0.04170304812688452 -0.9445287853673141 -0.3257702094874127 1.5358 0.0 0.0 0.0 1.0 
-0.9890435998354908 0.01387948811763065 -0.14696978408518563 -0.4918 0.14341017795130862 0.3264973491241624 -0.9342553194255139 1.9411 0.035018259300363966 -0.9450962071791884 -0.32491057337532914 1.5363 0.0 0.0 0.0 1.0 
-0.9891812972960595 0.022567649269122317 -0.1449519309500597 -0.4971 0.1442919256406952 0.32790896095016925 -0.9336249533530477 1.9425 0.02646131656938249 -0.9444397357878619 -0.3276177409579168 1.5362 0.0 0.0 0.0 1.0 
-0.988400564162934 0.026316543677437784 -0.14957193684400716 -0.5013 0.14980983470768433 0.3306003912084871 -0.9318049123918868 1.9436 0.024926656158627707 -0.943403848233443 -0.3307080902413498 1.5358 0.0 0.0 0.0 1.0 
-0.9879249644245734 0.03207175207452238 -0.15157726539813027 -0.5061 0.15365752261596743 0.3281029778521285 -0.9320610503974989 1.9453 0.019840121225141436 -0.9440973671414596 -0.3290691886918854 1.5356 0.0 0.0 0.0 1.0 
-0.9874458565069693 0.03851223631391054 -0.15319101840943267 -0.5099 0.1573066309678207 0.3277330758772699 -0.9315823392645318 1.947 0.014328444464473622 -0.943985083902349 -0.32967689796087213 1.5352 0.0 0.0 0.0 1.0 
-0.9867075964235301 0.042322395340848216 -0.15689784578735697 -0.5136 0.16199471060065035 0.3326757570196549 -0.929023441269816 1.9486 0.012877612259725613 -0.9420911078786449 -0.33510970078240887 1.5344 0.0 0.0 0.0 1.0 
-0.9864724796542466 0.044339100069561994 -0.15781663755708064 -0.518 0.16353791240045362 0.3324764433844007 -0.9288243998744652 1.9509 0.011287076348778444 -0.9420687123556755 -0.33522998539512555 1.5338 0.0 0.0 0.0 1.0 
-0.9856970908545843 0.04664488174937705 -0.1619428914382955 -0.5211 0.16817844153145586 0.3340017001155042 -0.9274475058589586 1.9532 0.010828521822465423 -0.9414176115447062 -0.3370691676623671 1.5335 0.0 0.0 0.0 1.0 
-0.9844809064824667 0.04165989095841291 -0.17047521302756755 -0.5253 0.17450063871820928 0.3354793670508843 -0.9257446307541165 1.9555 0.018624496191800316 -0.941125946815022 -0.33754270896159255 1.5335 0.0 0.0 0.0 1.0 
-0.9843678479527026 0.040364126906939704 -0.17143709393245654 -0.5282 0.17506822342213918 0.33070268237381567 -0.9273547611451508 1.9575 0.019262841555217555 -0.942871397980554 -0.3325995637480827 1.5344 0.0 0.0 0.0 1.0 
-0.9837748473166843 0.04188292907588885 -0.1744501935770167 -0.531 0.1784737197914314 0.32754717086782653 -0.9278254050198735 1.9595 0.018280621730241267 -0.9439060711259923 -0.32970767015744246 1.5358 0.0 0.0 0.0 1.0 
-0.9828996031208294 0.042387595488268384 -0.17919727099941846 -0.5347 0.18312345957427872 0.3272265511515096 -0.9270321368620593 1.9624 0.019343441742968093 -0.9439947436136555 -0.3293930103862633 1.5374 0.0 0.0 0.0 1.0 
-0.9830201810160043 0.044262967447888726 -0.1780789527933313 -0.5373 0.18282923417617442 0.319006270446224 -0.929950789314437 1.9645 0.01564592106000645 -0.9467184318099537 -0.32168216616015 1.539 0.0 0.0 0.0 1.0 
-0.9824075233761799 0.04809206926093949 -0.18045113157883558 -0.5399 0.18636595561282054 0.31438589701956376 -0.9308218080512107 1.9673 0.011966144007215795 -0.9480762947302321 -0.31781779492060125 1.54 0.0 0.0 0.0 1.0 
-0.9811684309826896 0.05081465352008466 -0.18635015704474495 -0.5435 0.19280249145134395 0.3158413271910741 -0.9290163913130572 1.9703 0.01164943488422493 -0.9474503295824087 -0.3196907312404656 1.5411 0.0 0.0 0.0 1.0 
-0.9809201835505632 0.05545433050628011 -0.18633413732118348 -0.5459 0.19430033840973776 0.31195940319215465 -0.9300154349546335 1.9725 0.0065553029671252955 -0.9484756970993484 -0.31678207022322824 1.5423 0.0 0.0 0.0 1.0 
-0.9800499452790489 0.058572465399674714 -0.189924645729661 -0.5485 0.19870257541731334 0.30992410098987666 -0.9297657436946919 1.9743 0.004403553231225835 -0.9489553824720215 -0.31537959793924397 1.5432 0.0 0.0 0.0 1.0 
