0.8565045907016033 0.36579033019477136 -0.3641391498357175 1.3013 0.515472895780805 -0.570382602817493 0.6394930649494908 0.8587 0.026221743314095047 -0.7354326078840552 -0.6770903185236274 1.5166 0.0 0.0 0.0 1.0 
0.8722986126922676 0.3478949698282892 -0.3436047442386667 1.3112 0.48829792393311083 -0.5828382376925048 0.6495111439891617 0.8507 0.02569567624639857 -0.7343491530952218 -0.6782853776771038 1.5186 0.0 0.0 0.0 1.0 
0.8820509790435701 0.33039793035446097 -0.33589176528424813 1.319 0.47078338374718376 -0.5897834725119314 0.6561390562520417 0.8446 0.018683574492897287 -0.7368803587891706 -0.6757649449882052 1.5203 0.0 0.0 0.0 1.0 
0.8895646962216698 0.31486656914029176 -0.33095875101569694 1.3263 0.45666514861114815 -0.5947664816821728 0.6615963832363106 0.8375 0.011471411421710515 -0.7396701128917075 -0.6728718531895671 1.5226 0.0 0.0 0.0 1.0 
0.9013501393626472 0.2915302523757339 -0.3202780639080317 1.337 0.4330565553323123 -0.5973407824341835 0.675015562431437 0.8274 0.005472307981855634 -0.7471238863740458 -0.6646622843630389 1.5265 0.0 0.0 0.0 1.0 
0.9098920679037834 0.2732691315548754 -0.312122422304168 1.3454 0.4148450545140212 -0.5995039803744044 0.6844695451665507 0.819 -7.423635202566392e-05 -0.7522758531645756 -0.6588482641962974 1.5298 0.0 0.0 0.0 1.0 
0.9156302114886767 0.25637875763940005 -0.3096631208918471 1.3531 0.40197666741087396 -0.5953619264541177 0.6956715714948319 0.8097 -0.0060062189810703714 -0.7614552574906285 -0.6481896452223159 1.5335 0.0 0.0 0.0 1.0 
0.9210968691794442 0.23607169084492813 -0.30959766531652466 1.3627 0.38905048305142526 -0.5884133933978516 0.7088084368201879 0.7957 -0.01484180667165641 -0.7733303532460383 -0.6338295397999997 1.5391 0.0 0.0 0.0 1.0 
0.9240358304946568 0.2261604523386248 -0.30823567892124115 1.3693 0.3818692666589506 -0.5845286594976797 0.7158925264361969 0.7843 -0.018266010604539057 -0.7792160778781675 -0.6264891514086741 1.5435 0.0 0.0 0.0 1.0 
0.9243762112426717 0.2149733219516006 -0.3151429690437927 1.3762 0.3807296189836279 -0.5717408778578832 0.7267443331838773 0.768 -0.02394947425779878 -0.7917694357800068 -0.6103503774451069 1.5488 0.0 0.0 0.0 1.0 
0.9207415521479784 0.2154449667855391 -0.32529749527918195 1.38 0.3893349758497097 -0.5619363228264614 0.7298259009300648 0.7538 -0.025559161336737718 -0.7986307252886361 -0.601278383027953 1.5526 0.0 0.0 0.0 1.0 
0.9161400906674594 0.21776177493179616 -0.3365518439265681 1.383 0.3999657213310628 -0.5525697830833108 0.7312277733944365 0.739 -0.026734921580994303 -0.8045162796375326 -0.5933285765629711 1.5562 0.0 0.0 0.0 1.0 
0.9075399275617231 0.22482925673276638 -0.3547154989540976 1.385 0.4191660136213817 -0.5370297026455468 0.7320511945903752 0.7191 -0.025906232956998065 -0.8130503697763303 -0.5816166807275651 1.5602 0.0 0.0 0.0 1.0 
0.8976771170102852 0.23563967392868584 -0.3723570029781711 1.3859 0.43996165914081736 -0.5266226575772571 0.7273941950636714 0.7035 -0.024688703533444628 -0.8167879287777519 -0.5764095309073124 1.5632 0.0 0.0 0.0 1.0 
0.8888410151227377 0.2425564424452689 -0.3887518772480413 1.3858 0.4575924573567498 -0.5141034898375474 0.7254700164080292 0.6887 -0.02389127049347345 -0.8227174326372027 -0.5679482663315893 1.566 0.0 0.0 0.0 1.0 
0.876922398515438 0.25278067657524605 -0.4087897216566144 1.3841 0.48006661870714373 -0.5019021938706971 0.7194652384868023 0.6691 -0.023305548374181667 -0.8271614820202535 -0.5614808403472344 1.5694 0.0 0.0 0.0 1.0 
0.8630815386739713 0.2629175811623331 -0.4312361338245193 1.3814 0.5042845409179176 -0.4960297389775977 0.7068603821413546 0.6549 -0.02805992500659732 -0.8275438620191469 -0.5606993820605298 1.5717 0.0 0.0 0.0 1.0 
0.8468828982055754 0.2723778032497898 -0.4567271494270337 1.3781 0.5305008274670164 -0.4922534453723155 0.6901126122423034 0.6416 -0.03685415558300115 -0.8267386998416753 -0.561377674476248 1.5737 0.0 0.0 0.0 1.0 
0.8238694428085092 0.2814420095535868 -0.49196497483544044 1.372 0.563917233341838 -0.4941624025737937 0.6616652279080283 0.6246 -0.056890202552669744 -0.822553290152641 -0.5658353026390113 1.5762 0.0 0.0 0.0 1.0 
0.8058251013609861 0.29836849934481313 -0.5114901217181822 1.3666 0.5891958727274671 -0.4902290368439106 0.6422800907672681 0.6128 -0.05911116288379886 -0.8189332879018998 -0.5708363516706947 1.5783 0.0 0.0 0.0 1.0 
0.7900169895253758 0.3153475245541407 -0.525765247062639 1.36 0.610603506009147 -0.4817892993687075 0.6285240086608844 0.6014 -0.055104579760669126 -0.8175787483609059 -0.5731740359768703 1.5803 0.0 0.0 0.0 1.0 
0.7677712849164169 0.32819747931896553 -0.5502850794147263 1.3515 0.6383018155116151 -0.4663967948275556 0.6124090316848367 0.5868 -0.05566009676932332 -0.8214380343904588 -0.5675751133412823 1.5823 0.0 0.0 0.0 1.0 
0.7478203217957842 0.3424618092763311 -0.5687571322598355 1.3436 0.6619956096893628 -0.4495042528490616 0.5997564000680744 0.577 -0.050265087896660454 -0.8250247486335116 -0.5628566292413657 1.5831 0.0 0.0 0.0 1.0 
0.7277455450984441 0.3588731803577223 -0.5844625411515281 1.3354 0.6845604201922766 -0.4322597976679753 0.5869655002010037 0.5676 -0.04199348396527475 -0.8272614506550964 -0.560245517219445 1.5837 0.0 0.0 0.0 1.0 
0.6946459309497226 0.37883360842175573 -0.6115162530506815 1.3241 0.7184458912489881 -0.40801204822289217 0.563348621949506 0.5547 -0.036090607676242004 -0.8306691673795964 -0.5555953585141324 1.5847 0.0 0.0 0.0 1.0 
0.6692016233789122 0.3948533770738153 -0.6294918568817489 1.3153 0.7422754233426042 -0.39464285758926343 0.5415572092173996 0.5461 -0.03458877229082408 -0.8296672981184591 -0.5571855985793511 1.5848 0.0 0.0 0.0 1.0 
0.6392934346134267 0.41301485983454544 -0.6486313513977093 1.3065 0.7682453687701857 -0.37947881170965037 0.5155529893489056 0.5372 -0.03321080883280825 -0.8278976730365185 -0.5598950662020412 1.5847 0.0 0.0 0.0 1.0 
0.5937423747536696 0.4336969826078436 -0.6777735017679021 1.2955 0.8043403364588912 -0.34345450404932887 0.4848459825485066 0.5257 -0.022508122246649276 -0.833034171523042 -0.5527634697660913 1.5851 0.0 0.0 0.0 1.0 
0.5712333821184931 0.4446996141328262 -0.6898801898471817 1.2885 0.8206796498377585 -0.3230880330991145 0.4712738431213 0.5176 -0.013316737424833414 -0.8353779839439517 -0.549514593478733 1.5849 0.0 0.0 0.0 1.0 
0.5528428816135068 0.46143250736913355 -0.6938622265207328 1.2814 0.8332706032970204 -0.3111130641714621 0.4570216220080441 0.5103 -0.004984970440618186 -0.8308361465685508 -0.5564947867004938 1.5841 0.0 0.0 0.0 1.0 
0.5136782869470153 0.4777877292431611 -0.7126384099273935 1.2726 0.8579065414728764 -0.2749487481754351 0.4340501721861299 0.5003 0.0114448074351447 -0.8343393024791683 -0.5511324203141632 1.5832 0.0 0.0 0.0 1.0 
0.48929339074798 0.48173089976251626 -0.7269988431795069 1.2669 0.8718762706846361 -0.25051887330915695 0.42079931408328364 0.4933 0.02058510110239936 -0.8397473633956271 -0.5425869693262979 1.5825 0.0 0.0 0.0 1.0 
0.4677955958883367 0.4943147791141146 -0.7326801345859186 1.2619 0.8833039629148366 -0.23269477070807004 0.40697328264158006 0.4866 0.0306820723944905 -0.8375595756926683 -0.545483792242351 1.5814 0.0 0.0 0.0 1.0 
0.42297894594220287 0.5053576829987145 -0.7521319189635509 1.2558 0.9051576966977761 -0.19701250464343179 0.3766637985298007 0.4771 0.04217055131723485 -0.8401188518586475 -0.5407605379031535 1.5791 0.0 0.0 0.0 1.0 
0.3983249867088351 0.512275339911646 -0.7608621301404175 1.2523 0.915625982536378 -0.17281562489946173 0.36299286479888404 0.4703 0.05446342871779869 -0.8412542635309588 -0.5378893929269151 1.577 0.0 0.0 0.0 1.0 
0.3734763972643562 0.5251177222058039 -0.7647004371071227 1.2498 0.9246761781222999 -0.14490140472454008 0.3521044568334678 0.4632 0.07409012282061056 -0.8386029815915531 -0.5396811030286159 1.5744 0.0 0.0 0.0 1.0 
0.33946176038390063 0.5426693161645274 -0.7682940365059376 1.2482 0.9360667516030158 -0.11462759365280445 0.33262524155082573 0.4542 0.09243781574897186 -0.8320880530730455 -0.5468863887067107 1.5701 0.0 0.0 0.0 1.0 
0.31387586702586734 0.5569195817272938 -0.7689749798188861 1.2478 0.9439117488619688 -0.09557110139885092 0.31606451072170394 0.4479 0.10253072934052304 -0.8250495403708233 -0.5556803986778674 1.5663 0.0 0.0 0.0 1.0 
0.27608955802227564 0.567957437794564 -0.775370172759372 1.2485 0.9544207318247049 -0.06684146930988413 0.2908836273214608 0.4417 0.11338263806359056 -0.8203392998231462 -0.5605245851444975 1.562 0.0 0.0 0.0 1.0 
0.23108523806899936 0.5742960662391301 -0.7853557417176337 1.2509 0.9661471179984258 -0.040278050422964756 0.2548282265320329 0.4348 0.11471424989917267 -0.8176562278588635 -0.5641621521457146 1.5564 0.0 0.0 0.0 1.0 
0.20481348199237842 0.5825407347578976 -0.7865734103959312 1.2541 0.9731358938224944 -0.03485551242806778 0.22757773486804722 0.4309 0.10515688160292724 -0.8120538070849155 -0.5740301774736605 1.5515 0.0 0.0 0.0 1.0 
0.17290673210357665 0.5845331741249943 -0.7927321302562556 1.2577 0.9804493858299791 -0.02539406873871508 0.19512596725835873 0.4272 0.09392690678862275 -0.8109723235846291 -0.5774959970085236 1.5464 0.0 0.0 0.0 1.0 
0.14548075961758125 0.5866292645311313 -0.7966815264437572 1.2647 0.9861885330743485 -0.021549186710146134 0.16421878633334097 0.4236 0.0791677068870621 -0.8095688596702536 -0.5816620458981736 1.5403 0.0 0.0 0.0 1.0 
0.14711704905100276 0.5864573791349554 -0.796507574563283 1.2704 0.9871943434007684 -0.036845263353627394 0.15520874629326664 0.4218 0.06167578322202821 -0.8091416248263098 -0.5843679737437607 1.5353 0.0 0.0 0.0 1.0 
0.15266147688787068 0.5857020300360701 -0.7960198524446735 1.2765 0.9871960486603301 -0.052686655291891094 0.150559217132609 0.4198 0.04624321554395611 -0.8088122454351067 -0.5862459523530847 1.5305 0.0 0.0 0.0 1.0 
0.16467494296128699 0.587115018375238 -0.792576884825025 1.2848 0.9859197991521307 -0.07430690170051377 0.1498019826287113 0.4165 0.0290570611129104 -0.8060858760441807 -0.5910848057948763 1.5234 0.0 0.0 0.0 1.0 
0.1800270163882702 0.5899288094849434 -0.787130404132641 1.291 0.983464212005409 -0.09191283924832987 0.1560454218677707 0.4134 0.019708299645513405 -0.8022069743657106 -0.5967206659770504 1.5181 0.0 0.0 0.0 1.0 
0.19798110999647273 0.5897935216586593 -0.7829093701662035 1.2965 0.9801140024703837 -0.10818179790758457 0.16635276001006877 0.4091 0.013417236900701679 -0.8002751404429351 -0.5994828415751291 1.5128 0.0 0.0 0.0 1.0 
0.2203368061870934 0.5914290982364762 -0.7756695904819654 1.3033 0.9753846356607431 -0.12646080894246525 0.1806446133118198 0.4022 0.008746676867866454 -0.7963788580573984 -0.6047348262527661 1.5058 0.0 0.0 0.0 1.0 
0.23566001870038314 0.5915414840342001 -0.7710661633431669 1.3077 0.9718240365594164 -0.13957723229987762 0.1899374586248544 0.3955 0.004732605149106339 -0.7941012963659753 -0.6077670059804008 1.5009 0.0 0.0 0.0 1.0 
0.24607300713114738 0.5884807862526424 -0.7701548151981564 1.3113 0.9692510824826324 -0.14993080804833953 0.19512327360983306 0.3876 -0.0006436362948751828 -0.7944879590084699 -0.6072795638936619 1.4962 0.0 0.0 0.0 1.0 
0.25530227301653663 0.5915560670868728 -0.7647758945503583 1.3154 0.9668573528558341 -0.15845792608745815 0.20019476738584024 0.3752 -0.002758372925991348 -0.7905393760925339 -0.6124050017970365 1.4901 0.0 0.0 0.0 1.0 
0.26549515413769464 0.5893820401134501 -0.7629817389171965 1.317 0.9641120728125062 -0.1626999733897445 0.2098014054198606 0.3649 -0.00048392827366233737 -0.7913011622957996 -0.6114263948855512 1.4856 0.0 0.0 0.0 1.0 
0.2698587966094401 0.5819131704389385 -0.7671722700685992 1.317 0.9628914386622068 -0.15974207529098727 0.2175374605275015 0.3539 0.004038222818338044 -0.7974080081435295 -0.6034270140663558 1.4814 0.0 0.0 0.0 1.0 
0.28349212639314636 0.5839193369669174 -0.7607038991547286 1.3167 0.9589073295632168 -0.16321309103101 0.23207373876861503 0.3383 0.01135550892881837 -0.7952356222103097 -0.6061941583228502 1.4763 0.0 0.0 0.0 1.0 
0.2950805585924849 0.5813101537262809 -0.7582914803131278 1.3148 0.9554236607851921 -0.1715039531395251 0.24031650477929584 0.3264 0.009648437830491241 -0.7954023505322592 -0.6060049574179966 1.4724 0.0 0.0 0.0 1.0 
0.30887266320134704 0.58260094624885 -0.7517804302832394 1.3123 0.9510912229478745 -0.18519855912993338 0.24723870920168212 0.3145 0.0048128534597070005 -0.7913770473839521 -0.611309418637922 1.4687 0.0 0.0 0.0 1.0 
0.32650921073546524 0.5800888750307944 -0.7462497118059146 1.3084 0.9451880975480289 -0.19759060494532285 0.2599565600073962 0.2987 0.003345976455562172 -0.7902245566311189 -0.6128082526685734 1.4651 0.0 0.0 0.0 1.0 
0.34028052976540857 0.5824032899785685 -0.7382516975156321 1.3042 0.9403235711824933 -0.21147705926167357 0.2665877620683981 0.2873 -0.0008617082888855987 -0.7849100975450463 -0.6196090672598737 1.462 0.0 0.0 0.0 1.0 
0.3612914787336098 0.5784360336258959 -0.7313550590497222 1.2997 0.9323599998519968 -0.23517366809492957 0.27458728395677784 0.2758 -0.013164272500440721 -0.7810922486095462 -0.6242768625310543 1.4588 0.0 0.0 0.0 1.0 
0.37982230398302286 0.5744418887583562 -0.7250872594638247 1.2931 0.9245134755114386 -0.26264869376511646 0.2762073446909734 0.2601 -0.03177815279068846 -0.7752626523335235 -0.6308390990593411 1.4559 0.0 0.0 0.0 1.0 
0.39293269757431737 0.585796755512107 -0.7088342940408983 1.288 0.9187582358113332 -0.28241854253438337 0.2759040973990801 0.2484 -0.03856422313254154 -0.7596590867384154 -0.6491770734013488 1.4545 0.0 0.0 0.0 1.0 
0.4156127197384698 0.587124934965601 -0.6946584613558172 1.2823 0.908415846237581 -0.305941893096908 0.2849214073261964 0.2369 -0.0452406619762834 -0.7494557150291933 -0.6605069369159031 1.4536 0.0 0.0 0.0 1.0 
0.4418935935685501 0.5848862672279587 -0.6801750556814166 1.2746 0.8953733778457995 -0.33414564003723496 0.2943691653164611 0.2206 -0.055105047029074095 -0.7390904854293903 -0.6713484103948352 1.4545 0.0 0.0 0.0 1.0 
0.45758397698518083 0.5798359037157935 -0.6740973436889621 1.2684 0.8870234197624031 -0.35027983286876596 0.3008213614064687 0.2079 -0.061695678936513565 -0.7355911659662033 -0.674610465196801 1.4565 0.0 0.0 0.0 1.0 
0.47591896341624446 0.5730220049776534 -0.6671933168671563 1.2614 0.8765205214526991 -0.37131090149614904 0.30633313549533925 0.1948 -0.07220052446551917 -0.7305983823151455 -0.6789794459520825 1.4586 0.0 0.0 0.0 1.0 
0.49958631911332096 0.5590894358426719 -0.6616891358364028 1.251 0.8616309410082903 -0.39960527638308285 0.31290213259734684 0.1762 -0.0894741932177695 -0.7264534574326991 -0.6813660858394013 1.4633 0.0 0.0 0.0 1.0 
0.5132944164102107 0.542493829291209 -0.6650032234982486 1.2421 0.8512086670865991 -0.42060965383798005 0.3138969961228516 0.1614 -0.10941959220704561 -0.7271780829200333 -0.6776720361369418 1.4678 0.0 0.0 0.0 1.0 
0.5296408385070543 0.533763285155605 -0.6592248005084766 1.2329 0.8388773176193537 -0.44466184304378464 0.31394377096012394 0.1462 -0.12556045623245587 -0.7192861744540909 -0.6832729842968304 1.4734 0.0 0.0 0.0 1.0 
0.5511670196008432 0.5199800987501084 -0.6525608120383504 1.2193 0.8227275577505269 -0.46900381929251533 0.3211771835091764 0.1262 -0.13904776956922832 -0.7139020341705584 -0.6863013939844226 1.4819 0.0 0.0 0.0 1.0 
0.5581873761390439 0.5102873248689417 -0.6542428442077981 1.2086 0.8181853735741089 -0.46951782874281883 0.33185192927271845 0.1112 -0.13783884644179895 -0.720527483563763 -0.6795885504044825 1.4895 0.0 0.0 0.0 1.0 
0.5602756798547068 0.5110175885452661 -0.6518835684082909 1.1984 0.8179603867361658 -0.465340391362912 0.33822939833289756 0.0962 -0.13050658333497217 -0.72271664182001 -0.6787110484901797 1.4976 0.0 0.0 0.0 1.0 
0.5634735279982174 0.5177627545248636 -0.6437540782566489 1.1848 0.8184487086184759 -0.45590288969814086 0.349705971532706 0.0773 -0.11242461743760196 -0.7239297515586096 -0.6806514674944132 1.5097 0.0 0.0 0.0 1.0 
0.5701125709948645 0.5206045127207146 -0.6355647864131972 1.1748 0.8153142579984582 -0.4537740879544456 0.35965502610909594 0.0641 -0.10116480167552883 -0.7232288838507063 -0.683158593934097 1.5194 0.0 0.0 0.0 1.0 
0.5771212952512635 0.5158757132268419 -0.6330902455971039 1.1653 0.811251531789525 -0.45120690635133726 0.37186459878564 0.0517 -0.09381877603472222 -0.7282064104109172 -0.6789060767880885 1.5298 0.0 0.0 0.0 1.0 
0.5818606591661241 0.5152117617121379 -0.6292813471796526 1.1537 0.8086607691933769 -0.4489314817552387 0.38016875865412864 0.0354 -0.08663679173618405 -0.7300803827542008 -0.6778471074181405 1.544 0.0 0.0 0.0 1.0 
0.5850577243826488 0.5156992199742905 -0.6259087582532336 1.1456 0.8069353664124717 -0.4472642096826874 0.3857590454800651 0.024 -0.08101094724150837 -0.7307592224904379 -0.677811319743337 1.5549 0.0 0.0 0.0 1.0 
0.589605256162063 0.5175280216403569 -0.6201051432806268 1.1373 0.8041083342998864 -0.44835141554581126 0.39037263593588356 0.0133 -0.075996240798678 -0.7287974718638134 -0.6804989466482545 1.5651 0.0 0.0 0.0 1.0 
0.5952243807393831 0.5214894656742777 -0.6113564212177491 1.1264 0.8007790745742933 -0.44818480982179787 0.39734525285818717 -0.0004 -0.06678929777558501 -0.7260710112900493 -0.6843683776058688 1.578 0.0 0.0 0.0 1.0 
0.5984695358143381 0.5264520712870591 -0.6038894197944983 1.1181 0.7991214055231581 -0.4458243456859896 0.40329348126191095 -0.0102 -0.0569139168996724 -0.7239398244545083 -0.6875114083649179 1.587 0.0 0.0 0.0 1.0 
0.6038322843597557 0.5323698489604046 -0.5932696825919519 1.1096 0.7957193198103257 -0.4465468071146939 0.4091780946437198 -0.0195 -0.047088602076000685 -0.7191510918948454 -0.6932563527159197 1.5951 0.0 0.0 0.0 1.0 
0.6072697566991865 0.551317267954794 -0.5720775407699317 1.0978 0.7939754040431042 -0.44717640404552444 0.41186930140458794 -0.0313 -0.028748919511877913 -0.7043312670326198 -0.7092890566666905 1.6046 0.0 0.0 0.0 1.0 
0.6048626181301366 0.5695527540412421 -0.5565526691632994 1.0888 0.7962160597227123 -0.4443633886314596 0.41058636738645454 -0.0394 -0.013461033704542935 -0.6914845184152736 -0.7222658522757408 1.6115 0.0 0.0 0.0 1.0 
0.6069578567167854 0.5776392048075748 -0.5458343239839716 1.0795 0.7947284338497959 -0.44372890694193756 0.41413931662517156 -0.0471 -0.002979362417882603 -0.6851551694422119 -0.7283910468877256 1.6179 0.0 0.0 0.0 1.0 
0.6129889714076519 0.5803192140594056 -0.5361661409731716 1.0666 0.7900550670544984 -0.4437037182087917 0.4230130039008323 -0.0561 0.007583663633183857 -0.6829030826121428 -0.730469621411275 1.6261 0.0 0.0 0.0 1.0 
0.6211297129543024 0.5798880401212899 -0.5271885247324669 1.057 0.7835289003007287 -0.44511544207399145 0.4335374327792302 -0.0619 0.016743418970935897 -0.6823504262119019 -0.730833465140725 1.6319 0.0 0.0 0.0 1.0 
0.633102499820242 0.5723848021697757 -0.5211111810030823 1.0472 0.7735836750400693 -0.4440446623696105 0.4520980375234549 -0.067 0.027377407343663895 -0.68934750022476 -0.7239133245776138 1.6373 0.0 0.0 0.0 1.0 
0.652036936912558 0.5682357680342115 -0.5019521340011004 1.0335 0.7570525039634394 -0.45174156225481316 0.4720180792875071 -0.0726 0.041464914619175536 -0.6877773425013 -0.7247364955606099 1.6424 0.0 0.0 0.0 1.0 
0.6654352847841799 0.5663396435492585 -0.4862666859951401 1.0226 0.7445297158729409 -0.45680254685469046 0.4868335807739913 -0.076 0.05358529599018136 -0.6859962400272811 -0.7256292267557017 1.6455 0.0 0.0 0.0 1.0 
0.6802671690140776 0.5576738266052828 -0.47564322961752914 1.0117 0.7303191588670888 -0.4606308776836594 0.5044334651032281 -0.0789 0.06221338242886673 -0.6905208886368339 -0.7206319430908936 1.648 0.0 0.0 0.0 1.0 
0.7027977122820663 0.5410083366828113 -0.4619365272965454 0.9964 0.70781431423638 -0.4667668258359177 0.5302146988354298 -0.0822 0.07123392571785842 -0.6995989636490038 -0.7109761021919532 1.6499 0.0 0.0 0.0 1.0 
0.7188239072983176 0.5353066608027698 -0.4435526678947701 0.9846 0.6902092275531179 -0.47328116937220854 0.5473720461607472 -0.0843 0.08308677690768948 -0.6996082572539173 -0.7096794162755664 1.6497 0.0 0.0 0.0 1.0 
0.7323886900710898 0.5301948037953332 -0.42720051110032775 0.9727 0.6742502177213829 -0.47735313083703745 0.5634896914609404 -0.0863 0.0948338049359021 -0.7007335146177227 -0.7070919960888208 1.6488 0.0 0.0 0.0 1.0 
0.7499841081183529 0.514315647978137 -0.4159365959070531 0.9555 0.6534323149486252 -0.47843161422589026 0.5866254344043471 -0.0888 0.10271342342069467 -0.7117461659566824 -0.6948865719634847 1.6459 0.0 0.0 0.0 1.0 
0.7575381696211325 0.5114101600708612 -0.4057037955742598 0.9422 0.6449173641480819 -0.4900782549343534 0.5864340520986051 -0.0909 0.10108172429947443 -0.705891600896905 -0.7010702766455372 1.6416 0.0 0.0 0.0 1.0 
0.7624941275606278 0.5087665578891051 -0.3996990055144356 0.9283 0.6401803238999614 -0.5038453634480613 0.5799215486798461 -0.0927 0.09365819946431492 -0.6980662141269713 -0.7098814706467127 1.6359 0.0 0.0 0.0 1.0 
0.7694852041965023 0.5023242023875218 -0.39441465010621335 0.9095 0.6332555535801776 -0.519887158256547 0.5733277828082243 -0.0949 0.08294530958727808 -0.6909325136188568 -0.71814506698981 1.6278 0.0 0.0 0.0 1.0 
0.7768119658904349 0.49340842287735254 -0.39129438774805025 0.8953 0.6246311474073643 -0.524785888129397 0.5783041598577688 -0.0965 0.07999437066442494 -0.6936482536948564 -0.7158582267516933 1.6216 0.0 0.0 0.0 1.0 
0.7869103103597842 0.485402590243538 -0.3809940797890858 0.8814 0.6119880745708355 -0.5348533578447822 0.5825825968781106 -0.0979 0.07901113866126647 -0.6916040854325729 -0.7179422184134491 1.6146 0.0 0.0 0.0 1.0 
0.7997208565869087 0.4878339817447396 -0.34994936461575965 0.8633 0.5950994900818841 -0.5670284667536847 0.5695044466861053 -0.0993 0.0793923701887172 -0.6636992723711835 -0.7437742449223279 1.6037 0.0 0.0 0.0 1.0 
0.8100542697514764 0.47933926250060893 -0.33770690173991824 0.8502 0.5811942665493142 -0.5801385130226103 0.5706597324484352 -0.1005 0.07762283547775872 -0.6585386679104631 -0.7485329106185684 1.5962 0.0 0.0 0.0 1.0 
0.8199851002048422 0.46368152931766293 -0.3355948074861832 0.8379 0.5679951344081356 -0.5866908335701841 0.5772134727233996 -0.1014 0.07075282842925076 -0.6639226650554687 -0.7444465945216656 1.589 0.0 0.0 0.0 1.0 
0.8298420205658353 0.4523277256645254 -0.3267443182342575 0.8215 0.5551811603430467 -0.6105272932950007 0.5648276757932713 -0.1034 0.056000893772868765 -0.6501200294845855 -0.7577650342682761 1.5778 0.0 0.0 0.0 1.0 
0.8319951131567515 0.4417340093459827 -0.3356414704270133 0.8089 0.5532679564214144 -0.6159689013247768 0.560782382924089 -0.1047 0.040971942601691985 -0.6522678725706723 -0.7568803883914373 1.5698 0.0 0.0 0.0 1.0 
0.8338199302294709 0.42773819825221154 -0.3489761563603916 0.7964 0.5514990863025896 -0.6175573514201003 0.5607777416360247 -0.106 0.02435326999664722 -0.6600476887793358 -0.7508288531866152 1.5618 0.0 0.0 0.0 1.0 
0.8422594265155412 0.4137634405935288 -0.34554142106832364 0.7803 0.5390143426568704 -0.6369964443704745 0.551088983984941 -0.1079 0.007911817483558098 -0.6504116735480522 -0.759540688874881 1.55 0.0 0.0 0.0 1.0 
0.8487499633737804 0.4061901261312002 -0.33857507454998254 0.7681 0.5287806883969236 -0.6473371163259737 0.5489495800210147 -0.1095 0.0038056867293680963 -0.6449528969314677 -0.764212848287848 1.5411 0.0 0.0 0.0 1.0 
0.8548789589727892 0.39875690326355695 -0.3319260423727828 0.7563 0.518806990605978 -0.6513238785625468 0.5537296377408468 -0.1114 0.004612158276634137 -0.6455773674114506 -0.7636809482251945 1.5331 0.0 0.0 0.0 1.0 
0.8670366539943968 0.38045854343546565 -0.32171219646939836 0.7408 0.4982035269061614 -0.6537472265598652 0.5695680903487714 -0.1145 0.006378589849061644 -0.6541145622077591 -0.7563685960557123 1.5227 0.0 0.0 0.0 1.0 
0.8736056057085135 0.3771208640893899 -0.30755991211979056 0.7292 0.48654898569641486 -0.665031955030646 0.5665708987460499 -0.1177 0.009128537256934577 -0.6446024764586223 -0.7644634177977125 1.5147 0.0 0.0 0.0 1.0 
0.8763664822830618 0.3803384700906766 -0.29550708434806616 0.718 0.4814530512250214 -0.6744467189279278 0.5597540377643285 -0.1218 0.013592210891851891 -0.632822464437251 -0.774177615477634 1.5081 0.0 0.0 0.0 1.0 
0.885544965720055 0.36749485651555386 -0.2841788945760736 0.7034 0.464263263192974 -0.6784641958945558 0.5693381748473972 -0.1272 0.01642364567561208 -0.636108375454817 -0.7714249143882738 1.5015 0.0 0.0 0.0 1.0 
0.8923488885579127 0.3622516910901496 -0.2692344208896486 0.6929 0.45097375204903917 -0.6913795686882052 0.5644616611988122 -0.1322 0.018334013534120785 -0.6251143929736682 -0.7803177940076034 1.4976 0.0 0.0 0.0 1.0 
0.8981394865751977 0.3592525308398429 -0.25354108491447247 0.6828 0.4391271972950298 -0.703130099828484 0.5592632361518124 -0.138 0.02264436464668415 -0.6136331817954059 -0.7892664638443687 1.4956 0.0 0.0 0.0 1.0 
0.9069655524161435 0.3474580685282337 -0.2380890113909278 0.6696 0.42021038458261395 -0.7075840948521996 0.5681091280741098 -0.1462 0.028926102734584402 -0.6153028842178646 -0.7877598880710834 1.496 0.0 0.0 0.0 1.0 
0.914716233451339 0.33470762678260096 -0.22641779266248988 0.6596 0.40291160623180416 -0.7125427645728071 0.5744084315351302 -0.1531 0.030926522990836397 -0.6166470734776092 -0.7866320213080553 1.4978 0.0 0.0 0.0 1.0 
0.9217234281191068 0.32302928759252014 -0.2146578706076974 0.6496 0.3863811912317865 -0.716692931282635 0.5805693906087454 -0.1607 0.03369713813764735 -0.6180641727255943 -0.7854051064733151 1.5004 0.0 0.0 0.0 1.0 
0.929968539562258 0.3111159980011087 -0.19587075129333414 0.6356 0.36553960515995587 -0.7256373616274264 0.5829504408351462 -0.172 0.039234072997135994 -0.6137240871907848 -0.7885451365127386 1.505 0.0 0.0 0.0 1.0 
0.9361142927299961 0.2975349785835324 -0.18751791238683047 0.6246 0.3491135730296553 -0.7216446710231068 0.597786485218944 -0.1812 0.04254108688180956 -0.6250615212147105 -0.7794153902917658 1.5099 0.0 0.0 0.0 1.0 
0.9432291666145808 0.28163121911412703 -0.17607553966367367 0.6137 0.32888351085027623 -0.7178557360031962 0.613611260146117 -0.1906 0.04641525113968026 -0.6366843791923908 -0.7697263317270887 1.5154 0.0 0.0 0.0 1.0 
0.9513002389264977 0.269246055995935 -0.15011467865942424 0.5989 0.3026007938258818 -0.7226881761276065 0.6214133565198771 -0.204 0.058826992055811704 -0.636575495456735 -0.7689675048984046 1.5231 0.0 0.0 0.0 1.0 
0.9574366331611667 0.257576487577933 -0.130266828195148 0.5881 0.28064167631219544 -0.7251722810133973 0.6287808937670634 -0.2138 0.06749328112997778 -0.6385761629569655 -0.7665932044477491 1.5299 0.0 0.0 0.0 1.0 
0.9636044816892875 0.24125973277444063 -0.11515269953381493 0.5769 0.25731562897578203 -0.72023824013616 0.6442402847776323 -0.2231 0.07249186128881821 -0.6504234150053121 -0.7561046959645934 1.5378 0.0 0.0 0.0 1.0 
0.9691943713261184 0.2250388569054893 -0.10009886848731211 0.5618 0.23511870268384888 -0.7243017981824875 0.6481559232143745 -0.2357 0.07335847761529246 -0.6517241886199139 -0.7549000700289283 1.5491 0.0 0.0 0.0 1.0 
0.9714567690686182 0.21732735823301594 -0.09508188678302218 0.5501 0.22601273539168085 -0.7262417913932406 0.6492234622028895 -0.2447 0.07204158015709494 -0.6521822443131943 -0.7546312549391747 1.5581 0.0 0.0 0.0 1.0 
0.9735427807608288 0.20981849514229678 -0.09050222718085715 0.5384 0.21713569155282825 -0.726078618842779 0.6524277206811787 -0.2536 0.07117967042877144 -0.6548175611233903 -0.7524276816824771 1.5674 0.0 0.0 0.0 1.0 
0.9763151194654429 0.20008316522357397 -0.0823135134549251 0.5229 0.2036527885212274 -0.7214565146940044 0.661835356514827 -0.2653 0.0730364924589508 -0.6629232417103024 -0.7451163978665332 1.58 0.0 0.0 0.0 1.0 
0.9787392195613496 0.19160795426243202 -0.07318423297272941 0.5115 0.19074320007869913 -0.7190974959240142 0.6682183946731415 -0.2739 0.07540936093203765 -0.6679709448914517 -0.7403568363057396 1.5888 0.0 0.0 0.0 1.0 
0.9805431306699773 0.18468086331027905 -0.06654432825485225 0.4999 0.1809172136981222 -0.7186211128427603 0.6714556262064832 -0.2818 0.0761848454984815 -0.6704302162817564 -0.7380509429658427 1.5969 0.0 0.0 0.0 1.0 
0.9823729964861991 0.17671798760344848 -0.060942994938825115 0.4838 0.17104904295509749 -0.7182887383834204 0.6743912167397345 -0.2912 0.07540239173177106 -0.67292796135169 -0.7358549029205328 1.6076 0.0 0.0 0.0 1.0 
0.9839090251343735 0.16926602401496704 -0.05720177771093595 0.4716 0.16317290073280655 -0.7208519449019405 0.6736075103482231 -0.2976 0.07278485230848783 -0.6721022888260793 -0.7368723625087165 1.6153 0.0 0.0 0.0 1.0 
0.9845796192343454 0.167213013830432 -0.05140798959397913 0.4588 0.1586421354039982 -0.7295965660803185 0.6652229127429892 -0.3038 0.0737268354319538 -0.6631203953804701 -0.7448729388074442 1.6227 0.0 0.0 0.0 1.0 
0.9844944074803283 0.16912996979737682 -0.04653831707631431 0.4412 0.15631425699750068 -0.7254586324720462 0.6702802590193954 -0.3111 0.07960285609999479 -0.6671617689047588 -0.7406473920919432 1.6332 0.0 0.0 0.0 1.0 
0.9845009172464453 0.17018576825705256 -0.04236446888212583 0.428 0.15379054058676012 -0.7216346752158725 0.6749754552219764 -0.3166 0.08429954665916001 -0.6710292093559258 -0.7366229609672924 1.6415 0.0 0.0 0.0 1.0 
0.9851120654551203 0.16813463732459333 -0.03584636978096725 0.4149 0.1461242923656636 -0.7090823622653205 0.6898187404709055 -0.3214 0.09056439518585904 -0.6847867896330653 -0.7230941453701997 1.6503 0.0 0.0 0.0 1.0 
0.9865643207669272 0.16238058612848166 -0.017982942981130054 0.3976 0.12738158268985494 -0.6956235976293559 0.7070231557824819 -0.3266 0.10229747494987095 -0.6998145151893912 -0.7069617181638039 1.6609 0.0 0.0 0.0 1.0 
0.9869547499878266 0.16096709624157648 -0.003148873452824219 0.3845 0.11527293831880528 -0.69286093837693 0.7117976325914473 -0.33 0.1123942666145198 -0.7028750344115199 -0.7023775443685463 1.6685 0.0 0.0 0.0 1.0 
0.9872442939669358 0.15914453634325154 0.004660534499175001 0.371 0.10602998003443836 -0.6790241975390424 0.7264184623826381 -0.3329 0.11877014508546796 -0.7166583256395972 -0.6872368564969621 1.6763 0.0 0.0 0.0 1.0 
0.9889908475583467 0.14776138867511818 0.007979690634596866 0.3527 0.09325147494824357 -0.6642026116023856 0.7417135924064947 -0.336 0.11489676177247257 -0.7328038364783384 -0.6706692712334661 1.6854 0.0 0.0 0.0 1.0 
0.9900863549434028 0.14017028523720673 0.009016700694055947 0.3384 0.08676207814829245 -0.6607976407223458 0.7455325746143966 -0.3373 0.1104597281830608 -0.737359321601281 -0.6664081926998068 1.6903 0.0 0.0 0.0 1.0 
0.9905356236549362 0.1368625987456866 0.01038303111348967 0.3237 0.08224196408101458 -0.6523794594650384 0.7534170825062313 -0.3379 0.10988829607662326 -0.7454325388207047 -0.6574609436709492 1.6942 0.0 0.0 0.0 1.0 
0.9910995304375432 0.13193346892902316 0.017756140989412014 0.3035 0.0708259322247008 -0.6355242694799041 0.7688254614842931 -0.3374 0.11271826866565814 -0.760724958627222 -0.6392121159917323 1.698 0.0 0.0 0.0 1.0 
0.9917406646166972 0.12540739846104904 0.02689681313581934 0.2875 0.05853306295065071 -0.6291272602746109 0.7750953302149206 -0.3358 0.11412420727981712 -0.7671192050721931 -0.6312715663818224 1.6983 0.0 0.0 0.0 1.0 
0.9917227085671916 0.12255991227652138 0.03827711084870308 0.2713 0.04863381925122948 -0.6344586349509513 0.7714252991451691 -0.3333 0.11883106049005562 -0.7631784250350282 -0.6351675925485036 1.6971 0.0 0.0 0.0 1.0 
0.9910942004770309 0.12351411447419901 0.049764940534975446 0.2485 0.04047203495799896 -0.6354338075600854 0.77109395704807 -0.3284 0.12686331292833908 -0.7622126604402125 -0.6347736290186443 1.6943 0.0 0.0 0.0 1.0 
0.9914261939613338 0.11844858825516352 0.055172763821490146 0.2306 0.032314893734369354 -0.6313776743862081 0.7748018972160555 -0.3236 0.12660904221373612 -0.7663759940310118 -0.6297920182113286 1.6913 0.0 0.0 0.0 1.0 
0.992103390669162 0.11195558021738886 0.056540342065993204 0.2122 0.027857212892182702 -0.6362308422805928 0.7709956491581561 -0.3181 0.12228997470206346 -0.7633323413750494 -0.6343255463074567 1.6873 0.0 0.0 0.0 1.0 
0.9918798132768039 0.11318393336385085 0.05799856241546202 0.187 0.030227133837176574 -0.6527748159476008 0.7569487169185013 -0.31 0.12353443404153469 -0.7490490216887432 -0.6508953884559134 1.6811 0.0 0.0 0.0 1.0 
0.9916059092699717 0.11713935025723371 0.05473658120658698 0.1676 0.03434452154138789 -0.6467604621966349 0.761919522245813 -0.3034 0.12465221434441234 -0.7536439989547505 -0.6453545911346151 1.6773 0.0 0.0 0.0 1.0 
0.9922106503937125 0.11551982619810947 0.046617539622386725 0.1483 0.03812360181090571 -0.6378584422496769 0.7692094634335822 -0.2966 0.11859433473083662 -0.7614405934844652 -0.6372939716989139 1.673 0.0 0.0 0.0 1.0 
0.9933238399813213 0.10899433985911534 0.037788659720050896 0.1235 0.040709405977559746 -0.637694902877177 0.7692125552208714 -0.2876 0.10793745035767872 -0.7625388152239488 -0.6378746444930541 1.6656 0.0 0.0 0.0 1.0 
0.9939895642117037 0.10521640807008 0.030236628632468357 0.1059 0.041965884887591995 -0.6213100036275906 0.782440249410704 -0.2803 0.10111187241777682 -0.7764685356568634 -0.6219911594155157 1.6594 0.0 0.0 0.0 1.0 
0.9951342505489533 0.09515843868379824 0.025547894857200097 0.0897 0.03784938058633054 -0.6086033553321415 0.7925713723493236 -0.2731 0.09096838887000167 -0.7877479466337699 -0.6092437318517732 1.6517 0.0 0.0 0.0 1.0 
0.9971604548771589 0.06923148292085891 0.029631554156959544 0.0709 0.017558492938718025 -0.5963798574376089 0.8025102896339826 -0.2631 0.07323063945439091 -0.7997112400205943 -0.5959020104260639 1.6385 0.0 0.0 0.0 1.0 
0.9975661633104419 0.05695877806599177 0.04021750140565568 0.0583 -0.00021378565498254842 -0.5742901451312618 0.8186518084636522 -0.2555 0.06972592139067468 -0.8166679415811199 -0.5728802397359137 1.6274 0.0 0.0 0.0 1.0 
0.9968498633009075 0.05806857649891621 0.054022129357807015 0.0474 -0.014663110825241115 -0.5344604764645506 0.8450662650219876 -0.2484 0.07794448805328583 -0.8431963232371658 -0.5319253869307576 1.6148 0.0 0.0 0.0 1.0 
0.9957944708603237 0.05752059724154493 0.07130745190359852 0.0347 -0.03294582524373217 -0.5014351705731614 0.8645677199105192 -0.2389 0.08548651591343223 -0.8632810380202037 -0.4974313068070224 1.5946 0.0 0.0 0.0 1.0 
0.9943807503511582 0.0631830504001264 0.08494012875668877 0.0267 -0.04356017417158049 -0.48708142849270464 0.8722695645519498 -0.2312 0.09648541111074435 -0.8710680709104437 -0.4815921316665682 1.5784 0.0 0.0 0.0 1.0 
0.9932939846992348 0.07441692084604229 0.08848266413320664 0.0196 -0.043649782489124454 -0.46729936496824837 0.8830209510475523 -0.2225 0.10705959297964897 -0.880961648082404 -0.4609173658682934 1.5619 0.0 0.0 0.0 1.0 
0.9928695521637566 0.08212956735503263 0.0863989962454201 0.0118 -0.038012508813061924 -0.46881643545726714 0.8824773079342485 -0.2102 0.11298274894813742 -0.8794690921295738 -0.4623516134165696 1.5383 0.0 0.0 0.0 1.0 
0.9936179024036023 0.0840639073821593 0.07521119264251247 0.0066 -0.026072469396055703 -0.47755804091153337 0.8782132678913078 -0.2011 0.10974374862677655 -0.8745693666235869 -0.4723184652339573 1.5206 0.0 0.0 0.0 1.0 
0.9945329175947972 0.09451848880248723 0.04439066450138123 0.0022 0.007498252396274434 -0.48864440046368124 0.8724508158667119 -0.192 0.10415398231168049 -0.8673482029554125 -0.48668166474466085 1.5035 0.0 0.0 0.0 1.0 
0.9936716977722697 0.11204886884497639 0.007849078731733614 -0.002 0.04775026225844812 -0.48464154228817186 0.873408545837967 -0.1802 0.10166842922276854 -0.8675065570236942 -0.48692494700956895 1.4831 0.0 0.0 0.0 1.0 
0.9912376468587438 0.129462498252875 -0.026218104356814313 -0.0043 0.08507215393810727 -0.47385952008993276 0.8764815365108781 -0.1717 0.10104779104102893 -0.8710319263759873 -0.4807210492161392 1.4698 0.0 0.0 0.0 1.0 
0.9882617376973017 0.1424677906888023 -0.05515130478747911 -0.0068 0.11738502303154376 -0.4771033064962824 0.8709725548478542 -0.1636 0.09777266576806497 -0.8672227877232968 -0.48822652763040253 1.4578 0.0 0.0 0.0 1.0 
0.98696815224398 0.1448367509206164 -0.07011549071968946 -0.0107 0.13284215125032992 -0.48746507237312764 0.8629778479587095 -0.1529 0.0908120548566544 -0.86104594465047 -0.5003529273359869 1.4446 0.0 0.0 0.0 1.0 
0.9856186382000941 0.14979037588724672 -0.07822239656357671 -0.0156 0.14153486743258933 -0.4788445796056594 0.8664154603209241 -0.1466 0.09232432687776004 -0.8650264226449021 -0.4931587034543058 1.4376 0.0 0.0 0.0 1.0 
0.9841373122459127 0.1608565854587362 -0.07482586157170007 -0.0221 0.14252449818571222 -0.46570494011910174 0.8733874719536426 -0.1409 0.1056433531382919 -0.8701977175695305 -0.48124361219083006 1.4323 0.0 0.0 0.0 1.0 
0.9881696256235338 0.14384666889250114 -0.05318765687240519 -0.0329 0.11633781111105235 -0.4770972725681798 0.8711163563002898 -0.1334 0.0999315000434531 -0.8669984592584553 -0.48818783981427705 1.4271 0.0 0.0 0.0 1.0 
0.9914164485825759 0.12604933286583042 -0.034712982643268685 -0.0438 0.0931353958481872 -0.49456153845330786 0.864138115536457 -0.1282 0.09175632686694835 -0.8599537489695458 -0.5020560985717725 1.4245 0.0 0.0 0.0 1.0 
0.991600606581856 0.12615470933479345 -0.028517123612824234 -0.0575 0.08694217929406485 -0.486921686285399 0.8691077774848079 -0.123 0.09575643313163876 -0.8642871402130414 -0.493800004836238 1.4239 0.0 0.0 0.0 1.0 
0.99202108088504 0.120144209361865 -0.03820397932793955 -0.0789 0.09069443991267091 -0.469600121379423 0.8782085427558529 -0.1158 0.08757107769466015 -0.8746662763347196 -0.47674963177138596 1.4236 0.0 0.0 0.0 1.0 
0.9939149773486258 0.09687444373479366 -0.05242480284326227 -0.0964 0.09150746003574776 -0.4612553640689468 0.8825360467853023 -0.1104 0.0613139670865183 -0.8819630555010212 -0.46731334901906624 1.423 0.0 0.0 0.0 1.0 
0.9939593457501181 0.07442233151330595 -0.08066061968594467 -0.1157 0.10558025340720771 -0.44778048075021676 0.8878881974379288 -0.1048 0.029960458715894495 -0.8910409404910798 -0.4529331223064889 1.4219 0.0 0.0 0.0 1.0 
0.9889364468198508 0.05639641693534524 -0.1372011235674941 -0.1428 0.1480234342797327 -0.43555222569926866 0.8879095233144235 -0.0982 -0.009683339060558571 -0.8983950705815721 -0.43908146180335395 1.4197 0.0 0.0 0.0 1.0 
0.9836062312961855 0.044325578426372414 -0.1747970962358425 -0.1624 0.17668178460888032 -0.4308640932173311 0.8849517953896858 -0.0936 -0.03608779215657423 -0.9013275632494407 -0.4316321292305396 1.4164 0.0 0.0 0.0 1.0 
0.9794222818222151 0.026189328567840703 -0.2001152491424168 -0.1805 0.19157406803491575 -0.43258098176340637 0.8810068505256705 -0.0888 -0.06349307306092002 -0.9012146321968888 -0.4286966484444537 1.4117 0.0 0.0 0.0 1.0 
0.976175496512744 -0.003571193458132796 -0.21695309766256587 -0.2026 0.19341976179516623 -0.43882015392342827 0.8775110644645572 -0.0832 -0.09833715348330668 -0.8985678155197323 -0.4276747422480048 1.4034 0.0 0.0 0.0 1.0 
0.9777306716955849 -0.02401408903993489 -0.20848514851970276 -0.2171 0.17635496819379498 -0.44449719649236347 0.8782489211515121 -0.0799 -0.11376141181906105 -0.8954582993294615 -0.43036353858444226 1.3959 0.0 0.0 0.0 1.0 
0.9830658562026615 -0.046022587412560136 -0.17737937821624344 -0.2299 0.1381633715184733 -0.4497340256818729 0.8824115756916524 -0.0779 -0.12038440571426268 -0.8919760241126606 -0.43575952917749733 1.3878 0.0 0.0 0.0 1.0 
0.9896128729967202 -0.08085097233049787 -0.1188674971234379 -0.2443 0.07068226902618935 -0.44635951000683577 0.8920578482765381 -0.0772 -0.12518138217996655 -0.8911937545223657 -0.43600838690997973 1.3763 0.0 0.0 0.0 1.0 
0.9908067479645898 -0.11622176100634594 -0.06924225918049004 -0.2543 0.01220793792954937 -0.4329270637106387 0.9013462840431492 -0.0778 -0.13473290035972144 -0.893905285684937 -0.4275282280565683 1.3674 0.0 0.0 0.0 1.0 
0.9870000001800081 -0.16015266944416812 -0.01349526267141965 -0.2633 -0.05906104507661982 -0.43951163906702645 0.8962930949634015 -0.0801 -0.14947505677911976 -0.8838442405732599 -0.4432567718674539 1.3564 0.0 0.0 0.0 1.0 
0.9673263018864868 -0.2374128798215782 0.0889660057181297 -0.2743 -0.18866731939197148 -0.439652892269425 0.8781286790172481 -0.0839 -0.16936489681176925 -0.8662219454700707 -0.47007985801774615 1.3419 0.0 0.0 0.0 1.0 
0.9432482708586738 -0.2921207559815018 0.15794987637512709 -0.2833 -0.27292681779099837 -0.4109442445253648 0.8698481361835274 -0.0884 -0.1891921025111809 -0.8635915074942974 -0.4673500364086063 1.3314 0.0 0.0 0.0 1.0 
0.9164268953840273 -0.3454060750164218 0.20212963354872723 -0.2934 -0.33870106834246233 -0.4003663415824333 0.8514624940838984 -0.093 -0.2131744161959108 -0.8487646528158721 -0.4838958900526891 1.3206 0.0 0.0 0.0 1.0 
0.8763978611061418 -0.40776055987415677 0.25623839458538206 -0.3076 -0.4213510658403585 -0.39156807298718843 0.8180083884241615 -0.0986 -0.2332167840524639 -0.8248671226495902 -0.5149797681540627 1.3077 0.0 0.0 0.0 1.0 
0.8534992909688381 -0.4366256852228019 0.2844239288797788 -0.32 -0.4597426529260664 -0.3740027186927364 0.8054555602210121 -0.1018 -0.24530726323570834 -0.8182175611743865 -0.5199465060846609 1.2994 0.0 0.0 0.0 1.0 
0.8352197795571137 -0.4621058649317051 0.2981041586967331 -0.3344 -0.4844904485103075 -0.36190436207766963 0.796425914954703 -0.1037 -0.260147890898326 -0.8096192946718079 -0.5261555592752745 1.2925 0.0 0.0 0.0 1.0 
0.8246622720773554 -0.4745327909457211 0.3078161258437867 -0.3551 -0.5002426893149895 -0.35788843967014394 0.7884625016685171 -0.1035 -0.2639874784892652 -0.8041980446803721 -0.5325186533194358 1.2861 0.0 0.0 0.0 1.0 
0.8162322709271477 -0.47480575778449385 0.3291266811910031 -0.3711 -0.517961321099269 -0.3490954403542561 0.7809279373725646 -0.1021 -0.2558924573765542 -0.8078934743507715 -0.530873981618263 1.2837 0.0 0.0 0.0 1.0 
0.8034032201520277 -0.4829209374513376 0.34832547139202097 -0.3879 -0.5421773692275053 -0.3514826596315309 0.7632192609439875 -0.1003 -0.24614419787371322 -0.8020269996387069 -0.5442111039878178 1.2834 0.0 0.0 0.0 1.0 
0.7975462783500266 -0.4790449655831133 0.3666549533819167 -0.4105 -0.5580154453554766 -0.35489541750759945 0.7501119952226039 -0.0957 -0.22921321217318796 -0.8028481572387025 -0.5503600092518249 1.2867 0.0 0.0 0.0 1.0 
0.7975648475383392 -0.468632720429279 0.3798337627360142 -0.4272 -0.5624234461613941 -0.3500236281060609 0.7491083546292961 -0.0908 -0.2181058944161918 -0.8110899044560492 -0.5427365711930512 1.2912 0.0 0.0 0.0 1.0 
0.79793233686125 -0.46477346024677946 0.3837832935933769 -0.4439 -0.5643182360167593 -0.35233816172487875 0.7465940987519701 -0.0852 -0.2117756225113691 -0.8123074851572949 -0.5434221519843975 1.2961 0.0 0.0 0.0 1.0 
0.798926020286728 -0.46233810599869357 0.384656586906232 -0.4656 -0.5648902078955591 -0.3573187469223288 0.7437891946792241 -0.0757 -0.20643707790153137 -0.8115212805832004 -0.5466415132681376 1.3022 0.0 0.0 0.0 1.0 
0.799396071290352 -0.46379547276770244 0.3819158030845723 -0.4816 -0.5648975560118473 -0.36375603132950796 0.7406566686955892 -0.0673 -0.20458903298415645 -0.8078213348950306 -0.5527820714088133 1.3061 0.0 0.0 0.0 1.0 
0.8003579193836092 -0.46924470982117106 0.37314421231580785 -0.4962 -0.562887225294383 -0.3739208566385379 0.7371167916762527 -0.059 -0.20636175149559652 -0.7999953720338302 -0.563402371528664 1.3105 0.0 0.0 0.0 1.0 
0.7971856167791509 -0.47630405988821184 0.37098454810739956 -0.5152 -0.5652229002255352 -0.3728530246028272 0.7358693464910454 -0.0471 -0.2121748464382132 -0.7963134210714587 -0.5664510305051889 1.317 0.0 0.0 0.0 1.0 
0.7930903363371146 -0.4839900850392191 0.36981254169161454 -0.5288 -0.5692901146191474 -0.3730882130140426 0.7326076376252889 -0.0375 -0.21660213250473942 -0.7915546619745967 -0.5714234273292279 1.3219 0.0 0.0 0.0 1.0 
0.7886076175962939 -0.49152704246984397 0.3694579705324349 -0.5421 -0.5746696227104003 -0.3753908859140662 0.727211459966452 -0.0276 -0.2187529433013038 -0.785800769466091 -0.5785017722561581 1.3271 0.0 0.0 0.0 1.0 
0.7843806761438165 -0.4952145775977552 0.37350967460943585 -0.5584 -0.5804797659769085 -0.37382189845497404 0.7233950715389988 -0.0141 -0.21860968913468426 -0.7842319238402607 -0.5806807155797761 1.3343 0.0 0.0 0.0 1.0 
0.7816133940895097 -0.49843991611745647 0.37501753585759157 -0.5698 -0.5829202436899761 -0.3697024736663165 0.7235496323414349 -0.0034 -0.2220011073762831 -0.7841413973167274 -0.5795151226136163 1.3391 0.0 0.0 0.0 1.0 
0.7773819316260382 -0.5108178167649892 0.3670728680477756 -0.5799 -0.5825198636912555 -0.3643984814177746 0.7265565051291887 0.0072 -0.23737721202021622 -0.7786391364527407 -0.5808383203591507 1.344 0.0 0.0 0.0 1.0 
0.7707013226333457 -0.5315149482184577 0.3514417890797019 -0.5923 -0.577154085143888 -0.34857312401089774 0.738505205952541 0.0216 -0.27002339397343555 -0.7720030032568614 -0.5754117913889611 1.3506 0.0 0.0 0.0 1.0 
0.7649227499948476 -0.5473380978660359 0.33957943572117183 -0.5999 -0.5756051871128326 -0.3442357761615523 0.7417414637050125 0.0318 -0.2890879712286913 -0.7628386048403969 -0.5783644247842669 1.3556 0.0 0.0 0.0 1.0 
0.760152843219508 -0.5603033896026575 0.3289798877516231 -0.6069 -0.5752505862167798 -0.3449557706498493 0.7416820608270228 0.0429 -0.30208346198120317 -0.7530376005852172 -0.5845339631726371 1.36 0.0 0.0 0.0 1.0 
0.753795092779801 -0.5636362650912263 0.33779745229220354 -0.6148 -0.5830087627117839 -0.3365059364508845 0.7395028988006656 0.0568 -0.30313980388983136 -0.7543725309204501 -0.5822614051182753 1.3667 0.0 0.0 0.0 1.0 
0.7459143732852501 -0.5633013028995781 0.3553918821218494 -0.6207 -0.5957756073595368 -0.32575099321436596 0.7341237743699828 0.0666 -0.2977636200106519 -0.7593272894947817 -0.5785835238119562 1.3715 0.0 0.0 0.0 1.0 
0.7405701651909009 -0.5588513541087536 0.37315009639545027 -0.6254 -0.6072428271256125 -0.3187581387238691 0.7277701545830165 0.0767 -0.2877707061770097 -0.7655575830779203 -0.5754212436626565 1.3764 0.0 0.0 0.0 1.0 
0.7289867603496889 -0.563632441766609 0.38845433943138746 -0.6313 -0.6245520186274613 -0.31535961690712266 0.7144809920862528 0.0902 -0.28020185449641216 -0.7634571255888593 -0.5819107647435029 1.3827 0.0 0.0 0.0 1.0 
0.7173937573034884 -0.566856706529906 0.4049934212355197 -0.6354 -0.6407489811864734 -0.30867094958000496 0.7029672737715988 0.1012 -0.2734720097020526 -0.763803455836281 -0.5846514694773927 1.3869 0.0 0.0 0.0 1.0 
0.7051561967475519 -0.5701849621759211 0.4214781691819535 -0.6392 -0.6584485900000517 -0.30605045961914334 0.687588954604315 0.1117 -0.26305929467607053 -0.7623793183680645 -0.5912508625018433 1.3909 0.0 0.0 0.0 1.0 
0.685911177807135 -0.5764107154977769 0.4441582411917739 -0.6436 -0.6815049098545749 -0.2948650963414144 0.6697802869625802 0.1258 -0.25510177185456157 -0.7621058076270706 -0.5950779982302773 1.3957 0.0 0.0 0.0 1.0 
0.6676284739720403 -0.5799121576993197 0.4668769753310651 -0.6464 -0.7030606911359204 -0.2848079673743281 0.651605775219638 0.136 -0.24490382871904315 -0.7632734182929619 -0.5978593510234079 1.3994 0.0 0.0 0.0 1.0 
0.6447726487442402 -0.5910548474533711 0.4846879395376048 -0.6496 -0.7278932027703385 -0.2812205706233941 0.6253690718439724 0.1458 -0.2333232024297529 -0.7560219295497486 -0.6115481381279806 1.4027 0.0 0.0 0.0 1.0 
0.6158667663593826 -0.6058557366851458 0.5036337482930797 -0.6544 -0.7552431654006022 -0.271995898820847 0.5963438539469644 0.1591 -0.22431203090720878 -0.7476343072320445 -0.625081639020012 1.4066 0.0 0.0 0.0 1.0 
0.6042254677445018 -0.6055712047323991 0.51787556432785 -0.6585 -0.7685922570724042 -0.27150185731823995 0.5792690944984842 0.1688 -0.21018450584495005 -0.7480442884426677 -0.629485675794944 1.4092 0.0 0.0 0.0 1.0 
0.5932402758171392 -0.605099462452522 0.530961971979231 -0.663 -0.780306474198395 -0.27003022768367224 0.5640970505694687 0.1786 -0.1979590398857153 -0.7489581541560071 -0.6323558348356981 1.4116 0.0 0.0 0.0 1.0 
0.5783877748116115 -0.6042309796822121 0.5480625011262371 -0.6691 -0.7945464862791267 -0.2650430932078755 0.5463039812085344 0.1918 -0.1848336092001829 -0.7514366785931303 -0.6333872867171857 1.4148 0.0 0.0 0.0 1.0 
0.5702739678286045 -0.6021286024789144 0.5587743262658094 -0.6738 -0.802707432188066 -0.26397811845493335 0.5347675488350377 0.2024 -0.1744946415425445 -0.7534963165495784 -0.6338729533740622 1.417 0.0 0.0 0.0 1.0 
0.5636500922582354 -0.6033189684297962 0.5641850723212104 -0.6789 -0.8085398286341767 -0.26323356142329046 0.5262807593410831 0.2133 -0.16900271894114327 -0.7528043002488877 -0.6361790365276772 1.4188 0.0 0.0 0.0 1.0 
0.5582107474800342 -0.6043752220907976 0.5684464375123487 -0.686 -0.8149340340141222 -0.27070238749563846 0.5124477901304977 0.2286 -0.155830939172075 -0.7493002124161318 -0.6436349198652052 1.4211 0.0 0.0 0.0 1.0 
0.5536111517187887 -0.6005765461303008 0.5769077091968826 -0.6904 -0.8200432954626209 -0.2724729994389506 0.503276721241452 0.2403 -0.14506442106664494 -0.751708904307339 -0.6433428610979208 1.4229 0.0 0.0 0.0 1.0 
0.5500576047360973 -0.5994300901847244 0.5814810387735099 -0.6947 -0.8239344323733154 -0.2759130969125665 0.49497880166910035 0.2525 -0.13626695352010038 -0.7513691036589469 -0.6456591883068813 1.4244 0.0 0.0 0.0 1.0 
0.5490816534724945 -0.5986382495389864 0.5832165841338961 -0.6998 -0.8268891225589716 -0.28766283669286496 0.4832230037772086 0.2698 -0.12150603611987956 -0.7475843354262531 -0.6529578429054376 1.4264 0.0 0.0 0.0 1.0 
0.5460524072204864 -0.5967992266636238 0.587926399834548 -0.7027 -0.8309927793736164 -0.2968981038717722 0.4704280142022354 0.2828 -0.10619684174976363 -0.7454409426447188 -0.6580577724116089 1.4281 0.0 0.0 0.0 1.0 
0.5428254202373847 -0.5968147163262332 0.5908914938637587 -0.7047 -0.834981854778363 -0.3079013511902463 0.45607242859671443 0.296 -0.09025444772968994 -0.7409513832308152 -0.6654661391486046 1.4298 0.0 0.0 0.0 1.0 
0.5389866106484642 -0.6006643821673536 0.5905046431123061 -0.706 -0.8383969481503535 -0.31503667919674344 0.44479483820393156 0.3136 -0.08114179486463347 -0.7348157529314403 -0.6733957368219272 1.4322 0.0 0.0 0.0 1.0 
0.535089659694594 -0.6033679864122702 0.5912919152675156 -0.7064 -0.8412092558040464 -0.31612634585735466 0.43866971790229503 0.3262 -0.07775631188223009 -0.7321278620757984 -0.676714673651159 1.4348 0.0 0.0 0.0 1.0 
0.5299802657445326 -0.6005268462051904 0.5987390290503884 -0.706 -0.8447322045141451 -0.31184185040895696 0.4349507592707361 0.3383 -0.07448772098827278 -0.7362894589224845 -0.6725543934148434 1.4377 0.0 0.0 0.0 1.0 
0.5258317166666638 -0.6002124561441594 0.6026989407961364 -0.7053 -0.847250396054127 -0.3068791538760517 0.43358038620588385 0.3541 -0.0752846075470559 -0.7386272350825644 -0.6698970334766171 1.4411 0.0 0.0 0.0 1.0 
0.5250955555969097 -0.5997174528017795 0.6038324554852268 -0.7045 -0.8475575378753271 -0.3043599943174174 0.4347541993469589 0.3661 -0.0769472383070795 -0.7400702471144528 -0.6681131280351154 1.4433 0.0 0.0 0.0 1.0 
0.5271636098012256 -0.6038162936711498 0.5979167266422452 -0.7037 -0.8463719415667361 -0.31028628557153415 0.4328706013519211 0.3783 -0.07584896195660612 -0.7342535696089304 -0.6746248071977852 1.4448 0.0 0.0 0.0 1.0 
0.5290904546835103 -0.6005026700716392 0.5995496926857926 -0.7019 -0.8457196510726801 -0.3153487067751882 0.4304805046976235 0.3937 -0.06943747224878355 -0.7348140828618137 -0.6747048992527407 1.4472 0.0 0.0 0.0 1.0 
0.5309664140607178 -0.5935870939678911 0.6047553464122963 -0.7004 -0.844680753009724 -0.313691961168211 0.43371854813158184 0.4044 -0.06774284194236452 -0.7411151836072417 -0.6679514892508109 1.4489 0.0 0.0 0.0 1.0 
0.5347336323572669 -0.5872062142945841 0.6076584602552867 -0.6988 -0.8425568565152374 -0.31563050877648074 0.4364347894802397 0.4143 -0.06448167154443629 -0.7453631623734315 -0.6635328704830774 1.4501 0.0 0.0 0.0 1.0 
0.536552255594643 -0.584222303490631 0.6089301906790316 -0.6969 -0.8417724545303485 -0.3197305428960576 0.4349615094848559 0.4257 -0.05942063454939778 -0.7459602402564719 -0.6633343863740622 1.4507 0.0 0.0 0.0 1.0 
0.5411815001347802 -0.5740380777217589 0.614493994468113 -0.6954 -0.8390528575092557 -0.32013477551678265 0.4398909271744216 0.434 -0.0557932452669867 -0.7536537738446796 -0.6548993074910452 1.4505 0.0 0.0 0.0 1.0 
0.5473329002369343 -0.5660337976609854 0.6164677089870231 -0.6937 -0.8354487345781917 -0.32594809862016455 0.4424740092904869 0.442 -0.04951876623992735 -0.7572077501659518 -0.6512943381288474 1.4498 0.0 0.0 0.0 1.0 
0.5479727538177099 -0.5581461172050238 0.6230559950136032 -0.6893 -0.8356142568507331 -0.3310516348164374 0.4383533150703451 0.4538 -0.03840149503902818 -0.7608401454539053 -0.6478021289286162 1.4483 0.0 0.0 0.0 1.0 
0.5469515525108244 -0.5594362452897157 0.6227961838853417 -0.6851 -0.8367753884133144 -0.342658975987468 0.42707350130974775 0.4623 -0.025513693416403804 -0.7547290332505867 -0.6555403403429028 1.4467 0.0 0.0 0.0 1.0 
0.5466768172549924 -0.56395057633827 0.618954121824619 -0.6808 -0.8371001163469891 -0.35025147384618616 0.42022291736699957 0.4701 -0.020195363027423974 -0.7478526943966357 -0.6635574540278204 1.4453 0.0 0.0 0.0 1.0 
0.54727747419966 -0.5600566359144443 0.6219517109887518 -0.6746 -0.8368098362950225 -0.3524967457629816 0.41892164196470605 0.4784 -0.015383891365255142 -0.7497216875579252 -0.6615744305002714 1.4448 0.0 0.0 0.0 1.0 
0.5443540338044084 -0.569576952403333 0.6158415227733514 -0.6701 -0.8387407220373644 -0.35741344526470786 0.4108158107233123 0.4827 -0.013881177079401119 -0.7401606071893742 -0.6722868349803878 1.4441 0.0 0.0 0.0 1.0 
0.5436165741978896 -0.5678297260424652 0.6181022750968397 -0.6661 -0.8392492159527545 -0.3572859403086134 0.4098871922620624 0.4858 -0.011906879525614478 -0.7415633210187305 -0.6707772112554462 1.4446 0.0 0.0 0.0 1.0 
0.5454383832403895 -0.5595673494000604 0.6240042881050585 -0.6605 -0.8380521722782208 -0.3526751605414334 0.41627969885262195 0.4875 -0.01286571521002261 -0.7500030750753394 -0.661309202075451 1.446 0.0 0.0 0.0 1.0 
0.5452485067035615 -0.5559739071953438 0.6273731588580114 -0.6568 -0.8382660217736149 -0.3582673452663192 0.4110408569177296 0.4867 -0.003760675122067847 -0.7500250154719957 -0.6613987704016837 1.4469 0.0 0.0 0.0 1.0 
0.5400145062354551 -0.5481011034567649 0.6387249121842318 -0.6519 -0.8416188947567078 -0.35874956754413123 0.40370333634414834 0.4851 0.007872041906351157 -0.7555686124875595 -0.6550222154857415 1.4475 0.0 0.0 0.0 1.0 
0.5325200184914213 -0.549639221506922 0.6436762820604476 -0.645 -0.8462091196415237 -0.3625880398771416 0.3904613158477668 0.4814 0.018776467756568938 -0.752613207111938 -0.6581951114519687 1.4476 0.0 0.0 0.0 1.0 
0.5281624554816584 -0.5496380754457604 0.6472576045438678 -0.6392 -0.8488546150342191 -0.36163162800850807 0.38557542473428463 0.4775 0.022141886881952177 -0.7530740678340988 -0.6575630655694633 1.4467 0.0 0.0 0.0 1.0 
0.5188980217310535 -0.55966145311414 0.6461608940053312 -0.6334 -0.8546533982855291 -0.35527931277008445 0.37860821269039246 0.4721 0.017675175885864924 -0.7487026564770463 -0.6626702953517819 1.4453 0.0 0.0 0.0 1.0 
0.5110264447928935 -0.5694748619647458 0.6438558490163533 -0.6272 -0.8594840049630819 -0.3488129117653108 0.37365331230758053 0.4633 0.011799065003491038 -0.7443305275051124 -0.667707157284542 1.4426 0.0 0.0 0.0 1.0 
0.5048335170782805 -0.5718767133903819 0.6466066383174462 -0.6227 -0.8631412636152507 -0.34432503106164597 0.3693608425768292 0.4558 0.011413986115381858 -0.7445786040883876 -0.6674372054768496 1.4397 0.0 0.0 0.0 1.0 
0.49632559743862414 -0.5807204844598848 0.6453097087878572 -0.619 -0.868055297554168 -0.34213854802342836 0.35975160089228875 0.4467 0.011870202834709909 -0.7387184395188038 -0.6739096121881375 1.4358 0.0 0.0 0.0 1.0 
0.4816527501640028 -0.5862551269023006 0.65139508321772 -0.614 -0.8763080539517951 -0.3304477942502776 0.3505544891373441 0.4331 0.009737701919386776 -0.7396682915036267 -0.6729011782612923 1.4299 0.0 0.0 0.0 1.0 
0.4673931347908314 -0.5973342523228901 0.6517173072370057 -0.6103 -0.8840364352400697 -0.31982317490592954 0.3408705296166292 0.4212 0.004820655394225493 -0.7354623904693871 -0.6775483993683588 1.4241 0.0 0.0 0.0 1.0 
0.4516737625217437 -0.6153672358620309 0.6459984344230065 -0.6068 -0.892167312163935 -0.3072109909140797 0.3311478433687427 0.4097 -0.005319713867459941 -0.7259094792666045 -0.6877696769669739 1.4172 0.0 0.0 0.0 1.0 
0.4404366974328671 -0.6322738667069785 0.6373737310509708 -0.6041 -0.8976691176927909 -0.29880211023656006 0.3238942019530841 0.3949 -0.014341223625467747 -0.7148056074189575 -0.6991761386856247 1.408 0.0 0.0 0.0 1.0 
0.427062878608 -0.6342425323894545 0.6444794083780028 -0.6022 -0.904198029794089 -0.2943619468753175 0.3094785406910481 0.3831 -0.0065742399968813925 -0.7149038077531722 -0.6991919085833866 1.4014 0.0 0.0 0.0 1.0 
0.408603455651291 -0.6509593850699166 0.639761748637115 -0.601 -0.9127094023621348 -0.28974500848968926 0.2881134791971114 0.3714 -0.0021823999582665232 -0.7016407264723917 -0.7125275630357861 1.3942 0.0 0.0 0.0 1.0 
0.39430513502364245 -0.6743462414788628 0.6243241202270808 -0.5999 -0.9188699253093853 -0.2788117491024114 0.2791810683488025 0.3572 -0.014195804165731907 -0.6837551865732246 -0.7295733849163515 1.3844 0.0 0.0 0.0 1.0 
0.38462167856689944 -0.6922207477753177 0.6106526023245629 -0.6001 -0.9224402016489757 -0.26371623460976756 0.28205996168375863 0.3475 -0.03420875265451934 -0.6717768855450641 -0.73996322698442 1.3778 0.0 0.0 0.0 1.0 
0.375622408595392 -0.7066028744917838 0.5996834030727753 -0.6008 -0.9253760270995546 -0.2504436050898622 0.28452980360418745 0.3388 -0.0508627037271987 -0.6618084152000044 -0.7479455908954993 1.3717 0.0 0.0 0.0 1.0 
0.3616413646129512 -0.7213589931874717 0.5906409453707389 -0.6033 -0.9302256374728198 -0.23677142715167293 0.28039178781277907 0.3277 -0.06241623818501835 -0.6508306186959227 -0.7566529713010541 1.3639 0.0 0.0 0.0 1.0 
0.3576044000413946 -0.7278410906702514 0.5851208762324014 -0.606 -0.9314603313706603 -0.23297893915258205 0.27946818243620725 0.3207 -0.06708758569134782 -0.6449559369780826 -0.761269397258835 1.3586 0.0 0.0 0.0 1.0 
0.3583641259848447 -0.7291415755463305 0.5830332031856618 -0.6096 -0.9315519670355051 -0.23811844101423377 0.27479181349019827 0.3145 -0.0615311784333718 -0.64160125534382 -0.7645663759424913 1.3532 0.0 0.0 0.0 1.0 
0.35725072609680225 -0.7336240003747788 0.5780724390397917 -0.6147 -0.9325037331657559 -0.2450348557963326 0.2653200088135059 0.3065 -0.05299722950528618 -0.6338404732414746 -0.7716459992417424 1.3455 0.0 0.0 0.0 1.0 
0.36564423287324477 -0.7346845213142603 0.5714393660816277 -0.6188 -0.9296425157348105 -0.258269078896755 0.2627962629568285 0.3009 -0.04548722793036647 -0.6273242678448347 -0.7774285658940975 1.3397 0.0 0.0 0.0 1.0 
0.37727031331917216 -0.7350513755767298 0.5633529852151413 -0.6236 -0.925332548577986 -0.274380787733178 0.2616770105780981 0.2952 -0.03777281072706967 -0.6200118213273665 -0.783682688455027 1.3335 0.0 0.0 0.0 1.0 
0.390382691139314 -0.7310257724497733 0.5596451326269525 -0.6299 -0.9203541865542977 -0.2943970276941428 0.2574462300691761 0.2877 -0.02344196559173234 -0.6155742929160269 -0.7877301340878928 1.3249 0.0 0.0 0.0 1.0 
0.4038974726773258 -0.7281948537336483 0.5537139031672396 -0.635 -0.9147364163637591 -0.31411184952475224 0.25414766291690893 0.2818 -0.011140921993095854 -0.6091518702129787 -0.7929753330798971 1.3179 0.0 0.0 0.0 1.0 
0.41829441137009626 -0.7294657393680813 0.5412111607355522 -0.6406 -0.9082978317370106 -0.3326584812092699 0.2536402644324978 0.2761 -0.004983400283972816 -0.5976772289185199 -0.801721332979165 1.3106 0.0 0.0 0.0 1.0 
0.44061427807878684 -0.7280165729921488 0.525215124879203 -0.649 -0.897694675321512 -0.35851886682158174 0.2561415468688635 0.2675 0.0018242402568695582 -0.5843424437619915 -0.8115051328030829 1.3013 0.0 0.0 0.0 1.0 
0.4600192653901243 -0.7271088239536849 0.5096028194570941 -0.6557 -0.8878815596015819 -0.3812050294018454 0.25758311605810025 0.2607 0.006972201187074034 -0.5709601419428744 -0.8209481742005276 1.2948 0.0 0.0 0.0 1.0 
0.4768073534643612 -0.7270464445890099 0.4940224844000434 -0.6622 -0.8789491607719786 -0.40084421617963384 0.2584033419551095 0.2532 0.010154824496070247 -0.5574292616698683 -0.8301623321818686 1.289 0.0 0.0 0.0 1.0 
0.5004551618343968 -0.7205915525875468 0.47988795081016256 -0.6707 -0.8657261488728893 -0.4215977965355303 0.2697657004033348 0.243 0.00792881775700946 -0.5504571847981048 -0.8348257432261668 1.283 0.0 0.0 0.0 1.0 
0.5198062588582609 -0.7112829998520266 0.4731574234578596 -0.6768 -0.8542256031957675 -0.43925037360087227 0.2781325729509597 0.2348 0.010003604180769649 -0.5487582376721061 -0.8359212429950554 1.2796 0.0 0.0 0.0 1.0 
0.5369271845839754 -0.6991709073920767 0.4720902887279784 -0.6825 -0.8434593599828648 -0.4561059296225741 0.28380220052075655 0.2262 0.016896937948098573 -0.5505700892889731 -0.8346179187318653 1.2775 0.0 0.0 0.0 1.0 
0.5597711589883818 -0.6820516569312868 0.4705972660801272 -0.6892 -0.8282089377757372 -0.47896744938714164 0.2909641521149313 0.2137 0.026948190165364677 -0.5526262025138351 -0.8329934425563918 1.2758 0.0 0.0 0.0 1.0 
0.5765723778090075 -0.6657495067146969 0.47364742948400373 -0.6936 -0.8163383096240625 -0.4935227095036681 0.30004516234108136 0.2033 0.03400084392768701 -0.559654294643841 -0.8280283890658031 1.2754 0.0 0.0 0.0 1.0 
0.5953082953659763 -0.6494847403089578 0.4730513773093376 -0.6976 -0.8026400198551688 -0.5078775726322111 0.3127768689403157 0.1923 0.03710838173984071 -0.5658886315548484 -0.8236461768755023 1.2751 0.0 0.0 0.0 1.0 
0.6251660709662978 -0.6287490336257343 0.46243057471069876 -0.702 -0.7795567218016776 -0.5320113219371922 0.3305378508196348 0.1767 0.038192947076441885 -0.5671319123848935 -0.8227409633343108 1.2745 0.0 0.0 0.0 1.0 
0.6448558765747342 -0.6140481209029868 0.4550887865708647 -0.7044 -0.763285625130052 -0.5481219030021821 0.3419904003317811 0.1634 0.03944556903958593 -0.5678972483335143 -0.8221537340536537 1.2739 0.0 0.0 0.0 1.0 
0.6598991453900525 -0.6038290015294413 0.4471282308526673 -0.7056 -0.7503868104076094 -0.559836246510726 0.3514299529907428 0.1492 0.03811499284759998 -0.5674274526357879 -0.8225407791200918 1.2739 0.0 0.0 0.0 1.0 
0.6764407163325744 -0.5948428122854416 0.4342694854117894 -0.7054 -0.7356615153726028 -0.5737968489603164 0.35994348295655715 0.1287 0.03507266866320746 -0.5629557751684928 -0.825742516234499 1.2737 0.0 0.0 0.0 1.0 
0.6857747311957268 -0.5881482953432028 0.4287127251882239 -0.7043 -0.7269154396802305 -0.5827511234628283 0.36331126001998443 0.1122 0.0361519239865033 -0.5607875808072932 -0.8271700717533111 1.2743 0.0 0.0 0.0 1.0 
0.6909201439117822 -0.5819136864082168 0.4289589914056141 -0.7019 -0.7219825921243532 -0.5858022995063425 0.368207553646692 0.0952 0.037020148653432366 -0.564102940485051 -0.8248741607844174 1.2753 0.0 0.0 0.0 1.0 
0.6982029966730057 -0.5757848214760571 0.42542263079744547 -0.6975 -0.715062665088866 -0.5896250191439629 0.3755365785053294 0.0727 0.03461156501579843 -0.5664046046398865 -0.8234001842420797 1.2774 0.0 0.0 0.0 1.0 
0.7072229862151735 -0.5695005246273841 0.41893293045310576 -0.6939 -0.7064008741272816 -0.5934093819267854 0.38582782490831713 0.0564 0.02886958262782538 -0.5688008947693428 -0.8219684235470912 1.2793 0.0 0.0 0.0 1.0 
0.7213570728259115 -0.5525843398737618 0.4174859528299263 -0.6884 -0.6921567281097871 -0.5958738471151945 0.40725105531660943 0.0352 0.02372840526429934 -0.5827391403110114 -0.8123127828202612 1.2835 0.0 0.0 0.0 1.0 
0.7343141729132531 -0.537624869012574 0.41441789980397575 -0.6841 -0.678538393085234 -0.59861361463193 0.4257315932446215 0.0198 0.019192304917176883 -0.5938191985752128 -0.8043695760255097 1.2871 0.0 0.0 0.0 1.0 
0.7486215587517252 -0.5237920348408143 0.4064574590402501 -0.6792 -0.662805502553349 -0.6060219248641049 0.43980256066672446 0.0047 0.015957053523121184 -0.5986479189150538 -0.8008533209155942 1.2905 0.0 0.0 0.0 1.0 
0.7649222299946609 -0.5047009487918751 0.40021361089869983 -0.6726 -0.643824236694892 -0.617986316074309 0.45120202281144944 -0.0151 0.019604446032332634 -0.6028016800187977 -0.7976501741128627 1.2959 0.0 0.0 0.0 1.0 
0.7766723924160238 -0.48662564821476395 0.39996934052290867 -0.667 -0.6295009317006641 -0.6223574515585811 0.4651878969593941 -0.0295 0.022551537569875824 -0.6130796693653027 -0.7896991497805766 1.3004 0.0 0.0 0.0 1.0 
0.7865069359117438 -0.471637038223345 0.3987045822894828 -0.6606 -0.6170901202993024 -0.6259116184464784 0.4769008590081406 -0.0434 0.024629721714068825 -0.6211224920010713 -0.7833263858307509 1.3039 0.0 0.0 0.0 1.0 
0.7974685088554611 -0.4599883577994439 0.390454463507357 -0.6511 -0.6026112644075181 -0.6394582501874361 0.47744403889502546 -0.0614 0.030060628619832053 -0.6160388437072724 -0.7871419831585579 1.3081 0.0 0.0 0.0 1.0 
0.8029787514129858 -0.4501523781976926 0.39062509031320986 -0.6429 -0.5952638387737728 -0.6384501982185578 0.4878957948609475 -0.0742 0.029767213970301742 -0.624294946958283 -0.7806213756840128 1.3112 0.0 0.0 0.0 1.0 
0.8076448411580527 -0.44050346899401893 0.39200319431736624 -0.634 -0.588933063958809 -0.635793898928232 0.49892280391031063 -0.0868 0.029456013424645155 -0.6338160710252401 -0.7729227201882828 1.3141 0.0 0.0 0.0 1.0 
0.8172472771435915 -0.429901675082513 0.38378566643718637 -0.6212 -0.5754930632149847 -0.6437630360307744 0.5043578963710922 -0.1023 0.030242721319672178 -0.6330511063110855 -0.7735190201963307 1.317 0.0 0.0 0.0 1.0 
0.8241926855718071 -0.4225922290956642 0.3769910144259281 -0.6112 -0.5657397394992012 -0.6442646659635727 0.514647051232417 -0.1133 0.025396145402571374 -0.6374471335717213 -0.7700754428625078 1.319 0.0 0.0 0.0 1.0 
0.830998806976434 -0.41547084675396506 0.36989857839857426 -0.6004 -0.5560217733499996 -0.6404058831831991 0.5298302486127686 -0.124 0.016756203760537935 -0.6459599680180574 -0.7631873618932936 1.3209 0.0 0.0 0.0 1.0 
0.8393040909602028 -0.4078433139391122 0.359489185056561 -0.5851 -0.5435394694486775 -0.6435373837045146 0.5389104572433147 -0.1378 0.011553702822811679 -0.647706312343728 -0.7618024973056805 1.3232 0.0 0.0 0.0 1.0 
0.8437312975090144 -0.4039371465307325 0.3534858968280975 -0.5728 -0.5366844063986229 -0.6463106900676067 0.5424503109344594 -0.148 0.009345883174560393 -0.6473926733883721 -0.7620993248328879 1.3249 0.0 0.0 0.0 1.0 
0.84528912622298 -0.4019868761182741 0.3519841537880113 -0.5598 -0.5342307507126931 -0.6471453204892674 0.5438753893694728 -0.1583 0.00915412924004183 -0.647772711371446 -0.7617786531009791 1.3267 0.0 0.0 0.0 1.0 
0.8456421792780893 -0.3975134415793562 0.35619147714331967 -0.5417 -0.5335250573488918 -0.6489130937647205 0.5424599615838581 -0.1721 0.01550218715749252 -0.6487641023549584 -0.7608316644888666 1.3297 0.0 0.0 0.0 1.0 
0.8451203728669351 -0.3943787581758002 0.3608835691257867 -0.528 -0.5342483753391423 -0.6467311973031703 0.5443504678810287 -0.1827 0.018714401212425513 -0.6528431308779481 -0.7572619214332245 1.3333 0.0 0.0 0.0 1.0 
0.8456370263993371 -0.3939433352884175 0.3601481197567522 -0.5143 -0.5335325716021069 -0.643488206972076 0.548876964835932 -0.1928 0.015524645636186413 -0.6563014368944347 -0.754339054608848 1.337 0.0 0.0 0.0 1.0 
0.8502533145564419 -0.392810914940512 0.35038391257216994 -0.4957 -0.5262860365009531 -0.6465531657607928 0.5522608184805565 -0.2059 0.009607750512045904 -0.6539637520140505 -0.7564648717434297 1.3431 0.0 0.0 0.0 1.0 
0.8526097519390928 -0.3868996161563334 0.35123396463958345 -0.4812 -0.5224893789252477 -0.641293418658592 0.5619142284152312 -0.2157 0.007839630646094303 -0.6626095669421455 -0.7489239627546144 1.3496 0.0 0.0 0.0 1.0 
0.8548254731124906 -0.38035207745352806 0.3529953366473736 -0.4663 -0.5188896310146259 -0.63334103235732 0.5741364711965875 -0.2252 0.005192431368107597 -0.6739521006045979 -0.7387567967519068 1.3572 0.0 0.0 0.0 1.0 
0.8600476587511987 -0.3751177755175189 0.3458390943305429 -0.446 -0.5101953527248139 -0.6380480049959718 0.576710885434516 -0.2376 0.004327439726282245 -0.6724443455122877 -0.7401350386611667 1.3682 0.0 0.0 0.0 1.0 
0.8629742870167916 -0.3671507534672248 0.3470961022199891 -0.4298 -0.5051619233656492 -0.6396634217917803 0.5793463023124845 -0.2461 0.009317249024148488 -0.6753006967641006 -0.7374836661381334 1.3786 0.0 0.0 0.0 1.0 
0.8667789557402146 -0.3533772382797613 0.3518789129113479 -0.4137 -0.4984531320494926 -0.6357721221905936 0.58935412427107 -0.2537 0.01545047041206879 -0.6862348986396987 -0.7272158873766499 1.3904 0.0 0.0 0.0 1.0 
0.8753425919742513 -0.3299457690917444 0.35342769576570676 -0.3924 -0.4825835625413269 -0.6412662549372895 0.5965657511487101 -0.2633 0.02980690927823515 -0.6927578074169649 -0.72055407043616 1.4072 0.0 0.0 0.0 1.0 
0.8815855073774441 -0.3132905031259089 0.35306664219828127 -0.3769 -0.47017602538077674 -0.6489605392687088 0.5981510876268653 -0.2706 0.04173126333085858 -0.6933248005972249 -0.719415889828428 1.4208 0.0 0.0 0.0 1.0 
0.8869634676944406 -0.2939330098456136 0.35622912949189245 -0.3614 -0.45881649228002125 -0.6489129399297645 0.6069591607378267 -0.277 0.0527563587381677 -0.7017944015983658 -0.7104233839745716 1.4351 0.0 0.0 0.0 1.0 
0.8932020921869762 -0.2768113876982374 0.3543521950734674 -0.3416 -0.44524977784337233 -0.6545195712314592 0.6110292678795465 -0.2853 0.06279058721843703 -0.7035478565922598 -0.7078684592784178 1.4544 0.0 0.0 0.0 1.0 
0.8992118553811932 -0.2662896243243953 0.34714244211718726 -0.3278 -0.432806351878232 -0.6574868248636061 0.616757437656515 -0.2911 0.06400547567019763 -0.7048410537901055 -0.7064717885211593 1.469 0.0 0.0 0.0 1.0 
0.9052154640830221 -0.25430345438605334 0.34046250406216483 -0.3149 -0.4200092750325591 -0.6572548325947034 0.6257861407202403 -0.2969 0.06463104882007775 -0.7094687012957153 -0.7017670478229852 1.4838 0.0 0.0 0.0 1.0 
0.9129761812692212 -0.23684203315925462 0.3322353740408456 -0.2992 -0.4023132723716831 -0.6581865866009768 0.6363445985408716 -0.3045 0.06795971827971325 -0.7146301620751432 -0.6961933697930458 1.5038 0.0 0.0 0.0 1.0 
0.9181891520258151 -0.22384334792858468 0.32683763046845926 -0.2883 -0.38906888952249113 -0.6647818600321472 0.6377228847845545 -0.3101 0.07452570233047218 -0.7127125887483124 -0.6974859751506325 1.5187 0.0 0.0 0.0 1.0 
0.9220371776924885 -0.20611776747285204 0.3276627975295298 -0.2782 -0.377619240561762 -0.6651269478060589 0.6442125832826884 -0.3152 0.08515369698626422 -0.7177197288874007 -0.6911058085817017 1.5337 0.0 0.0 0.0 1.0 
0.9261730094552199 -0.18473471724665425 0.32875011908812996 -0.2656 -0.3641794665093778 -0.6644119447391876 0.6526331924295878 -0.3223 0.09786149768732277 -0.7241752908872887 -0.682637001149736 1.554 0.0 0.0 0.0 1.0 
0.929767023711592 -0.17846613436065528 0.32199863432140874 -0.257 -0.35531841219315596 -0.6639048788562696 0.6580115027774031 -0.3277 0.09634369504551046 -0.7262094399807856 -0.6806891667330774 1.5688 0.0 0.0 0.0 1.0 
0.9342655227791077 -0.17442710911873022 0.3110034027961163 -0.2491 -0.34550627318688804 -0.6584789642462754 0.6686036709693269 -0.3331 0.08816659307690349 -0.7321069848387155 -0.675459854184967 1.5834 0.0 0.0 0.0 1.0 
0.9431646049009089 -0.16108971273391065 0.29067272406164807 -0.2386 -0.3237641099747329 -0.6426662329328036 0.6943751969506318 -0.3403 0.07494884358268576 -0.7490195040846839 -0.658295111136603 1.6018 0.0 0.0 0.0 1.0 
0.951013573732231 -0.1554851745810064 0.2672031868495677 -0.231 -0.3032500616466019 -0.6372218456777087 0.7085109169959396 -0.3459 0.060104764273584535 -0.7548328820849082 -0.6531575134950286 1.6142 0.0 0.0 0.0 1.0 
0.9591265603689656 -0.15234804948941924 0.23846658678222876 -0.2228 -0.2799278900118687 -0.6341897061071995 0.7207244917866791 -0.3512 0.041432084044855155 -0.7580194512573097 -0.6509146594810005 1.6246 0.0 0.0 0.0 1.0 
0.9703088421641501 -0.14083057478122177 0.19664053505027096 -0.2106 -0.24084972572153293 -0.6371596845405108 0.7321331477375539 -0.3579 0.022184689268243046 -0.7577560858238139 -0.6521606810894414 1.6378 0.0 0.0 0.0 1.0 
0.9756120598260156 -0.1322063324621902 0.17522155797428451 -0.2003 -0.21904624805362843 -0.6378043473619424 0.7383930902302884 -0.3627 0.014136829052761757 -0.7587668285732472 -0.6512089141905455 1.6477 0.0 0.0 0.0 1.0 
0.97960426452051 -0.12374737372413655 0.15831005157478054 -0.1888 -0.2007870990199687 -0.6332217165570541 0.747472272761795 -0.3674 0.007747631920534709 -0.764013642009694 -0.645153570107697 1.6579 0.0 0.0 0.0 1.0 
0.9836242269598902 -0.1047300657508978 0.14667990136815318 -0.1723 -0.17975825489304645 -0.6290060087568795 0.7563322092477267 -0.3741 0.013051817320398562 -0.7703136077439845 -0.637531642970827 1.6721 0.0 0.0 0.0 1.0 
0.9859687315268146 -0.0865627384186206 0.14273245170203427 -0.1591 -0.16516054555855314 -0.6300302500870862 0.7588042423220924 -0.3794 0.024241589102308746 -0.7717310258714969 -0.6354868756041478 1.6833 0.0 0.0 0.0 1.0 
0.9883069311661671 -0.07131696323431126 0.13477128983558984 -0.1456 -0.1495235441172444 -0.6264362945681766 0.7649969141129335 -0.3844 0.029868370620627013 -0.776203233440011 -0.6297748969542533 1.6953 0.0 0.0 0.0 1.0 
0.9900274813513901 -0.05781990812322819 0.1284618402236412 -0.1272 -0.136407655082315 -0.6212648117651978 0.7716365629603728 -0.3913 0.035192865810659044 -0.7814645813387671 -0.6229563149283088 1.7128 0.0 0.0 0.0 1.0 
0.9914019438685149 -0.04063632315650513 0.12438197190127613 -0.1142 -0.12241419039576616 -0.6238408594883997 0.7719050123056096 -0.3973 0.04622717472957728 -0.780494248071755 -0.6234515033612691 1.7264 0.0 0.0 0.0 1.0 
0.9926671275919798 -0.019185546171496613 0.11934776334891771 -0.1018 -0.10455298077813446 -0.6317988467000675 0.7680487559516465 -0.4037 0.06066834437080794 -0.7748949168284471 -0.629171852409768 1.7406 0.0 0.0 0.0 1.0 
0.9911590683857185 0.0046310660886464475 0.13259809343892168 -0.0855 -0.10123906249103079 -0.619562027018159 0.7783916410799174 -0.4123 0.08575752668245262 -0.7849340404798562 -0.6136156767173373 1.7613 0.0 0.0 0.0 1.0 
0.9884139678594972 0.021126468130592463 0.1503046921575372 -0.0735 -0.1071733320222768 -0.6040767258838866 0.7896867645773523 -0.4179 0.10747885858850467 -0.7966460830191352 -0.5948136795390482 1.7767 0.0 0.0 0.0 1.0 
0.9850587034579897 0.04809775651445789 0.1653661288170588 -0.0617 -0.10560928287036739 -0.5897707125147101 0.8006354888658745 -0.4223 0.1360368704185409 -0.8061371548800905 -0.5758792038340698 1.7916 0.0 0.0 0.0 1.0 
0.9799923461324119 0.09014684045966005 0.17745013011274904 -0.0465 -0.09716991896040199 -0.5613898079563223 0.8218269223942426 -0.4253 0.17370379492434782 -0.8226269085544821 -0.5413981538119391 1.8107 0.0 0.0 0.0 1.0 
0.9774059705682647 0.1211683029440955 0.17319298790412005 -0.036 -0.08218202161260896 -0.5370646270239186 0.8395282614202599 -0.4253 0.19474004216178412 -0.8347932850480455 -0.5149723169428815 1.8234 0.0 0.0 0.0 1.0 
0.9748112737961547 0.15518552052777637 0.16018874710303696 -0.0256 -0.05727130589131424 -0.5199791576057669 0.8522568117516575 -0.424 0.21555272673158452 -0.8399637670007675 -0.4979938675570801 1.8342 0.0 0.0 0.0 1.0 
0.9717933344563559 0.1940515507335922 0.1340213071272079 -0.0123 -0.018080062505253236 -0.505311481495204 0.8627475980893416 -0.4201 0.2351400145572919 -0.8408354787513489 -0.4875498653748007 1.8459 0.0 0.0 0.0 1.0 
0.9714775414604022 0.21513583983829593 0.09973944483063918 -0.0028 0.0182293918491047 -0.4871179666266785 0.8731459075448401 -0.4154 0.23642985367940494 -0.8464234501752429 -0.4771459601448742 1.8529 0.0 0.0 0.0 1.0 
0.9687436554172195 0.24000869702808342 0.06270211670880523 0.0064 0.06161546816681336 -0.47765274955518927 0.8763854088955108 -0.409 0.24028995853232687 -0.8451293842916887 -0.47751131885567194 1.8586 0.0 0.0 0.0 1.0 
0.9582707203109424 0.2851826103975227 0.019700388869305474 0.0195 0.12412622553319744 -0.47718789370580983 0.8699910311235939 -0.398 0.25750710034798824 -0.8312415971469829 -0.4926738276414768 1.8642 0.0 0.0 0.0 1.0 
0.9491496617432762 0.3147962171809324 -0.004273319693093108 0.0298 0.15931719928823007 -0.46856531317141886 0.8689445191170289 -0.3884 0.2715381181778693 -0.8254392097187686 -0.4948910601690801 1.8668 0.0 0.0 0.0 1.0 
0.9397418138651372 0.3412970664288638 -0.020040851292139783 0.0409 0.1840193716708116 -0.45554269194849834 0.8709866397725028 -0.378 0.28813572170652785 -0.8221904695746403 -0.4908977873420199 1.868 0.0 0.0 0.0 1.0 
0.9242600645235657 0.380222842409459 -0.034262563199003726 0.0562 0.21004151529190462 -0.43152090814947286 0.8773096760458843 -0.3628 0.3187881663123251 -0.818058858481421 -0.4787001243777773 1.8655 0.0 0.0 0.0 1.0 
0.9089581291236801 0.41447078227729506 -0.04482287516912015 0.0677 0.23232716135937068 -0.41434272406242667 0.8799682932419922 -0.3518 0.34614911468134135 -0.8102679048654061 -0.4729130075926742 1.8604 0.0 0.0 0.0 1.0 
0.8940308033103328 0.4426202804970671 -0.0692546751127952 0.0791 0.2619099026864176 -0.39096331103994203 0.8823553095524935 -0.3407 0.36347231752510734 -0.8069913114237247 -0.4654598776259285 1.8523 0.0 0.0 0.0 1.0 
0.8705809740791628 0.48236025650935954 -0.09704303432808195 0.0953 0.3147836883535483 -0.3944466905674602 0.8633209356009588 -0.3263 0.37815340421304233 -0.7821383453332305 -0.49523692475570136 1.8356 0.0 0.0 0.0 1.0 
0.8543281241614564 0.5080135630746438 -0.10975279494833737 0.109 0.35155462353550737 -0.4093142655094457 0.8419448786715616 -0.3155 0.3827960330745013 -0.7578812913528529 -0.5282832055628472 1.8201 0.0 0.0 0.0 1.0 
0.8442683340395506 0.5220005274378173 -0.1213525009743199 0.1236 0.3801028733760211 -0.42361753337714314 0.8222347542318783 -0.3054 0.37779992825485587 -0.7403132004564726 -0.5560607695571772 1.8037 0.0 0.0 0.0 1.0 
0.8323971680109487 0.536353560367152 -0.13942672975018885 0.1447 0.4124502246841769 -0.4315501570846897 0.8022775542654497 -0.2922 0.37013479550742634 -0.7253201501417559 -0.5804402750955658 1.7818 0.0 0.0 0.0 1.0 
0.8244136985934538 0.5463312947268134 -0.14786537787320475 0.1618 0.4339935896444278 -0.44250063564481334 0.7847564919141989 -0.2828 0.36330650657400276 -0.7111366281215306 -0.6019078653954724 1.7654 0.0 0.0 0.0 1.0 
0.8229284507631845 0.545562974463442 -0.15858690305036605 0.1804 0.44900800378710304 -0.45348736995169603 0.7698967579029113 -0.2741 0.3481100076981778 -0.7047767349940653 -0.6181498008990048 1.75 0.0 0.0 0.0 1.0 
0.8331299089588095 0.5227929761973283 -0.18050501055933496 0.207 0.45848476833080276 -0.47028988843331343 0.7540683908280679 -0.2633 0.30933197701973203 -0.71099572774815 -0.6315051885114981 1.7307 0.0 0.0 0.0 1.0 
0.8391237719637439 0.5049819294846182 -0.2021498113264788 0.2275 0.4709455916294805 -0.4885185065157676 0.7345474242799865 -0.2561 0.2721792516892084 -0.7115777678410111 -0.6477465054049358 1.7174 0.0 0.0 0.0 1.0 
0.8442083738901268 0.4833905593364564 -0.23161560525615646 0.2487 0.48239025676172725 -0.4967706662549939 0.7214697119976171 -0.2492 0.23369180908868567 -0.7207998836660267 -0.6525608523899514 1.7054 0.0 0.0 0.0 1.0 
0.8474129903577878 0.4547448756700814 -0.2740407302294201 0.2782 0.49778089167248235 -0.5009532607949427 0.7079971852943078 -0.2417 0.18467649460237232 -0.7363782510033251 -0.6508776104542724 1.6917 0.0 0.0 0.0 1.0 
0.8504038488185501 0.43386817289884616 -0.2976099838043288 0.3009 0.5033877134550864 -0.506450504526909 0.7000776359853945 -0.2374 0.15301667836237914 -0.7451619253624381 -0.6490913657822663 1.6828 0.0 0.0 0.0 1.0 
0.8550236152666375 0.40866591523848517 -0.31925974857263184 0.3242 0.504698532843009 -0.514207920748514 0.6934476225250211 -0.2342 0.11922251583691297 -0.7540440199098334 -0.6459130032409441 1.6743 0.0 0.0 0.0 1.0 
0.8546196668200321 0.3914995118529776 -0.34110607925291647 0.3546 0.5122445753080904 -0.5280771787292096 0.6773034684488423 -0.2315 0.08503364129478808 -0.7535666032437199 -0.6518486437232731 1.6639 0.0 0.0 0.0 1.0 
0.8506935382098503 0.38258069612816586 -0.3604892716823813 0.3779 0.5213361372856662 -0.5262475337919253 0.6717679399450208 -0.2307 0.06729885591944937 -0.7594047301195878 -0.6471285188151802 1.6574 0.0 0.0 0.0 1.0 
0.8489560588625822 0.3665094439150575 -0.380715691351942 0.4019 0.5262912527223649 -0.521110851889848 0.6719084739386464 -0.2306 0.047865722896825336 -0.7707881080840001 -0.6352909294235609 1.6512 0.0 0.0 0.0 1.0 
0.8526135321678563 0.34231008261045903 -0.3948087791671717 0.4347 0.5220226839782562 -0.5243029859708932 0.6727545587464592 -0.2313 0.023291246776192265 -0.7796987791738719 -0.6257214488719278 1.6427 0.0 0.0 0.0 1.0 
0.852975178327104 0.3243427790303876 -0.40894389205450976 0.4598 0.5219458647586445 -0.5264030111299913 0.6711723952418107 -0.2333 0.0024206237204985326 -0.7859399668957698 -0.6182980745697664 1.6357 0.0 0.0 0.0 1.0 
0.8493535808772802 0.30511114596783256 -0.4307037070390004 0.485 0.5273306992118886 -0.5257949178400018 0.6674294255142833 -0.2356 -0.022821663384640256 -0.794006859529451 -0.6074802702150387 1.6282 0.0 0.0 0.0 1.0 
0.847930359431547 0.2814487978966153 -0.4492223054533666 0.5191 0.5280262329100744 -0.5234428334534802 0.6687270724779939 -0.2386 -0.04692976574716082 -0.8042351486155914 -0.5924554184224955 1.6173 0.0 0.0 0.0 1.0 
0.8487640318814632 0.2600696675910568 -0.4603948155479165 0.5454 0.5247482361236819 -0.5214836671204172 0.6728254406692176 -0.2412 -0.06510688803350581 -0.8126614011540843 -0.5790876792031353 1.6083 0.0 0.0 0.0 1.0 
0.8483210150547684 0.23964631267385783 -0.47214521096615036 0.5715 0.5226918585995534 -0.521382430011684 0.6745024704394016 -0.2438 -0.0845261874817003 -0.8189810782288776 -0.5675608488372621 1.5984 0.0 0.0 0.0 1.0 
0.8468664398057629 0.21901426265464266 -0.48461323329491873 0.6062 0.5218867601295721 -0.5174384256060632 0.6781531429609222 -0.2471 -0.10223229789147176 -0.8272183680626064 -0.5525018812707044 1.584 0.0 0.0 0.0 1.0 
0.8441706405738898 0.20133240306758876 -0.4968311514670736 0.6326 0.5238398531373256 -0.5066825864969231 0.6847368580745838 -0.2496 -0.11387597577247499 -0.8382947095239346 -0.5331925000654536 1.5729 0.0 0.0 0.0 1.0 
0.844369159340896 0.1819303437933543 -0.5039266541483796 0.6586 0.5208616323733462 -0.4990333179767296 0.6925813363573332 -0.2521 -0.12547462960822736 -0.8472703804313995 -0.51612887902956 1.5608 0.0 0.0 0.0 1.0 
0.8505213708272921 0.17367267059011451 -0.496438517095684 0.693 0.5107012075502203 -0.49828974865723835 0.700636569834785 -0.2558 -0.12568879971107605 -0.8494381259828194 -0.5125009226859842 1.5437 0.0 0.0 0.0 1.0 
0.8556222653468935 0.16501717316678408 -0.4905913488869268 0.7185 0.5033780912647663 -0.4859495376152805 0.7144673149459926 -0.2586 -0.12050326251720869 -0.8582670793241105 -0.4988552738732648 1.5311 0.0 0.0 0.0 1.0 
0.8598601298800828 0.15650279581845597 -0.48595003029489975 0.7429 0.4977838404909135 -0.4683735486727123 0.7299571679556599 -0.2615 -0.11336580255405121 -0.869559137612122 -0.48064030314418993 1.5186 0.0 0.0 0.0 1.0 
0.8614093251421115 0.15742727834392023 -0.48289815343552256 0.774 0.49761165582270683 -0.45207698383169936 0.7402763272447775 -0.2664 -0.10176745328244963 -0.8779766811953827 -0.4677609782031258 1.5014 0.0 0.0 0.0 1.0 
0.861233337851028 0.15358470074592356 -0.484446981073019 0.7966 0.4980130242798191 -0.44504188406947454 0.744258523009015 -0.2706 -0.10129247465456281 -0.8822411581425326 -0.45977208860225227 1.4887 0.0 0.0 0.0 1.0 
0.8624699023865809 0.15335804563608615 -0.48231418942009363 0.8181 0.49513855839305243 -0.4530151641603326 0.7413602828808924 -0.2756 -0.10480207760217178 -0.87821328325155 -0.4666454260472306 1.4763 0.0 0.0 0.0 1.0 
0.8576174398940448 0.15702789853335405 -0.48972907394985543 0.8454 0.5024066143487286 -0.45931204953673116 0.7325435379614069 -0.2839 -0.1099086923233655 -0.8742852396286729 -0.4728058788966161 1.4617 0.0 0.0 0.0 1.0 
0.8537089092306916 0.160942288546319 -0.49525617417414974 0.8659 0.5077737175167241 -0.4682607928523407 0.7231166445854661 -0.2917 -0.11552900111828418 -0.8688091905791343 -0.4814806748622843 1.4531 0.0 0.0 0.0 1.0 
0.8479016216436224 0.15899194755890428 -0.5057513229103232 0.8854 0.5147040065498367 -0.4754970392179676 0.7134299904941563 -0.2998 -0.1270536329888325 -0.8652306780890129 -0.4850085030573854 1.4461 0.0 0.0 0.0 1.0 
0.8358804009700798 0.16688545474570743 -0.5229275286962982 0.911 0.5303872232001805 -0.49095892938060026 0.69112135195453 -0.311 -0.1413978385269778 -0.8550488726708981 -0.4988968596855723 1.44 0.0 0.0 0.0 1.0 
0.8270479272008089 0.18316883657077496 -0.5314516943449843 0.93 0.5438247572043783 -0.5000250969632674 0.6739655301708495 -0.3195 -0.14228970294594354 -0.8464183833756117 -0.5131564680673639 1.4378 0.0 0.0 0.0 1.0 
0.8227593049542319 0.19371187944845816 -0.5343620812443332 0.9494 0.5530018410209682 -0.490088774104285 0.6737966735777039 -0.3275 -0.1313624373199933 -0.8498756975331776 -0.5103481251105424 1.4383 0.0 0.0 0.0 1.0 
0.8246354812720722 0.2164332134399655 -0.522621265494648 0.9759 0.55660382980696 -0.475167705992723 0.6814747448187916 -0.3368 -0.10083897892879423 -0.8528612520812883 -0.5123077054143679 1.441 0.0 0.0 0.0 1.0 
0.8296384077174035 0.23068741328336997 -0.5084126569950422 0.9956 0.552603386625379 -0.46907234796005065 0.6889126428433483 -0.3422 -0.07955884319353024 -0.8524989441236115 -0.5166390816980793 1.4431 0.0 0.0 0.0 1.0 
0.8326940498166979 0.24541745599270873 -0.49637777115210624 1.0151 0.5499022211293352 -0.47176661732343556 0.6892342170671927 -0.3467 -0.06502435387521877 -0.8468804703576941 -0.5277928593016776 1.4453 0.0 0.0 0.0 1.0 
0.8293227480476337 0.25118750965620656 -0.4991278539246573 1.0409 0.5561588572851421 -0.4573219620511708 0.6939336772984522 -0.3523 -0.05395465720404258 -0.853089361097875 -0.5189676646455093 1.4492 0.0 0.0 0.0 1.0 
0.8230139087807012 0.25378294601410467 -0.5081754837316663 1.0604 0.5655867023649808 -0.4488750008112389 0.6918257842510763 -0.3556 -0.052533685016546955 -0.8567995389582747 -0.5129666285241857 1.4515 0.0 0.0 0.0 1.0 
0.8156033305983216 0.2618739160690159 -0.515958582833548 1.0799 0.5761619081702954 -0.44953697099145884 0.6826082092133 -0.3576 -0.053185173596493884 -0.8540132105503419 -0.5175256259500668 1.4519 0.0 0.0 0.0 1.0 
0.8121640082706765 0.26427205342554105 -0.520144119882131 1.1065 0.5803918630018382 -0.4568177814383107 0.6741385613677914 -0.3582 -0.05945510096673151 -0.8493984908981344 -0.5243923098492274 1.4512 0.0 0.0 0.0 1.0 
0.8140895187896796 0.2660754177358601 -0.5161996972814649 1.127 0.5781125691706815 -0.45574878241242345 0.676815266299799 -0.3572 -0.05517347880696272 -0.8494097476520277 -0.5248418503035525 1.4497 0.0 0.0 0.0 1.0 
0.8144740482492943 0.27259257688778415 -0.5121770316541768 1.1476 0.5779306974245638 -0.4591626520925747 0.6746597423128716 -0.355 -0.05126532651572033 -0.8454956806211317 -0.5315156821282379 1.4474 0.0 0.0 0.0 1.0 
0.810804702201624 0.29041560391519883 -0.5081874771088981 1.1751 0.5833671514482018 -0.47176099242398917 0.6611537889465237 -0.3503 -0.04773365164061044 -0.8325264818789274 -0.5519249545647937 1.4436 0.0 0.0 0.0 1.0 
0.8102233587556087 0.2952523841314098 -0.5063241437967365 1.1958 0.5847476806652989 -0.46629100707975035 0.6638093451233612 -0.3465 -0.04010310316339033 -0.8339057059291958 -0.5504480127454325 1.4414 0.0 0.0 0.0 1.0 
0.8076611702126275 0.2988870866121479 -0.5082813626204202 1.2163 0.5889667982062675 -0.4503134543468861 0.6710707141910102 -0.3423 -0.028311565506459274 -0.8413586050494029 -0.5397352619274529 1.4401 0.0 0.0 0.0 1.0 
0.7972304773086378 0.31929728772289967 -0.5123210010365002 1.2426 0.6034759602815392 -0.4433282348593512 0.6627796327126886 -0.3365 -0.015502625987746432 -0.8375615310108816 -0.5461230176051841 1.4368 0.0 0.0 0.0 1.0 
0.7882179884666383 0.33589837466722083 -0.5156400726800875 1.2616 0.6153459216092771 -0.44089728300602743 0.6534209842029352 -0.3322 -0.00786126048645941 -0.8323351895323315 -0.5542168644580763 1.4349 0.0 0.0 0.0 1.0 
0.7832134520306707 0.34245731875062724 -0.5189409151265019 1.2807 0.6217342634213461 -0.42491069557344374 0.6579493950716941 -0.3281 0.004816040501928187 -0.8379581646009682 -0.5457132215115009 1.4342 0.0 0.0 0.0 1.0 
0.7731839218163367 0.3499363091844866 -0.5288962115189032 1.3051 0.6340590423209196 -0.41014185368021316 0.655555330014818 -0.3225 0.012480140054798472 -0.8422162663912982 -0.5389953680043221 1.4331 0.0 0.0 0.0 1.0 
0.7666905139873679 0.3561387689893135 -0.5341823967378201 1.3223 0.6419621809176846 -0.41440187861067496 0.6451012643572738 -0.318 0.008379381432743638 -0.837517916361626 -0.5463456101590685 1.432 0.0 0.0 0.0 1.0 
0.7606962833882636 0.35269547654327277 -0.5449284955525779 1.339 0.6491066152639635 -0.4150455011757037 0.6374933991614102 -0.3142 -0.0013290823311175592 -0.8386555507356535 -0.5446605371792916 1.432 0.0 0.0 0.0 1.0 
0.7409072223954886 0.3514390704530712 -0.5723172787547858 1.3603 0.6714326868724725 -0.40703725765217225 0.6192728137761349 -0.3088 -0.015317793620959086 -0.8430962285777824 -0.5375445233248176 1.4329 0.0 0.0 0.0 1.0 
0.7249564138445979 0.35120117862076405 -0.5925334844217383 1.3756 0.6882232587193662 -0.4043677778882044 0.6023582375658627 -0.3043 -0.028052525434916042 -0.8444787933045697 -0.534853833748606 1.4334 0.0 0.0 0.0 1.0 
0.7144549270780499 0.3447218546870504 -0.608868623000905 1.3908 0.6986274129937383 -0.39921832289139025 0.5937545523879897 -0.2994 -0.03839134000754424 -0.8495831763688035 -0.526055635312007 1.4343 0.0 0.0 0.0 1.0 
0.7046352912324748 0.35384094339222266 -0.6150493420279606 1.4114 0.7086298254004548 -0.39551286255122065 0.5843058669134343 -0.2929 -0.03650858669746332 -0.8475648425553298 -0.5294345670255322 1.4362 0.0 0.0 0.0 1.0 
0.6973944664875902 0.3580817399650572 -0.6208207677068205 1.4268 0.7157737134210139 -0.3917268618385925 0.5781159545364406 -0.2879 -0.03617940419605009 -0.8475420539523008 -0.5294936425438304 1.4371 0.0 0.0 0.0 1.0 
0.6924998836552378 0.3630057774798979 -0.6234346129737238 1.4418 0.7206350370106338 -0.38832727750596674 0.5743579624045325 -0.2825 -0.033601407264645 -0.847011647535628 -0.5305112763823372 1.4375 0.0 0.0 0.0 1.0 
0.6826398242581695 0.3778861350308369 -0.6254637793575509 1.4606 0.7303889968095858 -0.37991430768774287 0.5676240235874708 -0.2759 -0.023125390294261194 -0.8443146260521601 -0.5353485113065497 1.4373 0.0 0.0 0.0 1.0 
0.6707236264006667 0.387412054383265 -0.6324885114422846 1.474 0.7416135061281725 -0.3638569595746558 0.5635756564094713 -0.271 -0.011799343889299152 -0.8470655305745981 -0.5313574713845254 1.4374 0.0 0.0 0.0 1.0 
0.6454686380763119 0.39875587310912153 -0.6514322611913637 1.5038 0.7637813780343988 -0.34018844911437496 0.5485524821355119 -0.26 -0.002871206677638627 -0.8516252537061935 -0.5241432852017431 1.4373 0.0 0.0 0.0 1.0 
0.6331285458629592 0.4054790913398759 -0.6593443340923189 1.5167 0.7740423776242714 -0.33449440166980393 0.5375610596884085 -0.256 -0.0025772185044288243 -0.8507057080669839 -0.5256359540661502 1.4374 0.0 0.0 0.0 1.0 
0.6233059436068746 0.4089589334301539 -0.6665150346631461 1.5299 0.7819778220545007 -0.32529885712902296 0.5316872571027553 -0.2518 0.0006216745479142305 -0.8526038026646507 -0.5225575271704868 1.4376 0.0 0.0 0.0 1.0 
0.6065641868923961 0.41618333699250387 -0.6774004112704318 1.5474 0.7950004147504355 -0.3096176350985168 0.5216428477249901 -0.2467 0.007363947732145104 -0.8549434776906515 -0.5186688946023393 1.4381 0.0 0.0 0.0 1.0 
0.5949739205689643 0.4187026876859504 -0.6860714927522912 1.5605 0.8037134325695426 -0.3023674745188403 0.5124632949396293 -0.2428 0.007124054328739526 -0.8563071701659748 -0.5164177361131791 1.4381 0.0 0.0 0.0 1.0 
0.5839841781469796 0.4240459987117682 -0.6922047895316354 1.5739 0.8117636448490999 -0.303477615787498 0.49893999801302746 -0.2388 0.001504850590934248 -0.853279747616498 -0.5214512515396085 1.4382 0.0 0.0 0.0 1.0 
0.5660043838775337 0.43531602718803253 -0.7000992743208938 1.592 0.8243996877475723 -0.3009802656713544 0.47934959530399823 -0.2339 -0.0020475041194973898 -0.8484755954944313 -0.5292305467159389 1.4384 0.0 0.0 0.0 1.0 
0.5565135852447162 0.43637179034421425 -0.7070164708334997 1.6063 0.8308327750471117 -0.2954509882696096 0.4716202004134538 -0.23 -0.003086963813733079 -0.8498755050725348 -0.526974474269975 1.439 0.0 0.0 0.0 1.0 
0.5437367897183598 0.4345199755242469 -0.7180130182504912 1.62 0.8391972550502541 -0.29160247337779865 0.4590380862587213 -0.2264 -0.009913154033465044 -0.8521504493869367 -0.5232029634728292 1.4394 0.0 0.0 0.0 1.0 
0.5210594044327407 0.4518273129536483 -0.7241195870305421 1.6429 0.8534747189851173 -0.28459672160719973 0.4365611184057834 -0.2189 -0.008831823451127041 -0.8454920374075201 -0.5339149872170738 1.4393 0.0 0.0 0.0 1.0 
0.5154734121508957 0.4572294062849459 -0.7247264528039725 1.6519 0.8568815119126442 -0.2813775295473355 0.4319499512769269 -0.2157 -0.006421519120424823 -0.8436634138648862 -0.5368340602067196 1.4396 0.0 0.0 0.0 1.0 
0.513352755552323 0.4598866047738459 -0.7245503841117062 1.6647 0.8581718742361311 -0.27820580431022185 0.4314424234102948 -0.2096 -0.003159531117516823 -0.8432709180314987 -0.5374794658081652 1.4409 0.0 0.0 0.0 1.0 
0.5104690851321461 0.46018163740457374 -0.7263980821285223 1.6801 0.8598562456369856 -0.28130342302339745 0.42604650102352415 -0.1999 -0.0082794905288896 -0.8420814953381681 -0.5392867560450721 1.4429 0.0 0.0 0.0 1.0 
0.5054682454895529 0.45151176693315753 -0.7352815631597265 1.6898 0.8626813114757966 -0.28106104375707297 0.42045884996344673 -0.1913 -0.016816885327325615 -0.8468422604021852 -0.5315781959080007 1.4448 0.0 0.0 0.0 1.0 
0.5005855104052965 0.429451913918545 -0.7516549743093354 1.6966 0.8652186618377372 -0.27675709849050356 0.41809350107701176 -0.1815 -0.02847479552137777 -0.8596374596693752 -0.5101104036904162 1.4461 0.0 0.0 0.0 1.0 
0.48791999056077395 0.43179659267940024 -0.7586077941608788 1.7051 0.8724570985179214 -0.26855837821298645 0.40828300079393487 -0.1673 -0.027435270307834658 -0.861062192900182 -0.5077590037616916 1.4479 0.0 0.0 0.0 1.0 
0.48235062668933537 0.43032927049110303 -0.7629905581925638 1.7099 0.875729254782192 -0.2576558988890174 0.40830345343423013 -0.1557 -0.020884090859587923 -0.8651185795752435 -0.5011324156574597 1.4491 0.0 0.0 0.0 1.0 
0.47709956190567127 0.42555231387160974 -0.7689481362146185 1.7131 0.8786781166773823 -0.2482398597499754 0.40780110262675995 -0.1426 -0.01734287466671036 -0.870219627559521 -0.49235863403464686 1.4499 0.0 0.0 0.0 1.0 
0.4663213690190503 0.42393660478873774 -0.7764162130689931 1.7151 0.884477472300576 -0.23893919596113503 0.4007588572024702 -0.124 -0.01561991642046473 -0.8736050685256146 -0.4863848295921388 1.4499 0.0 0.0 0.0 1.0 
0.4629942145576737 0.4156687248625164 -0.782851115128089 1.7157 0.8862011654374355 -0.2338750886240491 0.39993741672719785 -0.1091 -0.016847897894214314 -0.8789322807203426 -0.47664892137115267 1.4499 0.0 0.0 0.0 1.0 
0.4583766036648641 0.3997468107459329 -0.7937842128129784 1.7145 0.8884453126761785 -0.22978864877511287 0.397318641996365 -0.0932 -0.02357574169335891 -0.8873554328410704 -0.4604829206507499 1.4495 0.0 0.0 0.0 1.0 
0.4410687497568692 0.3929223094276572 -0.8068893460332394 1.7116 0.8969344561203925 -0.22413902175042427 0.38114338555559196 -0.0719 -0.031095649405150694 -0.8918372932787682 -0.45128627599925175 1.448 0.0 0.0 0.0 1.0 
0.4291168867273828 0.38728200996571 -0.8160094008541311 1.7084 0.9026677355321453 -0.21627651856832475 0.3720422378510724 -0.0552 -0.0323984066686519 -0.8962349648796819 -0.4423948812683617 1.4467 0.0 0.0 0.0 1.0 
0.4199256854607421 0.3798810258991516 -0.8242286241402524 1.7045 0.9069551301342411 -0.20876408097203453 0.36585509483822004 -0.0378 -0.033087922471909836 -0.9011703305467338 -0.43220044508165767 1.4456 0.0 0.0 0.0 1.0 
0.41262517678602467 0.3837412240018214 -0.8261253757656195 1.6983 0.9103513371414771 -0.2052237158875801 0.359365648611576 -0.0138 -0.03163710554122917 -0.9003476547639129 -0.4340198084351628 1.443 0.0 0.0 0.0 1.0 
0.40769812149482565 0.3911008380641526 -0.8251196132653181 1.6931 0.9126947495470612 -0.20201229802127904 0.35521729349426345 0.0042 -0.027758528037669428 -0.8979037620556447 -0.4393157158667357 1.4415 0.0 0.0 0.0 1.0 
0.39970932716320573 0.3823681570028079 -0.8330828567969775 1.6875 0.9163153060853404 -0.19093581340984067 0.3520082030169912 0.0226 -0.024468625062847527 -0.904067534904223 -0.4266886203307223 1.441 0.0 0.0 0.0 1.0 
0.38900814686512186 0.3828956104196582 -0.837892363728135 1.6796 0.9208434595664026 -0.1881078096194213 0.3415593285711324 0.048 -0.026832529629966573 -0.9044370644116377 -0.4257623889825357 1.4406 0.0 0.0 0.0 1.0 
0.3845495319539203 0.3889767023091255 -0.837149199685898 1.6738 0.9226841409123052 -0.18932814398668973 0.3358702576940642 0.0666 -0.02785019897492047 -0.9015830405211014 -0.4317086835607828 1.4413 0.0 0.0 0.0 1.0 
0.3772587606465372 0.3899045733434807 -0.8400299108967947 1.6682 0.9257765749927218 -0.18303500684698906 0.33081100263332797 0.086 -0.024770157653593583 -0.9024813626631636 -0.4300160803219517 1.4428 0.0 0.0 0.0 1.0 
0.37090513765872024 0.3962511337498746 -0.8398895271762263 1.6608 0.9284253696526104 -0.17900782743173393 0.3255495825578413 0.1124 -0.021347408362139497 -0.900522757469299 -0.4342845282025489 1.4463 0.0 0.0 0.0 1.0 
0.3716849448753586 0.39977610825687804 -0.8378719263825387 1.6558 0.9280439759065362 -0.18351057512966545 0.3241269004559289 0.1331 -0.024180168249824663 -0.8980550829891027 -0.43921792698027 1.4507 0.0 0.0 0.0 1.0 
0.3742068627015974 0.40004007255821067 -0.8366224741510649 1.6508 0.9269654126281979 -0.187179037403991 0.3251140288384218 0.1539 -0.0265395496959272 -0.8971799977173682 -0.4408669912771885 1.4561 0.0 0.0 0.0 1.0 
0.37625424879388225 0.40659181257666405 -0.832535787945584 1.6447 0.9261877778451757 -0.1889888478041568 0.3262811909624469 0.181 -0.024676718476467796 -0.8938491558150515 -0.4476882243413969 1.4651 0.0 0.0 0.0 1.0 
0.3802898507359157 0.4009762791902785 -0.8334252533694756 1.6402 0.9244589315452882 -0.19157944997349208 0.32965587850666067 0.2008 -0.02748296405773909 -0.8958322040843217 -0.4435418230697382 1.4729 0.0 0.0 0.0 1.0 
0.3857361406585596 0.3970840742543067 -0.8327856073224609 1.6357 0.9220594303338814 -0.19707380207906347 0.3331190830115562 0.2201 -0.03184394325767198 -0.8963738921385997 -0.4421536031404695 1.4816 0.0 0.0 0.0 1.0 
0.38472152704968837 0.4091816934934932 -0.827381223097523 1.6292 0.9224711456564695 -0.20170614239984191 0.32918325830670014 0.2442 -0.032192111701422776 -0.8898791905803686 -0.45505900069796607 1.4932 0.0 0.0 0.0 1.0 
0.38399353267582165 0.4124426723103037 -0.8260992730420951 1.6239 0.9226089628021747 -0.2068825561056103 0.32556460147919036 0.2608 -0.03662879496021881 -0.8871812949091882 -0.4599648696835637 1.5031 0.0 0.0 0.0 1.0 
0.3843755437829943 0.4136911531180318 -0.8252969593869837 1.618 0.922205721117572 -0.21305753949790687 0.3227120896420159 0.2769 -0.04233260303295944 -0.8851362125091091 -0.4634024557827492 1.5139 0.0 0.0 0.0 1.0 
0.3856238368238891 0.4264458066415498 -0.818192049870359 1.6092 0.9218565070287053 -0.21498873784204872 0.32242894263685 0.2961 -0.038403605586673606 -0.8785919511348372 -0.47602662370819393 1.5287 0.0 0.0 0.0 1.0 
0.3805215229908937 0.43131521949891705 -0.8180284542540632 1.6019 0.9243772763168251 -0.20324452616459973 0.3228286133743654 0.3083 -0.02701891133593154 -0.8790101501192853 -0.4760369044701186 1.5407 0.0 0.0 0.0 1.0 
0.37174025041386183 0.43170031653494323 -0.8218540155805465 1.5938 0.9282578026602967 -0.18440200612758662 0.3230067366734003 0.3196 -0.012109418752239642 -0.8829670077866735 -0.4692788351691685 1.5531 0.0 0.0 0.0 1.0 
0.3630023751756819 0.4399543494127849 -0.8213826428952509 1.5822 0.9317773791202753 -0.17564471514836158 0.3177103237230451 0.3334 -0.004493481563847157 -0.8806753683811218 -0.4736989594143217 1.5688 0.0 0.0 0.0 1.0 
0.3597873501575792 0.4524567958007472 -0.8159876902259668 1.5731 0.9330065436274597 -0.18121616658642986 0.3109010944272476 0.3425 -0.007200848208966881 -0.8731801354253543 -0.4873444355726566 1.5798 0.0 0.0 0.0 1.0 
0.35068475196330423 0.45261468091432466 -0.8198537402252063 1.5639 0.9364624593907719 -0.1766187770864654 0.30305753534975577 0.3511 -0.00763327532732927 -0.874039906526759 -0.48579416928002717 1.5911 0.0 0.0 0.0 1.0 
0.3363068032698704 0.4442531432613468 -0.8303835732821394 1.5506 0.9417320076742635 -0.16445661437456208 0.2934192354128434 0.3611 -0.006209653468734866 -0.8806776746863009 -0.473675282776005 1.6058 0.0 0.0 0.0 1.0 
0.32882397649505984 0.44091760786043316 -0.8351445716524832 1.5411 0.9443427650124467 -0.16247235468048085 0.2860410392465164 0.368 -0.009567374280514185 -0.8827198859452603 -0.4698021586861466 1.6165 0.0 0.0 0.0 1.0 
0.3224889090615397 0.440299984268839 -0.8379360520858129 1.5313 0.9464939626332377 -0.16145054163904093 0.27943317860141714 0.3745 -0.012250805325738523 -0.8832155152947215 -0.4688072858985346 1.6267 0.0 0.0 0.0 1.0 
0.3124269862485396 0.43639692872793856 -0.8437695768753914 1.5181 0.949941258998825 -0.1444537228890744 0.27702838554056763 0.3822 -0.000991320019826325 -0.8880826777616534 -0.45968268919365385 1.6399 0.0 0.0 0.0 1.0 
0.3047000102345753 0.4315326407650638 -0.8490803752986993 1.5083 0.9524004839552079 -0.12910613834709778 0.27616104577399336 0.3876 0.009551016958173397 -0.8928108338250775 -0.4503305375828228 1.6495 0.0 0.0 0.0 1.0 
0.3128705710151861 0.4470356008772657 -0.8380162154403302 1.4859 0.9494758928679109 -0.12431068258716263 0.2881707532998408 0.3992 0.024648218096150476 -0.8858363425277924 -0.4633426805310178 1.6679 0.0 0.0 0.0 1.0 
0.3260572333474038 0.4524366321941217 -0.8300528744788959 1.4771 0.9450871661210165 -0.13530024041671618 0.2974963754006506 0.4043 0.02229190470064757 -0.8814731639658804 -0.47170767663119223 1.6741 0.0 0.0 0.0 1.0 
0.3345071543022311 0.4647146768596807 -0.8198446394481249 1.4681 0.942174188076717 -0.14615942170587884 0.3015712565358017 0.4092 0.020316570640800335 -0.8733142003642249 -0.48673354558689674 1.6793 0.0 0.0 0.0 1.0 
0.33110526908491356 0.5014209885292396 -0.7993411618617968 1.4559 0.9433288788050262 -0.1558251208593339 0.2930002698320021 0.4159 0.022359051783541584 -0.8510555351864731 -0.5245994174909143 1.6829 0.0 0.0 0.0 1.0 
0.32751266126514944 0.5309251905613036 -0.7815714290699621 1.4468 0.9445165561998744 -0.1621022410291076 0.28567698282793175 0.4212 0.024978626370334878 -0.8317699835175494 -0.5545581689452123 1.6845 0.0 0.0 0.0 1.0 
0.31867650876783266 0.5500836334064585 -0.7719153315085112 1.4374 0.9474319645193476 -0.16028455898295677 0.2769143058035262 0.4262 0.028599918995606266 -0.8195833431750479 -0.5722457411143019 1.6854 0.0 0.0 0.0 1.0 
0.30559006355301294 0.5822670537145449 -0.7533789160948486 1.4255 0.9511976981638244 -0.15106268974245032 0.26907806074746865 0.4335 0.04286784419011225 -0.7988398725191174 -0.6000143381687914 1.6847 0.0 0.0 0.0 1.0 
0.30456546409081037 0.608711765327122 -0.732604849039022 1.4172 0.9506758941028389 -0.14680230972372915 0.2732479208183407 0.4393 0.05878114029956549 -0.7796916497001345 -0.6233985153438896 1.6828 0.0 0.0 0.0 1.0 
0.30898199800044335 0.6307594664218376 -0.7118093989481262 1.4094 0.9481960755878763 -0.14618366111300166 0.2820541427870708 0.4454 0.07385341665355927 -0.7620845312318298 -0.6432517703868041 1.6803 0.0 0.0 0.0 1.0 
0.31330319560729347 0.6433478981630265 -0.6985303068238873 1.3975 0.9456110438022163 -0.14355117160346628 0.291912341244003 0.4539 0.0875263472420797 -0.7519950419121713 -0.6533319183064382 1.6755 0.0 0.0 0.0 1.0 
0.3126768921197385 0.6504069959391154 -0.6922455494748929 1.3887 0.9452973677627574 -0.1417312876293805 0.2938113827061839 0.4597 0.09298412571586229 -0.7462459257780727 -0.6591441197678118 1.6714 0.0 0.0 0.0 1.0 
0.3080448641510659 0.6634526395790024 -0.6818643242653231 1.381 0.9463303614867371 -0.13999423895395635 0.2913081873001238 0.4655 0.097812108649864 -0.7350049034498729 -0.6709698825626305 1.6665 0.0 0.0 0.0 1.0 
0.313334343558074 0.676163019232341 -0.6668021899856329 1.3706 0.9434802458312205 -0.14178838239748506 0.2995681564241509 0.4725 0.10801210521645671 -0.7229796857725047 -0.6823736213299865 1.6586 0.0 0.0 0.0 1.0 
0.3144332279306494 0.6982118742544359 -0.6431422267455467 1.3556 0.941516219899722 -0.14290964406259782 0.30516231959342566 0.4813 0.12115672840932429 -0.7014820113759221 -0.7023133452221594 1.6423 0.0 0.0 0.0 1.0 
0.32509145067469686 0.7092942670176695 -0.625473573761584 1.3468 0.9337200038616916 -0.13587793117720326 0.3312161563201972 0.4867 0.14994166561280825 -0.6916927284530825 -0.7064549994998879 1.6303 0.0 0.0 0.0 1.0 
0.3279214558433957 0.7170794904583713 -0.6150321318122416 1.3406 0.9288725353668723 -0.12604734536680662 0.348292807515601 0.4904 0.17223046141338175 -0.6854991401088287 -0.7074090733595307 1.6204 0.0 0.0 0.0 1.0 
0.32764363750987935 0.7269325176918515 -0.6035053947741313 1.3348 0.9251899295629684 -0.1173854662544861 0.360893677621936 0.4941 0.19150258754012622 -0.6766016309723191 -0.7110112459947685 1.6098 0.0 0.0 0.0 1.0 
0.3260571920643105 0.7314780984691273 -0.5988543219875153 1.3273 0.9241116461585229 -0.11310070013789641 0.365001228850674 0.4986 0.19925956172119252 -0.6724195290801026 -0.7128447264126815 1.5945 0.0 0.0 0.0 1.0 
0.32462744383183706 0.7356108512294842 -0.5945533603173405 1.3225 0.9251793325233372 -0.11628444256596046 0.3612770835367175 0.5017 0.19662203686992957 -0.6673489371914499 -0.7183210776850157 1.5822 0.0 0.0 0.0 1.0 
0.32207610556856947 0.7434283357706926 -0.5861580774799595 1.3181 0.9268361232806837 -0.12139748653825513 0.3552991005395698 0.5043 0.1929813016947935 -0.6577058307749846 -0.7281354663527732 1.569 0.0 0.0 0.0 1.0 
0.32198981269101207 0.7500699161890715 -0.5776830284432167 1.3124 0.928602888695837 -0.13133864740036122 0.34705451272788646 0.5075 0.1844430416929683 -0.648186146509753 -0.7388067973725492 1.55 0.0 0.0 0.0 1.0 
0.32615260320669376 0.757131996857108 -0.5660173307917926 1.3086 0.9276385831318572 -0.14108437297891702 0.3458060999841772 0.5092 0.18196466279642853 -0.6378450744783677 -0.7483598883271793 1.5353 0.0 0.0 0.0 1.0 
0.33106301559315615 0.7611264175397522 -0.5577489186268931 1.3044 0.9255490330598358 -0.14684013879122065 0.3489942134789318 0.5101 0.18372878682549668 -0.6317630490641868 -0.7530731589485535 1.5206 0.0 0.0 0.0 1.0 
0.3371087696265833 0.767330060615188 -0.5454926722854694 1.2989 0.9229319178422339 -0.1549460935539771 0.35240372177435597 0.5101 0.18588801055718113 -0.6222509832604955 -0.760427091418 1.5006 0.0 0.0 0.0 1.0 
0.3455781879722893 0.7710425978315791 -0.5348542122176091 1.2947 0.9195140711923817 -0.16449249824342976 0.3569819195713519 0.5089 0.18726876108150295 -0.615171139074945 -0.7658295376728649 1.4856 0.0 0.0 0.0 1.0 
0.35293625583152277 0.7750693864667623 -0.524121594176068 1.2904 0.9168670512366394 -0.17482529594530716 0.35887452717386575 0.5065 0.18652294678204032 -0.6072096524757101 -0.7723377682491461 1.4702 0.0 0.0 0.0 1.0 
0.35682582427709336 0.7798916921405448 -0.514241460463011 1.2846 0.9169151051071862 -0.18707672085059796 0.35251807122765344 0.5014 0.17872330893101315 -0.5973033141092933 -0.7818482779918392 1.4498 0.0 0.0 0.0 1.0 
0.35842070424599004 0.7821944305226634 -0.5096140418268862 1.2802 0.9177360884507888 -0.19513519222294062 0.34595191676179815 0.4961 0.17115802850831946 -0.5916875270068169 -0.7877885500955842 1.4346 0.0 0.0 0.0 1.0 
0.3596444523872252 0.7860901265116386 -0.5027108322564866 1.2761 0.9185769763835524 -0.20362294132187034 0.33875365123564516 0.4897 0.16392744225767658 -0.5836094676822392 -0.7953161528012052 1.4195 0.0 0.0 0.0 1.0 
0.3646663929580564 0.7868983683146421 -0.4978045598331876 1.2705 0.9180917134896608 -0.21467778770634488 0.3331982189134981 0.4795 0.1553255531732571 -0.578536433951452 -0.8007306457992964 1.3999 0.0 0.0 0.0 1.0 
0.3666773639573007 0.7867163032419773 -0.49661370196018845 1.2659 0.9184969362908288 -0.22118834414491767 0.32777903294565836 0.4706 0.14802394666298685 -0.576327315531467 -0.8037012732269412 1.3858 0.0 0.0 0.0 1.0 
0.3683585063290829 0.7849600790114749 -0.4981462487797189 1.2615 0.9188285998486457 -0.22574207791996387 0.32371981458748234 0.4606 0.14165456192860118 -0.576955967656697 -0.8043977849734173 1.3723 0.0 0.0 0.0 1.0 
0.37023072353800146 0.7847258874057425 -0.4971262344553927 1.2552 0.9190481780438348 -0.2315347825095223 0.31897036057065886 0.446 0.13520228468053272 -0.5749755874152732 -0.8069221871367932 1.355 0.0 0.0 0.0 1.0 
0.3698340109815523 0.7855603548393947 -0.49610254305526524 1.2508 0.9197184705658695 -0.2338609480795753 0.31532045899893646 0.434 0.13168424059573267 -0.5728909022387478 -0.8089841005302876 1.3429 0.0 0.0 0.0 1.0 
0.37089711426775246 0.7865327241877688 -0.49376270050462634 1.2463 0.919360877947838 -0.23586876301549858 0.31486743676112183 0.4216 0.13119034540252686 -0.5707295335054128 -0.8105904593923245 1.3317 0.0 0.0 0.0 1.0 
0.3759612947676061 0.7859525418185288 -0.4908479467672844 1.2407 0.9177751832001783 -0.24275659510940936 0.3142577741803143 0.4042 0.12783512012958068 -0.5686368239393927 -0.8125948218648551 1.3181 0.0 0.0 0.0 1.0 
0.38001885150234926 0.7876488399790087 -0.48496904786033196 1.2365 0.9165996920135953 -0.25025538367711275 0.3117968048925506 0.3906 0.12422027653896744 -0.563011143602276 -0.8170604476268811 1.3087 0.0 0.0 0.0 1.0 
0.38380325649599534 0.7867046471037716 -0.483519243183143 1.2323 0.9156632204584781 -0.2565323336944686 0.3094382466161518 0.3769 0.11939818676461458 -0.5615041941024127 -0.8188144557851444 1.3001 0.0 0.0 0.0 1.0 
0.3893806550488855 0.7853479563066069 -0.4812601095028932 1.2267 0.914320777310656 -0.26639783795118255 0.3050405024139802 0.3583 0.1113562824978398 -0.5588029880556935 -0.8217901185146301 1.2896 0.0 0.0 0.0 1.0 
0.39528233096427023 0.7848610656837518 -0.4772263471364704 1.222 0.9123493274240666 -0.2751528914411814 0.3031659464392581 0.3442 0.1066329385148265 -0.5552332788165019 -0.8248305416983358 1.282 0.0 0.0 0.0 1.0 
0.39975943112609813 0.7862276484537066 -0.4712095945889613 1.2173 0.9109807672791775 -0.28384630298169067 0.29924123701633687 0.3302 0.10152063274615486 -0.5488873847070828 -0.8297085030516678 1.2746 0.0 0.0 0.0 1.0 
0.40565042692365655 0.7901139279786525 -0.45952988145581963 1.2107 0.9087355117418631 -0.294600194028479 0.2956526600212429 0.3117 0.098221692287953 -0.5375227497441638 -0.837509279155499 1.2654 0.0 0.0 0.0 1.0 
0.41048723731953607 0.7920585250166592 -0.4518224440487759 1.2057 0.9072263881152887 -0.3048183151576197 0.28987251586129653 0.2979 0.0918722412106209 -0.52889421219456 -0.8437004229002336 1.259 0.0 0.0 0.0 1.0 
0.41613234327658705 0.7917571320443075 -0.44716274077354656 1.2005 0.9054624948727967 -0.31565196750851915 0.28372787277025097 0.284 0.0834957679039342 -0.522957435423739 -0.8482593810133541 1.2535 0.0 0.0 0.0 1.0 
0.4195921297314839 0.7909462400687888 -0.44536107821456933 1.1934 0.9045653203639561 -0.3235256978103435 0.2776557293685544 0.2657 0.0755250015706797 -0.5193603452106991 -0.8512113756055969 1.2468 0.0 0.0 0.0 1.0 
0.4168972848708661 0.7920095803908613 -0.4460016574368214 1.1881 0.9058365768094157 -0.3214134826829955 0.2759591804303445 0.2526 0.07521136869848608 -0.519051247680496 -0.8514276553529494 1.2428 0.0 0.0 0.0 1.0 
0.41683122276804585 0.7909795290723267 -0.44788739244838727 1.1824 0.906025398221032 -0.32181553619856573 0.274868583944491 0.2396 0.07327830172783553 -0.5203711610473333 -0.8507903062718417 1.2393 0.0 0.0 0.0 1.0 
0.41853702348060706 0.7889835342871777 -0.4498130084820884 1.175 0.9055676085754215 -0.3248631373677958 0.27278425225541236 0.2233 0.06909461827802213 -0.521506399388604 -0.8504451829023126 1.2353 0.0 0.0 0.0 1.0 
0.41842800759595333 0.7893551844270074 -0.44926205635184213 1.1693 0.9055621825176982 -0.3245512339423955 0.27317326029509426 0.2119 0.06982217450827263 -0.5211380713061304 -0.8506115297727057 1.2322 0.0 0.0 0.0 1.0 
0.42101211468011207 0.7899521385415955 -0.4457851703524241 1.1635 0.9043478686929445 -0.3276220496187467 0.27353011716105435 0.2012 0.07002664980640477 -0.5183043617578103 -0.8523243847853468 1.2292 0.0 0.0 0.0 1.0 
0.4298161384654444 0.785998717093237 -0.4443693326979703 1.1557 0.9005811863056299 -0.3378188766906306 0.27355426047463594 0.1877 0.06489694898065954 -0.5177686966969576 -0.8530556621544316 1.2254 0.0 0.0 0.0 1.0 
0.4359021395735604 0.7847273664192084 -0.4406725372745235 1.1499 0.8979509899766133 -0.3462374971947678 0.2716682078129933 0.1784 0.06060812086851744 -0.5141230941409627 -0.8555723813656624 1.2227 0.0 0.0 0.0 1.0 
0.44215472940700984 0.7816315662324864 -0.4399446441678364 1.1437 0.8951941431171144 -0.35398526251169793 0.27078013230911097 0.1695 0.055916378565043195 -0.5135625848847194 -0.8562282581267078 1.22 0.0 0.0 0.0 1.0 
0.4460676666349029 0.7819601672091677 -0.435387107848985 1.1355 0.8936480630585978 -0.36241987800710734 0.26466010545023566 0.1584 0.0491607177989658 -0.5071391612994642 -0.8604609781401864 1.2166 0.0 0.0 0.0 1.0 
0.4519602199687564 0.7777887481945436 -0.4367798332658656 1.1293 0.8907480795195406 -0.3671812992175571 0.26785397577253944 0.1505 0.04795642186446658 -0.5101201394640981 -0.8587651744889784 1.2149 0.0 0.0 0.0 1.0 
0.46278129290339054 0.7767287540905927 -0.4272305203371382 1.1238 0.8850936326951524 -0.37798891973993887 0.27153938557110396 0.1431 0.049424045779001835 -0.5038023611722255 -0.8624038755572274 1.2135 0.0 0.0 0.0 1.0 
0.4749171891854358 0.7722011888567345 -0.4220888382135338 1.1161 0.878575170216869 -0.38846466066949925 0.27785045922101725 0.1338 0.05058985762585552 -0.5027927319872241 -0.8629253356845068 1.212 0.0 0.0 0.0 1.0 
0.4812959548759354 0.7640985451937131 -0.4295434984409753 1.1101 0.8752539333608859 -0.39220118712064983 0.2830349465303714 0.1271 0.04779912087432972 -0.5121832114136537 -0.8575451020148369 1.2118 0.0 0.0 0.0 1.0 
0.48741260151782245 0.7576646672951285 -0.43401982421796187 1.1042 0.8720216644423296 -0.3968747186494665 0.2864763069437604 0.1201 0.04480148016368679 -0.518106851556191 -0.8541417433574322 1.2123 0.0 0.0 0.0 1.0 
0.49403806933963285 0.7490125082653063 -0.4414823309094968 1.0962 0.8686209239947016 -0.40316742960186985 0.28801686427501433 0.1112 0.037736937365912826 -0.525772085765625 -0.8497879955541296 1.2135 0.0 0.0 0.0 1.0 
0.49762725629203053 0.7403622371294104 -0.4519190985430917 1.0901 0.8668526213491204 -0.406132860507598 0.2891757812751173 0.1043 0.030555632139170008 -0.5356490058318515 -0.8438877270679583 1.2153 0.0 0.0 0.0 1.0 
0.49908337062074876 0.7297297518933276 -0.4673438545348967 1.084 0.8660976258041996 -0.4025590177731712 0.2963463173144356 0.098 0.028119241564468572 -0.5526669217631918 -0.8329277170575109 1.2182 0.0 0.0 0.0 1.0 
0.5064507566233072 0.7192006417122034 -0.47566592065906416 1.0759 0.8617612296010606 -0.4032447505762806 0.30783315982710824 0.0899 0.02958402055415027 -0.565812785374658 -0.824002838365514 1.2219 0.0 0.0 0.0 1.0 
0.5128831615148454 0.7089487223801072 -0.48408942528230336 1.0697 0.8578459627153785 -0.40195967938504745 0.3202010624616903 0.0845 0.03242170395680166 -0.579499892307396 -0.8143271504304974 1.225 0.0 0.0 0.0 1.0 
0.5218077699470524 0.6983577288904246 -0.4899113529220281 1.0641 0.8523525110719101 -0.40338487242207133 0.3328300490797641 0.0796 0.03481160858525595 -0.5912504775474072 -0.8057363245551671 1.2287 0.0 0.0 0.0 1.0 
0.532691619915964 0.6833257740112204 -0.49930504167620027 1.0564 0.8458245273180447 -0.40988991721757306 0.34142513784221706 0.0733 0.028644494383946006 -0.6041987606204908 -0.7963186237971271 1.2329 0.0 0.0 0.0 1.0 
0.5410788001587912 0.6716549803594258 -0.5060763967792823 1.0511 0.8406613834016246 -0.41562967958149777 0.3471892969379207 0.0687 0.022851049778709942 -0.6132956520385255 -0.7895228132958858 1.2361 0.0 0.0 0.0 1.0 
0.5494991153682874 0.6625784925392412 -0.508960178632765 1.0461 0.8352737790248342 -0.42166334282265894 0.35287071200822695 0.0645 0.019194694137750407 -0.6190232358676429 -0.785138075228116 1.2386 0.0 0.0 0.0 1.0 
0.5642353042067744 0.6525089857716911 -0.5058364804696156 1.0391 0.8254327110518754 -0.4329954838573101 0.36218193009139066 0.0593 0.01730205225514686 -0.6218898089262863 -0.7829135996656255 1.2409 0.0 0.0 0.0 1.0 
0.5716399995448131 0.6499976530684834 -0.5007302286919267 1.0337 0.8203335226678086 -0.4402950321909606 0.3649564305713559 0.0553 0.01675179118273329 -0.6193894862147922 -0.7849051164687015 1.2422 0.0 0.0 0.0 1.0 
0.5778516037742896 0.647536438744037 -0.4967736753433817 1.0285 0.8159855112435039 -0.44647279565045334 0.3671916232496955 0.0514 0.015974024419639687 -0.617542389834705 -0.7863753730255559 1.2435 0.0 0.0 0.0 1.0 
0.5903661667869239 0.6362294556526114 -0.4966687717919217 1.0224 0.8069912959821111 -0.4536432917758607 0.37811745798875035 0.0465 0.015259007910970707 -0.6240351300902404 -0.7812472842134109 1.2458 0.0 0.0 0.0 1.0 
0.5994218986271308 0.6302730426838434 -0.4934057955803681 1.0184 0.8001730995973413 -0.4561255293494832 0.38945155302866247 0.0434 0.020405835612124973 -0.6282558341485609 -0.7777391649719506 1.2475 0.0 0.0 0.0 1.0 
0.6112706648965849 0.6287049610350167 -0.48070598728000546 1.0153 0.790905903175431 -0.46335290204026824 0.39971482395967867 0.0404 0.02856617858836555 -0.6245271492423843 -0.780480501550191 1.2491 0.0 0.0 0.0 1.0 
0.6254398943091678 0.6175330215351391 -0.4769464392573012 1.0111 0.7796432030435594 -0.47005280761672213 0.4137714755751248 0.0365 0.031327536681267004 -0.6306372375346372 -0.7754452012103535 1.2524 0.0 0.0 0.0 1.0 
0.6324395975988368 0.6078832282205974 -0.48010221436390677 1.0079 0.7742077917834101 -0.47609348952985336 0.4170578909086168 0.0334 0.024948958512881675 -0.6354627999146708 -0.7717283067205258 1.2548 0.0 0.0 0.0 1.0 
0.6370491353096343 0.6035752862292068 -0.47944266920517054 1.0045 0.7705657161377901 -0.4825848377198628 0.41634162837260047 0.0303 0.019921754799771346 -0.634672158091266 -0.7725246762592591 1.2568 0.0 0.0 0.0 1.0 
0.6454725436078077 0.5972170829443413 -0.4761270327212253 1.0006 0.7636428350214157 -0.49265221669859455 0.41730494114306393 0.0258 0.014656601547484771 -0.6329498789172908 -0.7740540257693034 1.2595 0.0 0.0 0.0 1.0 
0.6562983414502929 0.5897880057329126 -0.47055562402673357 0.9957 0.7543969354467344 -0.5025703858016165 0.4222656404489832 0.0185 0.012559888461700947 -0.632117960201107 -0.774770374751785 1.2635 0.0 0.0 0.0 1.0 
0.6661093197352564 0.5850346454160263 -0.46263683146154594 0.9935 0.745618598846194 -0.5067323963461153 0.4327530283521567 0.0138 0.018742444250232526 -0.6332114513780277 -0.7737518844095045 1.2663 0.0 0.0 0.0 1.0 
0.6729487548155287 0.5828203539832038 -0.45547821942999933 0.9924 0.7393052493636183 -0.5101235136733145 0.43954720913798323 0.0105 0.023826910324832418 -0.6325301856674391 -0.774169130464324 1.2686 0.0 0.0 0.0 1.0 
0.6810651581680374 0.5765193503225219 -0.4514152069140373 0.9916 0.7317485886148898 -0.513708361898118 0.4479371853017657 0.0075 0.026348688575762946 -0.6353968504955378 -0.7717360876560639 1.2706 0.0 0.0 0.0 1.0 
0.6920013745458957 0.5679827890949093 -0.4455666604657027 0.9909 0.7214103844138288 -0.5214556985861905 0.455687405654227 0.0039 0.02647932941905226 -0.6367727268845268 -0.770596742407831 1.2732 0.0 0.0 0.0 1.0 
0.7004997661992632 0.5630851105679193 -0.4384463887540776 0.9905 0.7131928033011332 -0.5303001095096612 0.4584079178782937 0.0015 0.025614505153305822 -0.6338114483904148 -0.7730633512300243 1.2742 0.0 0.0 0.0 1.0 
0.7118684747089863 0.5535289016621046 -0.4322603726230822 0.9904 0.7019189255569798 -0.5401352366467307 0.4642884319876124 -0.0005 0.023518007152751375 -0.633924034216502 -0.7730376589676848 1.275 0.0 0.0 0.0 1.0 
0.7281723813346295 0.5412298713714481 -0.4205177872536433 0.9905 0.684968952759841 -0.5530485156587936 0.4742940786924198 -0.0033 0.02413538515419003 -0.6334094770863873 -0.7734403128364904 1.2755 0.0 0.0 0.0 1.0 
0.7368597440434618 0.5363897745179637 -0.4114896443420809 0.99 0.6757036980876282 -0.5649884203051979 0.4735109262854877 -0.0058 0.021499534853284874 -0.6269562143512138 -0.778757777031785 1.2746 0.0 0.0 0.0 1.0 
0.7464685971278718 0.527705224976625 -0.405353955246913 0.9894 0.665191306289904 -0.5757833775119819 0.47538829204895805 -0.0085 0.017468816167040574 -0.6245003584572741 -0.7808291379991258 1.2735 0.0 0.0 0.0 1.0 
0.7590664663951409 0.5198309300746901 -0.39191058129639383 0.9878 0.6508050919538445 -0.5906993241001003 0.47699794632118975 -0.0123 0.01645697060040391 -0.6171305474900488 -0.7866886648943724 1.2713 0.0 0.0 0.0 1.0 
0.7663210125366617 0.519424966329669 -0.37808704037325547 0.9866 0.6421220385964589 -0.6002183998765853 0.47688275288410187 -0.0156 0.020770009473115136 -0.6082232951827921 -0.793494190214064 1.2696 0.0 0.0 0.0 1.0 
0.7741418334496464 0.5139541448083296 -0.36953424568983917 0.985 0.6323661253541271 -0.601530477108615 0.4881333512618148 -0.0186 0.028592047982408803 -0.6115653866462852 -0.7906770975868411 1.2684 0.0 0.0 0.0 1.0 
0.7852666901446071 0.509788979157017 -0.3513850054845533 0.9824 0.6179846426105581 -0.6104136967961772 0.49546957551511195 -0.023 0.038094708908638364 -0.6062262906651863 -0.7943793033932184 1.2655 0.0 0.0 0.0 1.0 
0.7906740840193056 0.5112643935723419 -0.3368133202908364 0.9803 0.6107918758906662 -0.6209336575950952 0.4912989692758758 -0.0266 0.0420449426946099 -0.5941802022372358 -0.8032322889819137 1.2631 0.0 0.0 0.0 1.0 
0.7973835943914832 0.5034801614662046 -0.3326967544255327 0.9782 0.6018278278662448 -0.6227695943306656 0.4999612964850539 -0.0298 0.04452717149242982 -0.5988871007019461 -0.799594629554064 1.2614 0.0 0.0 0.0 1.0 
0.8072175483088316 0.49585689730107846 -0.3201964507942374 0.9753 0.5884544318802504 -0.6337264596528468 0.5021077134802454 -0.0339 0.04605660976201434 -0.5937311780046726 -0.8033443078546166 1.2587 0.0 0.0 0.0 1.0 
0.8097526613945015 0.49608539920207473 -0.3133686392462397 0.9721 0.584951427667702 -0.6404515722988154 0.49764807927841187 -0.0371 0.04617850835658216 -0.5862772895469289 -0.8087932276716142 1.2562 0.0 0.0 0.0 1.0 
0.8133034547764734 0.4922329569395867 -0.31023250402103963 0.9694 0.5800792742462804 -0.6445220031760303 0.4980957970228881 -0.04 0.04522749206580004 -0.5850624783084868 -0.8097261082841344 1.255 0.0 0.0 0.0 1.0 
0.819610488306897 0.4801636348813705 -0.3125404472941705 0.9662 0.571428811442185 -0.6457753483777601 0.5064023231397686 -0.0432 0.04132506395762767 -0.5936472716732494 -0.8036635837984732 1.2546 0.0 0.0 0.0 1.0 
0.8223517815827015 0.4761339096446955 -0.31150288508168517 0.9638 0.5675063175987667 -0.647009820578325 0.5092296844849986 -0.0454 0.040916094794645363 -0.5955457935051345 -0.8022786804004547 1.2544 0.0 0.0 0.0 1.0 
0.8249836880011789 0.47099108290731545 -0.3123608719954657 0.9621 0.563596314775306 -0.6445877514934406 0.516590577339855 -0.0473 0.04196556330692594 -0.6022242360171374 -0.7972232190860398 1.2549 0.0 0.0 0.0 1.0 
0.8294694203327464 0.4617118008594627 -0.31432895774963054 0.9607 0.5568456499749979 -0.6396069184959221 0.5299301009718852 -0.0489 0.04362800518908996 -0.6145935264540802 -0.7876365877763412 1.2568 0.0 0.0 0.0 1.0 
0.830108356010266 0.4582198786733384 -0.317733630688544 0.9593 0.5559690429455201 -0.6365802185562996 0.534475489268737 -0.0495 0.04264434978019388 -0.620322632290169 -0.7831866260990541 1.2578 0.0 0.0 0.0 1.0 
0.8308184902620876 0.458174611762621 -0.3159377492082839 0.9582 0.5550123280281575 -0.6400097768153863 0.5313650358439892 -0.0497 0.0412547206437017 -0.6168172425580292 -0.7860245144445044 1.2588 0.0 0.0 0.0 1.0 
0.8307734677876406 0.45437590184678756 -0.3214933670249147 0.9564 0.5555376511692652 -0.6410275888324992 0.5295862049647139 -0.0493 0.0345450915968368 -0.6185678379745513 -0.7849716341818063 1.2607 0.0 0.0 0.0 1.0 
0.8295419742642219 0.4527488708555979 -0.3269228852081145 0.9549 0.5575690284336056 -0.6387173877513798 0.5302422815238883 -0.0484 0.031255263003565376 -0.6221403045318914 -0.7822816308795338 1.2624 0.0 0.0 0.0 1.0 
0.8287726428926778 0.45362573955122204 -0.32765774034698536 0.9538 0.558729169682626 -0.6384325878671813 0.5293633399612944 -0.0473 0.03094545747680838 -0.6217937915143738 -0.7825693959616171 1.2642 0.0 0.0 0.0 1.0 
0.8307219435835085 0.45450067563711183 -0.32145013344879286 0.9529 0.555568390989997 -0.6402723142035944 0.5304668949116045 -0.0453 0.03528194129613216 -0.6192580233713425 -0.7843944703454977 1.2666 0.0 0.0 0.0 1.0 
0.8320385888123663 0.45218230692409656 -0.32131440682286144 0.9528 0.5535501746174715 -0.6392526165422556 0.533796118780238 -0.0435 0.035972085122940145 -0.6220026153873319 -0.7821884399191961 1.2691 0.0 0.0 0.0 1.0 
0.832293945526396 0.44577414317324393 -0.32950296131941614 0.9527 0.5534260754142737 -0.6341845163354636 0.5399347907774685 -0.0416 0.031723292572793854 -0.6317399880635342 -0.7745309678701211 1.2719 0.0 0.0 0.0 1.0 
0.8333664549095785 0.4403368778803236 -0.3340715279847287 0.9528 0.5521511326274082 -0.6357989942687459 0.5393410475989402 -0.0384 0.0250894115059066 -0.6339267093800836 -0.7729860597480573 1.2748 0.0 0.0 0.0 1.0 
0.8340506666674133 0.4386392507376894 -0.33459691143810905 0.9529 0.5512420713710501 -0.6382297261552349 0.5373964973856528 -0.0357 0.022173501802769724 -0.6326598014447357 -0.7741123377480236 1.2765 0.0 0.0 0.0 1.0 
0.8347951365861928 0.4354870141575142 -0.3368503234853909 0.9531 0.5502462673137525 -0.6392611045550163 0.5371911070656165 -0.0327 0.018604441386989273 -0.6337951567369958 -0.773277165095029 1.2783 0.0 0.0 0.0 1.0 
0.834588188670266 0.4327389505609832 -0.3408805597265171 0.9531 0.5506634770703143 -0.6382388221436146 0.5379785692103013 -0.0289 0.015241074532856724 -0.6367010339053255 -0.770960117691553 1.2807 0.0 0.0 0.0 1.0 
0.8339545030562723 0.43147502978507885 -0.34401916444310365 0.9529 0.5516454705616506 -0.6355820824220122 0.5401135911203432 -0.0261 0.014393110886147475 -0.6402067753281462 -0.768067785539112 1.2823 0.0 0.0 0.0 1.0 
0.8332521045241477 0.43226982292439586 -0.3447226863654178 0.9525 0.5526601380023768 -0.6330859789595484 0.5420045342135283 -0.0233 0.016053104661485657 -0.6421409062143147 -0.7664185243044337 1.2836 0.0 0.0 0.0 1.0 
0.8324040387701019 0.43416097594434144 -0.3443947781344543 0.9518 0.5537776797244907 -0.6283249346872808 0.5463863631984093 -0.0196 0.020827810210929193 -0.6455323565997925 -0.7634488711790308 1.2852 0.0 0.0 0.0 1.0 
0.8332799852540095 0.43183071487732994 -0.3452053010363715 0.9514 0.5524636692379614 -0.6270409240436686 0.5491844624045645 -0.0172 0.02069686805306606 -0.6483378079851554 -0.7610714331715503 1.2864 0.0 0.0 0.0 1.0 
0.8331509121492509 0.4302750236834227 -0.34745209969016067 0.9508 0.5527413874235976 -0.6270040015334979 0.5489471201217999 -0.0148 0.0183443782644076 -0.6494069494971635 -0.7602197693633603 1.2871 0.0 0.0 0.0 1.0 
0.8341738805118625 0.42662718656687243 -0.34948988648287926 0.95 0.5513684746756308 -0.6312201132901124 0.5454850811084442 -0.0121 0.012113719728026134 -0.6477271124941835 -0.7617761124728827 1.2875 0.0 0.0 0.0 1.0 
0.8349453357824781 0.424161305120632 -0.35064722085515987 0.9495 0.5502561871089475 -0.6327954102439042 0.5447826147396521 -0.0102 0.009187752903075525 -0.6478095059603645 -0.7617469587625414 1.2876 0.0 0.0 0.0 1.0 
0.8359545004782382 0.42249753935400963 -0.35025119895581547 0.949 0.5487415120476722 -0.6342820662607843 0.5445815029686414 -0.0089 0.007926290797947544 -0.647442730795363 -0.762072886444879 1.2876 0.0 0.0 0.0 1.0 
0.835351991607318 0.42261540925300606 -0.3515441166903543 0.9483 0.5496879061650006 -0.6357786723456622 0.5418751568454899 -0.0074 0.0055005393939715486 -0.6458960409015534 -0.7634055595907552 1.2872 0.0 0.0 0.0 1.0 
0.8344368586613458 0.4235610739700223 -0.352577857394287 0.9477 0.5510894087830144 -0.6367217768289541 0.5393383376313673 -0.0067 0.003948725689712385 -0.6443457111901502 -0.7647241411360615 1.287 0.0 0.0 0.0 1.0 
0.833512568995163 0.4255167447682408 -0.3524092752027443 0.9471 0.5524749746671853 -0.6357822415861649 0.539029074958081 -0.006 0.005310338367442213 -0.6439848144215136 -0.7650198422922847 1.287 0.0 0.0 0.0 1.0 
0.8329744828915602 0.42901219320827255 -0.3494310360144989 0.9465 0.5532067797353228 -0.6334473438660577 0.541023771570077 -0.0051 0.010759633191341156 -0.6439666145287848 -0.7649779275677981 1.2872 0.0 0.0 0.0 1.0 
0.8325579118277049 0.43055697866405856 -0.348522612719418 0.9459 0.5537801772150981 -0.6319157286091495 0.5422269149166085 -0.0047 0.013222661483473036 -0.6444402222549782 -0.7645403594076954 1.2874 0.0 0.0 0.0 1.0 
0.8312574815211241 0.4299628627565916 -0.35233923435421505 0.9454 0.5557749118466697 -0.6300625780400587 0.5423425071994095 -0.0042 0.01119137064816833 -0.6466475735697701 -0.7627068039681725 1.2882 0.0 0.0 0.0 1.0 
